CRN,ARRIVAL_TM,AUTOMOBILE_COUNT,BELTED_DEATH_COUNT,BELTED_SUSP_SERIOUS_INJ_COUNT,BICYCLE_COUNT,BICYCLE_DEATH_COUNT,BICYCLE_SUSP_SERIOUS_INJ_COUNT,BUS_COUNT,CHLDPAS_DEATH_COUNT,CHLDPAS_SUSP_SERIOUS_INJ_COUNT,COLLISION_TYPE,COMM_VEH_COUNT,CONS_ZONE_SPD_LIM,COUNTY,CRASH_MONTH,CRASH_YEAR,DAY_OF_WEEK,DEC_LAT,DEC_LONG,DISPATCH_TM,DISTRICT,DRIVER_COUNT_16YR,DRIVER_COUNT_17YR,DRIVER_COUNT_18YR,DRIVER_COUNT_19YR,DRIVER_COUNT_20YR,DRIVER_COUNT_50_64YR,DRIVER_COUNT_65_74YR,DRIVER_COUNT_75PLUS,EST_HRS_CLOSED,FATAL_COUNT,HEAVY_TRUCK_COUNT,HORSE_BUGGY_COUNT,HOUR_OF_DAY,ILLUMINATION,INJURY_COUNT,INTERSECT_TYPE,INTERSECTION_RELATED,LANE_CLOSED,LATITUDE,LN_CLOSE_DIR,LOCATION_TYPE,LONGITUDE,MAX_SEVERITY_LEVEL,MCYCLE_DEATH_COUNT,MCYCLE_SUSP_SERIOUS_INJ_COUNT,MOTORCYCLE_COUNT,MUNICIPALITY,NONMOTR_COUNT,NONMOTR_DEATH_COUNT,NONMOTR_SUSP_SERIOUS_INJ_COUNT,NTFY_HIWY_MAINT,PED_COUNT,PED_DEATH_COUNT,PED_SUSP_SERIOUS_INJ_COUNT,PERSON_COUNT,POLICE_AGCY,POSSIBLE_INJ_COUNT,RDWY_SURF_TYPE_CD,RELATION_TO_ROAD,ROAD_CONDITION,ROADWAY_CLEARED,SCH_BUS_IND,SCH_ZONE_IND,SECONDARY_CRASH,SMALL_TRUCK_COUNT,SPEC_JURIS_CD,SUSP_MINOR_INJ_COUNT,SUSP_SERIOUS_INJ_COUNT,SUV_COUNT,TCD_FUNC_CD,TCD_TYPE,TFC_DETOUR_IND,TIME_OF_DAY,TOT_INJ_COUNT,TOTAL_UNITS,UNB_DEATH_COUNT,UNB_SUSP_SERIOUS_INJ_COUNT,UNBELTED_OCC_COUNT,UNK_INJ_DEG_COUNT,UNK_INJ_PER_COUNT,URBAN_AREA,URBAN_RURAL,VAN_COUNT,VEHICLE_COUNT,WEATHER1,WEATHER2,WORK_ZONE_IND,WORK_ZONE_LOC,WORK_ZONE_TYPE,WORKERS_PRES,WZ_CLOSE_DETOUR,WZ_FLAGGER,WZ_LAW_OFFCR_IND,WZ_LN_CLOSURE,WZ_MOVING,WZ_OTHER,WZ_SHLDER_MDN,WZ_WORKERS_INJ_KILLED
2021014688,1706.0,1,0,0,0,0,0,0,0,0,4,1,,67,2,2021,2,39.9412,-75.2324,1655.0,6,0,0,0,0,0,0,0,0,,0,1,0,16,1,1,1,,0,39 56:28.147,,0,75 13:56.819,3,0,0,0,67301,0,0,0,N,0,0,0,2,67301,0,,1,7,,N,N,N,0,,1,0,0,3,2,,1600,1,2,0,0,2,0,0,3,4,0,2,10,4.0,N,,,,,,,,,,,
2021015541,2302.0,1,0,0,0,0,0,0,0,0,8,0,,67,2,2021,2,39.9855,-75.1877,2300.0,6,0,0,0,0,0,0,0,0,,1,0,0,22,3,0,0,N,0,39 59:07.971,,0,75 11:15.865,1,0,0,0,67301,1,1,0,N,1,1,0,2,67301,0,2.0,1,1,,N,N,N,0,0.0,0,0,0,0,0,,2258,0,2,0,0,0,0,0,3,4,0,1,3,3.0,N,,,,,,,,,,,
2021030949,345.0,3,0,0,0,0,0,0,0,0,1,0,,67,4,2021,1,40.0345,-75.0789,345.0,6,0,0,0,1,0,0,0,0,,0,0,0,23,3,1,1,,9,40 02:04.376,,0,75 04:44.018,3,0,0,0,67301,0,0,0,N,0,0,0,3,67301,0,,1,1,,N,N,N,0,,1,0,0,3,3,U,2346,1,3,0,0,0,0,2,3,4,0,3,3,,N,,,,,,,,,,,
2021016518,1219.0,0,0,0,0,0,0,0,0,0,5,1,,67,1,2021,3,40.0197,-75.0445,1150.0,6,0,0,0,0,0,0,0,0,,0,1,0,11,1,0,0,N,0,40 01:10.965,,0,75 02:40.181,0,0,0,0,67301,0,0,0,N,0,0,0,3,68K01,0,,1,9,,N,N,N,0,,0,0,1,0,0,,1148,0,2,0,0,0,0,0,3,4,0,2,7,,N,,,,,,,,,,,
2021009674,1131.0,2,0,0,0,0,0,0,0,0,1,0,,67,1,2021,5,40.0762,-75.2067,1130.0,6,0,0,0,0,0,0,0,1,,1,0,0,11,1,0,0,N,0,40 04:34.366,,0,75 12:24.286,1,0,0,0,67301,0,0,0,N,0,0,0,2,67301,0,2.0,1,1,,N,N,N,0,0.0,0,0,0,3,2,,1110,0,2,0,0,0,0,0,3,4,0,2,3,3.0,N,,,,,,,,,,,
2021015426,2140.0,1,0,0,0,0,0,0,0,0,7,0,,67,2,2021,6,39.9839,-75.2151,2127.0,6,0,0,0,0,0,1,0,0,,0,0,0,20,3,1,0,N,0,39 59:02.207,,0,75 12:54.354,3,0,0,0,67301,0,0,0,N,0,0,0,1,67301,0,,4,1,,N,N,N,0,,1,0,0,0,0,,2056,1,1,0,0,0,0,0,3,4,0,1,3,3.0,N,,,,,,,,,,,
2021015152,942.0,1,0,0,0,0,0,0,0,0,4,0,,67,2,2021,7,40.0537,-75.1782,941.0,6,0,0,0,0,0,0,0,0,,0,0,0,9,1,0,0,N,0,40 03:13.337,,0,75 10:41.550,0,0,0,0,67301,0,0,0,N,0,0,0,1,67301,0,,1,1,,N,N,N,0,,0,0,1,0,0,,935,0,2,0,0,0,0,0,3,4,0,2,3,4.0,N,,,,,,,,,,,
2021026826,1650.0,1,0,0,0,0,0,0,0,0,5,1,,67,3,2021,5,40.002,-75.195,1631.0,6,0,0,0,0,0,0,0,0,,0,1,0,16,1,0,0,N,0,40 00:07.278,,0,75 11:41.871,0,0,0,0,67301,0,0,0,N,0,0,0,2,68K01,0,,1,1,,N,N,N,0,,0,0,0,0,0,,1601,0,2,0,0,0,0,0,3,4,0,2,3,3.0,N,,,,,,,,,,,
2021024842,1756.0,1,0,0,0,0,0,0,0,0,1,1,35.0,67,3,2021,5,39.9093,-75.1542,1756.0,6,0,0,0,0,0,0,0,0,,0,1,0,17,1,0,0,N,0,39 54:33.400,,3,75 09:15.200,0,0,0,0,67301,0,0,0,N,0,0,0,3,67501,0,,1,1,,N,N,N,0,,0,0,0,0,0,,1756,0,2,0,0,0,0,0,3,4,0,2,3,,Y,8.0,1.0,N,,,N,,,,Y,N
2021026592,2015.0,0,0,0,0,0,0,0,0,0,8,0,,67,3,2021,1,40.0429,-75.1606,2012.0,6,0,0,0,0,0,1,0,0,,0,0,0,20,3,1,0,N,0,40 02:34.311,,0,75 09:38.115,3,0,0,0,67301,1,0,0,N,1,0,0,2,67301,0,,1,1,,N,N,N,1,,1,0,0,0,0,,2000,1,2,0,0,0,0,0,3,4,0,1,3,3.0,N,,,,,,,,,,,
2021025364,1345.0,0,0,0,0,0,0,0,0,0,7,0,,67,3,2021,3,40.0715,-75.2014,1345.0,6,0,0,0,0,0,0,0,0,,0,0,0,13,1,1,0,N,0,40 04:17.442,,0,75 12:05.155,3,0,0,0,67301,0,0,0,N,0,0,0,1,67301,0,,4,1,,N,N,N,1,,1,0,0,0,0,,1330,1,1,0,0,0,0,0,3,4,0,1,3,,N,,,,,,,,,,,
2021001538,1331.0,2,0,0,0,0,0,0,0,0,5,0,,67,1,2021,3,39.9473,-75.1949,1326.0,6,0,0,0,0,0,0,0,0,,0,0,0,13,1,0,2,,0,39 56:50.333,,0,75 11:41.630,0,0,0,0,67301,0,0,0,N,0,0,0,5,67504,0,,2,1,,N,N,N,0,,0,0,0,3,2,,1322,0,2,0,0,1,0,0,3,4,0,2,3,3.0,N,,,,,,,,,,,
2021026950,423.0,0,0,0,0,0,0,0,0,0,5,0,,67,3,2021,1,39.94,-75.1995,410.0,6,0,0,0,0,0,1,0,0,,0,0,0,4,3,0,0,N,0,39 56:23.831,,0,75 11:58.141,0,0,0,0,67301,0,0,0,N,0,0,0,2,67301,0,,1,1,,N,N,N,1,,0,0,0,3,2,,405,0,2,0,0,1,0,0,3,4,0,2,3,3.0,N,,,,,,,,,,,
2021026877,1650.0,0,0,0,0,0,0,0,0,0,1,0,,67,3,2021,6,39.9424,-75.1936,1635.0,6,0,0,0,0,0,0,0,0,,0,0,0,16,1,0,0,N,1,39 56:32.502,4.0,0,75 11:37.007,0,0,0,0,67301,0,0,0,N,0,0,0,2,68K01,0,,1,1,5.0,N,N,N,1,,0,0,1,0,0,N,1634,0,2,0,0,0,0,0,3,4,0,2,3,3.0,N,,,,,,,,,,,
2021028011,1152.0,0,0,0,0,0,0,0,0,0,98,0,,67,3,2021,6,39.8861,-75.212,1135.0,6,0,0,0,0,0,1,0,0,,0,0,0,11,1,0,0,N,0,39 53:09.995,,0,75 12:43.180,0,0,0,0,67301,0,0,0,N,0,0,0,2,68K01,0,,3,1,,N,N,N,2,,0,0,0,0,0,,1131,0,2,0,0,0,0,0,3,4,0,2,3,,N,,,,,,,,,,,
2021022964,0.0,2,0,0,0,0,0,0,0,0,1,0,50.0,67,2,2021,6,39.9465,-75.1887,0.0,6,0,0,1,1,0,0,0,0,,0,0,0,0,3,2,0,N,2,39 56:47.414,4.0,1,75 11:19.320,3,0,0,0,67301,0,0,0,N,0,0,0,5,68K01,0,,1,1,10.0,N,N,N,0,,2,0,1,3,8,N,0,2,3,0,0,0,0,0,3,4,0,3,3,,Y,4.0,1.0,Y,N,N,Y,Y,N,N,N,N
2021022996,1904.0,0,0,0,0,0,0,0,0,0,7,1,45.0,67,3,2021,4,40.0129,-75.0583,1856.0,6,0,0,0,0,0,0,0,0,,0,1,0,18,2,0,0,N,1,40 00:46.310,1.0,3,75 03:29.936,0,0,0,0,67301,0,0,0,Y,0,0,0,1,68K01,0,,4,1,100.0,N,N,N,0,,0,0,0,0,0,N,1854,0,1,0,0,0,0,0,3,4,0,1,3,,Y,4.0,1.0,N,,,N,Y,,,Y,N
2021023354,455.0,1,0,0,0,0,0,0,0,0,1,0,,67,3,2021,1,39.9726,-75.122,446.0,6,0,0,0,0,0,1,0,0,,0,0,0,4,3,0,0,N,1,39 58:21.309,2.0,0,75 07:19.094,9,0,0,0,67301,0,0,0,N,0,0,0,2,68K01,0,,1,1,456.0,N,N,N,0,,0,0,0,0,0,N,444,0,2,0,0,0,0,1,3,4,0,2,3,,N,,,,,,,,,,,
2021026870,2256.0,1,0,0,0,0,0,0,0,0,4,0,,67,3,2021,5,39.9601,-75.18,2242.0,6,0,0,0,0,0,0,0,0,,0,0,0,22,3,1,0,N,1,39 57:36.476,4.0,0,75 10:47.866,3,0,0,0,67301,0,0,0,N,0,0,0,2,68K01,0,,1,8,2330.0,N,N,N,0,,1,0,1,0,0,N,2238,1,2,0,0,0,0,0,3,4,0,2,7,,N,,,,,,,,,,,
2021026897,1804.0,1,0,0,0,0,0,0,0,0,0,0,,67,3,2021,1,39.9586,-75.1689,1757.0,6,0,0,0,0,0,0,1,0,,0,0,0,17,1,0,0,N,2,39 57:31.087,3.0,0,75 10:08.125,0,0,0,0,67301,0,0,0,N,0,0,0,4,68K01,0,,1,1,30.0,N,N,N,0,,0,0,1,0,0,N,1756,0,3,0,0,0,0,0,3,4,1,3,3,,N,,,,,,,,,,,
2021027144,1150.0,1,0,0,0,0,0,0,0,0,4,0,,67,3,2021,6,40.0005,-75.1196,1150.0,6,0,0,0,0,0,1,0,0,,0,0,0,10,1,0,1,,0,40 00:01.702,,0,75 07:10.610,0,0,0,0,67301,0,0,0,N,0,0,0,3,67301,0,,1,1,,N,N,N,1,,0,0,0,3,3,,1035,0,2,0,0,0,0,0,3,4,0,2,3,,N,,,,,,,,,,,
2021025453,1034.0,0,0,0,0,0,0,0,0,0,1,0,,67,3,2021,3,39.9627,-75.1835,1027.0,6,0,0,0,0,0,0,0,0,,0,0,0,10,1,0,0,N,0,39 57:45.875,,0,75 11:00.638,0,0,0,0,67301,0,0,0,N,0,0,0,2,68K01,0,,1,1,,N,N,N,2,,0,0,0,0,0,,1026,0,2,0,0,0,0,0,3,4,0,2,3,,N,,,,,,,,,,,
2021024018,1340.0,0,0,0,0,0,0,1,0,0,4,1,,67,2,2021,5,39.9531,-75.1531,1330.0,6,0,0,0,0,0,0,0,0,,0,0,0,13,1,1,1,,0,39 57:11.325,,0,75 09:11.338,8,0,0,0,67301,0,0,0,N,0,0,0,3,67508,0,,1,1,,N,N,Y,1,,0,0,0,2,2,,1330,1,2,0,0,0,1,0,3,4,0,2,3,3.0,N,,,,,,,,,,,
2021023416,5.0,1,0,0,0,0,0,0,0,0,7,0,,67,3,2021,5,40.0016,-75.1528,2.0,6,0,0,0,0,0,0,0,0,,0,0,0,0,3,0,1,,0,40 00:05.705,,0,75 09:10.074,0,0,0,0,67301,0,0,0,N,0,0,0,1,67505,0,,3,1,,N,N,N,0,,0,0,0,3,2,,1,0,1,0,0,0,0,0,3,4,0,1,3,3.0,N,,,,,,,,,,,
2021022177,2007.0,0,0,0,0,0,0,0,0,0,4,1,,67,3,2021,4,39.8976,-75.2524,1958.0,6,0,0,0,0,0,0,1,0,,0,1,0,19,3,1,1,,0,39 53:51.225,,0,75 15:08.142,3,0,0,0,67301,0,0,0,N,0,0,0,2,67301,0,,1,1,,N,N,N,1,,1,0,0,3,2,,1951,1,2,0,0,1,0,0,3,4,0,2,3,3.0,N,,,,,,,,,,,
2021022655,1720.0,1,0,0,0,0,0,0,0,0,5,0,,67,2,2021,1,39.9154,-75.1479,1709.0,6,0,0,0,0,0,1,1,0,,0,0,0,17,1,0,0,N,2,39 54:55.307,2.0,0,75 08:52.506,0,0,0,0,67301,0,0,0,N,0,0,0,5,68K01,0,,3,9,100.0,N,N,N,2,,0,0,1,0,0,N,1704,0,4,0,0,1,0,0,3,4,0,4,7,,N,,,,,,,,,,,
2021027729,840.0,1,0,0,0,0,0,0,0,0,6,0,,67,3,2021,4,39.9991,-75.2309,832.0,6,0,0,0,0,0,0,1,0,,0,0,0,8,1,2,1,,0,39 59:56.764,,0,75 13:51.134,3,0,0,0,67301,0,0,0,N,0,0,0,2,67301,0,,1,1,,N,N,N,0,,2,0,1,3,3,,811,2,2,0,0,0,0,0,3,4,0,2,4,4.0,N,,,,,,,,,,,
2021025195,1752.0,1,0,0,0,0,0,0,0,0,8,0,,67,3,2021,1,39.9916,-75.1368,1752.0,6,0,0,0,0,0,0,0,0,,0,0,0,17,1,1,0,N,0,39 59:29.758,,0,75 08:12.549,3,0,0,0,67301,1,0,0,N,1,0,0,2,67301,0,,1,1,,N,N,N,0,,1,0,0,0,0,,1752,1,2,0,0,1,0,0,3,4,0,1,3,8.0,N,,,,,,,,,,,
2021025277,2140.0,1,0,0,0,0,0,0,0,0,8,0,,67,3,2021,1,39.9939,-75.1545,2140.0,6,0,0,0,0,0,0,0,0,,1,0,0,21,3,0,1,,0,39 59:38.150,,0,75 09:16.063,1,0,0,0,67301,1,1,0,N,1,1,0,3,67301,0,2.0,1,1,,N,N,N,0,0.0,0,0,0,3,2,,2140,0,2,0,0,2,0,0,3,4,0,1,3,3.0,N,,,,,,,,,,,
2021024982,1710.0,1,0,0,0,0,0,0,0,0,1,0,,67,3,2021,2,39.8927,-75.1972,1650.0,6,0,0,0,0,0,0,0,0,,0,0,0,16,1,2,0,N,2,39 53:33.899,2.0,3,75 11:49.781,8,0,0,0,67301,0,0,0,N,0,0,0,3,68K01,0,,1,1,1800.0,N,N,N,0,,0,0,1,0,0,N,1638,2,2,0,0,0,2,0,3,4,0,2,3,3.0,N,,,,,,,,,,,
2021024849,2126.0,1,0,0,0,0,0,0,0,0,7,0,,67,3,2021,2,40.0396,-75.1392,2105.0,6,0,0,0,0,0,0,0,0,,0,0,0,20,3,0,0,N,0,40 02:22.560,,0,75 08:20.990,9,0,0,0,67301,0,0,0,N,0,0,0,1,67301,0,,5,1,,N,N,N,0,,0,0,0,0,0,,2000,0,1,0,0,0,0,1,3,4,0,1,3,3.0,N,,,,,,,,,,,
2021024043,1545.0,0,0,0,0,0,0,1,0,0,8,1,,67,3,2021,5,40.0016,-75.1528,1505.0,6,0,0,0,0,0,1,0,0,,0,0,0,15,1,1,1,,2,40 00:05.763,2.0,0,75 09:10.529,3,0,0,0,67301,1,0,0,N,1,0,0,2,67508,0,,1,1,9999.0,Y,N,Y,0,,1,0,0,3,2,N,1505,1,2,0,0,0,0,0,3,4,0,1,3,3.0,N,,,,,,,,,,,
2021024535,745.0,0,0,0,0,0,0,0,0,0,7,0,,67,3,2021,6,39.953,-75.2266,741.0,6,0,0,0,0,0,0,1,0,,0,0,0,6,5,1,0,N,0,39 57:10.810,,0,75 13:35.590,8,0,0,1,67301,0,0,0,N,0,0,0,1,67301,0,,5,1,,N,N,N,0,,0,0,0,0,0,,600,1,1,0,0,0,1,0,3,4,0,1,3,98.0,N,,,,,,,,,,,
2021023966,1532.0,2,0,0,0,0,0,0,0,0,5,0,,67,3,2021,5,39.9585,-75.1667,1518.0,6,0,0,0,0,0,0,0,0,,0,0,0,15,1,0,0,N,0,39 57:30.564,,0,75 10:00.103,0,0,0,0,67301,0,0,0,N,0,0,0,2,68K01,0,,1,1,,N,N,N,0,,0,0,0,0,0,,1515,0,2,0,0,0,0,0,3,4,0,2,3,,N,,,,,,,,,,,
2021022956,2223.0,2,0,0,0,0,0,0,0,0,5,0,,67,2,2021,2,39.942,-75.1433,2217.0,6,0,1,0,0,1,0,0,0,,0,0,0,21,3,2,0,N,1,39 56:31.038,2.0,0,75 08:35.964,3,0,0,0,67301,0,0,0,N,0,0,0,3,68K01,0,,1,9,2245.0,N,N,N,0,,2,0,0,0,0,N,2135,2,2,0,0,0,0,0,3,4,0,2,3,,N,,,,,,,,,,,
2021023355,2019.0,2,0,0,0,0,0,0,0,0,5,0,,67,3,2021,1,39.9598,-75.1784,2003.0,6,0,0,0,0,0,0,0,0,,0,0,0,20,3,1,7,N,1,39 57:35.391,3.0,8,75 10:42.417,4,0,0,0,67301,0,0,0,Y,0,0,0,4,68K01,1,,7,1,45.0,N,N,N,0,,0,0,0,0,0,N,2000,1,2,0,0,0,0,0,3,4,0,2,3,,N,,,,,,,,,,,
2021026194,1401.0,1,0,0,0,0,0,0,0,0,7,0,,67,3,2021,6,40.0504,-75.0861,1359.0,6,0,0,0,0,0,0,0,0,,0,0,0,13,1,2,0,N,2,40 03:01.478,5.0,0,75 05:09.850,8,0,0,0,67301,0,0,0,N,0,0,0,2,67301,0,,4,1,1430.0,N,N,N,0,,0,0,0,3,1,Y,1355,2,1,0,0,0,2,0,3,4,0,1,3,3.0,N,,,,,,,,,,,
2022008836,2349.0,1,0,0,0,0,0,0,0,0,1,0,,67,12,2021,2,39.9433,-75.1431,2339.0,6,0,0,0,0,0,0,0,0,,0,0,0,23,3,0,0,N,1,39 56:35.863,2.0,0,75 08:35.050,9,0,0,0,67301,0,0,0,N,0,0,0,2,68K01,0,,1,9,1205.0,N,N,N,0,,0,0,1,0,0,N,2338,0,2,0,0,0,0,1,3,4,0,2,7,,N,,,,,,,,,,,
2022004702,,1,0,0,0,0,0,0,0,0,1,0,,67,9,2021,2,40.0071,-75.2137,,6,0,0,0,0,0,0,0,0,,0,0,0,8,1,2,1,,0,40 00:25.579,,0,75 12:49.382,8,0,0,0,67301,0,0,0,N,0,0,0,3,00000,0,,1,1,,N,N,N,1,,0,0,0,3,2,,800,2,2,0,0,0,2,0,3,4,0,2,3,,N,,,,,,,,,,,
2022004704,,0,0,0,0,0,0,0,0,0,1,0,,67,9,2021,4,40.0356,-75.0705,,6,0,0,0,0,0,0,0,0,,0,0,0,99,1,1,1,,0,40 02:08.101,,0,75 04:13.712,8,0,0,0,67301,0,0,0,N,0,0,0,2,00000,0,,1,1,,N,N,N,0,,0,0,2,3,2,,9999,1,2,0,0,0,1,0,3,4,0,2,3,,N,,,,,,,,,,,
2022004701,,2,0,0,0,0,0,0,0,0,1,0,,67,10,2021,3,40.0321,-75.1461,,6,0,0,0,0,0,0,0,0,,0,0,0,23,3,1,1,,0,40 01:55.692,,0,75 08:46.089,3,0,0,0,67301,0,0,0,N,0,0,0,2,00000,0,,1,1,,N,N,N,0,,1,0,0,3,2,,2330,1,2,0,0,1,0,0,3,4,0,2,3,,N,,,,,,,,,,,
2022008109,1742.0,0,0,0,0,0,0,0,0,0,1,0,,67,12,2021,7,40.01,-75.2064,1716.0,6,0,0,0,0,1,0,0,0,,0,0,0,17,3,0,0,N,0,40 00:35.958,,0,75 12:23.076,0,0,0,0,67301,0,0,0,N,0,0,0,2,68K01,0,,1,9,,N,N,N,1,,0,0,1,0,0,,1709,0,2,0,0,1,0,0,3,4,0,2,7,,N,,,,,,,,,,,
2022014503,535.0,3,0,0,0,0,0,0,0,0,5,0,,67,7,2021,1,39.9489,-75.2171,530.0,6,0,0,0,0,0,0,0,0,,0,0,0,5,3,0,0,N,2,39 56:55.950,4.0,0,75 13:01.490,0,0,0,0,67301,0,0,0,N,0,0,0,1,67301,0,,6,1,544.0,N,N,N,0,,0,0,0,0,0,Y,530,0,3,0,0,1,0,0,3,4,0,3,3,3.0,N,,,,,,,,,,,
2022014518,31.0,1,0,0,0,0,0,0,0,0,7,0,,67,12,2021,7,39.9592,-75.219,31.0,6,0,0,0,0,0,0,0,0,,0,0,0,22,3,1,1,,0,39 57:33.140,,0,75 13:08.313,4,0,0,0,67301,0,0,0,N,0,0,0,2,67301,1,,2,8,,N,N,N,0,,0,0,0,3,2,,2224,1,2,0,0,0,0,0,3,4,0,1,4,7.0,N,,,,,,,,,,,
2022012257,,1,0,0,0,0,0,0,0,0,1,0,,67,4,2021,7,40.0018,-75.1172,,6,0,0,0,0,0,0,0,0,,0,0,0,19,1,1,0,N,0,40 00:06.300,,0,75 07:02.000,3,0,0,0,67301,0,0,0,N,0,0,0,3,00000,0,,1,1,,N,N,N,0,,1,0,1,0,0,,1900,1,2,0,0,0,0,0,3,4,0,2,3,,N,,,,,,,,,,,
2022000896,,1,0,0,0,0,0,0,0,0,4,0,,67,5,2021,7,39.9738,-75.2452,,6,0,0,0,0,0,0,0,1,,0,0,0,13,1,0,1,,0,39 58:25.594,,0,75 14:43.063,0,0,0,0,67301,0,0,0,N,0,0,0,2,00000,0,,1,1,,N,N,N,0,,0,0,0,3,2,,1300,0,2,0,0,0,0,0,3,4,1,2,3,,N,,,,,,,,,,,
2022006108,332.0,2,0,0,0,0,0,0,0,0,5,1,,67,12,2021,3,40.0353,-75.0181,322.0,6,0,0,0,0,1,0,1,0,,0,1,0,3,3,3,0,N,0,40 02:07.142,,0,75 01:05.128,3,0,0,0,67301,0,0,0,N,0,0,0,5,68K01,0,,1,1,,N,N,N,1,,3,0,0,0,0,,321,3,4,0,0,1,0,0,3,4,0,4,3,3.0,N,,,,,,,,,,,
2022009422,,1,0,0,0,0,0,1,0,0,5,1,,67,9,2021,3,40.0009,-75.1329,,6,0,0,0,0,0,0,0,0,,0,0,0,15,1,1,0,N,0,40 00:03.200,,0,75 07:58.300,8,0,0,0,67301,0,0,0,N,0,0,0,2,00000,0,,1,1,,N,N,N,0,,0,0,0,0,0,,1510,1,3,0,0,0,1,0,3,4,0,3,3,,N,,,,,,,,,,,
2022012306,,1,0,0,0,0,0,0,0,0,7,0,,67,4,2021,6,39.8974,-75.2123,,6,0,0,0,0,0,0,0,0,,0,0,0,22,2,1,0,N,0,39 53:50.662,,3,75 12:44.318,8,0,0,0,67301,0,0,0,N,0,0,0,2,00000,0,,4,1,,N,N,N,0,,0,0,0,0,0,,2200,1,1,0,0,0,1,0,3,4,0,1,3,,N,,,,,,,,,,,
2022014505,2334.0,1,0,0,0,0,0,0,0,0,4,0,,67,9,2021,4,39.9542,-75.2261,2334.0,6,0,0,0,0,0,1,0,0,,0,0,0,21,3,1,0,N,0,39 57:15.260,,7,75 13:33.848,8,0,0,0,67301,0,0,0,N,0,0,0,3,67301,0,,1,1,,N,N,N,0,,0,0,1,0,0,,2150,1,2,0,0,1,1,1,3,4,0,2,3,3.0,N,,,,,,,,,,,
2022012361,,2,0,0,0,0,0,0,0,0,4,0,,67,7,2021,5,40.0084,-75.1631,,6,0,0,0,0,0,0,0,0,,0,0,0,22,3,2,1,,0,40 00:30.265,,0,75 09:47.271,3,0,0,0,67301,0,0,0,N,0,0,0,3,00000,0,,1,1,,N,N,N,0,,2,0,0,3,3,,2250,2,2,0,0,0,0,0,3,4,0,2,3,,N,,,,,,,,,,,
2022012354,,1,0,0,0,0,0,0,0,0,4,0,,67,7,2021,4,39.9541,-75.1897,,6,0,0,0,0,0,0,0,0,,0,0,0,8,1,1,1,,0,39 57:14.683,,0,75 11:23.010,8,0,0,0,67301,0,0,0,N,0,0,0,2,00000,0,,1,1,,N,N,N,0,,0,0,1,3,2,,845,1,2,0,0,0,1,0,3,4,0,2,3,,N,,,,,,,,,,,
2022014471,1542.0,1,0,0,0,0,0,1,0,0,1,1,,67,5,2021,5,39.9524,-75.1653,1540.0,6,0,0,0,0,0,0,0,0,,0,0,0,15,1,4,0,N,0,39 57:08.481,,0,75 09:55.139,4,0,0,0,67301,4,0,0,N,0,0,0,5,67508,4,,6,1,,,,N,0,,0,0,0,0,0,,1540,4,2,0,0,0,0,0,3,4,0,2,3,3.0,N,,,,,,,,,,,
2022003341,141.0,0,0,0,0,0,0,0,0,0,0,0,,67,12,2021,2,39.9812,-75.2068,139.0,6,0,0,0,0,0,0,0,0,,0,0,0,1,3,0,0,N,0,39 58:52.201,,0,75 12:24.424,0,0,0,0,67301,0,0,0,N,0,0,0,1,68K01,0,,1,1,,N,N,N,0,,0,0,1,0,0,,131,0,1,0,0,0,0,0,3,4,0,1,3,,N,,,,,,,,,,,
2022003363,1144.0,0,0,0,0,0,0,0,0,0,4,0,,67,12,2021,7,39.9294,-75.1462,1133.0,6,0,0,0,0,0,1,0,0,,0,0,0,11,1,0,0,N,0,39 55:46.009,,0,75 08:46.488,0,0,0,0,67301,0,0,0,N,0,0,0,2,68K01,0,,1,9,,N,N,N,1,,0,0,1,0,0,,1132,0,2,0,0,1,0,0,3,4,0,2,7,,N,,,,,,,,,,,
2022002933,135.0,2,0,0,0,0,0,0,0,0,5,0,,67,12,2021,3,39.9599,-75.1794,133.0,6,0,0,0,0,0,1,0,0,,0,0,0,1,3,2,0,N,1,39 57:35.814,3.0,0,75 10:45.740,3,0,0,0,67301,0,0,0,N,0,0,0,3,68K01,0,,1,9,135.0,N,N,N,0,,2,0,0,0,0,N,124,2,2,0,0,0,0,0,3,4,0,2,7,7.0,N,,,,,,,,,,,
2022003840,644.0,1,0,0,0,0,0,0,0,0,7,0,,67,12,2021,7,39.9824,-75.2076,637.0,6,0,0,0,0,0,0,0,0,,0,0,0,6,3,0,0,N,1,39 58:56.464,4.0,0,75 12:27.418,0,0,0,0,67301,0,0,0,N,0,0,0,1,68K01,0,,4,1,730.0,N,N,N,0,,0,0,0,0,0,N,634,0,1,0,0,0,0,0,3,4,0,1,3,,N,,,,,,,,,,,
2022011935,,0,0,0,0,0,0,0,0,0,4,0,,67,4,2021,3,40.0354,-75.1328,,6,0,0,0,0,0,0,0,0,,0,0,0,20,1,1,1,,0,40 02:07.263,,0,75 07:57.982,8,0,0,0,67301,0,0,0,N,0,0,0,2,00000,0,,1,1,,N,N,N,0,,0,0,0,3,3,,2030,1,2,0,0,0,1,0,3,4,1,2,3,,N,,,,,,,,,,,
2022003628,543.0,1,0,0,0,0,0,0,0,0,7,0,,67,12,2021,1,39.9911,-75.2037,543.0,6,0,0,1,0,0,0,0,0,,0,0,0,5,3,0,0,N,1,39 59:28.040,3.0,0,75 12:13.416,0,0,0,0,67301,0,0,0,N,0,0,0,1,68K01,0,,4,9,715.0,N,N,N,0,,0,0,0,0,0,N,543,0,1,0,0,1,0,0,3,4,0,1,98,,N,,,,,,,,,,,