CRN,ARRIVAL_TM,AUTOMOBILE_COUNT,BELTED_DEATH_COUNT,BELTED_SUSP_SERIOUS_INJ_COUNT,BICYCLE_COUNT,BICYCLE_DEATH_COUNT,BICYCLE_SUSP_SERIOUS_INJ_COUNT,BUS_COUNT,CHLDPAS_DEATH_COUNT,CHLDPAS_SUSP_SERIOUS_INJ_COUNT,COLLISION_TYPE,COMM_VEH_COUNT,CONS_ZONE_SPD_LIM,COUNTY,CRASH_MONTH,CRASH_YEAR,DAY_OF_WEEK,DEC_LAT,DEC_LONG,DISPATCH_TM,DISTRICT,DRIVER_COUNT_16YR,DRIVER_COUNT_17YR,DRIVER_COUNT_18YR,DRIVER_COUNT_19YR,DRIVER_COUNT_20YR,DRIVER_COUNT_50_64YR,DRIVER_COUNT_65_74YR,DRIVER_COUNT_75PLUS,EST_HRS_CLOSED,FATAL_COUNT,HEAVY_TRUCK_COUNT,HORSE_BUGGY_COUNT,HOUR_OF_DAY,ILLUMINATION,INJURY_COUNT,INTERSECT_TYPE,INTERSECTION_RELATED,LANE_CLOSED,LATITUDE,LN_CLOSE_DIR,LOCATION_TYPE,LONGITUDE,MAX_SEVERITY_LEVEL,MCYCLE_DEATH_COUNT,MCYCLE_SUSP_SERIOUS_INJ_COUNT,MOTORCYCLE_COUNT,MUNICIPALITY,NONMOTR_COUNT,NONMOTR_DEATH_COUNT,NONMOTR_SUSP_SERIOUS_INJ_COUNT,NTFY_HIWY_MAINT,PED_COUNT,PED_DEATH_COUNT,PED_SUSP_SERIOUS_INJ_COUNT,PERSON_COUNT,POLICE_AGCY,POSSIBLE_INJ_COUNT,RDWY_SURF_TYPE_CD,RELATION_TO_ROAD,ROAD_CONDITION,ROADWAY_CLEARED,SCH_BUS_IND,SCH_ZONE_IND,SECONDARY_CRASH,SMALL_TRUCK_COUNT,SPEC_JURIS_CD,SUSP_MINOR_INJ_COUNT,SUSP_SERIOUS_INJ_COUNT,SUV_COUNT,TCD_FUNC_CD,TCD_TYPE,TFC_DETOUR_IND,TIME_OF_DAY,TOT_INJ_COUNT,TOTAL_UNITS,UNB_DEATH_COUNT,UNB_SUSP_SERIOUS_INJ_COUNT,UNBELTED_OCC_COUNT,UNK_INJ_DEG_COUNT,UNK_INJ_PER_COUNT,URBAN_AREA,URBAN_RURAL,VAN_COUNT,VEHICLE_COUNT,WEATHER1,WEATHER2,WORK_ZONE_IND,WORK_ZONE_LOC,WORK_ZONE_TYPE,WORKERS_PRES,WZ_CLOSE_DETOUR,WZ_FLAGGER,WZ_LAW_OFFCR_IND,WZ_LN_CLOSURE,WZ_MOVING,WZ_OTHER,WZ_SHLDER_MDN,WZ_WORKERS_INJ_KILLED
2022005756,1613.0,1,0,0,0,0,0,0,0,0,1,0,,67,12,2021,6,39.9436,-75.1427,1613.0,6,0,0,0,0,1,1,0,0,,0,0,0,16,1,1,0,N,1,39 56:37.038,1.0,0,75 08:33.757,4,0,0,0,67301,0,0,0,N,0,0,0,4,68K01,1,,1,1,1610.0,N,N,N,0,,0,0,1,0,0,N,1613,1,2,0,0,0,0,0,3,4,0,2,3,,N,,,,,,,,,,,
2022047157,1000.0,2,0,0,0,0,0,0,0,0,1,1,,67,7,2021,2,40.0023,-75.122,955.0,6,0,0,0,0,0,0,0,0,,0,1,0,9,1,0,0,N,0,40 00:08.450,,0,75 07:19.040,0,0,0,0,67301,0,0,0,N,0,0,0,2,67301,0,,1,1,,N,N,N,0,,0,0,0,0,0,,950,0,3,0,0,0,0,0,3,4,0,3,3,3.0,N,,,,,,,,,,,
2022000512,315.0,3,0,0,0,0,0,0,0,0,6,0,,67,12,2021,2,39.9813,-75.1329,312.0,6,0,0,0,0,0,0,0,0,,0,0,0,3,3,0,0,N,0,39 58:52.800,,1,75 07:58.600,0,0,0,0,67301,0,0,0,N,0,0,0,1,67301,0,,6,1,,N,N,N,0,,0,0,0,0,0,,301,0,3,0,0,0,0,0,3,4,0,3,3,3.0,N,,,,,,,,,,,
2022010812,1726.0,1,0,0,0,0,0,0,0,0,8,0,,67,12,2021,2,40.0446,-75.0547,1722.0,6,0,0,0,0,0,0,0,0,,0,0,0,17,3,2,1,,0,40 02:40.636,,0,75 03:16.819,8,0,0,0,67301,1,0,0,N,1,0,0,2,67301,0,,1,9,,N,N,N,0,,0,0,0,3,2,,1722,2,2,0,0,0,2,0,3,4,0,1,7,6.0,N,,,,,,,,,,,
2022000317,1633.0,1,0,0,0,0,0,0,0,0,4,0,,67,12,2021,5,39.9215,-75.1473,1633.0,6,0,0,0,0,0,0,0,0,,0,0,0,16,4,2,1,,0,39 55:17.402,,0,75 08:50.719,4,0,0,0,67301,1,0,0,N,0,0,0,6,67301,2,,1,1,,N,N,N,0,,0,0,2,3,3,,1633,2,3,0,0,0,0,0,3,4,0,3,3,3.0,N,,,,,,,,,,,
2022000242,2300.0,1,0,0,0,0,0,0,0,0,7,0,,67,12,2021,5,40.0235,-75.1241,2300.0,6,0,0,0,0,0,0,0,0,,0,0,0,23,3,1,0,N,0,40 01:24.740,,0,75 07:26.740,3,0,0,0,67301,0,0,0,N,0,0,0,2,67301,0,,6,9,,N,N,N,0,,1,0,2,0,0,,2300,1,3,0,0,1,0,0,3,4,0,3,7,3.0,N,,,,,,,,,,,
2022000452,1740.0,2,0,0,0,0,0,0,0,0,4,0,,67,12,2021,6,39.9973,-75.1203,1740.0,6,0,1,0,0,0,0,0,0,,0,0,0,17,3,0,1,,0,39 59:50.432,,0,75 07:13.150,0,0,0,0,67301,0,0,0,N,0,0,0,2,67301,0,,1,1,,N,N,N,0,,0,0,0,3,3,,1740,0,2,0,0,0,0,0,3,4,0,2,3,3.0,N,,,,,,,,,,,
2022000171,2025.0,0,0,0,0,0,0,0,0,0,4,0,,67,12,2021,4,39.9246,-75.1521,2023.0,6,0,0,0,0,0,0,0,0,,0,0,0,20,3,2,1,,1,39 55:28.498,3.0,0,75 09:07.527,3,0,0,1,67301,0,0,0,N,0,0,0,2,67301,0,,1,1,2131.0,N,N,N,0,,2,0,1,3,2,Y,2006,2,2,0,0,0,0,0,3,4,0,2,3,3.0,N,,,,,,,,,,,
2022003172,753.0,1,0,0,0,0,0,0,0,0,7,0,,67,12,2021,6,39.9882,-75.0889,750.0,6,0,0,0,0,0,0,0,0,,0,0,0,7,1,1,0,N,0,39 59:17.685,,0,75 05:20.198,8,0,0,0,67301,0,0,0,N,0,0,0,1,68K01,0,,2,1,,N,N,N,0,,0,0,0,0,0,,748,1,1,0,0,0,1,0,3,4,0,1,4,4.0,N,,,,,,,,,,,
2022019525,,0,0,0,0,0,0,0,0,0,1,0,,67,12,2021,5,39.9105,-75.2424,,6,0,0,0,0,0,0,0,0,,0,0,0,18,1,2,2,,0,39 54:37.690,,0,75 14:32.550,8,0,0,0,67301,0,0,0,N,0,0,0,3,00000,0,,1,1,,N,N,N,0,,0,0,1,3,2,,1836,2,2,0,0,0,2,0,3,4,0,2,3,,N,,,,,,,,,,,
2022001127,2100.0,0,0,0,0,0,0,0,0,0,4,0,,67,12,2021,2,40.0571,-75.129,2056.0,6,0,0,0,0,0,0,0,0,,0,0,0,20,3,3,1,,2,40 03:25.687,4.0,0,75 07:44.345,3,0,0,0,67301,0,0,0,N,0,0,0,3,46102,0,,1,1,2200.0,N,N,N,0,,3,0,1,3,2,N,2053,3,2,0,0,1,0,0,3,4,1,2,3,,N,,,,,,,,,,,
2022012351,,2,0,0,0,0,0,0,0,0,1,0,,67,4,2021,7,40.0179,-75.1493,,6,0,0,0,0,0,0,0,0,,0,0,0,13,1,2,1,,0,40 01:04.874,,0,75 08:57.592,8,0,0,0,67301,0,0,0,N,0,0,0,3,00000,0,,1,1,,N,N,N,0,,0,0,0,3,2,,1320,2,3,0,0,0,2,0,3,4,0,3,3,,N,,,,,,,,,,,
2022014517,446.0,1,0,0,0,0,0,0,0,0,4,0,,67,12,2021,7,39.9584,-75.2375,446.0,6,0,0,0,0,0,0,0,0,,0,0,0,4,3,1,1,,2,39 57:30.385,4.0,0,75 14:14.799,3,0,0,0,67301,0,0,0,N,0,0,0,2,67301,0,,1,9,600.0,N,Y,N,0,,1,0,0,2,2,Y,443,1,2,0,0,1,0,0,3,4,0,2,7,4.0,N,,,,,,,,,,,
2022004451,1801.0,1,0,0,0,0,0,0,0,0,1,0,,67,12,2021,5,39.9452,-75.1908,1748.0,6,0,0,0,0,0,0,0,0,,0,0,0,17,3,0,0,N,2,39 56:42.541,3.0,0,75 11:26.895,0,0,0,0,67301,0,0,0,N,0,0,0,3,68K01,0,,1,1,1757.0,N,N,N,0,,0,0,2,0,0,Y,1744,0,3,0,0,0,0,0,3,4,0,3,3,,N,,,,,,,,,,,
2022001229,627.0,1,0,0,0,0,0,0,0,0,7,0,,67,12,2021,3,39.9594,-75.1773,620.0,6,0,0,0,0,0,0,0,0,,0,0,0,6,3,0,0,N,0,39 57:34.019,,2,75 10:38.414,0,0,0,0,67301,0,0,0,N,0,0,0,1,68K01,0,,4,9,,N,N,N,0,,0,0,0,0,0,,616,0,1,0,0,0,0,0,3,4,0,1,3,,N,,,,,,,,,,,
2022026660,,1,0,0,0,0,0,0,0,0,7,0,,67,10,2021,7,40.0268,-75.2099,,6,0,0,0,0,0,0,0,0,,0,0,0,0,2,2,0,N,0,40 01:36.300,,0,75 12:35.800,8,0,0,0,67301,0,0,0,N,0,0,0,2,00000,0,,4,1,,N,N,N,0,,0,0,0,0,0,,5,2,1,0,0,0,2,0,3,4,0,1,3,,N,,,,,,,,,,,
2022016205,2215.0,1,0,0,0,0,0,0,0,0,2,0,,67,12,2021,2,39.9412,-75.2118,2207.0,6,0,0,0,0,0,0,0,1,,0,0,0,21,3,1,0,N,0,39 56:28.380,,0,75 12:42.617,4,0,0,0,67301,0,0,0,N,0,0,0,1,67301,1,,6,9,,N,N,N,1,,0,0,1,0,0,,2155,1,3,0,0,1,0,0,3,4,0,3,7,7.0,N,,,,,,,,,,,
2022008577,16.0,2,0,0,0,0,0,0,0,0,5,0,,67,12,2021,3,39.9408,-75.1435,16.0,6,0,0,0,0,0,0,0,0,,0,0,0,0,3,0,7,,1,39 56:26.994,2.0,2,75 08:36.622,0,0,0,0,67301,0,0,0,N,0,0,0,1,68K01,0,,7,9,18.0,N,N,Y,0,,0,0,0,0,0,N,0,0,2,0,0,0,0,0,3,4,0,2,7,,N,,,,,,,,,,,
2022001453,241.0,2,0,0,0,0,0,0,0,0,7,0,,67,12,2021,5,39.9604,-75.1811,234.0,6,0,0,1,0,0,0,0,0,,0,0,0,2,3,0,0,N,1,39 57:37.448,4.0,0,75 10:52.135,0,0,0,0,67301,0,0,0,N,0,0,0,4,68K01,0,,3,9,235.0,N,N,N,0,,0,0,1,0,0,N,201,0,3,0,0,0,0,0,3,4,0,3,7,7.0,N,,,,,,,,,,,
2022000380,224.0,0,0,0,0,0,0,0,0,0,7,0,,67,12,2021,5,39.9124,-75.1739,224.0,6,0,1,0,0,0,0,0,0,,0,0,0,2,3,0,7,,2,39 54:44.600,2.0,8,75 10:26.000,0,0,0,0,67301,0,0,0,N,0,0,0,2,67501,0,,4,1,355.0,N,N,N,0,,0,0,1,3,8,Y,224,0,1,0,0,0,0,0,3,4,0,1,3,,N,,,,,,,,,,,
2022002934,255.0,1,0,0,0,0,0,0,0,0,7,0,,67,12,2021,3,39.983,-75.2079,250.0,6,0,0,0,0,0,0,0,0,,0,0,0,2,3,0,0,N,0,39 58:58.834,,0,75 12:28.552,0,0,0,0,67301,0,0,0,N,0,0,0,3,68K01,0,,2,9,,N,N,N,0,,0,0,0,0,0,,238,0,1,0,0,0,0,0,3,4,0,1,7,,N,,,,,,,,,,,
2021026835,1238.0,3,0,0,0,0,0,0,0,0,1,0,,67,3,2021,5,39.9889,-75.0882,1229.0,6,0,0,0,0,0,0,0,0,,0,0,0,12,1,1,0,N,0,39 59:20.071,,0,75 05:17.480,3,0,0,0,67301,0,0,0,N,0,0,0,4,68K01,0,,1,1,,N,N,N,0,,1,0,1,0,0,,1215,1,4,0,0,0,0,0,3,4,0,4,3,,N,,,,,,,,,,,
2021025361,903.0,1,0,0,0,0,0,0,0,0,7,0,,67,3,2021,3,39.9539,-75.1497,903.0,6,0,0,0,0,0,0,0,0,,0,0,0,8,5,0,0,N,1,39 57:13.980,2.0,0,75 08:58.880,9,0,0,0,67301,0,0,0,N,0,0,0,1,67301,0,,2,1,1000.0,N,N,N,0,,0,0,0,0,0,N,801,0,1,0,0,0,0,1,3,4,0,1,3,4.0,N,,,,,,,,,,,
2021024503,1021.0,0,0,0,0,0,0,0,0,0,7,0,,67,3,2021,7,39.8994,-75.1781,1019.0,6,0,0,1,0,0,0,0,0,,0,0,0,1,6,0,0,N,0,39 53:57.717,,0,75 10:41.136,0,0,0,0,67301,0,0,0,N,0,0,0,1,67301,0,,5,1,,N,N,N,0,,0,0,1,0,0,,100,0,1,0,0,1,0,0,3,4,0,1,3,3.0,N,,,,,,,,,,,
2021025008,813.0,1,0,0,0,0,0,0,0,0,3,1,,67,3,2021,3,39.9255,-75.1881,812.0,6,0,0,0,0,0,1,0,0,,0,1,0,7,1,1,2,,2,39 55:31.701,1.0,1,75 11:16.994,8,0,0,0,67301,0,0,0,N,0,0,0,2,67301,0,,1,1,820.0,N,N,N,0,,0,0,0,3,3,N,755,1,2,0,0,0,1,0,3,4,0,2,3,,N,,,,,,,,,,,
2021027987,1030.0,1,0,0,0,0,0,0,0,0,4,0,,67,3,2021,4,39.9405,-75.2159,1027.0,6,0,0,0,0,0,1,0,0,,0,0,0,9,1,1,0,N,0,39 56:25.820,,0,75 12:57.140,3,0,0,0,67301,0,0,0,N,0,0,0,3,67301,0,,1,9,,N,N,N,0,,1,0,1,0,0,,947,1,2,0,0,0,0,0,3,4,0,2,7,7.0,N,,,,,,,,,,,
2021026207,1900.0,1,0,0,0,0,0,0,0,0,8,0,,67,3,2021,6,40.009,-75.1964,1833.0,6,0,0,0,0,0,0,0,0,,0,0,0,17,1,1,0,N,0,40 00:32.326,,0,75 11:47.057,3,0,0,0,67301,1,0,0,N,1,0,0,2,67301,0,,1,1,,N,N,N,0,,1,0,0,0,0,,1705,1,2,0,0,0,0,0,3,4,0,1,3,3.0,N,,,,,,,,,,,
2021026873,355.0,1,0,0,0,0,0,0,0,0,7,0,,67,3,2021,6,39.9812,-75.2068,350.0,6,0,0,0,0,0,0,0,0,,0,0,0,3,3,1,0,N,0,39 58:52.274,,0,75 12:24.506,3,0,0,0,67301,0,0,0,N,0,0,0,1,68K01,0,,5,1,,N,N,N,0,,1,0,0,0,0,,349,1,1,0,0,0,0,0,3,4,0,1,3,,N,,,,,,,,,,,
2021027201,711.0,2,0,0,0,0,0,0,0,0,1,0,,67,3,2021,4,39.937,-75.199,655.0,6,0,0,0,0,0,2,0,0,,0,0,0,6,5,1,6,N,1,39 56:18.041,4.0,2,75 11:51.584,3,0,0,0,67301,0,0,0,N,0,0,0,3,68K01,0,,1,1,800.0,N,N,N,0,,1,0,1,0,0,N,641,1,3,0,0,0,0,0,3,4,0,3,3,3.0,N,,,,,,,,,,,
2021025527,146.0,1,0,0,0,0,0,0,0,0,7,0,,67,3,2021,4,40.0141,-75.1279,146.0,6,0,0,0,0,1,0,0,0,,0,0,0,1,3,0,0,N,1,40 00:50.760,4.0,0,75 07:40.530,0,0,0,0,67301,0,0,0,N,0,0,0,3,67301,0,,4,1,220.0,N,N,N,0,,0,0,0,0,0,N,146,0,1,0,0,0,0,0,3,4,0,1,3,3.0,N,,,,,,,,,,,
2021024564,1655.0,2,0,0,0,0,0,0,0,0,1,0,,67,3,2021,7,39.992,-75.1347,1649.0,6,0,0,0,1,0,0,0,0,,0,0,0,16,1,0,0,N,0,39 59:31.110,,0,75 08:05.070,0,0,0,0,67301,0,0,0,N,0,0,0,1,67301,0,,1,1,,N,N,N,0,,0,0,0,3,2,,1635,0,2,0,0,0,0,0,3,4,0,2,3,3.0,N,,,,,,,,,,,
2021023781,1830.0,1,0,0,0,0,0,1,0,0,5,1,,67,2,2021,5,39.9753,-75.1889,1813.0,6,0,0,0,0,0,0,0,0,,0,0,0,18,2,1,0,N,0,39 58:30.953,,0,75 11:20.181,4,0,0,0,67301,0,0,0,N,0,0,0,2,67508,1,,1,1,,N,N,Y,0,,0,0,0,0,0,,1813,1,2,0,0,0,0,0,3,4,0,2,3,3.0,N,,,,,,,,,,,
2021023673,1015.0,2,0,0,0,0,0,0,0,0,1,0,,67,3,2021,4,39.9813,-75.2069,1011.0,6,0,0,0,0,0,1,0,0,,0,0,0,10,1,0,0,N,1,39 58:52.602,3.0,0,75 12:24.874,0,0,0,0,67301,0,0,0,N,0,0,0,3,68K01,0,,1,1,1020.0,N,N,N,0,,0,0,1,0,0,N,1008,0,3,0,0,0,0,0,3,4,0,3,3,,N,,,,,,,,,,,
2021026879,2058.0,1,0,0,0,0,0,0,0,0,5,0,,67,3,2021,6,40.0371,-75.014,2058.0,6,0,0,0,0,0,0,0,0,,0,0,0,20,3,0,0,N,0,40 02:13.483,,0,75 00:50.239,9,0,0,0,67301,0,0,0,N,0,0,0,3,68K01,0,,1,1,,N,N,N,0,,0,0,0,0,0,,2058,0,2,0,0,0,0,1,3,4,0,2,3,,N,,,,,,,,,,,
2021027576,1015.0,0,0,0,0,0,0,0,0,0,1,0,45.0,67,3,2021,2,40.0067,-75.0739,958.0,6,0,0,0,0,0,1,0,0,,0,0,0,9,1,2,0,N,2,40 00:24.270,2.0,0,75 04:25.896,3,0,0,0,67301,0,0,0,N,0,0,0,4,68K01,0,,1,1,1040.0,N,N,N,1,,2,0,1,0,0,N,957,2,4,0,0,0,0,1,3,4,2,4,3,,Y,4.0,1.0,Y,N,N,N,N,N,N,Y,N
2021026202,500.0,1,0,0,0,0,0,0,0,0,4,0,,67,3,2021,5,39.9357,-75.2285,500.0,6,0,0,0,0,0,2,0,0,,0,0,0,5,1,0,1,,0,39 56:08.663,,0,75 13:42.679,0,0,0,0,67301,0,0,0,N,0,0,0,2,67301,0,,1,9,,N,N,N,0,,0,0,0,3,2,,500,0,2,0,0,0,0,0,3,4,0,2,7,7.0,N,,,,,,,,,,,
2021026837,1346.0,2,0,0,0,0,0,0,0,0,1,0,,67,3,2021,6,40.0219,-75.0397,1346.0,6,0,0,0,0,0,0,0,1,,0,0,0,13,1,1,0,N,0,40 01:18.716,,0,75 02:22.767,3,0,0,0,67301,0,0,0,N,0,0,0,4,68K01,0,,3,1,,N,N,N,0,,1,0,0,0,0,,1346,1,2,0,0,0,0,0,3,4,0,2,3,,N,,,,,,,,,,,
2021023839,1910.0,1,0,0,0,0,0,1,0,0,4,1,,67,2,2021,7,39.9866,-75.0944,1901.0,6,0,0,0,0,0,0,0,0,,0,0,0,19,3,2,1,,2,39 59:11.900,7.0,0,75 05:39.743,8,0,0,0,67301,0,0,0,N,0,0,0,3,67508,0,,1,1,2000.0,N,N,Y,0,,0,0,0,3,3,Y,1901,2,2,0,0,0,2,0,3,4,0,2,3,3.0,N,,,,,,,,,,,
2021024818,1740.0,0,0,0,0,0,0,0,0,0,8,0,,67,2,2021,4,39.9256,-75.2343,1739.0,6,0,0,0,0,0,0,0,0,,0,0,0,16,1,1,2,,9,39 55:32.060,,0,75 14:03.558,2,0,0,0,67301,1,0,1,N,1,0,1,1,67301,0,,9,1,,N,N,N,0,,0,1,0,9,9,U,1633,1,2,0,0,0,0,0,3,4,0,1,3,3.0,N,,,,,,,,,,,
2021023559,1135.0,0,0,0,0,0,0,0,0,0,5,1,,67,3,2021,3,40.0313,-75.1878,1120.0,6,0,0,0,0,0,2,0,0,,0,1,0,10,1,1,0,N,2,40 01:52.580,5.0,0,75 11:15.970,3,0,0,0,67301,0,0,0,N,0,0,0,2,67301,0,,1,1,1444.0,N,N,N,0,,1,0,1,0,0,Y,1020,1,2,0,0,0,0,0,3,4,0,2,3,3.0,N,,,,,,,,,,,
2021022324,1555.0,3,0,0,0,0,0,0,0,0,1,0,,67,3,2021,6,39.9483,-75.2054,1542.0,6,0,0,0,0,0,1,0,0,,0,0,0,15,1,1,0,N,0,39 56:53.770,,0,75 12:19.520,3,0,0,0,67301,0,0,0,N,0,0,0,3,67301,0,,1,1,,N,N,N,0,,1,0,0,0,0,,1510,1,3,0,0,2,0,0,3,4,0,3,3,3.0,N,,,,,,,,,,,
2021022708,1732.0,1,0,0,0,0,0,0,0,0,5,1,,67,3,2021,1,39.9592,-75.147,1730.0,6,0,0,0,0,0,0,0,0,,0,1,0,17,1,1,0,N,2,39 57:33.101,1.0,0,75 08:49.349,8,0,0,0,67301,0,0,0,N,0,0,0,3,67301,0,,1,1,1859.0,N,N,Y,0,,0,0,1,0,0,Y,1730,1,3,0,0,0,1,1,3,4,0,3,3,3.0,N,,,,,,,,,,,
2021026203,1524.0,0,0,0,0,0,0,0,0,0,4,2,,67,3,2021,6,39.9182,-75.2088,1516.0,6,0,0,0,0,1,1,0,0,,0,2,0,14,1,1,2,,0,39 55:05.610,,0,75 12:31.544,3,0,0,0,67301,0,0,0,N,0,0,0,2,67301,0,,1,1,,N,N,N,0,,1,0,0,3,2,,1416,1,2,0,0,0,0,0,3,4,0,2,3,3.0,N,,,,,,,,,,,
2021024782,1320.0,1,0,0,0,0,0,0,0,0,1,0,,67,3,2021,1,40.0007,-75.1948,1315.0,6,0,0,0,0,0,0,0,0,,0,0,0,13,1,0,0,N,0,40 00:02.675,,0,75 11:41.135,0,0,0,0,67301,0,0,0,N,0,0,0,3,68K01,0,,1,1,,N,N,Y,0,,0,0,2,0,0,,1311,0,3,0,0,0,0,0,3,4,0,3,3,3.0,N,,,,,,,,,,,
2021023915,2117.0,1,0,0,0,0,0,0,0,0,7,1,,67,2,2021,6,40.0389,-75.0089,2105.0,6,0,0,0,0,0,1,0,0,,0,1,0,21,3,1,0,N,1,40 02:20.021,2.0,0,75 00:32.158,8,0,0,0,67301,0,0,0,N,0,0,0,2,68K01,0,,2,9,2155.0,N,N,N,0,,0,0,0,0,0,Y,2102,1,2,0,0,1,1,0,3,4,0,2,7,,N,,,,,,,,,,,
2021023931,1707.0,3,0,0,0,0,0,0,0,0,1,1,45.0,67,2,2021,1,39.8991,-75.1778,1656.0,6,0,0,0,0,0,0,1,0,,0,1,0,16,3,1,0,N,1,39 53:56.606,1.0,0,75 10:40.248,3,0,0,0,67301,0,0,0,N,0,0,0,4,68K01,0,,1,9,1808.0,N,N,N,0,,1,0,0,0,0,N,1624,1,4,0,0,0,0,0,3,4,0,4,7,5.0,Y,4.0,1.0,N,,,N,Y,,,,N
2021025363,2108.0,2,0,0,0,0,0,0,0,0,2,0,,67,3,2021,1,40.0729,-75.1609,2108.0,6,0,0,0,0,0,0,0,0,,0,0,0,21,3,1,0,N,0,40 04:22.480,,0,75 09:39.080,3,0,0,0,67301,0,0,0,N,0,0,0,1,67301,0,,1,1,,N,N,N,0,,1,0,1,0,0,,2102,1,3,0,0,0,0,0,3,4,0,3,3,3.0,N,,,,,,,,,,,
2021023842,1135.0,1,0,0,0,0,0,1,0,0,5,1,,67,3,2021,2,39.9564,-75.1981,1115.0,6,0,0,0,0,0,0,0,0,,0,0,0,11,1,0,0,N,0,39 57:23.113,,0,75 11:53.030,0,0,0,0,67301,0,0,0,N,0,0,0,2,67508,0,,1,9,,N,N,Y,0,,0,0,0,0,0,,1115,0,2,0,0,0,0,0,3,4,0,2,7,7.0,N,,,,,,,,,,,
2021022451,535.0,2,0,0,0,0,0,0,0,0,4,0,,67,3,2021,1,40.0133,-75.18,532.0,6,0,0,0,0,0,0,0,0,,0,0,0,5,3,1,0,N,2,40 00:48.026,2.0,0,75 10:47.976,3,0,0,0,67301,0,0,0,N,0,0,0,3,67301,0,,1,2,615.0,N,N,N,0,,1,0,0,0,0,Y,531,1,2,0,0,0,0,0,3,4,0,2,3,3.0,N,,,,,,,,,,,
2021023970,419.0,0,0,0,0,0,0,0,0,0,7,0,,67,3,2021,6,39.9656,-75.1862,412.0,6,0,0,0,0,0,1,0,0,,0,0,0,4,3,0,0,N,1,39 57:56.092,3.0,0,75 11:10.456,0,0,0,0,67301,0,0,0,N,0,0,0,1,68K01,0,,4,1,30.0,N,N,N,0,,0,0,1,0,0,N,409,0,1,0,0,0,0,0,3,4,0,1,3,3.0,N,,,,,,,,,,,
2021022257,59.0,1,0,0,0,0,0,0,0,0,7,0,,67,3,2021,1,40.048,-75.1689,59.0,6,0,0,0,0,0,0,0,0,,0,0,0,0,2,1,2,,0,40 02:52.673,,0,75 10:07.951,3,0,0,0,67301,0,0,0,N,0,0,0,1,67301,0,,4,1,,N,N,N,0,,1,0,0,3,3,,50,1,1,0,0,0,0,0,3,4,0,1,3,3.0,N,,,,,,,,,,,
2021027670,247.0,0,0,0,0,0,0,0,0,0,7,0,,67,3,2021,4,39.9664,-75.2318,247.0,6,0,0,0,0,0,0,0,0,,0,0,0,2,3,1,2,N,0,39 57:58.959,,0,75 13:54.414,8,0,0,0,67301,0,0,0,N,0,0,0,1,67301,0,,5,1,,N,N,N,0,,0,0,1,0,0,,226,1,1,0,0,0,1,0,3,4,0,1,3,3.0,N,,,,,,,,,,,
2021027726,1607.0,0,0,0,0,0,0,0,0,0,8,0,,67,3,2021,4,40.0312,-75.0217,1603.0,6,0,0,0,0,0,0,0,0,,0,0,0,16,1,1,2,,1,40 01:52.399,1.0,0,75 01:18.206,2,0,0,0,67301,1,0,1,N,1,0,1,3,67301,0,,1,9,30.0,N,N,N,1,,0,1,0,3,2,Y,1602,1,2,0,0,0,0,0,3,4,0,1,7,7.0,N,,,,,,,,,,,
2021027850,1658.0,2,0,0,0,0,0,0,0,0,1,0,,67,3,2021,4,39.9584,-75.1667,1654.0,6,0,0,1,0,0,0,0,0,,0,0,0,16,1,0,0,N,2,39 57:30.122,3.0,0,75 10:00.049,0,0,0,0,67301,0,0,0,N,0,0,0,5,68K01,0,,1,1,1700.0,N,N,N,0,,0,0,0,0,0,N,1640,0,2,0,0,0,0,0,3,4,0,2,3,,N,,,,,,,,,,,
2021027142,810.0,2,0,0,0,0,0,0,0,0,4,0,,67,3,2021,3,39.9929,-75.1682,806.0,6,0,0,0,0,0,0,0,0,,0,0,0,6,5,0,0,N,0,39 59:34.560,,0,75 10:05.340,9,0,0,0,67301,0,0,0,N,0,0,0,1,67301,0,,6,1,,N,N,N,0,,0,0,0,0,0,,600,0,2,0,0,1,0,1,3,4,0,2,3,3.0,N,,,,,,,,,,,
2021025523,1.0,2,0,0,0,0,0,0,0,0,6,0,,67,2,2021,7,40.0114,-75.136,0.0,6,0,0,0,0,0,1,0,0,,0,0,0,23,3,0,0,N,0,40 00:41.200,,0,75 08:09.460,0,0,0,0,67301,0,0,0,N,0,0,0,1,67301,0,,1,2,,N,N,N,0,,0,0,2,0,0,,2350,0,4,0,0,1,0,0,3,4,0,4,10,,N,,,,,,,,,,,
2021024530,2109.0,1,0,0,0,0,0,0,0,0,4,0,,67,3,2021,5,39.9695,-75.2254,2109.0,6,0,0,0,0,0,0,0,1,,0,0,0,21,3,2,2,,0,39 58:10.362,,0,75 13:31.363,4,0,0,0,67301,0,0,0,N,0,0,0,3,67301,2,,1,1,,N,N,Y,0,,0,0,1,9,3,,2109,2,2,0,0,0,0,0,3,4,0,2,3,3.0,N,,,,,,,,,,,
2021024058,2125.0,1,0,0,0,0,0,1,0,0,4,1,,67,3,2021,5,40.0179,-75.1493,2053.0,6,0,0,0,0,0,0,0,0,,0,0,0,20,3,1,1,,0,40 01:04.608,,0,75 08:57.650,8,0,0,0,67301,0,0,0,N,0,0,0,3,67508,0,,1,1,,N,N,Y,0,,0,0,0,3,2,,2053,1,2,0,0,0,1,0,3,4,0,2,3,3.0,N,,,,,,,,,,,