CRN,ARRIVAL_TM,AUTOMOBILE_COUNT,BELTED_DEATH_COUNT,BELTED_SUSP_SERIOUS_INJ_COUNT,BICYCLE_COUNT,BICYCLE_DEATH_COUNT,BICYCLE_SUSP_SERIOUS_INJ_COUNT,BUS_COUNT,CHLDPAS_DEATH_COUNT,CHLDPAS_SUSP_SERIOUS_INJ_COUNT,COLLISION_TYPE,COMM_VEH_COUNT,CONS_ZONE_SPD_LIM,COUNTY,CRASH_MONTH,CRASH_YEAR,DAY_OF_WEEK,DEC_LAT,DEC_LONG,DISPATCH_TM,DISTRICT,DRIVER_COUNT_16YR,DRIVER_COUNT_17YR,DRIVER_COUNT_18YR,DRIVER_COUNT_19YR,DRIVER_COUNT_20YR,DRIVER_COUNT_50_64YR,DRIVER_COUNT_65_74YR,DRIVER_COUNT_75PLUS,EST_HRS_CLOSED,FATAL_COUNT,HEAVY_TRUCK_COUNT,HORSE_BUGGY_COUNT,HOUR_OF_DAY,ILLUMINATION,INJURY_COUNT,INTERSECT_TYPE,INTERSECTION_RELATED,LANE_CLOSED,LATITUDE,LN_CLOSE_DIR,LOCATION_TYPE,LONGITUDE,MAX_SEVERITY_LEVEL,MCYCLE_DEATH_COUNT,MCYCLE_SUSP_SERIOUS_INJ_COUNT,MOTORCYCLE_COUNT,MUNICIPALITY,NONMOTR_COUNT,NONMOTR_DEATH_COUNT,NONMOTR_SUSP_SERIOUS_INJ_COUNT,NTFY_HIWY_MAINT,PED_COUNT,PED_DEATH_COUNT,PED_SUSP_SERIOUS_INJ_COUNT,PERSON_COUNT,POLICE_AGCY,POSSIBLE_INJ_COUNT,RDWY_SURF_TYPE_CD,RELATION_TO_ROAD,ROAD_CONDITION,ROADWAY_CLEARED,SCH_BUS_IND,SCH_ZONE_IND,SECONDARY_CRASH,SMALL_TRUCK_COUNT,SPEC_JURIS_CD,SUSP_MINOR_INJ_COUNT,SUSP_SERIOUS_INJ_COUNT,SUV_COUNT,TCD_FUNC_CD,TCD_TYPE,TFC_DETOUR_IND,TIME_OF_DAY,TOT_INJ_COUNT,TOTAL_UNITS,UNB_DEATH_COUNT,UNB_SUSP_SERIOUS_INJ_COUNT,UNBELTED_OCC_COUNT,UNK_INJ_DEG_COUNT,UNK_INJ_PER_COUNT,URBAN_AREA,URBAN_RURAL,VAN_COUNT,VEHICLE_COUNT,WEATHER1,WEATHER2,WORK_ZONE_IND,WORK_ZONE_LOC,WORK_ZONE_TYPE,WORKERS_PRES,WZ_CLOSE_DETOUR,WZ_FLAGGER,WZ_LAW_OFFCR_IND,WZ_LN_CLOSURE,WZ_MOVING,WZ_OTHER,WZ_SHLDER_MDN,WZ_WORKERS_INJ_KILLED
2022003166,604.0,1,0,0,0,0,0,0,0,0,1,0,,67,12,2021,3,40.0404,-75.0059,544.0,6,0,0,0,0,0,0,0,0,,0,0,0,5,3,1,0,N,0,40 02:25.517,,0,75 00:21.226,8,0,0,0,67301,0,0,0,N,0,0,0,4,68K01,0,,5,9,,N,N,N,2,,0,0,1,0,0,,544,1,4,0,0,0,1,0,3,4,0,4,3,3.0,N,,,,,,,,,,,
2022000170,1920.0,2,0,0,0,0,0,0,0,0,4,0,,67,12,2021,4,39.9167,-75.171,1909.0,6,0,0,0,0,0,1,0,0,,0,0,0,19,3,0,0,N,0,39 55:00.242,,0,75 10:15.772,0,0,0,0,67301,0,0,0,N,0,0,0,2,67301,0,,1,1,,N,N,N,0,,0,0,0,0,0,,1909,0,2,0,0,0,0,0,3,4,0,2,3,3.0,N,,,,,,,,,,,
2022012392,,1,0,0,0,0,0,0,0,0,1,0,,67,4,2021,5,40.0598,-75.1334,,6,0,0,0,0,0,0,1,1,,0,0,0,13,1,2,1,,0,40 03:35.262,,0,75 08:00.324,4,0,0,0,67301,0,0,0,N,0,0,0,3,00000,1,,1,1,,N,N,N,0,,0,0,1,3,2,,1358,2,2,0,0,0,1,0,3,4,0,2,3,,N,,,,,,,,,,,
2022002160,847.0,0,0,0,0,0,0,0,0,0,7,0,,67,12,2021,7,40.0432,-75.003,836.0,6,0,0,0,0,0,0,0,0,,0,0,0,8,1,2,0,N,0,40 02:35.430,,0,75 00:10.724,3,0,0,0,67301,0,0,0,N,0,0,0,2,68K01,1,,3,1,,N,N,N,0,,1,0,1,0,0,,835,2,1,0,0,2,0,0,3,4,0,1,3,,N,,,,,,,,,,,
2022004123,905.0,0,0,0,0,0,0,1,0,0,5,1,,67,12,2021,6,39.9688,-75.1362,905.0,6,0,0,0,0,0,0,0,0,,0,0,0,8,6,0,1,,0,39 58:08.111,,0,75 08:10.324,9,0,0,0,67301,0,0,0,N,0,0,0,2,67508,0,,1,1,,N,N,N,0,,0,0,1,9,2,,850,0,2,0,0,0,0,2,3,4,0,2,3,3.0,N,,,,,,,,,,,
2022003846,103.0,0,0,0,0,0,0,0,0,0,7,0,,67,12,2021,1,40.0499,-74.9925,43.0,6,0,0,0,0,0,0,0,0,,0,0,0,0,3,0,0,N,0,40 02:59.769,,0,74 59:33.110,0,0,0,0,67301,0,0,0,Y,0,0,0,1,68K01,0,,3,9,,N,N,N,0,,0,0,1,0,0,,43,0,1,0,0,0,0,0,3,4,0,1,3,,N,,,,,,,,,,,
2022005019,2232.0,1,0,0,0,0,0,0,0,0,7,0,,67,12,2021,7,39.9574,-75.1585,2224.0,6,0,0,0,0,0,0,0,0,,0,0,0,22,3,1,0,N,1,39 57:26.713,4.0,0,75 09:30.444,4,0,0,0,67301,0,0,0,N,0,0,0,1,68K01,1,,4,9,1050.0,N,N,N,0,,0,0,0,0,0,N,2212,1,1,0,0,0,0,0,3,4,0,1,7,,N,,,,,,,,,,,
2022012385,,2,0,0,0,0,0,0,0,0,4,0,,67,4,2021,6,39.9185,-75.2082,,6,0,0,0,0,0,1,0,0,,0,0,0,0,3,2,0,N,0,39 55:06.657,,7,75 12:29.451,3,0,0,0,67301,0,0,0,N,0,0,0,2,00000,0,,1,1,,N,N,N,0,,1,0,0,0,0,,0,2,2,0,0,0,1,0,3,4,0,2,3,,N,,,,,,,,,,,
2022002821,43.0,2,0,0,0,0,0,0,0,0,1,0,,67,12,2021,6,39.8915,-75.2217,43.0,6,0,0,0,0,0,0,1,0,,0,0,0,0,3,1,0,N,0,39 53:29.475,,2,75 13:17.940,8,0,0,0,67301,0,0,0,N,0,0,0,2,68K01,0,,1,1,,N,N,N,0,,0,0,0,0,0,,42,1,2,0,0,0,1,1,3,4,0,2,3,,N,,,,,,,,,,,
2022003167,440.0,1,0,0,0,0,0,0,0,0,1,0,,67,12,2021,4,39.9002,-75.1582,429.0,6,0,0,0,0,0,1,0,0,,0,0,0,4,3,2,0,N,1,39 54:00.629,1.0,0,75 09:29.685,8,0,0,0,67301,0,0,0,N,0,0,0,3,68K01,0,,1,9,535.0,N,N,N,0,,0,0,1,0,0,N,427,2,2,0,0,0,2,0,3,4,0,2,7,7.0,N,,,,,,,,,,,
2022009469,,0,0,0,0,0,0,0,0,0,1,0,,67,11,2021,1,39.9806,-75.1724,,6,0,0,0,0,0,0,0,0,,0,0,0,16,1,1,5,,0,39 58:50.024,,0,75 10:20.673,8,0,0,0,67301,0,0,0,N,0,0,0,3,00000,0,,1,1,,N,N,N,0,,0,0,2,3,2,,1630,1,2,0,0,0,1,0,3,4,0,2,3,,N,,,,,,,,,,,
2022014512,525.0,2,0,0,0,0,0,0,0,0,5,0,,67,11,2021,1,39.9471,-75.2124,518.0,6,0,0,0,0,0,0,0,0,,0,0,0,5,3,0,0,N,0,39 56:49.481,,0,75 12:44.669,0,0,0,0,67301,0,0,0,N,0,0,0,1,67301,0,,6,1,,N,N,N,0,,0,0,2,0,0,,517,0,4,0,0,0,0,0,3,4,0,4,3,3.0,N,,,,,,,,,,,
2022001181,1526.0,0,0,0,0,0,0,0,0,0,1,2,,67,12,2021,5,39.9989,-75.0807,1509.0,6,0,0,0,0,0,1,0,0,,0,2,0,14,1,0,0,N,0,39 59:55.934,,0,75 04:50.414,0,0,0,0,67301,0,0,0,N,0,0,0,2,68K01,0,,1,1,,N,N,N,0,,0,0,0,0,0,,1459,0,2,0,0,0,0,0,3,4,0,2,3,3.0,N,,,,,,,,,,,
2022000549,856.0,1,0,0,0,0,0,0,0,0,1,0,,67,12,2021,4,39.9435,-75.1427,829.0,6,0,0,0,0,0,2,0,0,,0,0,0,8,1,2,0,N,0,39 56:36.721,,4,75 08:33.817,4,0,0,0,67301,0,0,0,N,0,0,0,3,68K01,2,,1,1,,N,N,N,0,,0,0,2,0,0,,828,2,3,0,0,0,0,0,3,4,0,3,3,,N,,,,,,,,,,,
2022000561,427.0,1,0,0,0,0,0,0,0,0,0,1,,67,12,2021,4,39.9565,-75.1429,413.0,6,0,0,0,0,0,0,0,0,,0,1,0,4,3,0,0,N,2,40 34:37.500,2.0,2,75 40:14.000,0,0,0,0,67301,0,0,0,N,0,0,0,2,68K01,0,,1,9,445.0,N,N,N,0,,0,0,0,0,0,N,412,0,2,0,0,0,0,0,3,4,0,2,7,,N,,,,,,,,,,,
2022002161,1517.0,2,0,0,0,0,0,0,0,0,1,0,,67,12,2021,6,39.9451,-75.1424,1500.0,6,0,0,0,0,0,0,0,0,,0,0,0,14,1,1,0,N,1,39 56:42.312,1.0,0,75 08:32.732,3,0,0,0,67301,0,0,0,N,0,0,0,3,68K01,0,,1,1,1525.0,N,N,N,0,,1,0,1,0,0,N,1455,1,3,0,0,0,0,0,3,4,0,3,3,,N,,,,,,,,,,,
2022000560,115.0,1,0,0,0,0,0,0,0,0,7,0,,67,12,2021,4,39.886,-75.2133,57.0,6,0,0,0,0,0,0,0,0,,0,0,0,0,3,0,0,N,2,39 53:09.645,1.0,0,75 12:47.917,0,0,0,0,67301,0,0,0,N,0,0,0,1,68K01,0,,4,9,115.0,N,N,N,0,,0,0,0,0,0,N,55,0,1,0,0,0,0,0,3,4,0,1,7,,N,,,,,,,,,,,
2022001457,831.0,0,0,0,0,0,0,0,0,0,7,0,,67,12,2021,5,40.0314,-75.0216,821.0,6,0,0,0,0,1,0,0,0,,0,0,0,8,1,0,0,N,1,40 01:53.151,2.0,0,75 01:17.676,0,0,0,0,67301,0,0,0,N,0,0,0,1,68K01,0,,2,9,850.0,N,N,N,1,,0,0,0,0,0,N,818,0,1,0,0,0,0,0,3,4,0,1,4,4.0,N,,,,,,,,,,,
2022002935,409.0,1,0,0,0,0,0,0,0,0,98,0,,67,12,2021,3,39.9812,-75.2068,407.0,6,0,0,0,0,0,1,0,0,,0,0,0,4,3,1,0,N,1,39 58:52.313,3.0,0,75 12:24.549,3,0,0,0,67301,0,0,0,N,0,0,0,1,68K01,0,,4,9,430.0,N,N,N,0,,1,0,0,0,0,N,403,1,1,0,0,0,0,0,3,4,0,1,7,,N,,,,,,,,,,,
2022001184,2207.0,0,0,0,0,0,0,0,0,0,7,0,,67,12,2021,1,39.9875,-75.0897,2201.0,6,0,0,0,0,0,0,0,0,,0,0,0,21,3,1,0,N,1,39 59:14.986,1.0,0,75 05:22.938,8,0,0,0,67301,0,0,0,N,0,0,0,1,68K01,0,,2,1,2240.0,N,N,N,0,,0,0,1,0,0,N,2155,1,1,0,0,0,1,0,3,4,0,1,3,,N,,,,,,,,,,,
2022001560,2310.0,0,0,0,0,0,0,0,0,0,5,0,,67,12,2021,2,39.9764,-75.114,2250.0,6,0,0,0,0,0,0,0,0,,0,0,0,22,3,1,0,N,2,39 58:34.954,1.0,0,75 06:50.227,4,0,0,0,67301,0,0,0,N,0,0,0,2,68K01,1,,1,1,30.0,N,N,N,0,,0,0,1,0,0,Y,2250,1,2,0,0,0,0,1,3,4,0,2,3,3.0,N,,,,,,,,,,,
2022000559,6.0,2,0,0,0,0,0,0,0,0,5,0,,67,12,2021,3,39.9973,-75.0818,2356.0,6,0,0,0,0,0,0,0,0,,0,0,0,23,3,0,0,N,1,39 59:50.174,1.0,0,75 04:54.639,0,0,0,0,67301,0,0,0,N,0,0,0,1,68K01,0,,1,9,1208.0,N,N,N,0,,0,0,0,0,0,N,2331,0,2,0,0,0,0,0,3,4,0,2,7,,N,,,,,,,,,,,
2022002171,1324.0,0,0,0,0,0,0,0,0,0,1,0,,67,12,2021,3,39.9725,-75.1936,1323.0,6,0,0,0,0,0,0,0,0,,0,0,0,13,1,0,0,N,1,39 58:21.154,4.0,0,75 11:36.851,0,0,0,0,67301,0,0,0,N,0,0,0,3,68K01,0,,1,1,1330.0,N,N,N,0,,0,0,2,0,0,Y,1309,0,2,0,0,0,0,0,3,4,0,2,3,,N,,,,,,,,,,,
2022000542,250.0,1,0,0,0,0,0,0,0,0,7,0,,67,12,2021,5,40.04,-75.0066,234.0,6,0,0,0,0,0,0,0,0,,0,0,0,2,3,0,0,N,0,40 02:23.848,,3,75 00:23.860,0,0,0,0,67301,0,0,0,N,0,0,0,1,68K01,0,,2,9,,N,N,N,0,,0,0,0,0,0,,234,0,1,0,0,0,0,0,3,4,0,1,7,,N,,,,,,,,,,,
2022004606,302.0,1,0,0,0,0,0,0,0,0,7,0,,67,12,2021,6,39.941,-75.1435,254.0,6,0,0,0,1,0,0,0,0,,0,0,0,2,3,0,0,N,1,39 56:27.587,2.0,0,75 08:36.523,0,0,0,0,67301,0,0,0,N,0,0,0,1,68K01,0,,2,9,310.0,N,N,N,0,,0,0,0,0,0,N,251,0,1,0,0,0,0,0,3,4,0,1,7,,N,,,,,,,,,,,
2022003364,1145.0,0,0,0,0,0,0,0,0,0,7,0,,67,12,2021,7,39.9832,-75.208,1143.0,6,0,0,0,0,0,0,0,0,,0,0,0,11,1,5,0,N,2,39 58:59.381,4.0,0,75 12:28.750,8,0,0,0,67301,0,0,0,N,0,0,0,5,68K01,0,,3,9,1240.0,N,N,N,0,,0,0,1,0,0,N,1139,5,1,0,0,0,5,0,3,4,0,1,7,,N,,,,,,,,,,,
2021003331,2030.0,1,0,0,0,0,0,0,0,0,4,0,,67,1,2021,1,40.0528,-75.1529,2030.0,6,0,0,0,0,0,2,0,0,,0,0,0,17,3,1,1,,0,40 03:10.189,,0,75 09:10.268,8,0,0,0,67301,0,0,0,N,0,0,0,3,67301,0,,1,1,,N,N,N,0,,0,0,1,3,2,,1739,1,2,0,0,0,1,1,3,4,0,2,3,3.0,N,,,,,,,,,,,
2021024572,929.0,1,0,0,0,0,0,0,0,0,7,0,,67,3,2021,6,40.0455,-75.1195,928.0,6,0,0,0,0,0,0,0,1,,0,0,0,9,1,1,0,N,2,40 02:43.930,6.0,0,75 07:10.090,3,0,0,0,67301,0,0,0,N,0,0,0,1,67301,0,,4,1,1000.0,N,N,N,0,,1,0,0,0,0,Y,925,1,1,0,0,0,0,0,3,4,0,1,3,,N,,,,,,,,,,,
2021027273,242.0,1,0,0,0,0,0,0,0,0,1,1,35.0,67,3,2021,4,39.9546,-75.1436,239.0,6,0,0,0,0,0,0,0,0,,0,1,0,2,3,0,0,N,2,39 57:16.500,4.0,3,75 08:36.900,0,0,0,0,67301,0,0,0,N,0,0,0,4,67501,0,,1,1,318.0,N,N,N,0,,0,0,0,3,8,N,239,0,2,0,0,0,0,0,3,4,0,2,3,3.0,Y,4.0,1.0,Y,,,N,Y,,,,N
2021027239,1419.0,1,0,0,0,0,0,0,0,0,4,0,,67,3,2021,7,40.0298,-75.1046,1404.0,6,0,0,0,0,1,0,0,0,,0,0,0,13,1,2,3,,0,40 01:47.207,,0,75 06:16.570,3,0,0,0,67301,0,0,0,N,0,0,0,6,67301,1,,1,1,,N,N,N,0,,1,0,1,3,2,,1354,2,2,0,0,0,0,0,3,4,0,2,3,3.0,N,,,,,,,,,,,
2021026926,2357.0,0,0,0,0,0,0,0,0,0,7,0,,67,3,2021,4,40.1073,-75.0267,2357.0,6,0,0,0,0,0,0,0,0,,0,0,0,23,3,0,0,N,0,40 06:26.138,,0,75 01:36.122,0,0,0,0,67301,0,0,0,N,0,0,0,1,67301,0,,4,1,,N,N,N,1,,0,0,0,0,0,,2350,0,1,0,0,0,0,0,3,4,0,1,3,3.0,N,,,,,,,,,,,
2021024540,43.0,1,0,0,0,0,0,0,0,0,5,0,,67,3,2021,7,39.9709,-75.2311,39.0,6,0,0,0,0,0,0,0,0,,0,0,0,22,3,0,0,N,0,39 58:15.070,,0,75 13:51.860,9,0,0,0,67301,0,0,0,N,0,0,0,1,67301,0,,1,1,,N,N,N,0,,0,0,1,0,0,,2254,0,2,0,0,0,0,1,3,4,0,2,3,,N,,,,,,,,,,,
2021024509,1013.0,1,0,0,0,0,0,0,0,0,5,0,,67,3,2021,3,39.9551,-75.1592,1013.0,6,0,0,0,0,0,1,0,0,,0,1,0,8,1,1,0,N,0,39 57:18.340,,0,75 09:33.140,3,0,0,0,67301,0,0,0,N,0,0,0,2,67301,0,,1,1,,N,N,N,0,,1,0,0,0,0,,815,1,2,0,0,0,0,0,3,4,0,2,3,3.0,N,,,,,,,,,,,
2021028039,1300.0,1,0,0,0,0,0,0,0,0,5,0,,67,3,2021,5,40.0714,-75.0324,1250.0,6,0,0,0,0,0,0,0,0,,0,0,0,12,1,0,0,N,0,40 04:17.210,,0,75 01:56.475,9,0,0,0,67301,0,0,0,N,0,0,0,2,67301,0,,1,1,,N,N,N,0,,0,0,2,0,0,,1242,0,3,0,0,0,0,1,3,4,0,3,3,3.0,N,,,,,,,,,,,
2021006052,1801.0,1,0,0,1,0,0,0,0,0,4,0,,67,1,2021,5,39.9703,-75.1358,1758.0,6,0,0,0,0,0,0,0,0,,0,0,0,17,3,1,1,,0,39 58:13.232,,0,75 08:08.736,8,0,0,0,67301,1,0,0,N,0,0,0,2,67301,0,,1,1,,N,N,N,0,,0,0,0,3,3,,1753,1,2,0,0,0,1,0,3,4,0,1,3,3.0,N,,,,,,,,,,,
2021018182,1625.0,1,0,0,0,0,0,0,0,0,1,0,,67,2,2021,4,40.0045,-75.1958,1620.0,6,0,0,0,0,0,1,0,0,,0,0,0,16,1,1,0,N,2,40 00:16.354,3.0,0,75 11:44.843,8,0,0,0,67301,0,0,0,N,0,0,0,2,68K01,0,,1,1,1720.0,N,N,N,0,,0,0,0,0,0,N,1616,1,2,0,0,0,1,0,3,4,1,2,3,3.0,N,,,,,,,,,,,
2021019455,233.0,0,0,0,0,0,0,0,0,0,4,0,,67,2,2021,5,39.9677,-75.23,230.0,6,0,0,0,0,0,0,0,0,,0,0,0,2,3,0,0,N,0,39 58:03.610,,0,75 13:47.820,0,0,0,0,67301,0,0,0,N,0,0,0,1,67301,0,,6,1,,N,N,N,0,,0,0,2,0,0,,230,0,2,0,0,1,0,0,3,4,0,2,3,,N,,,,,,,,,,,
2021027894,210.0,1,0,0,0,0,0,1,0,0,4,1,,67,3,2021,5,40.0303,-75.1591,154.0,6,0,0,0,0,0,1,0,0,,0,0,0,1,3,1,3,,0,40 01:49.043,,0,75 09:32.669,4,0,0,0,67301,0,0,0,N,0,0,0,2,67301,1,,1,9,,N,N,N,0,,0,0,0,3,3,,153,1,2,0,0,0,0,0,3,4,0,2,5,,N,,,,,,,,,,,
2021002754,1613.0,1,0,0,0,0,0,0,0,0,8,0,,67,1,2021,5,40.0136,-75.0685,1610.0,6,0,0,0,0,0,1,0,0,,0,0,0,16,4,1,1,,0,40 00:48.913,,0,75 04:06.725,4,0,0,0,67301,1,0,0,N,1,0,0,2,67301,1,,1,1,,N,N,N,0,,0,0,0,3,2,,1602,1,2,0,0,0,0,0,3,4,0,1,3,3.0,N,,,,,,,,,,,
2021000461,517.0,2,0,0,0,0,0,0,0,0,5,0,,67,1,2021,6,39.9585,-75.2382,517.0,6,0,0,0,0,0,0,0,0,,0,0,0,5,3,0,0,N,0,39 57:30.727,,0,75 14:17.564,0,0,0,0,67301,0,0,0,N,0,0,0,1,67301,0,,1,1,,N,N,N,0,,0,0,2,0,0,,510,0,4,0,0,0,0,0,3,4,0,4,3,3.0,N,,,,,,,,,,,
2021001498,326.0,1,0,0,0,0,0,0,0,0,99,0,,67,1,2021,6,39.9965,-75.1969,319.0,6,0,0,0,0,0,0,0,0,,0,0,0,1,3,0,0,N,0,39 59:47.407,,0,75 11:48.937,0,0,0,0,67301,0,0,0,N,0,0,0,1,68K01,0,,4,1,,N,N,N,0,,0,0,0,0,0,,145,0,2,0,0,0,0,0,3,4,0,1,3,3.0,N,,,,,,,,,,,
2021019001,520.0,2,0,0,0,0,0,0,0,0,1,0,,67,2,2021,7,39.886,-75.2106,504.0,6,0,0,0,0,0,0,0,0,,0,0,0,4,3,2,0,N,0,39 53:09.498,,0,75 12:38.186,4,0,0,0,67301,0,0,0,N,0,0,0,3,68K01,1,,1,9,,N,N,N,0,,0,0,0,0,0,,447,2,2,0,0,0,1,1,3,4,0,2,3,,N,,,,,,,,,,,
2021017781,1552.0,1,0,0,0,0,0,0,0,0,1,0,,67,2,2021,2,39.9585,-75.1676,1529.0,6,0,0,0,0,0,0,0,0,,0,0,0,15,1,1,0,N,2,39 57:30.518,3.0,0,75 10:03.367,4,0,0,0,67301,0,0,0,N,0,0,0,2,68K01,1,,1,1,15.0,N,N,N,0,,0,0,1,0,0,N,1527,1,2,0,0,0,0,0,3,4,0,2,3,,N,,,,,,,,,,,
2021027888,1655.0,1,0,0,0,0,0,0,0,0,5,0,,67,3,2021,4,39.9198,-75.1883,1645.0,6,0,0,0,0,0,1,0,0,,0,1,0,16,1,1,1,,0,39 55:11.168,,0,75 11:17.735,4,0,0,0,67301,0,0,0,N,0,0,0,2,67301,1,,1,9,,N,N,N,0,,0,0,0,3,2,,1636,1,2,0,0,0,0,0,3,4,0,2,7,4.0,N,,,,,,,,,,,
2021002528,2214.0,0,0,0,0,0,0,0,0,0,4,1,,67,1,2021,6,40.0312,-75.0214,2153.0,6,0,0,0,0,0,0,0,0,,0,1,0,21,3,0,0,N,1,40 01:52.491,2.0,0,75 01:17.047,9,0,0,0,67301,0,0,0,N,0,0,0,2,68K01,0,,2,9,2300.0,N,N,N,0,,0,0,1,0,0,N,2146,0,2,0,0,1,0,1,3,4,0,2,7,,N,,,,,,,,,,,
2021001494,124.0,2,0,0,0,0,0,0,0,0,1,0,,67,1,2021,7,39.981,-75.2065,124.0,6,0,0,0,0,0,0,0,0,,0,0,0,1,3,0,0,N,2,39 58:51.527,3.0,0,75 12:23.575,0,0,0,0,67301,0,0,0,N,0,0,0,1,68K01,0,,1,9,45.0,N,N,N,0,,0,0,0,0,0,N,124,0,2,0,0,0,0,0,3,4,0,2,7,7.0,N,,,,,,,,,,,
2021018072,1051.0,1,0,0,0,0,0,0,0,0,7,0,,67,2,2021,6,39.996,-75.2081,1050.0,6,0,0,0,0,0,1,0,0,,1,0,0,10,1,0,0,N,2,39 59:45.480,6.0,0,75 12:28.990,1,0,0,0,67301,0,0,0,N,0,0,0,1,67301,0,2.0,5,2,1133.0,N,N,N,0,0.0,0,0,0,0,0,N,1049,0,1,0,0,0,0,0,3,4,0,1,3,3.0,N,,,,,,,,,,,
2021017837,1112.0,3,0,0,0,0,0,0,0,0,1,0,,67,2,2021,1,40.0452,-75.1651,1112.0,6,0,0,0,0,1,0,0,0,,0,0,0,11,1,2,0,N,1,40 02:42.850,3.0,0,75 09:54.230,3,0,0,0,67301,0,0,0,N,0,0,0,4,67301,0,,1,9,1155.0,N,N,Y,0,,2,0,0,0,0,N,1112,2,3,0,0,0,0,0,3,4,0,3,3,10.0,N,,,,,,,,,,,
2021018270,808.0,1,0,0,0,0,0,0,0,0,4,1,,67,2,2021,2,39.8814,-75.2535,800.0,6,0,0,0,0,0,0,1,0,,0,1,0,7,2,2,2,,1,39 52:53.158,3.0,0,75 15:12.439,4,0,0,0,67301,0,0,0,N,0,0,0,3,67301,2,,1,1,845.0,N,N,N,0,,0,0,0,3,2,N,743,2,2,0,0,0,0,0,3,4,0,2,4,4.0,N,,,,,,,,,,,
2021002261,2132.0,0,0,0,0,0,0,0,0,0,4,0,,67,1,2021,1,40.0573,-75.0628,2128.0,6,0,0,0,0,0,0,0,0,,0,0,0,21,3,0,0,N,0,40 03:26.450,,0,75 03:46.110,9,0,0,0,67301,0,0,0,N,0,0,0,1,67301,0,,1,9,,N,N,N,0,,0,0,2,0,0,,2127,0,2,0,0,0,0,1,3,4,0,2,7,,N,,,,,,,,,,,
2021000252,325.0,1,0,0,0,0,0,0,0,0,7,0,,67,1,2021,6,40.0217,-75.0519,324.0,6,0,0,0,0,0,0,0,0,,0,0,0,2,3,0,0,N,0,40 01:18.148,,0,75 03:06.943,0,0,0,0,67301,0,0,0,N,0,0,0,0,67301,0,,5,1,,N,N,N,0,,0,0,0,0,0,,209,0,1,0,0,0,0,0,3,4,0,1,3,3.0,N,,,,,,,,,,,
2021019176,2250.0,1,0,0,0,0,0,0,0,0,7,0,,67,2,2021,2,40.0777,-75.0538,2245.0,6,0,0,0,0,1,0,0,0,,0,0,0,22,3,0,0,N,1,40 04:39.840,1.0,0,75 03:13.790,0,0,0,0,67301,0,0,0,N,0,0,0,1,67301,0,,4,2,2225.0,N,N,N,0,,0,0,0,0,0,N,2243,0,1,0,0,0,0,0,3,4,0,1,10,10.0,N,,,,,,,,,,,
2021019009,926.0,0,0,0,0,0,0,0,0,0,1,0,,67,2,2021,3,39.9577,-75.1606,919.0,6,0,0,0,0,0,0,0,0,,0,0,0,9,1,1,0,N,0,39 57:27.750,,0,75 09:38.238,8,0,0,0,67301,0,0,0,N,0,0,0,5,68K01,0,,1,1,,N,N,N,0,,0,0,2,0,0,,902,1,4,0,0,0,1,0,3,4,2,4,3,,N,,,,,,,,,,,
2021018224,1510.0,1,0,0,0,0,0,0,0,0,5,1,,67,2,2021,7,39.8905,-75.2207,1455.0,6,0,0,0,0,0,0,0,0,,0,1,0,14,1,0,7,,1,39 53:25.838,2.0,2,75 13:14.353,0,0,0,0,67301,0,0,0,N,0,0,0,2,68K01,0,,7,1,1545.0,N,N,N,0,,0,0,0,0,0,N,1451,0,2,0,0,0,0,0,3,4,0,2,3,3.0,N,,,,,,,,,,,
2021019002,1006.0,2,0,0,0,0,0,0,0,0,1,0,,67,2,2021,7,39.9384,-75.1978,958.0,6,0,0,0,0,0,0,0,0,,0,0,0,9,1,0,0,N,1,39 56:18.163,3.0,0,75 11:51.914,9,0,0,0,67301,0,0,0,N,0,0,0,2,68K01,0,,1,1,1105.0,N,N,N,0,,0,0,0,0,0,N,955,0,2,0,0,0,0,1,3,4,0,2,3,,N,,,,,,,,,,,
2021019515,350.0,1,0,0,0,0,0,0,0,0,5,0,,67,2,2021,4,40.0296,-75.1034,350.0,6,0,0,0,0,0,0,1,0,,0,0,0,3,3,0,1,,0,40 01:46.619,,0,75 06:12.397,0,0,0,0,67301,0,0,0,N,0,0,0,2,67301,0,,1,1,,N,N,N,0,,0,0,1,3,2,,340,0,2,0,0,0,0,0,3,4,0,2,3,3.0,N,,,,,,,,,,,
2021018922,1609.0,1,0,0,0,0,0,0,0,0,7,0,,67,2,2021,3,40.0369,-75.0798,1609.0,6,0,0,0,0,0,1,0,0,,0,0,0,16,1,1,1,,0,40 02:12.854,,0,75 04:47.301,3,0,0,0,67301,0,0,0,N,0,0,0,1,67301,0,,5,1,,N,N,N,0,,1,0,0,3,2,,1609,1,1,0,0,1,0,0,3,4,0,1,3,,N,,,,,,,,,,,
2021001067,1615.0,1,0,0,0,0,0,1,0,0,6,1,,67,1,2021,6,39.9763,-75.1137,1610.0,6,0,0,0,0,0,0,0,0,,0,0,0,16,1,0,0,N,0,39 58:34.763,,0,75 06:49.207,0,0,0,0,67301,0,0,0,N,0,0,0,5,67301,0,,1,9,,N,N,N,1,,0,0,0,0,0,,1606,0,3,0,0,3,0,0,3,4,0,3,7,7.0,N,,,,,,,,,,,