CRN,ARRIVAL_TM,AUTOMOBILE_COUNT,BELTED_DEATH_COUNT,BELTED_SUSP_SERIOUS_INJ_COUNT,BICYCLE_COUNT,BICYCLE_DEATH_COUNT,BICYCLE_SUSP_SERIOUS_INJ_COUNT,BUS_COUNT,CHLDPAS_DEATH_COUNT,CHLDPAS_SUSP_SERIOUS_INJ_COUNT,COLLISION_TYPE,COMM_VEH_COUNT,CONS_ZONE_SPD_LIM,COUNTY,CRASH_MONTH,CRASH_YEAR,DAY_OF_WEEK,DEC_LAT,DEC_LONG,DISPATCH_TM,DISTRICT,DRIVER_COUNT_16YR,DRIVER_COUNT_17YR,DRIVER_COUNT_18YR,DRIVER_COUNT_19YR,DRIVER_COUNT_20YR,DRIVER_COUNT_50_64YR,DRIVER_COUNT_65_74YR,DRIVER_COUNT_75PLUS,EST_HRS_CLOSED,FATAL_COUNT,HEAVY_TRUCK_COUNT,HORSE_BUGGY_COUNT,HOUR_OF_DAY,ILLUMINATION,INJURY_COUNT,INTERSECT_TYPE,INTERSECTION_RELATED,LANE_CLOSED,LATITUDE,LN_CLOSE_DIR,LOCATION_TYPE,LONGITUDE,MAX_SEVERITY_LEVEL,MCYCLE_DEATH_COUNT,MCYCLE_SUSP_SERIOUS_INJ_COUNT,MOTORCYCLE_COUNT,MUNICIPALITY,NONMOTR_COUNT,NONMOTR_DEATH_COUNT,NONMOTR_SUSP_SERIOUS_INJ_COUNT,NTFY_HIWY_MAINT,PED_COUNT,PED_DEATH_COUNT,PED_SUSP_SERIOUS_INJ_COUNT,PERSON_COUNT,POLICE_AGCY,POSSIBLE_INJ_COUNT,RDWY_SURF_TYPE_CD,RELATION_TO_ROAD,ROAD_CONDITION,ROADWAY_CLEARED,SCH_BUS_IND,SCH_ZONE_IND,SECONDARY_CRASH,SMALL_TRUCK_COUNT,SPEC_JURIS_CD,SUSP_MINOR_INJ_COUNT,SUSP_SERIOUS_INJ_COUNT,SUV_COUNT,TCD_FUNC_CD,TCD_TYPE,TFC_DETOUR_IND,TIME_OF_DAY,TOT_INJ_COUNT,TOTAL_UNITS,UNB_DEATH_COUNT,UNB_SUSP_SERIOUS_INJ_COUNT,UNBELTED_OCC_COUNT,UNK_INJ_DEG_COUNT,UNK_INJ_PER_COUNT,URBAN_AREA,URBAN_RURAL,VAN_COUNT,VEHICLE_COUNT,WEATHER1,WEATHER2,WORK_ZONE_IND,WORK_ZONE_LOC,WORK_ZONE_TYPE,WORKERS_PRES,WZ_CLOSE_DETOUR,WZ_FLAGGER,WZ_LAW_OFFCR_IND,WZ_LN_CLOSURE,WZ_MOVING,WZ_OTHER,WZ_SHLDER_MDN,WZ_WORKERS_INJ_KILLED
2021010909,1920.0,1,0,0,0,0,0,0,0,0,1,0,,67,1,2021,1,40.0184,-75.1676,1915.0,6,0,0,0,0,0,0,0,0,,0,0,0,19,3,0,0,N,0,40 01:06.212,,0,75 10:03.381,0,0,0,0,67301,0,0,0,N,0,0,0,2,67301,0,,1,7,,N,N,N,0,,0,0,1,0,0,,1900,0,2,0,0,0,0,0,3,4,0,2,10,,N,,,,,,,,,,,
2021019772,1030.0,1,0,0,0,0,0,0,0,0,4,1,,67,2,2021,6,40.112,-74.9905,1010.0,6,0,0,0,0,0,0,0,0,,0,1,0,10,1,0,2,,2,40 06:43.320,7.0,0,74 59:25.838,0,0,0,0,67301,0,0,0,N,0,0,0,2,67301,0,,1,1,1241.0,N,N,N,0,,0,0,0,3,2,Y,1005,0,2,0,0,0,0,0,3,4,0,2,3,3.0,N,,,,,,,,,,,
2021020430,2210.0,2,0,0,0,0,0,0,0,0,1,0,,67,2,2021,3,40.0241,-75.1176,2154.0,6,0,0,0,0,0,1,0,0,,0,0,0,21,3,0,0,N,0,40 01:26.620,,0,75 07:03.340,0,0,0,0,67301,0,0,0,N,0,0,0,1,67301,0,,1,9,,N,N,N,0,,0,0,0,0,0,,2150,0,2,0,0,1,0,0,3,4,0,2,3,,N,,,,,,,,,,,
2021020013,410.0,2,0,0,0,0,0,0,0,0,4,0,,67,2,2021,7,40.0287,-75.1447,408.0,6,0,0,0,0,0,0,0,0,,0,0,0,4,3,0,0,N,0,40 01:43.400,,0,75 08:41.030,9,0,0,0,67301,0,0,0,N,0,0,0,1,67301,0,,6,9,,N,N,N,0,,0,0,1,9,9,,407,0,3,0,0,0,0,1,3,4,0,3,7,7.0,N,,,,,,,,,,,
2021022961,1636.0,2,0,0,0,0,0,0,0,0,2,0,,67,2,2021,4,39.965,-75.1854,1636.0,6,0,0,0,0,0,0,0,0,,0,0,0,16,1,0,0,N,0,39 57:53.994,,0,75 11:07.281,0,0,0,0,67301,0,0,0,N,0,0,0,3,68K01,0,,1,1,,N,N,N,0,,0,0,0,0,0,,1636,0,2,0,0,0,0,0,3,4,0,2,3,,N,,,,,,,,,,,
2021022944,642.0,1,0,0,0,0,0,0,0,0,5,0,,67,2,2021,6,39.9008,-75.1543,619.0,6,0,0,0,0,0,0,0,0,,0,0,0,5,3,0,0,N,0,39 54:02.948,,0,75 09:15.328,0,0,0,0,67301,0,0,0,N,0,0,0,2,68K01,0,,1,2,,N,N,N,0,,0,0,1,0,0,,540,0,2,0,0,0,0,0,3,4,0,2,6,,N,,,,,,,,,,,
2021012159,1643.0,1,0,0,0,0,0,0,0,0,4,0,,67,2,2021,5,40.0493,-75.0679,1642.0,6,0,0,0,0,0,0,0,0,,0,0,0,16,1,1,1,,0,40 02:57.481,,0,75 04:04.310,3,0,0,0,67301,0,0,0,N,0,0,0,1,67301,0,,1,1,,N,N,N,0,,1,0,1,3,2,,1637,1,2,0,0,0,0,0,3,4,0,2,3,,N,,,,,,,,,,,
2021019711,545.0,1,0,0,0,0,0,0,0,0,7,0,,67,2,2021,2,39.9739,-75.1346,540.0,6,0,0,0,0,0,0,0,0,,0,0,0,5,3,0,0,N,1,39 58:25.890,2.0,0,75 08:04.710,0,0,0,0,67301,0,0,0,N,0,0,0,0,67301,0,,4,1,30.0,N,N,N,0,,0,0,0,0,0,N,539,0,1,0,0,0,0,0,3,4,0,1,3,,N,,,,,,,,,,,
2021011228,1643.0,1,0,0,0,0,0,0,0,0,5,1,,67,1,2021,4,39.9323,-75.1728,1633.0,6,0,0,0,0,0,1,0,0,,0,1,0,14,1,1,0,N,0,39 55:56.300,,0,75 10:21.900,2,0,0,0,67301,1,0,1,N,0,0,0,2,67508,0,,6,1,,N,N,Y,0,,0,1,0,0,0,,1433,1,2,0,0,0,0,0,3,4,0,2,3,3.0,N,,,,,,,,,,,
2021009971,415.0,1,0,0,0,0,0,0,0,0,5,0,,67,1,2021,7,40.0094,-75.1399,405.0,6,0,0,0,0,0,0,0,0,,0,0,0,3,3,0,0,N,0,40 00:33.830,,0,75 08:23.630,0,0,0,0,67301,0,0,0,N,0,0,0,1,67301,0,,1,1,,N,N,N,0,,0,0,1,0,0,,359,0,2,0,0,1,0,0,3,4,0,2,3,,N,,,,,,,,,,,
2021011537,1755.0,0,0,0,0,0,0,0,0,0,7,0,,67,1,2021,1,40.0093,-75.205,1747.0,6,0,0,0,0,0,0,0,0,,0,0,0,17,3,0,6,,2,40 00:24.685,1.0,2,75 11:55.656,0,0,0,0,67301,0,0,0,N,0,0,0,1,67501,0,,2,6,1847.0,N,N,N,0,,0,0,1,0,0,Y,1747,0,1,0,0,0,0,0,3,4,0,1,10,9.0,N,,,,,,,,,,,
2021021349,1605.0,1,0,0,0,0,0,0,0,0,7,0,,67,2,2021,1,39.8933,-75.2304,1549.0,6,0,0,0,0,1,0,0,0,,0,0,0,15,1,2,0,N,1,39 53:36.033,2.0,0,75 13:49.577,3,0,0,0,67301,0,0,0,Y,0,0,0,2,68K01,0,,4,9,1655.0,N,N,N,0,,2,0,0,0,0,N,1547,2,1,0,0,0,0,0,3,4,0,1,7,5.0,N,,,,,,,,,,,
2021021759,1700.0,0,0,0,0,0,0,0,0,0,8,0,,67,2,2021,5,39.9977,-75.1232,1700.0,6,0,0,0,0,0,0,0,0,,0,0,0,16,1,1,1,,0,39 59:51.782,,0,75 07:23.643,3,0,0,0,67301,1,0,0,N,1,0,0,1,67301,0,,1,1,,N,N,N,0,,1,0,0,9,3,,1630,1,2,0,0,0,0,0,3,4,0,1,3,,N,,,,,,,,,,,
2021022502,50.0,0,0,0,0,0,0,0,0,0,7,0,,67,3,2021,2,40.0489,-75.1703,50.0,6,0,0,0,0,0,0,0,0,,0,1,0,0,3,1,0,N,0,40 02:55.918,,1,75 10:13.231,4,0,0,0,67301,0,0,0,N,0,0,0,1,67301,1,,2,1,,N,N,N,0,,0,0,0,9,9,,48,1,1,0,0,0,0,0,3,4,0,1,3,3.0,N,,,,,,,,,,,
2021023000,1914.0,1,0,0,0,0,0,0,0,0,1,0,,67,3,2021,5,39.9593,-75.1746,1901.0,6,0,0,1,0,0,0,0,0,,0,0,0,18,3,0,0,N,1,39 57:33.657,3.0,0,75 10:28.697,0,0,0,0,67301,0,0,0,N,0,0,0,3,68K01,0,,1,1,1940.0,N,N,N,0,,0,0,1,0,0,N,1858,0,2,0,0,0,0,0,3,4,0,2,3,3.0,N,,,,,,,,,,,
2021019789,2345.0,1,0,0,0,0,0,1,0,0,1,1,,67,2,2021,6,40.0133,-75.1693,2335.0,6,0,0,0,0,0,0,0,0,,0,0,0,23,3,0,0,N,0,40 00:47.707,,0,75 10:09.449,0,0,0,0,67301,0,0,0,N,0,0,0,2,67508,0,,1,9,,N,N,Y,0,,0,0,0,0,0,,2335,0,2,0,0,0,0,0,3,4,0,2,10,10.0,N,,,,,,,,,,,
2021020387,2232.0,1,0,0,0,0,0,0,0,0,1,0,,67,2,2021,7,39.8933,-75.231,2222.0,6,0,0,0,0,0,0,0,0,,0,0,0,22,3,1,0,N,1,39 53:35.952,2.0,0,75 13:51.667,8,0,0,0,67301,0,0,0,N,0,0,0,1,68K01,0,,1,1,2315.0,N,N,N,0,,0,0,1,0,0,N,2220,1,2,0,0,0,1,0,3,4,0,2,3,3.0,N,,,,,,,,,,,
2021020552,1701.0,2,0,0,0,0,0,0,0,0,1,0,,67,2,2021,2,39.9859,-75.2084,1651.0,6,0,0,0,0,0,0,0,0,,0,0,0,16,1,0,6,N,0,39 59:09.211,,2,75 12:30.389,0,0,0,0,67301,0,0,0,Y,0,0,0,5,68K01,0,,2,9,,N,N,N,0,,0,0,0,0,0,,1649,0,2,0,0,1,0,0,3,4,0,2,3,,N,,,,,,,,,,,
2021021849,110.0,3,0,0,0,0,0,0,0,0,2,0,,67,3,2021,6,40.0428,-75.0113,107.0,6,0,0,0,0,0,0,0,0,,0,0,0,0,3,1,0,N,0,40 02:33.976,,0,75 00:40.795,4,0,0,0,67301,0,0,0,N,0,0,0,1,67301,1,,6,1,,N,N,N,0,,0,0,1,3,2,,59,1,4,0,0,1,0,0,3,4,0,4,3,3.0,N,,,,,,,,,,,
2021021484,2318.0,1,0,0,0,0,0,0,0,0,4,0,,67,3,2021,4,40.0596,-75.0522,2317.0,6,0,0,0,0,0,0,1,0,,0,0,0,23,3,1,0,N,0,40 03:34.639,,0,75 03:07.881,4,0,0,0,67301,0,0,0,N,0,0,0,2,67301,1,,1,1,,N,N,Y,0,,0,0,1,0,0,,2308,1,2,0,0,0,0,0,3,4,0,2,3,,N,,,,,,,,,,,
2021019781,1045.0,1,0,0,0,0,0,1,0,0,5,1,,67,2,2021,6,40.0137,-75.1577,1035.0,6,0,0,0,0,0,0,0,0,,0,0,0,10,1,0,0,N,0,40 00:49.300,,0,75 09:27.800,0,0,0,0,67301,1,0,0,N,0,0,0,2,67508,0,,6,1,,N,N,Y,0,,0,0,0,0,0,,1035,0,2,0,0,0,0,0,3,4,0,2,3,3.0,N,,,,,,,,,,,
2022080198,,0,0,0,0,0,0,0,0,0,1,0,,67,3,2021,2,39.9815,-75.1173,,6,0,0,0,0,0,0,0,0,,0,0,0,22,3,1,1,,0,39 58:53.612,,0,75 07:02.654,8,0,0,0,67301,0,0,0,N,0,0,0,2,00000,0,,1,1,,,,N,0,,0,0,0,3,2,,2200,1,2,0,0,0,1,0,3,4,0,2,3,,N,,,,,,,,,,,
2022079883,,2,0,0,0,0,0,0,0,0,4,0,,67,2,2021,4,40.0123,-75.1505,,6,0,0,0,0,0,1,0,0,,0,0,0,17,1,2,5,,0,40 00:44.661,,0,75 09:01.996,8,0,0,0,67301,0,0,0,N,0,0,0,3,00000,0,,1,1,,,,N,0,,0,0,0,0,0,,1710,2,2,0,0,1,2,0,3,4,0,2,3,,N,,,,,,,,,,,
2022079897,,2,0,0,0,0,0,0,0,0,4,0,,67,1,2021,1,39.9932,-75.1069,,6,0,0,1,0,0,1,0,0,,0,0,0,15,1,1,1,,0,39 59:35.462,,0,75 06:24.911,8,0,0,0,67301,0,0,0,N,0,0,0,2,00000,0,,1,1,,,,N,0,,0,0,0,3,3,,1500,1,2,0,0,0,1,0,3,4,0,2,3,,N,,,,,,,,,,,
2022076129,2215.0,1,0,0,0,0,0,0,0,0,4,0,,67,12,2021,7,39.9941,-75.1113,2215.0,6,0,0,0,0,0,0,0,0,,0,0,0,22,3,0,0,N,0,39 59:38.696,,7,75 06:40.518,0,0,0,0,67301,1,0,0,N,0,0,0,2,67301,0,,4,1,,N,N,N,0,,0,0,0,0,0,,2215,0,2,0,0,0,0,0,3,4,1,2,3,3.0,N,,,,,,,,,,,
2022085502,1400.0,0,0,0,0,0,0,0,0,0,8,0,,67,2,2021,5,39.9559,-75.2263,1359.0,6,0,0,0,0,0,0,0,0,,0,0,0,13,1,1,0,N,0,39 57:21.180,,0,75 13:34.600,3,0,0,0,67301,1,0,0,N,1,0,0,2,67301,0,,1,6,,N,N,N,0,,1,0,1,9,3,,1322,1,2,0,0,1,0,0,3,4,0,1,3,3.0,N,,,,,,,,,,,
2022079369,,1,0,0,0,0,0,0,0,0,1,0,,67,1,2021,3,39.9575,-75.1507,,6,0,0,0,0,0,0,0,0,,0,0,0,99,1,2,0,N,0,39 57:26.900,,0,75 09:02.581,8,0,0,0,67301,0,0,0,N,0,0,0,3,00000,0,,1,1,,,,N,0,,0,0,1,0,0,,9999,2,2,0,0,1,2,0,3,4,0,2,3,,N,,,,,,,,,,,
2022079382,,0,0,0,0,0,0,0,0,0,4,0,,67,1,2021,5,39.9969,-75.1032,,6,0,0,0,0,0,0,0,0,,0,0,0,10,1,0,1,,0,39 59:48.800,,0,75 06:11.611,0,0,0,0,67301,0,0,0,N,0,0,0,2,00000,0,,1,1,,,,N,0,,0,0,2,3,2,,1030,0,2,0,0,0,0,0,3,4,0,2,3,,N,,,,,,,,,,,
2022079384,,1,0,0,0,0,0,0,0,0,4,0,,67,1,2021,5,39.9998,-75.1631,,6,0,0,0,0,0,1,0,0,,0,0,0,14,1,1,1,,0,39 59:59.161,,0,75 09:47.124,8,0,0,0,67301,0,0,0,N,0,0,0,2,00000,0,,1,1,,,,N,1,,0,0,0,3,3,,1430,1,2,0,0,0,1,0,3,4,0,2,3,,N,,,,,,,,,,,
2022079916,,1,0,0,0,0,0,0,0,0,4,0,,67,1,2021,7,40.0255,-75.1235,,6,0,0,0,0,0,0,1,0,,0,0,0,20,3,1,1,,0,40 01:31.670,,0,75 07:24.541,8,0,0,0,67301,0,0,0,N,0,0,0,2,00000,0,,1,1,,,,N,1,,0,0,0,0,0,,2000,1,2,0,0,0,1,0,3,4,0,2,3,,N,,,,,,,,,,,
2022079874,,0,0,0,0,0,0,0,0,0,4,0,,67,1,2021,2,,,,6,0,0,0,0,0,1,0,0,,0,0,0,11,1,1,2,,0,,,0,,8,0,0,0,67301,0,0,0,N,0,0,0,2,00000,0,,1,1,,,,N,0,,0,0,1,3,3,,1130,1,2,0,0,0,1,0,3,3,0,2,3,,N,,,,,,,,,,,
2022079392,,2,0,0,0,0,0,0,0,0,4,0,,67,1,2021,4,40.0138,-75.056,,6,0,0,0,0,0,0,0,0,,0,0,0,13,1,1,1,,0,40 00:49.539,,0,75 03:21.506,8,0,0,0,67301,0,0,0,N,0,0,0,2,00000,0,,1,1,,,,N,0,,0,0,0,3,2,,1314,1,2,0,0,0,1,0,3,4,0,2,3,,N,,,,,,,,,,,
2022079795,,1,0,0,0,0,0,0,0,0,5,0,,67,1,2021,5,39.8942,-75.2363,,6,0,0,0,0,0,0,0,0,,0,0,0,15,1,2,0,N,0,39 53:39.257,,0,75 14:10.853,8,0,0,0,67301,0,0,0,N,0,0,0,3,00000,0,,1,1,,,,N,0,,0,0,0,0,0,,1530,2,2,0,0,0,2,0,3,4,0,2,3,,N,,,,,,,,,,,
2022055468,,0,0,0,0,0,0,0,0,0,4,0,,67,11,2021,3,39.9903,-75.163,,6,0,0,0,0,0,0,0,0,,0,0,0,14,1,2,1,,0,39 59:25.173,,0,75 09:46.691,8,0,0,0,67301,0,0,0,N,0,0,0,2,00000,0,,1,1,,,,N,0,,0,0,2,3,3,,1415,2,2,0,0,0,2,0,3,4,0,2,3,3.0,N,,,,,,,,,,,
2022041832,,1,0,0,0,0,0,0,0,0,4,0,,67,7,2021,2,39.9776,-75.2275,,6,0,0,0,0,0,0,0,0,,0,0,0,16,1,1,0,N,0,39 58:39.241,,7,75 13:39.047,8,0,0,0,67301,0,0,0,N,0,0,0,2,00000,0,,1,1,,N,N,N,0,,0,0,0,0,0,,1630,1,2,0,0,0,1,0,3,4,1,2,3,,N,,,,,,,,,,,
2022030394,,1,0,0,0,0,0,0,0,0,4,0,,67,9,2021,1,39.9949,-75.1367,,6,0,0,0,0,0,0,0,0,,0,0,0,99,1,1,1,,0,39 59:41.481,,0,75 08:12.040,8,0,0,0,67301,0,0,0,N,0,0,0,2,00000,0,,1,1,,N,N,N,0,,0,0,0,3,3,,9999,1,2,0,0,0,1,0,3,4,0,2,3,,N,,,,,,,,,,,
2022032839,1358.0,1,0,0,0,0,0,0,0,0,4,0,,67,12,2021,3,40.0683,-75.1722,1356.0,6,0,0,0,0,1,1,0,0,,0,0,0,13,1,1,2,,0,40 04:05.840,,0,75 10:19.970,3,0,0,0,67301,0,0,0,N,0,0,0,3,67301,0,,1,1,,N,N,N,0,,1,0,1,3,3,,1335,1,2,0,0,0,0,0,3,4,0,2,3,3.0,N,,,,,,,,,,,
2022032840,2111.0,1,0,0,0,0,0,0,0,0,4,0,,67,9,2021,6,39.972,-75.2345,2110.0,6,0,0,0,0,0,0,0,0,,0,0,0,21,3,2,1,,0,39 58:19.300,,0,75 14:04.109,4,0,0,0,67301,0,0,0,N,0,0,0,3,67301,2,,1,1,,N,N,N,0,,0,0,1,3,3,,2110,2,2,0,0,1,0,1,3,4,0,2,4,,N,,,,,,,,,,,
2022000412,1625.0,1,0,0,0,0,0,0,0,0,5,0,,67,12,2021,6,39.996,-75.1691,1608.0,6,0,0,0,0,0,1,0,0,,0,0,0,16,1,1,0,N,0,39 59:45.700,,0,75 10:08.900,3,0,0,0,67301,0,0,0,N,0,0,0,2,67301,0,,1,1,,N,N,N,0,,1,0,0,0,0,,1600,1,2,0,0,0,0,1,3,4,1,2,3,,N,,,,,,,,,,,
2022000028,54.0,0,0,0,0,0,0,0,0,0,5,0,,67,12,2021,5,39.9323,-75.1537,54.0,6,1,0,0,0,0,0,0,0,,0,0,0,0,3,1,0,N,2,39 55:56.370,3.0,0,75 09:13.380,3,0,0,0,67301,0,0,0,N,0,0,0,3,67301,0,,6,1,230.0,N,N,N,0,,1,0,2,0,0,Y,50,1,2,0,0,0,0,0,3,4,0,2,7,7.0,N,,,,,,,,,,,
2022000451,2213.0,1,0,0,0,0,0,0,0,0,8,0,,67,12,2021,5,40.0011,-75.1006,2211.0,6,0,0,0,0,0,0,0,0,,0,0,0,22,3,1,0,N,0,40 00:03.780,,0,75 06:02.290,3,0,0,0,67301,1,0,0,N,1,0,0,2,67301,0,,1,1,,N,N,N,0,,1,0,2,0,0,,2210,1,5,0,0,0,0,0,3,4,0,4,3,3.0,N,,,,,,,,,,,
2022118335,,1,0,0,0,0,0,0,0,0,4,0,,67,10,2021,5,39.9966,-75.1755,,6,0,0,0,0,0,1,0,0,,0,0,0,99,1,1,1,,0,39 59:47.935,,0,75 10:31.923,8,0,0,0,67301,0,0,0,N,0,0,0,2,00000,0,,1,1,,,,N,0,,0,0,1,3,2,,9999,1,2,0,0,1,1,0,3,4,0,2,3,,N,,,,,,,,,,,
2022072191,1425.0,1,0,0,0,0,0,0,0,0,8,0,,67,9,2021,2,39.9566,-75.2419,1419.0,6,0,0,0,0,0,0,0,0,,0,0,0,14,1,1,1,,0,39 57:23.615,,0,75 14:30.782,3,0,0,0,67301,1,0,0,N,1,0,0,2,67301,0,,1,1,,N,N,N,0,,1,0,0,3,1,,1414,1,2,0,0,0,0,1,3,4,0,1,3,3.0,N,,,,,,,,,,,
2022079373,,0,0,0,0,0,0,0,0,0,1,1,,67,2,2021,5,39.9319,-75.161,,6,0,0,0,0,0,1,0,0,,0,1,0,17,1,0,5,,0,39 55:54.677,,0,75 09:39.704,0,0,0,0,67301,0,0,0,N,0,0,0,2,00000,0,,1,1,,,,N,0,,0,0,1,3,2,,1710,0,2,0,0,0,0,0,3,4,0,2,3,,N,,,,,,,,,,,
2022079342,,0,0,0,0,0,0,0,0,0,4,0,,67,3,2021,4,40.0291,-75.1053,,6,0,0,0,0,0,0,0,0,,0,0,0,0,3,0,1,,0,40 01:44.795,,0,75 06:19.055,0,0,0,0,67301,0,0,0,N,0,0,0,2,00000,0,,1,1,,,,N,0,,0,0,1,0,0,,30,0,2,0,0,0,0,0,3,4,0,2,3,,N,,,,,,,,,,,
2022079913,,1,0,0,0,0,0,0,0,0,5,0,,67,2,2021,6,39.9741,-75.2202,,6,0,0,0,0,0,0,0,0,,0,0,0,6,1,0,0,N,0,39 58:26.698,,0,75 13:12.613,0,0,0,0,67301,0,0,0,N,0,0,0,2,00000,0,,6,2,,,,N,0,,0,0,0,0,0,,640,0,3,0,0,0,0,0,3,4,0,3,7,10.0,N,,,,,,,,,,,
2022079389,,1,0,0,0,0,0,0,0,0,1,0,,67,2,2021,5,39.9732,-75.2122,,6,0,0,0,0,0,0,1,0,,0,0,0,10,1,1,1,,0,39 58:23.653,,0,75 12:44.012,8,0,0,0,67301,0,0,0,N,0,0,0,2,00000,0,,1,1,,,,N,0,,0,0,1,3,2,,1000,1,2,0,0,0,1,0,3,4,0,2,3,,N,,,,,,,,,,,
2022079915,,1,0,0,0,0,0,0,0,0,7,0,,67,3,2021,3,40.0946,-75.015,,6,0,0,0,0,0,1,0,0,,0,0,0,9,1,1,0,N,0,40 05:40.434,,0,75 00:54.071,8,0,0,0,67301,0,0,0,N,0,0,0,1,00000,0,,4,1,,,,N,0,,0,0,0,0,0,,900,1,2,0,0,0,1,0,3,4,0,1,3,,N,,,,,,,,,,,
2022079798,,0,0,0,0,0,0,0,0,0,1,0,,67,3,2021,5,,,,6,0,0,0,0,0,0,0,0,,0,0,0,6,1,0,0,N,0,,,0,,0,0,0,0,67301,0,0,0,N,0,0,0,3,00000,0,,1,1,,,,N,0,,0,0,0,0,0,,655,0,3,0,0,0,0,0,3,3,1,3,3,,N,,,,,,,,,,,
2022079921,,2,0,0,0,0,0,0,0,0,1,0,,67,2,2021,7,39.949,-75.1706,,6,0,0,0,0,0,0,0,0,,0,0,0,14,1,4,0,N,0,39 56:56.300,,0,75 10:14.200,8,0,0,0,67301,0,0,0,N,0,0,0,6,00000,0,,1,1,,,,N,0,,0,0,0,0,0,,1430,4,2,0,0,0,4,0,3,4,0,2,3,,N,,,,,,,,,,,
2022079815,,1,0,0,0,0,0,0,0,0,5,0,,67,3,2021,7,39.9575,-75.2173,,6,0,0,0,0,0,1,0,0,,0,0,0,13,1,1,1,,0,39 57:27.042,,0,75 13:02.424,8,0,0,0,67301,0,0,0,N,0,0,0,2,00000,0,,1,1,,,,N,0,,0,0,0,3,2,,1300,1,2,0,0,0,1,0,3,4,0,2,3,,N,,,,,,,,,,,
2022079854,,1,0,0,0,0,0,0,0,0,1,0,,67,3,2021,4,40.0231,-75.1587,,6,0,0,0,0,0,1,0,0,,0,0,0,21,1,1,0,Y,0,40 01:23.300,,0,75 09:31.300,8,0,0,0,67301,0,0,0,N,0,0,0,2,00000,0,,1,1,,,,N,0,,0,0,1,3,2,,2140,1,2,0,0,0,1,0,3,4,0,2,3,,N,,,,,,,,,,,
2022079898,,1,0,0,0,0,0,0,0,0,1,0,,67,2,2021,6,40.0308,-75.1878,,6,0,0,0,0,0,1,0,0,,0,0,0,8,1,3,1,,0,40 01:50.749,,0,75 11:15.962,8,0,0,0,67301,0,0,0,N,0,0,0,4,00000,0,,1,1,,,,N,0,,0,0,1,3,2,,830,3,2,0,0,0,3,0,3,4,0,2,3,,N,,,,,,,,,,,
2022079712,,1,0,0,0,0,0,0,0,0,4,0,,67,2,2021,6,39.9778,-75.2134,,6,0,0,0,0,0,0,1,0,,0,0,0,17,1,1,1,,0,39 58:39.965,,0,75 12:48.419,8,0,0,0,67301,0,0,0,N,0,0,0,2,00000,0,,1,1,,,,N,0,,0,0,1,3,2,,1700,1,2,0,0,1,1,0,3,4,0,2,3,,N,,,,,,,,,,,
2022079794,,0,0,0,0,0,0,0,0,0,5,0,,67,4,2021,1,39.8927,-75.2409,,6,0,0,0,0,0,0,0,0,,0,0,0,99,1,1,0,N,0,39 53:33.559,,0,75 14:27.268,8,0,0,0,67301,0,0,0,N,0,0,0,2,00000,0,,1,1,,,,N,0,,0,0,2,0,0,,9999,1,2,0,0,1,1,0,3,4,0,2,3,,N,,,,,,,,,,,
2022080200,,1,0,0,0,0,0,0,0,0,4,0,,67,3,2021,7,39.9988,-75.1313,,6,0,0,0,0,0,1,0,0,,0,0,0,23,3,1,1,,0,39 59:55.564,,0,75 07:52.533,8,0,0,0,67301,0,0,0,N,0,0,0,2,00000,0,,1,1,,,,N,0,,0,0,0,3,2,,2300,1,2,0,0,0,1,0,3,4,0,2,3,,N,,,,,,,,,,,
2022079820,,1,0,0,0,0,0,0,0,0,5,1,,67,2,2021,1,39.9163,-75.219,,6,0,0,0,0,0,0,0,0,,0,1,0,4,3,2,0,N,0,39 54:58.767,,0,75 13:08.301,8,0,0,0,67301,0,0,0,N,0,0,0,3,00000,0,,1,1,,,,N,0,,0,0,0,0,0,,415,2,2,0,0,0,2,0,3,4,0,2,3,,N,,,,,,,,,,,
2022080164,,1,0,0,0,0,0,0,0,0,1,0,,67,4,2021,2,39.93,-75.2339,,6,0,0,0,0,0,0,0,0,,0,0,0,99,1,1,2,,0,39 55:48.158,,0,75 14:01.701,8,0,0,0,67301,0,0,0,N,0,0,0,2,00000,0,,1,1,,,,N,0,,0,0,0,0,0,,9999,1,2,0,0,0,1,0,3,4,0,2,3,,N,,,,,,,,,,,
2022080166,,0,0,0,0,0,0,0,0,0,4,0,,67,3,2021,6,39.9582,-75.2355,,6,0,0,0,0,0,0,0,0,,0,0,0,12,1,1,1,,0,39 57:29.522,,0,75 14:07.817,8,0,0,0,67301,0,0,0,N,0,0,0,2,00000,0,,1,1,,,,N,0,,0,0,1,3,2,,1230,1,2,0,0,1,1,0,3,4,1,2,3,,N,,,,,,,,,,,
2022079922,,0,0,0,0,0,0,0,0,0,5,0,,67,3,2021,6,,,,6,0,0,0,0,0,0,0,0,,0,0,0,17,1,1,0,N,0,,,0,,4,0,0,0,67301,0,0,0,N,0,0,0,2,00000,1,,1,1,,,,N,0,,0,0,2,0,0,,1745,1,2,0,0,0,0,0,3,3,0,2,3,,N,,,,,,,,,,,
2022079907,,2,0,0,0,0,0,0,0,0,4,0,,67,3,2021,5,39.9646,-75.2362,,6,0,0,0,0,1,0,0,0,,0,0,0,14,1,1,1,,0,39 57:52.480,,0,75 14:10.305,8,0,0,0,67301,0,0,0,N,0,0,0,2,00000,0,,1,1,,,,N,0,,0,0,0,3,3,,1415,1,2,0,0,0,1,0,3,4,0,2,3,,N,,,,,,,,,,,