CRN,ARRIVAL_TM,AUTOMOBILE_COUNT,BELTED_DEATH_COUNT,BELTED_SUSP_SERIOUS_INJ_COUNT,BICYCLE_COUNT,BICYCLE_DEATH_COUNT,BICYCLE_SUSP_SERIOUS_INJ_COUNT,BUS_COUNT,CHLDPAS_DEATH_COUNT,CHLDPAS_SUSP_SERIOUS_INJ_COUNT,COLLISION_TYPE,COMM_VEH_COUNT,CONS_ZONE_SPD_LIM,COUNTY,CRASH_MONTH,CRASH_YEAR,DAY_OF_WEEK,DEC_LAT,DEC_LONG,DISPATCH_TM,DISTRICT,DRIVER_COUNT_16YR,DRIVER_COUNT_17YR,DRIVER_COUNT_18YR,DRIVER_COUNT_19YR,DRIVER_COUNT_20YR,DRIVER_COUNT_50_64YR,DRIVER_COUNT_65_74YR,DRIVER_COUNT_75PLUS,EST_HRS_CLOSED,FATAL_COUNT,HEAVY_TRUCK_COUNT,HORSE_BUGGY_COUNT,HOUR_OF_DAY,ILLUMINATION,INJURY_COUNT,INTERSECT_TYPE,INTERSECTION_RELATED,LANE_CLOSED,LATITUDE,LN_CLOSE_DIR,LOCATION_TYPE,LONGITUDE,MAX_SEVERITY_LEVEL,MCYCLE_DEATH_COUNT,MCYCLE_SUSP_SERIOUS_INJ_COUNT,MOTORCYCLE_COUNT,MUNICIPALITY,NONMOTR_COUNT,NONMOTR_DEATH_COUNT,NONMOTR_SUSP_SERIOUS_INJ_COUNT,NTFY_HIWY_MAINT,PED_COUNT,PED_DEATH_COUNT,PED_SUSP_SERIOUS_INJ_COUNT,PERSON_COUNT,POLICE_AGCY,POSSIBLE_INJ_COUNT,RDWY_SURF_TYPE_CD,RELATION_TO_ROAD,ROAD_CONDITION,ROADWAY_CLEARED,SCH_BUS_IND,SCH_ZONE_IND,SECONDARY_CRASH,SMALL_TRUCK_COUNT,SPEC_JURIS_CD,SUSP_MINOR_INJ_COUNT,SUSP_SERIOUS_INJ_COUNT,SUV_COUNT,TCD_FUNC_CD,TCD_TYPE,TFC_DETOUR_IND,TIME_OF_DAY,TOT_INJ_COUNT,TOTAL_UNITS,UNB_DEATH_COUNT,UNB_SUSP_SERIOUS_INJ_COUNT,UNBELTED_OCC_COUNT,UNK_INJ_DEG_COUNT,UNK_INJ_PER_COUNT,URBAN_AREA,URBAN_RURAL,VAN_COUNT,VEHICLE_COUNT,WEATHER1,WEATHER2,WORK_ZONE_IND,WORK_ZONE_LOC,WORK_ZONE_TYPE,WORKERS_PRES,WZ_CLOSE_DETOUR,WZ_FLAGGER,WZ_LAW_OFFCR_IND,WZ_LN_CLOSURE,WZ_MOVING,WZ_OTHER,WZ_SHLDER_MDN,WZ_WORKERS_INJ_KILLED
2022079848,,1,0,0,0,0,0,0,0,0,1,0,,67,2,2021,5,39.9291,-75.2205,,6,0,0,0,0,1,1,0,0,,0,0,0,12,1,1,1,,0,39 55:44.592,,0,75 13:14.099,8,0,0,0,67301,0,0,0,N,0,0,0,2,00000,0,,1,1,,,,N,0,,0,0,1,3,2,,1200,1,2,0,0,0,1,0,3,4,0,2,3,,N,,,,,,,,,,,
2022079823,,2,0,0,0,0,0,0,0,0,1,0,,67,3,2021,4,39.9462,-75.243,,6,0,0,0,0,1,0,0,0,,0,0,0,16,1,1,0,N,0,39 56:46.303,,0,75 14:34.890,8,0,0,0,67301,0,0,0,N,0,0,0,2,00000,0,,1,1,,,,N,0,,0,0,0,0,0,,1620,1,2,0,0,1,1,0,3,4,0,2,3,,N,,,,,,,,,,,
2022079372,,0,0,0,0,0,0,0,0,0,1,0,,67,3,2021,1,40.0223,-75.162,,6,0,0,0,0,0,0,0,0,,0,0,0,21,1,2,1,,0,40 01:20.289,,0,75 09:43.290,8,0,0,0,67301,0,0,0,N,0,0,0,3,00000,0,,1,1,,,,N,0,,0,0,1,0,0,,2145,2,2,0,0,0,2,0,3,4,0,2,3,,N,,,,,,,,,,,
2021019923,1916.0,0,0,0,0,0,0,0,0,0,4,0,,67,2,2021,5,39.9397,-75.1815,1916.0,6,0,0,0,0,0,1,0,0,,0,1,0,19,3,0,1,,0,39 56:22.794,,0,75 10:53.366,0,0,0,0,67301,0,0,0,N,0,0,0,3,67301,0,,1,1,,N,N,N,0,,0,0,1,3,2,,1915,0,2,0,0,0,0,0,3,4,0,2,3,3.0,N,,,,,,,,,,,
2021021968,803.0,2,0,0,0,0,0,0,0,0,1,1,,67,2,2021,7,39.9941,-75.1562,800.0,6,0,0,0,0,0,2,0,0,,0,1,0,8,1,0,1,,1,39 59:38.956,4.0,0,75 09:22.424,0,0,0,0,67301,0,0,0,N,0,0,0,4,67301,0,,1,2,1025.0,N,N,N,0,,0,0,1,3,2,N,800,0,4,0,0,0,0,0,3,4,0,4,3,10.0,N,,,,,,,,,,,
2021022420,1710.0,0,0,0,0,0,0,0,0,0,6,1,,67,3,2021,6,40.0017,-75.1406,1706.0,6,0,0,0,0,0,0,0,0,,0,1,0,17,1,1,0,N,0,40 00:06.270,,0,75 08:26.170,8,0,0,0,67301,0,0,0,N,0,0,0,3,67301,0,,6,1,,N,N,N,0,,0,0,2,0,0,,1706,1,5,0,0,0,1,0,3,4,2,5,3,3.0,N,,,,,,,,,,,
2021021128,16.0,0,0,0,0,0,0,0,0,0,8,0,,67,2,2021,7,40.0197,-75.1342,8.0,6,0,0,0,0,0,0,0,0,,1,0,0,23,3,0,0,Y,2,40 01:10.790,5.0,0,75 08:02.990,1,0,0,0,67301,1,1,0,N,1,1,0,2,67301,0,2.0,1,1,130.0,N,N,N,0,0.0,0,0,0,0,0,Y,2354,0,2,0,0,0,0,0,3,4,0,1,3,,N,,,,,,,,,,,
2021022967,1946.0,3,0,0,0,0,0,0,0,0,1,0,,67,2,2021,6,39.9595,-75.1745,1933.0,6,0,0,0,0,0,0,0,0,,0,0,0,19,3,1,0,N,1,39 57:34.032,4.0,0,75 10:28.032,3,0,0,0,67301,0,0,0,N,0,0,0,4,68K01,0,,1,1,2052.0,N,N,N,0,,1,0,0,0,0,N,1928,1,3,0,0,0,0,0,3,4,0,3,3,3.0,N,,,,,,,,,,,
2021022790,1449.0,2,0,0,0,0,0,0,0,0,1,0,,67,3,2021,2,39.9765,-75.1617,1449.0,6,0,0,0,0,0,0,0,0,,0,0,0,14,1,1,0,N,9,39 58:35.510,,0,75 09:42.110,3,0,0,0,67301,0,0,0,N,0,0,0,4,67301,0,,9,1,,N,N,N,0,,1,0,0,0,0,U,1429,1,2,0,0,0,0,0,3,4,0,2,3,3.0,N,,,,,,,,,,,
2021022504,815.0,1,0,0,0,0,0,0,0,0,4,1,,67,3,2021,6,39.9404,-75.2019,758.0,6,0,0,0,0,0,0,0,0,,0,1,0,7,1,0,0,N,1,39 56:25.399,3.0,0,75 12:06.719,0,0,0,0,67301,0,0,0,N,0,0,0,3,67301,0,,1,1,1023.0,N,N,N,0,,0,0,0,0,0,N,720,0,2,0,0,0,0,0,3,4,0,2,3,3.0,N,,,,,,,,,,,
2021023479,930.0,2,0,0,0,0,0,0,0,0,4,0,,67,3,2021,4,40.0578,-74.9993,925.0,6,0,0,0,0,0,0,1,0,,0,0,0,9,1,1,0,N,0,40 03:28.047,,0,74 59:57.643,3,0,0,0,67301,0,0,0,N,0,0,0,1,67301,0,,6,1,,N,N,N,0,,1,0,0,3,8,,924,1,2,0,0,0,0,0,3,4,0,2,3,3.0,N,,,,,,,,,,,
2021010864,2304.0,0,0,0,0,0,0,0,0,0,1,0,,67,1,2021,1,40.0075,-75.0722,2254.0,6,0,0,0,0,0,0,0,0,,0,0,0,22,3,0,0,N,0,40 00:27.067,,0,75 04:20.017,9,0,0,0,67301,0,0,0,N,0,0,0,5,68K01,0,,1,1,,N,N,N,1,,0,0,1,0,0,,2230,0,2,0,0,0,0,1,3,4,0,2,3,3.0,N,,,,,,,,,,,
2021020360,943.0,0,0,0,0,0,0,0,0,0,5,1,45.0,67,2,2021,4,40.0091,-75.0672,933.0,6,0,0,0,2,0,0,0,0,,0,1,0,9,1,1,6,,2,40 00:32.861,1.0,2,75 04:01.747,3,0,0,0,67301,0,0,0,N,0,0,0,6,68K01,0,,7,1,1022.0,N,N,N,0,,1,0,3,0,0,N,931,1,5,0,0,0,0,1,3,4,1,5,3,,Y,2.0,1.0,Y,N,N,N,N,N,N,Y,N
2021021372,1554.0,1,0,0,0,0,0,0,0,0,1,0,,67,3,2021,3,40.0089,-75.2055,1554.0,6,0,0,0,0,0,0,0,0,,0,0,0,15,1,1,0,N,0,40 00:32.202,,0,75 12:19.756,8,0,0,0,67301,0,0,0,N,0,0,0,2,68K01,0,,1,1,,N,N,N,0,,0,0,1,0,0,,1549,1,2,0,0,0,1,0,3,4,0,2,3,,N,,,,,,,,,,,
2021020391,1435.0,1,0,0,0,0,0,0,0,0,1,0,,67,2,2021,1,40.0088,-75.2049,1428.0,6,0,0,0,0,0,0,0,0,,0,0,0,14,1,0,7,N,0,40 00:31.683,,0,75 12:17.742,0,0,0,0,67301,0,0,0,N,0,0,0,3,68K01,0,,1,9,,N,N,N,0,,0,0,1,0,0,,1420,0,2,0,0,0,0,0,3,4,0,2,7,,N,,,,,,,,,,,
2021021752,823.0,0,0,0,0,0,0,0,0,0,8,0,,67,3,2021,5,39.9168,-75.1713,815.0,6,0,0,0,0,0,0,0,0,,0,0,0,8,1,1,1,,0,39 55:00.583,,0,75 10:16.768,3,0,0,0,67301,1,0,0,N,1,0,0,3,67301,0,,1,1,,N,N,N,0,,1,0,1,3,2,,813,1,2,0,0,0,0,2,3,4,0,1,3,3.0,N,,,,,,,,,,,
2021021033,1910.0,5,0,0,0,0,0,0,0,0,5,0,,67,2,2021,1,39.9656,-75.1741,1901.0,6,0,0,0,0,0,0,0,1,,0,0,0,18,3,0,0,N,1,39 57:56.210,1.0,0,75 10:26.740,0,0,0,0,67301,0,0,0,N,0,0,0,1,67301,0,,1,9,1725.0,N,N,N,0,,0,0,0,0,0,N,1847,0,5,0,0,0,0,0,3,4,0,5,7,,N,,,,,,,,,,,
2021020086,758.0,1,0,0,0,0,0,0,0,0,1,0,,67,2,2021,1,39.8978,-75.2116,752.0,6,0,0,0,0,0,0,0,0,,0,0,0,7,1,1,0,N,0,39 53:52.157,,3,75 12:41.802,8,0,0,0,67301,0,0,0,N,0,0,0,2,67301,0,,1,1,,N,N,N,0,,0,0,1,0,0,,750,1,2,0,0,0,1,0,3,4,0,2,4,4.0,N,,,,,,,,,,,
2021023253,1021.0,0,0,0,0,0,0,0,0,0,8,0,,67,3,2021,4,40.0141,-75.0663,1016.0,6,0,0,0,0,0,0,0,0,,0,0,0,10,1,1,0,N,0,40 00:50.780,,0,75 03:58.534,3,0,0,0,67301,1,0,0,N,1,0,0,2,67301,0,,1,1,,N,N,N,1,,1,0,0,0,0,,1015,1,2,0,0,0,0,0,3,4,0,1,3,,N,,,,,,,,,,,
2021023352,2312.0,2,0,0,0,0,0,0,0,0,1,0,,67,3,2021,7,39.9596,-75.1757,2308.0,6,0,0,0,0,0,0,0,0,,0,0,0,23,3,3,0,N,1,39 57:34.605,4.0,0,75 10:32.624,3,0,0,0,67301,0,0,0,N,0,0,0,3,68K01,0,,1,1,2335.0,N,N,N,0,,3,0,0,0,0,N,2302,3,2,0,0,0,0,0,3,4,0,2,3,,N,,,,,,,,,,,
2021022590,956.0,0,0,0,0,0,0,0,0,0,7,0,25.0,67,3,2021,1,39.9988,-75.0868,956.0,6,0,0,0,0,0,0,0,0,,0,0,0,9,1,2,0,N,2,39 59:55.609,7.0,0,75 05:12.446,3,0,0,0,67301,0,0,0,N,0,0,0,2,67301,1,,1,1,1125.0,N,N,N,0,,1,0,1,0,0,Y,948,2,1,0,0,0,0,0,3,4,0,1,3,,Y,4.0,1.0,N,N,N,N,N,N,Y,N,N
2021023116,1105.0,0,0,0,0,0,0,1,0,0,4,1,,67,2,2021,7,40.0016,-75.1528,1055.0,6,0,0,0,0,0,1,0,0,,0,0,0,10,1,4,1,,0,40 00:05.705,,0,75 09:10.074,4,0,0,0,67301,0,0,0,N,0,0,0,6,67508,4,,1,9,,N,N,Y,0,,0,0,1,3,2,,1055,4,2,0,0,0,0,0,3,4,0,2,7,7.0,N,,,,,,,,,,,
2021021295,747.0,0,0,0,0,0,0,0,0,0,5,1,,67,2,2021,7,39.9857,-75.2083,742.0,6,0,0,0,0,0,1,0,0,,0,1,0,7,1,0,0,N,0,39 59:08.411,,0,75 12:29.802,0,0,0,0,67301,0,0,0,N,0,0,0,2,68K01,0,,1,1,,N,N,N,0,,0,0,1,0,0,,740,0,2,0,0,0,0,0,3,4,0,2,3,3.0,N,,,,,,,,,,,
2021020329,1850.0,2,0,0,0,0,0,0,0,0,2,0,,67,2,2021,7,40.0287,-75.1439,1850.0,6,0,0,0,0,0,0,0,0,,0,0,0,13,1,1,1,,0,40 01:43.449,,0,75 08:38.083,3,0,0,0,67301,0,0,0,N,0,0,0,2,67301,0,,1,1,,N,N,N,0,,1,0,0,3,3,,1350,1,2,0,0,0,0,0,3,4,0,2,3,3.0,N,,,,,,,,,,,
2021020553,2025.0,1,0,0,0,0,0,0,0,0,4,0,,67,2,2021,2,39.9322,-75.1454,2021.0,6,0,0,0,0,0,0,0,0,,0,0,0,20,3,3,0,N,1,39 55:55.742,1.0,0,75 08:43.502,8,0,0,0,67301,0,0,0,N,0,0,0,4,68K01,0,,1,1,2110.0,N,N,N,0,,0,0,1,0,0,N,2020,3,2,0,0,0,3,0,3,4,0,2,3,3.0,N,,,,,,,,,,,
2021021350,1709.0,0,0,0,0,0,0,0,0,0,5,0,,67,2,2021,1,40.0234,-75.0347,1700.0,6,0,0,0,0,0,0,0,0,,0,0,0,16,1,3,0,N,0,40 01:24.190,,0,75 02:05.036,8,0,0,0,67301,0,0,0,N,0,0,0,5,68K01,0,,1,9,,N,N,N,0,,0,0,2,0,0,,1650,3,2,0,0,0,3,0,3,4,0,2,7,7.0,N,,,,,,,,,,,
2021021208,10.0,2,0,0,0,0,0,0,0,0,4,0,,67,3,2021,4,40.0369,-75.0798,8.0,6,0,0,0,0,1,0,0,0,,0,0,0,0,3,0,1,,0,40 02:12.854,,0,75 04:47.301,0,0,0,0,67301,0,0,0,N,0,0,0,2,67301,0,,1,1,,N,N,N,0,,0,0,0,3,2,,4,0,2,0,0,0,0,0,3,4,0,2,3,3.0,N,,,,,,,,,,,
2021019709,221.0,2,0,0,0,0,0,0,0,0,2,0,,67,2,2021,7,39.9452,-75.1798,221.0,6,0,0,0,0,0,0,0,0,,0,0,0,2,2,1,0,N,0,39 56:42.600,,0,75 10:47.170,8,0,0,0,67301,0,0,0,N,0,0,0,1,67301,0,,1,6,,N,N,N,0,,0,0,0,0,0,,218,1,2,0,0,0,1,0,3,4,0,2,10,10.0,N,,,,,,,,,,,
2021010406,1555.0,1,0,0,0,0,0,0,0,0,1,0,,67,1,2021,7,39.9552,-75.1411,1550.0,6,0,0,1,0,0,0,0,0,,0,0,0,15,1,0,0,N,2,39 57:18.591,3.0,0,75 08:27.883,0,0,0,0,67301,0,0,0,N,0,0,0,2,68K01,0,,1,1,1640.0,N,N,N,1,,0,0,0,0,0,N,1550,0,2,0,0,1,0,0,3,4,0,2,3,,N,,,,,,,,,,,
2021020792,25.0,2,0,0,0,0,0,0,0,0,1,0,,67,2,2021,7,40.0106,-75.0627,15.0,6,0,0,0,0,0,0,0,0,,0,0,0,0,3,2,0,N,0,40 00:38.333,,0,75 03:45.747,8,0,0,0,67301,0,0,0,N,0,0,0,3,68K01,0,,1,9,,N,N,N,0,,0,0,0,0,0,,15,2,2,0,0,0,2,1,3,4,0,2,7,7.0,N,,,,,,,,,,,
2021020011,1140.0,0,0,0,0,0,0,0,0,0,4,1,,67,2,2021,3,39.9969,-75.1527,1117.0,6,0,0,0,0,0,1,0,0,,0,1,0,9,1,1,2,,0,39 59:48.760,,0,75 09:09.586,3,0,0,0,67301,0,0,0,N,0,0,0,4,67301,0,,1,1,,N,N,N,0,,1,0,1,3,3,,928,1,2,0,0,3,0,0,3,4,0,2,3,,N,,,,,,,,,,,
2021020384,1525.0,1,0,0,0,0,0,0,0,0,5,0,,67,2,2021,7,39.9597,-75.1777,1525.0,6,0,0,0,0,0,0,0,0,,0,0,0,15,1,0,0,N,2,39 57:35.039,3.0,3,75 10:39.637,0,0,0,0,67301,0,0,0,N,0,0,0,4,68K01,0,,1,1,1615.0,N,N,N,0,,0,0,1,0,0,N,1525,0,2,0,0,0,0,0,3,4,0,2,3,,N,,,,,,,,,,,
2021021758,1200.0,0,0,0,0,0,0,0,0,0,8,0,,67,2,2021,4,39.9964,-75.1135,1200.0,6,0,0,0,0,0,0,0,0,,0,0,0,10,1,1,1,,9,39 59:47.175,,0,75 06:48.425,3,0,0,0,67301,1,0,0,N,1,0,0,2,67301,0,,1,99,,N,N,N,0,,1,0,0,9,2,U,1020,1,2,0,0,0,0,1,3,4,0,1,10,,N,,,,,,,,,,,
2021023392,1848.0,2,0,0,0,0,0,0,0,0,2,0,,67,3,2021,4,40.061,-75.1724,1848.0,6,0,0,0,0,0,0,0,0,,0,0,0,17,4,0,0,N,0,40 03:39.435,,0,75 10:20.589,0,0,0,0,67301,0,0,0,N,0,0,0,0,67301,0,,6,1,,N,N,N,0,,0,0,0,0,0,,1751,0,2,0,0,0,0,0,3,4,0,2,3,3.0,N,,,,,,,,,,,
2021011547,751.0,0,0,0,0,0,0,0,0,0,8,0,,67,2,2021,4,40.0604,-74.9904,749.0,6,0,0,0,0,0,0,1,0,,0,0,0,7,1,1,0,N,0,40 03:37.434,,7,74 59:25.565,8,0,0,0,67301,1,0,0,N,1,0,0,2,67301,0,,5,2,,N,N,N,0,,0,0,1,0,0,,748,1,2,0,0,0,1,0,3,4,0,1,3,,N,,,,,,,,,,,
2021009340,2030.0,1,0,0,0,0,0,0,0,0,7,0,,67,1,2021,5,39.9319,-75.1698,2030.0,6,0,0,0,0,0,1,0,0,,0,0,0,20,3,2,0,N,0,39 55:54.814,,99,75 10:11.359,4,0,0,0,67301,0,0,0,N,0,0,0,2,67505,2,,2,1,,N,N,N,0,,0,0,0,3,2,,2028,2,1,0,0,0,0,0,3,4,0,1,3,3.0,N,,,,,,,,,,,
2021021367,611.0,1,0,0,0,0,0,0,0,0,1,0,,67,3,2021,3,39.9838,-75.0973,552.0,6,0,0,0,0,0,0,0,0,,0,0,0,5,5,0,0,N,1,39 59:01.731,2.0,0,75 05:50.236,0,0,0,0,67301,0,0,0,N,0,0,0,2,68K01,0,,1,1,620.0,N,N,N,0,,0,0,1,0,0,N,550,0,2,0,0,1,0,0,3,4,0,2,3,,N,,,,,,,,,,,
2021020009,920.0,0,0,0,0,0,0,1,0,0,7,1,,67,2,2021,7,40.0494,-75.0117,900.0,6,0,0,0,0,0,0,0,0,,0,0,0,7,1,2,0,N,2,40 02:57.806,1.0,0,75 00:42.080,3,0,0,0,67301,0,0,0,N,0,0,0,3,67301,0,,4,9,1044.0,N,N,N,0,,2,0,0,0,0,Y,751,2,1,0,0,0,0,0,3,4,0,1,7,7.0,N,,,,,,,,,,,
2021020242,333.0,1,0,0,0,0,0,0,0,0,7,0,,67,3,2021,2,39.9847,-75.1565,332.0,6,0,0,1,0,0,0,0,0,,0,0,0,2,3,1,1,N,0,39 59:04.850,,0,75 09:23.377,4,0,0,0,67301,0,0,0,N,0,0,0,3,67505,1,,2,1,,N,N,N,0,,0,0,0,0,0,,247,1,1,0,0,0,0,0,3,4,0,1,3,3.0,N,,,,,,,,,,,
2021009967,1159.0,2,0,0,0,0,0,0,0,0,4,1,,67,1,2021,3,39.9736,-75.2089,1158.0,6,0,0,0,0,0,0,0,0,,0,1,0,11,8,0,2,,0,39 58:24.799,,0,75 12:32.023,0,0,0,0,67301,0,0,0,N,0,0,0,2,67301,0,,1,9,,N,N,N,0,,0,0,0,3,2,,1145,0,3,0,0,0,0,0,3,4,0,3,7,,N,,,,,,,,,,,
2021011514,1221.0,0,0,0,0,0,0,0,0,0,7,0,,67,2,2021,3,39.9494,-75.1438,1216.0,6,0,0,0,0,0,0,0,0,,0,0,0,12,1,0,0,N,0,39 56:57.990,,0,75 08:37.800,0,0,0,0,67301,0,0,0,N,0,0,0,1,67301,0,,4,6,,N,N,N,0,,0,0,1,0,0,,1212,0,1,0,0,1,0,0,3,4,0,1,10,,N,,,,,,,,,,,
2021021333,1555.0,2,0,0,0,0,0,0,0,0,1,0,,67,2,2021,6,40.0256,-75.0286,1555.0,6,0,1,0,0,0,1,0,0,,0,0,0,15,1,1,0,N,1,40 01:32.287,2.0,0,75 01:42.808,8,0,0,0,67301,0,0,0,N,0,0,0,4,68K01,0,,1,1,100.0,N,N,N,0,,0,0,2,0,0,N,1555,1,4,0,0,0,1,0,3,4,0,4,4,,N,,,,,,,,,,,
2021021336,343.0,1,0,0,0,0,0,0,0,0,5,0,,67,2,2021,7,40.002,-75.1945,337.0,6,0,0,0,0,0,1,0,0,,0,0,0,3,3,0,0,N,0,40 00:07.093,,0,75 11:40.272,0,0,0,0,67301,0,0,0,N,0,0,0,3,68K01,0,,1,9,,N,N,N,0,,0,0,1,0,0,,313,0,2,0,0,0,0,0,3,4,0,2,7,,N,,,,,,,,,,,
2021021963,1635.0,0,0,0,0,0,0,0,0,0,8,0,,67,3,2021,6,40.0703,-75.1516,1616.0,6,0,0,0,0,0,0,0,0,,0,0,0,16,1,1,2,N,0,40 04:13.071,,0,75 09:05.833,3,0,0,0,67301,1,0,0,N,1,0,0,1,67301,0,,9,1,,N,N,N,0,,1,0,0,3,2,,1613,1,2,0,0,0,0,0,3,4,0,1,3,3.0,N,,,,,,,,,,,
2021020851,910.0,1,0,0,0,0,0,0,0,0,7,0,,67,2,2021,1,40.0022,-75.0801,904.0,6,0,0,0,0,0,0,0,0,,0,0,0,8,1,1,0,N,0,40 00:08.096,,0,75 04:48.520,4,0,0,0,67301,0,0,0,N,0,0,0,1,67301,1,,5,9,,N,N,N,0,,0,0,0,0,0,,845,1,1,0,0,0,0,0,3,4,0,1,7,7.0,N,,,,,,,,,,,
2021021122,1135.0,0,0,0,0,0,0,0,0,0,4,1,,67,2,2021,3,40.029,-75.2106,1109.0,6,0,0,0,0,0,0,0,0,,0,1,0,10,1,1,2,,1,40 01:44.505,1.0,0,75 12:38.127,8,0,0,0,67301,0,0,0,N,0,0,0,2,67301,0,,1,1,1327.0,N,N,N,0,,0,0,1,0,0,N,1059,1,2,0,0,0,1,0,3,4,0,2,3,3.0,N,,,,,,,,,,,
2021020007,1353.0,0,0,0,0,0,0,0,0,0,0,0,,67,2,2021,7,40.0437,-75.0987,1348.0,6,0,0,0,0,0,0,0,0,,0,0,0,13,1,1,0,N,0,40 02:37.310,,0,75 05:55.290,3,0,0,1,67301,0,0,0,N,0,0,0,1,67301,0,,1,3,,N,N,N,0,,1,0,0,0,0,,1348,1,1,0,0,0,0,0,3,4,0,1,3,,N,,,,,,,,,,,
2021020850,729.0,2,0,0,0,0,0,0,0,0,4,0,,67,3,2021,3,39.9144,-75.2384,718.0,6,0,0,0,0,0,0,0,0,,0,0,0,6,3,0,0,N,0,39 54:51.760,,0,75 14:18.200,0,0,0,0,67301,0,0,0,N,0,0,0,1,67301,0,,6,1,,N,N,N,0,,0,0,0,9,9,,604,0,2,0,0,0,0,0,3,4,0,2,3,,N,,,,,,,,,,,
2021020516,1309.0,2,0,0,0,0,0,0,0,0,6,0,,67,2,2021,4,39.9589,-75.1701,1306.0,6,0,0,0,0,0,1,0,0,,0,0,0,13,1,2,0,N,1,39 57:32.084,4.0,0,75 10:12.321,4,0,0,0,67301,0,0,0,N,0,0,0,3,68K01,2,,1,1,1315.0,N,N,N,0,,0,0,0,0,0,N,1301,2,3,0,0,0,0,0,3,4,1,3,3,,N,,,,,,,,,,,
2021019706,2325.0,1,0,0,0,0,0,0,0,0,4,0,,67,2,2021,6,39.9549,-75.1511,2325.0,6,0,0,0,0,0,1,0,0,,0,0,0,23,3,1,1,,0,39 57:17.490,,0,75 09:04.096,8,0,0,0,67301,0,0,0,N,0,0,0,2,67301,0,,1,2,,N,N,N,0,,0,0,1,3,2,,2315,1,2,0,0,0,1,0,3,4,0,2,98,9.0,N,,,,,,,,,,,
2021011284,1650.0,1,0,0,0,0,0,1,0,0,5,1,,67,1,2021,4,39.9722,-75.1664,1645.0,6,0,0,0,0,0,1,0,0,,0,0,0,16,4,2,0,N,0,39 58:19.926,,0,75 09:58.937,4,0,0,0,67301,0,0,0,N,0,0,0,4,67508,2,,1,1,,N,N,Y,0,,0,0,0,0,0,,1645,2,2,0,0,0,0,0,3,4,0,2,3,3.0,N,,,,,,,,,,,
2021021811,1638.0,1,0,0,0,0,0,0,0,0,1,0,,67,2,2021,4,40.0398,-75.0065,1632.0,6,0,0,0,0,0,0,1,0,,0,0,0,16,1,1,0,N,1,40 02:23.119,1.0,0,75 00:23.503,3,0,0,0,67301,0,0,0,N,0,0,0,3,68K01,0,,1,1,1730.0,N,N,N,0,,1,0,1,0,0,N,1629,1,2,0,0,0,0,0,3,4,0,2,3,,N,,,,,,,,,,,
2021020327,1044.0,1,0,0,0,0,0,0,0,0,5,1,,67,2,2021,5,39.9177,-75.2118,1033.0,6,0,0,0,0,0,1,0,0,,0,1,0,9,1,0,0,N,0,39 55:03.594,,0,75 12:42.389,9,0,0,0,67301,0,0,0,N,0,0,0,4,67301,0,,1,1,,N,N,N,0,,0,0,2,0,0,,940,0,4,0,0,0,0,1,3,4,0,4,3,,N,,,,,,,,,,,
2021021418,1748.0,2,0,0,0,0,0,0,0,0,4,0,,67,3,2021,4,40.0354,-75.1454,1748.0,6,0,0,0,0,0,0,0,0,,0,0,0,16,4,1,0,N,0,40 02:07.353,,0,75 08:43.534,8,0,0,0,67301,0,0,0,N,0,0,0,2,67301,0,,1,1,,N,N,N,0,,0,0,0,0,0,,1630,1,2,0,0,0,1,0,3,4,0,2,3,,N,,,,,,,,,,,
2021020365,843.0,2,0,0,0,0,0,0,0,0,1,0,,67,2,2021,2,40.0111,-75.0619,826.0,6,0,0,0,0,0,0,0,0,,0,0,0,8,1,0,0,N,2,40 00:39.786,2.0,0,75 03:43.003,0,0,0,0,67301,0,0,0,N,0,0,0,3,68K01,0,,1,1,30.0,N,N,N,0,,0,0,1,0,0,N,823,0,3,0,0,0,0,0,3,4,0,3,3,3.0,N,,,,,,,,,,,
2021020386,2233.0,1,0,0,0,0,0,0,0,0,7,0,,67,2,2021,7,39.8933,-75.2295,2224.0,6,0,0,0,0,0,0,0,0,,0,0,0,22,3,1,0,N,0,39 53:36.016,,0,75 13:46.208,3,0,0,0,67301,0,0,0,N,0,0,0,1,68K01,0,,3,1,,N,N,Y,0,,1,0,0,0,0,,2213,1,1,0,0,0,0,0,3,4,0,1,3,,N,,,,,,,,,,,
2021021273,47.0,1,0,0,0,0,0,0,0,0,1,0,,67,2,2021,7,39.9366,-75.1993,40.0,6,0,0,0,0,1,0,0,0,,0,0,0,23,3,0,0,N,1,39 56:11.855,4.0,0,75 11:57.493,0,0,0,0,67301,0,0,0,N,0,0,0,1,68K01,0,,1,1,120.0,N,N,N,0,,0,0,1,0,0,N,2306,0,2,0,0,0,0,0,3,4,0,2,3,,N,,,,,,,,,,,
2021020844,810.0,2,0,0,0,0,0,0,0,0,4,0,,67,3,2021,2,40.1343,-75.0091,750.0,6,0,0,0,0,0,1,0,0,,0,0,0,7,1,1,1,,0,40 08:03.571,,0,75 00:32.634,8,0,0,0,67301,0,0,0,N,0,0,0,2,67301,0,,1,9,,N,N,Y,0,,0,0,0,2,1,,726,1,2,0,0,0,1,0,3,4,0,2,7,4.0,N,,,,,,,,,,,