CRN,ARRIVAL_TM,AUTOMOBILE_COUNT,BELTED_DEATH_COUNT,BELTED_SUSP_SERIOUS_INJ_COUNT,BICYCLE_COUNT,BICYCLE_DEATH_COUNT,BICYCLE_SUSP_SERIOUS_INJ_COUNT,BUS_COUNT,CHLDPAS_DEATH_COUNT,CHLDPAS_SUSP_SERIOUS_INJ_COUNT,COLLISION_TYPE,COMM_VEH_COUNT,CONS_ZONE_SPD_LIM,COUNTY,CRASH_MONTH,CRASH_YEAR,DAY_OF_WEEK,DEC_LAT,DEC_LONG,DISPATCH_TM,DISTRICT,DRIVER_COUNT_16YR,DRIVER_COUNT_17YR,DRIVER_COUNT_18YR,DRIVER_COUNT_19YR,DRIVER_COUNT_20YR,DRIVER_COUNT_50_64YR,DRIVER_COUNT_65_74YR,DRIVER_COUNT_75PLUS,EST_HRS_CLOSED,FATAL_COUNT,HEAVY_TRUCK_COUNT,HORSE_BUGGY_COUNT,HOUR_OF_DAY,ILLUMINATION,INJURY_COUNT,INTERSECT_TYPE,INTERSECTION_RELATED,LANE_CLOSED,LATITUDE,LN_CLOSE_DIR,LOCATION_TYPE,LONGITUDE,MAX_SEVERITY_LEVEL,MCYCLE_DEATH_COUNT,MCYCLE_SUSP_SERIOUS_INJ_COUNT,MOTORCYCLE_COUNT,MUNICIPALITY,NONMOTR_COUNT,NONMOTR_DEATH_COUNT,NONMOTR_SUSP_SERIOUS_INJ_COUNT,NTFY_HIWY_MAINT,PED_COUNT,PED_DEATH_COUNT,PED_SUSP_SERIOUS_INJ_COUNT,PERSON_COUNT,POLICE_AGCY,POSSIBLE_INJ_COUNT,RDWY_SURF_TYPE_CD,RELATION_TO_ROAD,ROAD_CONDITION,ROADWAY_CLEARED,SCH_BUS_IND,SCH_ZONE_IND,SECONDARY_CRASH,SMALL_TRUCK_COUNT,SPEC_JURIS_CD,SUSP_MINOR_INJ_COUNT,SUSP_SERIOUS_INJ_COUNT,SUV_COUNT,TCD_FUNC_CD,TCD_TYPE,TFC_DETOUR_IND,TIME_OF_DAY,TOT_INJ_COUNT,TOTAL_UNITS,UNB_DEATH_COUNT,UNB_SUSP_SERIOUS_INJ_COUNT,UNBELTED_OCC_COUNT,UNK_INJ_DEG_COUNT,UNK_INJ_PER_COUNT,URBAN_AREA,URBAN_RURAL,VAN_COUNT,VEHICLE_COUNT,WEATHER1,WEATHER2,WORK_ZONE_IND,WORK_ZONE_LOC,WORK_ZONE_TYPE,WORKERS_PRES,WZ_CLOSE_DETOUR,WZ_FLAGGER,WZ_LAW_OFFCR_IND,WZ_LN_CLOSURE,WZ_MOVING,WZ_OTHER,WZ_SHLDER_MDN,WZ_WORKERS_INJ_KILLED
2021009773,1848.0,1,0,0,0,0,0,0,0,0,1,0,,67,1,2021,5,39.9868,-75.0909,1814.0,6,0,0,0,0,1,0,0,0,,0,0,0,18,3,1,0,N,1,39 59:12.633,1.0,0,75 05:27.263,8,0,0,0,67301,0,0,0,N,0,0,0,5,68K01,0,,1,1,1930.0,N,N,N,0,,0,0,2,0,0,N,1814,1,4,0,0,2,1,1,3,4,0,4,3,,N,,,,,,,,,,,
2021020429,1815.0,1,0,0,0,0,0,0,0,0,5,1,,67,2,2021,2,40.0249,-75.1136,1805.0,6,0,0,0,0,0,0,0,0,,0,1,0,18,1,0,0,N,0,40 01:29.760,,0,75 06:48.980,0,0,0,0,67301,0,0,0,N,0,0,0,1,67301,0,,1,2,,N,N,N,0,,0,0,0,0,0,,1800,0,2,0,0,0,0,0,3,4,0,2,9,7.0,N,,,,,,,,,,,
2021020534,1922.0,1,0,0,0,0,0,0,0,0,1,0,,67,2,2021,4,40.0098,-75.0649,1845.0,6,0,0,0,0,1,0,0,0,,0,0,0,18,3,1,0,N,0,40 00:35.247,,0,75 03:53.576,8,0,0,0,67301,0,0,0,N,0,0,0,2,68K01,0,,1,1,,N,N,N,0,,0,0,1,0,0,,1836,1,2,0,0,0,1,0,3,4,0,2,3,3.0,N,,,,,,,,,,,
2021020511,1237.0,1,0,0,0,0,0,0,0,0,1,0,,67,2,2021,6,40.0039,-75.1954,1215.0,6,0,0,0,0,0,0,0,0,,0,0,0,12,1,1,0,N,0,40 00:13.973,,0,75 11:43.310,3,0,0,0,67301,0,0,0,N,0,0,0,2,68K01,0,,1,1,,N,N,N,0,,1,0,0,0,0,,1209,1,2,0,0,0,0,0,3,4,1,2,3,,N,,,,,,,,,,,
2021021180,225.0,0,0,0,0,0,0,0,0,0,1,2,,67,3,2021,3,39.9678,-75.1899,209.0,6,0,0,0,0,0,0,1,0,,0,2,0,2,3,1,0,N,1,39 58:03.911,3.0,0,75 11:23.716,3,0,0,0,67301,0,0,0,N,0,0,0,2,68K01,0,,1,1,330.0,N,N,N,0,,1,0,0,0,0,N,205,1,2,0,0,0,0,0,3,4,0,2,3,3.0,N,,,,,,,,,,,
2021021343,2342.0,2,0,0,0,0,0,0,0,0,1,0,,67,2,2021,7,39.9765,-75.1964,2331.0,6,0,0,0,0,0,0,0,0,,0,0,0,23,3,2,0,N,1,39 58:35.407,3.0,0,75 11:47.213,8,0,0,0,67301,0,0,0,N,0,0,0,6,68K01,0,,1,1,50.0,N,N,N,0,,0,0,1,0,0,N,2331,2,3,0,0,0,2,0,3,4,0,3,3,3.0,N,,,,,,,,,,,
2021021668,800.0,0,0,0,0,0,0,0,0,0,7,1,,67,3,2021,4,40.0941,-74.9802,734.0,6,0,0,0,0,0,0,0,0,,0,1,0,7,1,0,0,N,1,40 05:38.733,4.0,0,74 58:48.826,0,0,0,0,67301,0,0,0,N,0,0,0,2,67301,0,,4,1,900.0,N,N,Y,0,,0,0,1,0,0,N,720,0,2,0,0,0,0,0,3,4,0,2,3,3.0,N,,,,,,,,,,,
2021020087,1908.0,2,0,0,0,0,0,0,0,0,4,0,,67,2,2021,7,40.0137,-75.0864,1902.0,6,0,0,0,0,0,0,0,0,,0,0,0,19,3,1,0,N,0,40 00:49.324,,0,75 05:11.205,4,0,0,0,67301,0,0,0,N,0,0,0,2,67301,1,,1,1,,N,N,N,0,,0,0,0,0,0,,1900,1,2,0,0,0,0,0,3,4,0,2,3,,N,,,,,,,,,,,
2021010205,1717.0,0,0,0,0,0,0,0,0,0,7,0,,67,1,2021,1,39.9516,-75.1824,1717.0,6,0,0,0,0,0,0,0,0,,0,0,0,16,4,0,0,N,0,39 57:05.757,,3,75 10:56.501,0,0,0,0,67301,0,0,0,N,0,0,0,1,67301,0,,2,7,,N,N,N,0,,0,0,1,0,0,,1630,0,1,0,0,0,0,0,3,4,0,1,10,,N,,,,,,,,,,,
2021007476,1846.0,1,0,0,0,0,0,0,0,0,1,0,,67,1,2021,4,40.0217,-75.1396,1846.0,6,0,0,0,0,1,1,0,0,,0,0,0,15,1,0,0,N,9,40 01:17.948,,0,75 08:22.498,9,0,0,0,67301,0,0,0,N,0,0,0,2,67301,0,,1,1,,N,N,N,1,,0,0,0,3,2,U,1530,0,2,0,0,0,0,1,3,4,0,2,3,,N,,,,,,,,,,,
2021006388,1435.0,1,0,0,0,0,0,0,0,0,2,0,,67,1,2021,2,39.9749,-75.1621,1431.0,6,0,0,0,0,0,0,0,0,,0,0,0,13,1,1,2,,0,39 58:29.670,,0,75 09:43.385,3,0,0,0,67301,0,0,0,N,0,0,0,2,67301,0,,1,1,,N,N,N,0,,1,0,0,3,2,,1358,1,2,0,0,0,0,0,3,4,0,2,3,3.0,N,,,,,,,,,,,
2021005961,1912.0,1,0,0,0,0,0,0,0,0,2,0,,67,1,2021,2,40.0402,-75.214,1907.0,6,0,0,0,0,0,0,0,0,,0,0,0,19,2,0,2,,1,40 02:24.817,2.0,0,75 12:50.558,0,0,0,0,67301,0,0,0,N,0,0,0,2,67301,0,,1,1,2020.0,N,N,N,0,,0,0,1,3,2,N,1900,0,2,0,0,0,0,0,3,4,0,2,3,,N,,,,,,,,,,,
2021006041,1946.0,0,0,0,0,0,0,0,0,0,4,0,,67,1,2021,3,39.995,-75.0948,1946.0,6,0,0,0,0,0,0,0,0,,0,0,0,18,3,0,0,N,9,39 59:41.872,,0,75 05:41.371,0,0,0,0,67301,0,0,0,N,0,0,0,2,67301,0,,1,1,,N,N,N,0,,0,0,2,0,0,U,1818,0,2,0,0,1,0,0,3,4,0,2,3,3.0,N,,,,,,,,,,,
2021006049,256.0,0,0,0,0,0,0,0,0,0,5,1,,67,1,2021,1,40.0097,-75.1185,233.0,6,0,0,0,0,0,1,0,0,,0,1,0,2,3,1,0,N,1,40 00:35.090,3.0,0,75 07:06.630,3,0,0,0,67301,0,0,0,N,0,0,0,2,67301,0,,1,1,340.0,N,N,N,0,,1,0,1,0,0,N,217,1,2,0,0,0,0,0,3,4,0,2,3,3.0,N,,,,,,,,,,,
2021008998,1515.0,0,0,0,0,0,0,0,0,0,1,1,,67,1,2021,3,40.0094,-75.1155,1514.0,6,0,0,0,0,0,0,1,0,,0,1,0,15,1,0,0,N,0,40 00:33.740,,0,75 06:55.950,0,0,0,0,67301,1,0,0,N,0,0,0,2,67301,0,,6,9,,N,N,N,0,,0,0,1,0,0,,1512,0,2,0,0,0,0,0,3,4,0,2,7,7.0,N,,,,,,,,,,,
2021008205,1931.0,0,0,0,0,0,0,0,0,0,0,0,,67,1,2021,2,40.0045,-75.1957,1929.0,6,0,0,0,0,0,0,0,0,,0,0,0,19,3,1,0,N,2,40 00:16.140,3.0,0,75 11:44.672,3,0,0,0,67301,0,0,0,N,0,0,0,1,68K01,0,,1,1,100.0,N,N,N,0,,1,0,0,0,0,N,1928,1,1,0,0,0,0,0,3,4,1,1,3,,N,,,,,,,,,,,
2021007905,1123.0,0,0,0,0,0,0,0,0,0,7,0,,67,1,2021,6,39.9036,-75.1501,1111.0,6,0,0,0,0,0,0,0,0,,0,0,0,11,1,1,0,N,0,39 54:13.098,,2,75 09:00.249,8,0,0,0,67301,0,0,0,N,0,0,0,1,68K01,0,,2,1,,N,N,N,0,,0,0,0,0,0,,1100,1,1,0,0,1,1,0,3,4,1,1,3,,N,,,,,,,,,,,
2021006747,1616.0,1,0,1,0,0,0,0,0,0,1,0,,67,1,2021,7,39.9583,-75.166,1559.0,6,0,0,0,0,0,1,0,0,,0,0,0,15,1,1,0,N,1,39 57:29.822,3.0,0,75 09:57.537,2,0,0,0,67301,0,0,0,N,0,0,0,3,68K01,0,,1,1,1620.0,N,N,N,0,,0,1,0,0,0,N,1558,1,2,0,0,0,0,0,3,4,1,2,3,3.0,N,,,,,,,,,,,
2021005984,1236.0,1,0,0,0,0,0,0,0,0,8,0,,67,1,2021,7,39.9289,-75.2355,1228.0,6,0,0,0,0,0,0,0,0,,0,0,0,12,1,1,1,,0,39 55:43.955,,0,75 14:07.857,8,0,0,0,67301,1,0,0,N,1,0,0,2,67301,0,,9,1,,N,N,N,0,,0,0,0,9,9,,1220,1,2,0,0,0,1,1,3,4,0,1,3,3.0,N,,,,,,,,,,,
2021006726,2300.0,1,0,0,0,0,0,0,0,0,1,0,,67,1,2021,3,39.9348,-75.1998,2249.0,6,0,0,0,0,0,0,0,0,,0,0,0,22,3,0,0,N,0,39 56:05.158,,0,75 11:59.455,9,0,0,0,67301,0,0,0,N,0,0,0,2,68K01,0,,1,1,,N,N,N,0,,0,0,0,0,0,,2242,0,2,0,0,0,0,1,3,4,0,2,3,,N,,,,,,,,,,,
2021007007,2346.0,1,0,0,0,0,0,0,0,0,7,1,,67,1,2021,3,39.9919,-75.0857,2339.0,6,0,0,0,0,0,0,0,0,,0,1,0,23,3,0,0,N,2,39 59:30.942,1.0,0,75 05:08.610,9,0,0,0,67301,0,0,0,N,0,0,0,3,68K01,0,,4,1,2358.0,N,N,N,0,,0,0,0,0,0,N,2338,0,2,0,0,0,0,1,3,4,0,2,3,3.0,N,,,,,,,,,,,
2021007195,122.0,2,0,0,0,0,0,0,0,0,5,0,,67,1,2021,5,40.0107,-75.1042,122.0,6,0,0,0,0,0,0,0,0,,0,0,0,1,3,0,0,N,0,40 00:38.430,,0,75 06:15.260,0,0,0,0,67301,0,0,0,N,0,0,0,1,67301,0,,1,1,,N,N,N,0,,0,0,0,0,0,,120,0,2,0,0,0,0,0,3,4,0,2,3,3.0,N,,,,,,,,,,,
2021007929,835.0,1,0,0,0,0,0,0,0,0,4,1,,67,1,2021,1,39.9014,-75.2393,833.0,6,0,0,0,0,0,1,0,0,,0,1,0,8,1,1,2,,0,39 54:04.971,,0,75 14:21.471,3,0,0,0,67301,0,0,0,N,0,0,0,2,67301,0,,1,1,,N,N,N,0,,1,0,0,3,2,,830,1,2,0,0,0,0,0,3,4,0,2,3,3.0,N,,,,,,,,,,,
2021008258,1107.0,0,0,0,0,0,0,0,0,0,1,0,,67,1,2021,2,39.9571,-75.2263,1107.0,6,0,0,0,0,0,1,0,0,,0,0,0,11,1,0,0,N,0,39 57:25.435,,0,75 13:34.774,0,0,0,0,67301,0,0,0,N,0,0,0,1,67301,0,,6,1,,N,N,N,2,,0,0,0,0,0,,1107,0,2,0,0,0,0,0,3,4,0,2,3,3.0,N,,,,,,,,,,,
2021007164,1825.0,0,0,0,0,0,0,0,0,0,8,0,,67,1,2021,3,39.9839,-75.1864,1823.0,6,0,0,0,0,0,0,0,0,,0,0,0,18,3,1,2,,0,39 59:02.061,,0,75 11:10.874,3,0,0,0,67301,1,0,0,N,1,0,0,2,67301,0,,1,1,,N,N,N,1,,1,0,0,3,2,,1820,1,2,0,0,0,0,0,3,4,0,1,3,3.0,N,,,,,,,,,,,
2021005439,902.0,1,0,0,0,0,0,0,0,0,5,0,,67,1,2021,7,39.9378,-75.1438,902.0,6,0,0,0,0,0,0,0,0,,0,0,0,8,1,0,0,N,0,39 56:15.959,,0,75 08:37.803,0,0,0,0,67301,0,0,0,N,0,0,0,2,68K01,0,,1,1,,N,N,N,1,,0,0,0,0,0,,804,0,2,0,0,0,0,0,3,4,0,2,3,,N,,,,,,,,,,,
2021005973,2316.0,1,0,0,0,0,0,0,0,0,7,0,,67,1,2021,6,40.0995,-74.9864,2314.0,6,0,0,0,0,0,0,0,0,,1,0,0,23,3,0,0,Y,0,40 05:58.228,,0,74 59:11.046,1,0,0,0,67301,0,0,0,N,0,0,0,5,67301,0,2.0,4,9,,N,N,N,0,0.0,0,0,0,3,2,,2312,0,1,1,0,1,0,1,3,4,0,1,7,7.0,N,,,,,,,,,,,
2021006363,1041.0,2,0,0,0,0,0,0,0,0,5,0,,67,1,2021,1,39.9598,-75.1783,1041.0,6,0,0,0,0,0,0,0,0,,0,0,0,10,1,0,0,N,1,39 57:35.340,3.0,0,75 10:42.016,0,0,0,0,67301,0,0,0,N,0,0,0,2,68K01,0,,1,9,1113.0,N,N,N,0,,0,0,0,0,0,Y,1041,0,2,0,0,0,0,0,3,4,0,2,7,,N,,,,,,,,,,,
2021007881,2214.0,0,0,0,0,0,0,0,0,0,7,0,,67,1,2021,6,39.9625,-75.1396,2214.0,6,0,0,0,0,0,1,0,0,,0,0,0,22,3,1,0,N,1,39 57:45.092,2.0,0,75 08:22.737,8,0,0,0,67301,0,0,0,Y,0,0,0,1,68K01,0,,4,9,2245.0,N,N,N,0,,0,0,1,0,0,N,2213,1,1,0,0,1,1,0,3,4,0,1,7,,N,,,,,,,,,,,
2021007807,910.0,1,0,0,0,0,0,0,0,0,5,0,,67,1,2021,1,40.034,-75.1457,906.0,6,0,0,0,0,0,0,0,1,,0,0,0,9,1,1,0,N,0,40 02:02.406,,0,75 08:44.618,3,0,0,0,67301,0,0,0,N,0,0,0,2,67301,0,,1,1,,N,N,N,0,,1,0,1,0,0,,904,1,2,0,0,2,0,0,3,4,0,2,3,3.0,N,,,,,,,,,,,
2021006058,226.0,1,0,0,0,0,0,0,0,0,4,0,,67,1,2021,1,40.0231,-75.1481,222.0,6,0,0,0,0,0,0,0,0,,0,0,0,2,3,0,0,N,2,40 01:23.009,5.0,0,75 08:53.245,0,0,0,0,67301,0,0,0,N,0,0,0,1,67301,0,,1,1,350.0,N,N,N,0,,0,0,1,3,2,Y,220,0,2,0,0,0,0,0,3,4,0,2,3,3.0,N,,,,,,,,,,,
2021005986,120.0,2,0,0,0,0,0,0,0,0,3,0,,67,1,2021,2,39.9288,-75.2398,115.0,6,0,0,0,0,0,0,0,0,,0,0,0,1,3,1,0,N,0,39 55:43.676,,7,75 14:23.162,8,0,0,0,67301,1,0,0,N,1,0,0,2,67301,0,,1,9,,N,N,N,0,,0,0,0,0,0,,112,1,3,0,0,0,1,1,3,4,0,2,7,4.0,N,,,,,,,,,,,
2021006903,1.0,0,0,0,0,0,0,0,0,0,7,0,,67,1,2021,4,40.0425,-75.1726,0.0,6,0,0,0,0,0,0,0,0,,0,0,0,23,3,0,0,N,2,40 02:33.120,4.0,0,75 10:21.440,9,0,0,0,67301,0,0,0,N,0,0,0,1,67301,0,,9,1,145.0,N,N,N,0,,0,0,1,0,0,U,2358,0,1,0,0,0,0,1,3,4,0,1,3,3.0,N,,,,,,,,,,,
2021006042,1455.0,1,0,0,0,0,0,0,0,0,7,0,,67,1,2021,4,39.9986,-75.1095,1448.0,6,0,0,0,0,0,0,0,0,,0,0,0,14,1,0,0,N,0,39 59:55.070,,0,75 06:34.360,0,0,0,0,67301,0,0,0,N,0,0,0,1,67301,0,,5,1,,N,N,N,0,,0,0,0,0,0,,1431,0,1,0,0,0,0,0,3,4,0,1,3,3.0,N,,,,,,,,,,,
2021006742,2122.0,0,0,0,0,0,0,0,0,0,4,1,,67,1,2021,6,40.0374,-75.0131,2120.0,6,0,0,0,0,0,0,0,0,,0,1,0,21,3,1,0,N,1,40 02:14.541,2.0,0,75 00:47.295,8,0,0,0,67301,0,0,0,N,0,0,0,4,68K01,0,,3,9,100.0,N,N,N,0,,0,0,1,0,0,N,2117,1,2,0,0,0,1,0,3,4,0,2,3,,N,,,,,,,,,,,
2021005378,717.0,1,0,0,0,0,0,0,0,0,7,0,,67,1,2021,7,39.9816,-75.2072,713.0,6,0,0,0,1,0,0,0,0,,0,0,0,7,3,1,0,N,2,39 58:53.661,3.0,0,75 12:25.940,3,0,0,0,67301,0,0,0,N,0,0,0,1,68K01,0,,4,9,745.0,N,N,N,0,,1,0,0,0,0,N,701,1,1,0,0,0,0,0,3,4,0,1,7,,N,,,,,,,,,,,
2021006744,149.0,0,0,0,0,0,0,0,0,0,7,1,,67,1,2021,7,40.0351,-75.018,143.0,6,0,0,0,0,0,0,0,0,,0,1,0,1,3,1,0,N,2,40 02:06.193,1.0,0,75 01:04.874,4,0,0,0,67301,0,0,0,N,0,0,0,1,68K01,1,,2,9,300.0,N,N,N,0,,0,0,0,0,0,N,130,1,1,0,0,0,0,0,3,4,0,1,7,,N,,,,,,,,,,,
2021005966,1551.0,0,0,0,0,0,0,0,0,0,1,0,,67,1,2021,2,39.958,-75.162,1548.0,6,0,0,0,0,1,0,0,0,,0,0,0,15,1,1,0,N,0,39 57:28.855,,0,75 09:43.021,4,0,0,0,67301,0,0,0,N,0,0,0,4,67301,1,,1,1,,N,N,N,0,,0,0,2,3,2,,1545,1,2,0,0,2,0,0,3,4,0,2,3,3.0,N,,,,,,,,,,,
2021008285,315.0,1,0,0,0,0,0,0,0,0,1,1,,67,1,2021,1,40.0306,-75.0733,312.0,6,0,0,0,0,0,0,0,0,,1,1,0,3,3,0,0,N,1,40 01:49.985,1.0,0,75 04:23.932,1,0,0,0,67301,0,0,0,N,0,0,0,1,67301,0,2.0,2,1,345.0,N,N,N,0,0.0,0,0,0,0,0,N,310,0,2,0,0,0,0,0,3,4,0,2,3,,N,,,,,,,,,,,
2021008995,145.0,1,0,0,0,0,0,0,0,0,7,0,,67,1,2021,4,40.0177,-75.0484,141.0,6,0,0,0,0,0,0,0,0,,0,0,0,1,3,0,6,,0,40 01:03.668,,1,75 02:54.283,0,0,0,0,67301,0,0,0,N,0,0,0,3,67301,0,,7,9,,N,N,N,0,,0,0,0,0,0,,140,0,1,0,0,0,0,0,3,4,0,1,7,98.0,N,,,,,,,,,,,
2021009619,1255.0,2,0,0,0,0,0,0,0,0,5,0,,67,1,2021,5,40.0522,-74.9877,1243.0,6,0,0,0,0,0,0,0,0,,0,0,0,12,1,0,0,N,0,40 03:07.860,,0,74 59:15.553,0,0,0,0,67301,0,0,0,N,0,0,0,2,68K01,0,,3,1,,N,N,N,0,,0,0,0,0,0,,1240,0,2,0,0,0,0,0,3,4,0,2,3,,N,,,,,,,,,,,
2021007497,133.0,2,0,0,0,0,0,0,0,0,1,0,,67,1,2021,6,39.9945,-75.117,133.0,6,0,0,0,0,0,0,0,0,,0,0,0,1,3,1,0,N,0,39 59:40.300,,0,75 07:01.200,3,0,0,0,67301,0,0,0,N,0,0,0,4,67301,0,,1,1,,N,N,N,0,,1,0,0,0,0,,128,1,2,0,0,0,0,3,3,4,0,2,3,3.0,N,,,,,,,,,,,
2021007805,1536.0,1,0,0,0,0,0,0,0,0,8,0,,67,1,2021,2,39.9836,-75.247,1533.0,6,0,0,0,0,0,0,0,0,,0,0,0,15,1,1,1,,0,39 59:00.899,,6,75 14:49.359,3,0,0,0,67301,1,0,0,N,1,0,0,2,67301,0,,1,1,,N,N,N,0,,1,0,0,3,2,,1530,1,2,0,0,0,0,0,3,4,0,1,3,3.0,N,,,,,,,,,,,
2021006911,2250.0,1,0,0,0,0,0,0,0,0,4,0,,67,1,2021,7,39.9674,-75.2457,2250.0,6,0,0,0,0,0,0,0,0,,0,0,0,22,3,1,1,,0,39 58:02.410,,0,75 14:45.030,3,0,0,0,67301,0,0,0,N,0,0,0,1,67301,0,,1,1,,N,N,N,0,,1,0,0,3,2,,2235,1,2,0,0,0,0,0,3,4,0,2,3,3.0,N,,,,,,,,,,,
2021005993,1636.0,0,0,0,0,0,0,0,0,0,8,0,,67,1,2021,6,39.904,-75.2401,1636.0,6,0,0,0,0,0,0,0,0,,0,0,0,16,1,1,1,,9,39 54:14.619,,0,75 14:25.049,8,0,0,0,67301,1,0,0,N,1,0,0,1,67301,0,,1,1,,N,N,N,0,,0,0,0,3,2,U,1636,1,2,0,0,0,1,0,3,4,0,1,3,3.0,N,,,,,,,,,,,
2021006294,122.0,1,0,0,0,0,0,0,0,0,1,0,40.0,67,1,2021,3,39.8988,-75.1795,114.0,6,0,0,0,0,0,0,0,1,,0,0,0,1,3,2,0,N,2,39 53:55.997,1.0,0,75 10:07.454,3,0,0,0,67301,0,0,0,N,0,0,0,5,68K01,1,,1,1,244.0,N,N,N,0,,1,0,2,3,1,Y,112,2,3,0,0,0,0,0,3,4,0,3,3,,Y,4.0,1.0,Y,N,N,Y,Y,N,N,N,N
2021006278,215.0,0,0,0,0,0,0,0,0,0,7,0,,67,1,2021,2,39.9843,-75.2083,208.0,6,0,0,0,0,0,0,0,0,,0,0,0,2,2,1,0,N,1,39 59:03.326,3.0,0,75 12:30.016,3,0,0,0,67301,0,0,0,N,0,0,0,1,68K01,0,,4,9,218.0,N,N,N,0,,1,0,1,0,0,N,207,1,1,0,0,1,0,0,3,4,0,1,7,7.0,N,,,,,,,,,,,
2021006598,333.0,1,0,0,0,0,0,0,0,0,5,1,,67,1,2021,2,40.002,-75.195,328.0,6,0,0,0,0,0,1,0,0,,0,1,0,3,3,0,0,N,2,40 00:07.198,3.0,0,75 11:41.867,0,0,0,0,67301,0,0,0,N,0,0,0,2,68K01,0,,1,1,402.0,N,N,N,0,,0,0,0,0,0,N,321,0,2,0,0,1,0,0,3,4,0,2,3,3.0,N,,,,,,,,,,,
2021005954,230.0,0,0,0,0,0,0,0,0,0,7,0,,67,1,2021,6,40.0381,-75.1116,214.0,6,0,0,0,0,0,0,0,0,,0,0,0,1,3,0,0,N,2,40 02:17.196,5.0,0,75 06:41.825,0,0,0,0,67301,0,0,0,N,0,0,0,1,67301,0,,2,1,357.0,N,N,N,0,,0,0,1,3,2,Y,139,0,1,0,0,0,0,0,3,4,0,1,3,3.0,N,,,,,,,,,,,
2021006312,1528.0,1,0,0,0,0,0,0,0,0,5,1,,67,1,2021,6,39.9168,-75.1477,1512.0,6,0,0,0,0,0,0,0,0,,0,1,0,14,1,0,0,N,1,39 55:00.341,2.0,0,75 08:51.790,0,0,0,0,67301,0,0,0,N,0,0,0,2,68K01,0,,1,1,30.0,N,N,N,0,,0,0,0,0,0,N,1431,0,2,0,0,0,0,0,3,4,0,2,3,,N,,,,,,,,,,,
2021009622,1430.0,2,0,0,0,0,0,0,0,0,1,0,,67,1,2021,5,39.9625,-75.1829,1420.0,6,0,0,0,0,0,1,0,0,,0,0,0,14,1,0,0,N,0,39 57:44.911,,0,75 10:58.615,0,0,0,0,67301,0,0,0,N,0,0,0,2,68K01,0,,1,1,,N,N,N,0,,0,0,0,0,0,,1416,0,2,0,0,0,0,0,3,4,0,2,3,3.0,N,,,,,,,,,,,
2021008055,953.0,0,0,0,0,0,0,0,0,0,5,1,,67,1,2021,6,39.9888,-75.0883,946.0,6,0,0,0,0,0,0,0,0,,0,1,0,9,1,1,0,N,0,39 59:19.556,,0,75 05:18.018,8,0,0,0,67301,0,0,0,N,0,0,0,2,68K01,0,,1,1,,N,N,N,0,,0,0,1,0,0,,946,1,2,0,0,0,1,0,3,4,0,2,3,3.0,N,,,,,,,,,,,
2021008762,1605.0,2,0,0,0,0,0,0,0,0,4,0,,67,1,2021,5,40.0078,-75.1444,1600.0,6,0,0,0,0,0,0,0,0,,0,0,0,16,1,0,0,N,0,40 00:28.020,,0,75 08:39.970,0,0,0,0,67301,0,0,0,N,0,0,0,1,67301,0,,1,1,,N,N,N,0,,0,0,0,0,0,,1600,0,2,0,0,0,0,0,3,4,0,2,3,3.0,N,,,,,,,,,,,
2021006066,115.0,1,0,0,0,0,0,0,0,0,8,0,,67,1,2021,7,40.0077,-75.1565,106.0,6,0,0,0,0,0,0,0,0,,0,0,0,0,3,1,0,N,0,40 00:27.860,,0,75 09:23.380,3,0,0,0,67301,1,0,0,N,1,0,0,1,67301,0,,1,1,,N,N,N,0,,1,0,0,0,0,,26,1,2,0,0,0,0,0,3,4,0,1,3,4.0,N,,,,,,,,,,,
2021006197,103.0,2,0,0,0,0,0,0,0,0,1,0,,67,1,2021,1,40.042,-75.0265,56.0,6,0,0,0,0,0,0,0,0,,0,0,0,0,3,0,0,N,0,40 02:31.163,,0,75 01:35.479,9,0,0,0,67301,0,0,0,N,0,0,0,1,67301,0,,6,1,,N,N,N,0,,0,0,0,3,2,,32,0,2,0,0,0,0,1,3,4,0,2,3,3.0,N,,,,,,,,,,,
2021007048,1505.0,1,0,0,0,0,0,0,0,0,7,0,,67,1,2021,4,39.9146,-75.2214,1503.0,6,0,0,0,0,0,0,0,0,,1,0,0,15,1,1,0,N,2,39 54:52.730,4.0,0,75 13:17.080,1,0,0,0,67301,0,0,0,N,0,0,0,2,67301,0,5.0,5,1,1800.0,N,N,N,0,0.0,0,1,0,0,0,Y,1500,1,1,1,1,2,0,0,3,4,0,1,3,3.0,N,,,,,,,,,,,
2021005376,242.0,1,0,0,0,0,0,0,0,0,7,0,,67,1,2021,7,40.0361,-75.0157,242.0,6,0,0,0,0,0,0,0,0,,0,0,0,2,3,0,0,N,0,40 02:10.075,,0,75 00:56.500,0,0,0,0,67301,0,0,0,N,0,0,0,1,68K01,0,,1,9,,N,N,Y,0,,0,0,0,0,0,,239,0,1,0,0,0,0,0,3,4,0,1,7,7.0,N,,,,,,,,,,,
2021006995,435.0,0,0,0,0,0,0,0,0,0,8,0,,67,1,2021,2,40.009,-75.0686,426.0,6,0,0,0,0,0,0,0,0,,0,0,0,4,3,1,0,N,1,40 00:32.361,2.0,0,75 04:07.139,8,0,0,0,67301,1,0,0,N,1,0,0,2,68K01,0,,1,1,451.0,N,N,N,0,,0,0,0,0,0,N,424,1,2,0,0,0,1,1,3,4,0,1,3,3.0,N,,,,,,,,,,,