CRN,ARRIVAL_TM,AUTOMOBILE_COUNT,BELTED_DEATH_COUNT,BELTED_SUSP_SERIOUS_INJ_COUNT,BICYCLE_COUNT,BICYCLE_DEATH_COUNT,BICYCLE_SUSP_SERIOUS_INJ_COUNT,BUS_COUNT,CHLDPAS_DEATH_COUNT,CHLDPAS_SUSP_SERIOUS_INJ_COUNT,COLLISION_TYPE,COMM_VEH_COUNT,CONS_ZONE_SPD_LIM,COUNTY,CRASH_MONTH,CRASH_YEAR,DAY_OF_WEEK,DEC_LAT,DEC_LONG,DISPATCH_TM,DISTRICT,DRIVER_COUNT_16YR,DRIVER_COUNT_17YR,DRIVER_COUNT_18YR,DRIVER_COUNT_19YR,DRIVER_COUNT_20YR,DRIVER_COUNT_50_64YR,DRIVER_COUNT_65_74YR,DRIVER_COUNT_75PLUS,EST_HRS_CLOSED,FATAL_COUNT,HEAVY_TRUCK_COUNT,HORSE_BUGGY_COUNT,HOUR_OF_DAY,ILLUMINATION,INJURY_COUNT,INTERSECT_TYPE,INTERSECTION_RELATED,LANE_CLOSED,LATITUDE,LN_CLOSE_DIR,LOCATION_TYPE,LONGITUDE,MAX_SEVERITY_LEVEL,MCYCLE_DEATH_COUNT,MCYCLE_SUSP_SERIOUS_INJ_COUNT,MOTORCYCLE_COUNT,MUNICIPALITY,NONMOTR_COUNT,NONMOTR_DEATH_COUNT,NONMOTR_SUSP_SERIOUS_INJ_COUNT,NTFY_HIWY_MAINT,PED_COUNT,PED_DEATH_COUNT,PED_SUSP_SERIOUS_INJ_COUNT,PERSON_COUNT,POLICE_AGCY,POSSIBLE_INJ_COUNT,RDWY_SURF_TYPE_CD,RELATION_TO_ROAD,ROAD_CONDITION,ROADWAY_CLEARED,SCH_BUS_IND,SCH_ZONE_IND,SECONDARY_CRASH,SMALL_TRUCK_COUNT,SPEC_JURIS_CD,SUSP_MINOR_INJ_COUNT,SUSP_SERIOUS_INJ_COUNT,SUV_COUNT,TCD_FUNC_CD,TCD_TYPE,TFC_DETOUR_IND,TIME_OF_DAY,TOT_INJ_COUNT,TOTAL_UNITS,UNB_DEATH_COUNT,UNB_SUSP_SERIOUS_INJ_COUNT,UNBELTED_OCC_COUNT,UNK_INJ_DEG_COUNT,UNK_INJ_PER_COUNT,URBAN_AREA,URBAN_RURAL,VAN_COUNT,VEHICLE_COUNT,WEATHER1,WEATHER2,WORK_ZONE_IND,WORK_ZONE_LOC,WORK_ZONE_TYPE,WORKERS_PRES,WZ_CLOSE_DETOUR,WZ_FLAGGER,WZ_LAW_OFFCR_IND,WZ_LN_CLOSURE,WZ_MOVING,WZ_OTHER,WZ_SHLDER_MDN,WZ_WORKERS_INJ_KILLED
2021025994,708.0,1,0,0,0,0,0,0,0,0,5,1,,67,3,2021,5,40.0329,-75.0205,646.0,6,0,0,0,0,0,1,0,0,,0,1,0,6,5,8,0,N,1,40 01:58.571,1.0,0,75 01:13.844,3,0,0,0,67301,0,0,0,N,0,0,0,10,68K01,7,,1,1,845.0,N,N,N,0,,1,0,3,0,0,N,635,8,5,0,0,1,0,0,3,4,0,5,3,,N,,,,,,,,,,,
2021026408,140.0,0,0,0,0,0,0,0,0,0,1,0,,67,3,2021,7,39.9882,-75.2541,136.0,6,0,0,0,0,0,0,0,0,,0,0,0,1,3,0,0,N,0,39 59:17.504,,0,75 15:14.728,0,0,0,0,67301,0,0,0,N,0,0,0,2,67301,0,,1,1,,N,N,N,0,,0,0,2,3,2,,106,0,2,0,0,0,0,0,3,4,0,2,3,,N,,,,,,,,,,,
2021026820,1031.0,1,0,0,0,0,0,0,0,0,5,1,,67,2,2021,7,39.9716,-75.1236,1010.0,6,0,0,0,0,0,1,1,0,,0,1,0,10,1,0,0,N,1,39 58:17.793,2.0,0,75 07:24.936,0,0,0,0,67301,0,0,0,N,0,0,0,2,68K01,0,,1,9,1200.0,N,N,N,0,,0,0,0,0,0,N,1009,0,2,0,0,0,0,0,3,4,0,2,7,,N,,,,,,,,,,,
2021003883,115.0,1,0,0,0,0,0,0,0,0,2,0,,67,1,2021,1,40.0634,-75.146,115.0,6,0,1,0,0,0,0,0,0,,0,0,0,0,3,0,0,N,0,40 03:48.150,,0,75 08:45.430,9,0,0,0,67301,0,0,0,N,0,0,0,1,67301,0,,6,1,,N,N,N,0,,0,0,1,9,3,,53,0,2,0,0,0,0,1,3,4,0,2,3,,N,,,,,,,,,,,
2021030133,257.0,2,0,0,0,0,0,0,0,0,4,0,,67,3,2021,4,40.0276,-75.1324,254.0,6,0,0,0,0,0,0,0,0,,0,0,0,2,3,1,0,N,2,40 01:39.200,5.0,0,75 07:56.790,4,0,0,0,67301,0,0,0,N,0,0,0,2,67301,1,,1,1,407.0,N,N,N,0,,0,0,0,0,0,Y,251,1,2,0,0,0,0,0,3,4,0,2,3,,N,,,,,,,,,,,
2021028852,1705.0,1,0,0,0,0,0,0,0,0,1,0,,67,3,2021,1,40.0506,-75.0513,1652.0,6,0,0,0,0,0,0,0,0,,0,0,0,16,1,0,0,N,1,40 03:02.108,2.0,0,75 03:04.616,0,0,0,0,67301,0,0,0,N,0,0,0,2,67301,0,,1,9,100.0,N,N,N,0,,0,0,1,3,2,N,1647,0,2,0,0,0,0,0,3,4,0,2,4,7.0,N,,,,,,,,,,,
2021028818,1437.0,1,0,0,0,0,0,0,0,0,1,0,,67,3,2021,1,39.9586,-75.169,1437.0,6,0,0,0,0,1,0,0,0,,0,0,0,14,1,0,0,N,0,39 57:31.128,,0,75 10:08.451,0,0,0,0,67301,0,0,0,N,0,0,0,2,68K01,0,,1,9,,N,N,N,0,,0,0,1,0,0,,1421,0,2,0,0,0,0,0,3,4,0,2,7,7.0,N,,,,,,,,,,,
2021029347,2323.0,0,0,0,0,0,0,0,0,0,5,0,,67,3,2021,3,39.9653,-75.1375,2314.0,6,0,0,0,0,0,0,0,0,,0,0,0,22,3,0,0,N,0,39 57:55.129,,0,75 08:14.878,9,0,0,0,67301,0,0,0,N,0,0,0,2,68K01,0,,1,1,,N,N,N,0,,0,0,1,0,0,,2251,0,2,0,0,0,0,1,3,4,0,2,3,,N,,,,,,,,,,,
2021029846,1729.0,0,0,0,0,0,0,0,0,0,1,0,,67,3,2021,4,40.0544,-74.9856,1706.0,6,0,0,0,0,0,1,0,0,,0,0,0,17,1,1,0,N,0,40 03:15.902,,0,74 59:08.314,8,0,0,0,67301,0,0,0,N,0,0,0,4,68K01,0,,1,1,,N,N,N,1,,0,0,1,0,0,,1702,1,3,0,0,0,1,0,3,4,1,3,3,3.0,N,,,,,,,,,,,
2021029145,806.0,0,0,0,0,0,0,0,0,0,7,1,,67,3,2021,2,39.9877,-75.1217,747.0,6,0,0,0,0,0,0,0,0,,0,1,0,7,1,1,0,N,0,39 59:15.583,,1,75 07:17.968,3,0,0,0,67301,0,0,0,N,0,0,0,1,67301,0,,5,1,,N,N,N,0,,1,0,0,0,0,,736,1,1,0,0,1,0,0,3,4,0,1,3,,N,,,,,,,,,,,
2021030121,1652.0,2,0,0,0,0,0,0,0,0,2,0,,67,3,2021,4,40.0935,-74.9802,1640.0,6,0,0,0,0,1,0,0,0,,0,0,0,16,1,0,1,,0,40 05:36.611,,0,74 58:48.600,0,0,0,0,67301,0,0,0,N,0,0,0,2,67301,0,,1,9,,N,N,N,0,,0,0,0,3,2,,1637,0,2,0,0,0,0,0,3,4,0,2,7,7.0,N,,,,,,,,,,,
2021027921,2307.0,1,0,0,0,0,0,0,0,0,1,0,,67,3,2021,1,39.9486,-75.1717,2257.0,6,0,0,0,0,0,0,0,0,,0,0,0,22,3,2,0,N,0,39 56:55.040,,0,75 10:17.940,3,0,0,0,67301,1,0,0,N,0,0,0,3,67301,0,,6,1,,N,N,N,0,,2,0,2,0,0,,2257,2,3,0,0,0,0,0,3,4,0,3,3,3.0,N,,,,,,,,,,,
2021026683,1646.0,1,0,0,0,0,0,0,0,0,1,0,,67,3,2021,1,40.0082,-75.1913,1640.0,6,0,0,0,0,0,2,0,0,,0,0,0,16,1,3,0,N,2,40 00:29.543,2.0,0,75 11:28.677,8,0,0,0,67301,0,0,0,N,0,0,0,4,67301,0,,1,1,1710.0,N,N,N,0,,0,0,1,0,0,Y,1640,3,2,0,0,0,3,0,3,4,0,2,3,3.0,N,,,,,,,,,,,
2021030125,335.0,0,0,0,0,0,0,0,0,0,2,1,,67,3,2021,3,39.895,-75.2371,309.0,6,0,0,0,0,0,2,0,0,,0,1,0,2,3,0,0,N,2,39 53:42.202,2.0,0,75 14:13.467,0,0,0,0,67301,0,0,0,N,0,0,0,2,67301,0,,1,1,500.0,N,N,N,1,,0,0,0,0,0,Y,250,0,2,0,0,0,0,0,3,4,0,2,3,3.0,N,,,,,,,,,,,
2021028041,930.0,0,0,0,0,0,0,1,0,0,8,1,,67,3,2021,5,39.9783,-75.2668,920.0,6,0,0,0,0,0,0,0,0,,0,0,0,7,1,1,0,N,0,39 58:42.020,,0,75 16:00.570,3,0,0,0,67301,1,0,0,N,1,0,0,2,67301,0,,1,1,,Y,N,N,0,,1,0,1,0,0,,738,1,3,0,0,0,0,0,3,4,0,2,3,,N,,,,,,,,,,,
2021029969,1900.0,2,0,0,0,0,0,0,0,0,1,0,,67,3,2021,3,39.9428,-75.1429,1849.0,6,0,0,0,0,0,1,0,0,,0,0,0,18,4,1,0,N,2,39 56:34.125,2.0,0,75 08:34.333,8,0,0,0,67301,0,0,0,N,0,0,0,3,68K01,0,,1,1,1945.0,N,N,N,1,,0,0,0,0,0,N,1849,1,3,0,0,0,1,0,3,4,0,3,3,3.0,N,,,,,,,,,,,
2021030181,1224.0,1,0,0,0,0,0,0,0,0,1,0,,67,3,2021,7,40.0312,-75.0217,1203.0,6,0,0,0,0,0,1,0,0,,0,0,0,12,1,0,0,N,2,40 01:52.267,2.0,0,75 01:18.025,0,0,0,0,67301,0,0,0,N,0,0,0,2,68K01,0,,1,1,30.0,N,N,N,0,,0,0,1,0,0,N,1202,0,2,0,0,0,0,0,3,4,0,2,3,3.0,N,,,,,,,,,,,
2021027749,159.0,0,0,0,0,0,0,0,0,0,7,1,,67,3,2021,5,39.9555,-75.1481,30.0,6,0,0,0,0,0,0,0,0,,0,1,0,0,3,1,0,N,1,39 57:19.737,4.0,2,75 08:53.167,4,0,0,0,67301,0,0,0,N,0,0,0,1,67501,1,,4,9,859.0,N,N,N,0,,0,0,0,3,1,N,27,1,1,0,0,0,0,0,3,4,0,1,5,,N,,,,,,,,,,,
2021028788,755.0,1,0,0,0,0,0,0,0,0,1,0,,67,3,2021,1,39.9956,-75.1976,750.0,6,0,0,0,0,1,0,0,0,,0,0,0,7,1,2,0,N,2,39 59:44.210,3.0,0,75 11:51.421,8,0,0,0,67301,0,0,0,N,0,0,0,2,68K01,0,,1,1,30.0,N,N,N,0,,0,0,0,0,0,N,749,2,2,0,0,0,2,0,3,4,1,2,3,3.0,N,,,,,,,,,,,
2021029398,1843.0,1,0,0,0,0,0,0,0,0,4,0,,67,3,2021,2,40.0795,-74.9918,1835.0,6,0,0,0,0,0,0,0,1,,0,0,0,17,1,0,1,,0,40 04:46.113,,0,74 59:30.364,0,0,0,0,67301,0,0,0,N,0,0,0,3,67301,0,,1,1,,N,N,N,0,,0,0,1,3,3,,1745,0,2,0,0,0,0,0,3,4,0,2,3,3.0,N,,,,,,,,,,,
2021028544,2050.0,1,0,0,0,0,0,0,0,0,1,0,,67,3,2021,6,40.0131,-75.1769,2041.0,6,0,0,0,0,0,0,1,0,,0,0,0,20,3,0,0,N,0,40 00:47.020,,0,75 10:36.990,0,0,0,0,67301,0,0,0,N,0,0,0,2,67301,0,,1,1,,N,N,N,0,,0,0,1,3,2,,2005,0,2,0,0,0,0,0,3,4,0,2,3,3.0,N,,,,,,,,,,,
2021027197,2231.0,1,0,0,0,0,0,0,0,0,1,0,,67,3,2021,1,39.9956,-75.1977,2235.0,6,0,0,0,0,0,1,0,0,,0,0,0,22,3,1,0,N,1,39 59:44.035,3.0,0,75 11:51.566,8,0,0,0,67301,0,0,0,N,0,0,0,2,68K01,0,,1,1,1205.0,N,N,N,1,,0,0,0,0,0,N,2224,1,2,0,0,0,1,0,3,4,0,2,3,3.0,N,,,,,,,,,,,
2021026407,1200.0,1,0,0,0,0,0,0,0,0,4,0,,67,3,2021,7,39.9234,-75.2317,1155.0,6,0,0,0,0,0,0,0,0,,0,0,0,11,1,1,1,,0,39 55:24.167,,0,75 13:54.200,4,0,0,0,67301,0,0,0,N,0,0,0,2,67301,1,,1,1,,N,N,N,1,,0,0,0,3,2,,1150,1,2,0,0,0,0,0,3,4,0,2,3,,N,,,,,,,,,,,
2021029190,138.0,0,0,0,0,0,0,0,0,0,7,0,,67,3,2021,1,39.9956,-75.0831,130.0,6,0,0,0,0,0,0,0,0,,0,0,0,1,3,0,0,N,1,39 59:44.089,1.0,0,75 04:59.109,0,0,0,0,67301,0,0,0,N,0,0,0,1,68K01,0,,4,1,30.0,N,N,N,0,,0,0,1,0,0,N,129,0,1,0,0,0,0,0,3,4,0,1,3,3.0,N,,,,,,,,,,,
2021029189,2309.0,0,0,0,0,0,0,0,0,0,7,0,,67,3,2021,7,39.8861,-75.2118,2301.0,6,0,0,0,0,0,0,0,0,,0,0,0,23,3,2,7,N,0,39 53:09.526,,2,75 12:39.076,8,0,0,0,67301,0,0,0,N,0,0,0,2,68K01,0,,2,1,,N,N,N,0,,0,0,1,0,0,,2300,2,1,0,0,0,2,0,3,4,0,1,3,,N,,,,,,,,,,,
2021030007,1612.0,0,0,0,0,0,0,0,0,0,5,0,,67,3,2021,4,39.9507,-75.1411,1554.0,6,0,0,0,0,0,0,0,0,,0,0,0,15,1,1,0,N,1,39 57:02.521,1.0,0,75 08:27.957,3,0,0,0,67301,0,0,0,N,0,0,0,3,68K01,0,,1,9,1635.0,N,N,N,0,,1,0,1,0,0,N,1552,1,2,0,0,0,0,1,3,4,0,2,7,,N,,,,,,,,,,,
2021003189,200.0,1,0,0,0,0,0,0,0,0,7,0,,67,1,2021,1,40.0162,-75.2046,156.0,6,0,1,0,0,0,0,0,0,,0,0,0,0,3,0,0,N,0,40 00:58.189,,0,75 12:16.468,0,0,0,0,67301,0,0,0,N,0,0,0,1,67301,0,,3,1,,N,N,N,0,,0,0,0,0,0,,0,0,1,0,0,0,0,0,3,4,0,1,3,3.0,N,,,,,,,,,,,
2021003566,646.0,0,0,0,0,0,0,0,0,0,7,1,45.0,67,1,2021,3,40.0156,-75.0528,637.0,6,0,0,0,0,0,1,0,0,,0,1,0,6,3,0,0,N,0,40 00:56.274,,0,75 03:10.117,0,0,0,0,67301,0,0,0,N,0,0,0,1,68K01,0,,4,1,,N,N,N,0,,0,0,0,3,8,,630,0,1,0,0,0,0,0,3,4,0,1,3,,Y,4.0,1.0,Y,N,N,N,Y,Y,N,Y,N
2021002905,2300.0,2,0,0,0,0,0,0,0,0,2,0,,67,1,2021,6,40.0348,-75.0871,2300.0,6,0,0,0,1,0,0,0,0,,0,0,0,21,1,1,1,,9,40 02:05.335,,0,75 05:13.669,3,0,0,0,67301,0,0,0,N,0,0,0,2,67301,0,,9,99,,N,N,N,0,,1,0,0,3,2,U,2145,1,2,0,0,0,0,0,3,4,0,2,99,,N,,,,,,,,,,,
2021028750,507.0,2,0,0,0,0,0,0,0,0,5,0,,67,3,2021,1,39.9165,-75.2366,451.0,6,0,0,1,0,0,0,0,0,,0,0,0,3,3,0,0,N,0,39 54:59.470,,0,75 14:11.800,0,0,0,0,67301,0,0,0,N,0,0,0,3,67301,0,,1,1,,N,N,N,0,,0,0,0,0,0,,300,0,2,0,0,3,0,0,3,4,0,2,3,3.0,N,,,,,,,,,,,
2021028748,856.0,0,0,0,0,0,0,0,0,0,8,0,,67,3,2021,2,39.9316,-75.1478,847.0,6,0,0,0,0,0,0,0,0,,0,0,0,8,1,1,0,N,0,39 55:53.720,,0,75 08:51.980,3,0,0,0,67301,1,0,0,N,1,0,0,2,67301,0,,1,1,,N,N,N,0,,1,0,1,3,3,,845,1,2,0,0,0,0,0,3,4,0,1,3,,N,,,,,,,,,,,
2021029673,1735.0,1,0,0,0,0,0,0,0,0,4,0,,67,3,2021,7,39.8813,-75.246,1735.0,6,0,0,0,0,0,1,0,0,,0,0,0,17,1,4,0,N,1,39 52:52.811,1.0,0,75 14:45.752,3,0,0,0,67301,0,0,0,Y,0,0,0,5,68K01,0,,1,1,1830.0,N,N,N,0,,4,0,1,0,0,N,1735,4,2,0,0,0,0,1,3,4,0,2,3,,N,,,,,,,,,,,
2021028658,340.0,2,0,0,0,0,0,0,0,0,4,0,,67,3,2021,1,40.0032,-75.1525,337.0,6,0,0,0,0,0,0,0,0,,0,0,0,3,3,0,1,,1,40 00:11.393,1.0,0,75 09:08.837,0,0,0,0,67301,0,0,0,N,0,0,0,2,67505,0,,1,1,400.0,N,N,N,0,,0,0,0,3,2,N,336,0,2,0,0,2,0,0,3,4,0,2,3,,N,,,,,,,,,,,
2021028413,1435.0,0,0,2,0,0,0,0,0,0,1,1,,67,3,2021,2,39.9577,-75.1489,1435.0,6,0,0,0,0,0,1,1,0,,0,1,0,14,1,7,6,,2,39 57:26.868,3.0,3,75 08:50.926,2,0,0,0,67301,0,0,0,N,0,0,0,9,67501,1,,1,1,1532.0,N,N,N,0,,4,2,2,3,8,N,1435,7,4,0,0,0,0,0,3,4,1,4,3,3.0,N,,,,,,,,,,,
2021003469,1739.0,2,0,0,0,0,0,0,0,0,1,0,,67,1,2021,1,39.9126,-75.1484,1730.0,6,0,0,0,0,0,1,0,0,,0,0,0,17,3,0,0,N,1,39 54:46.424,1.0,0,75 08:54.038,0,0,0,0,67301,0,0,0,N,0,0,0,2,68K01,0,,1,1,1800.0,N,N,N,0,,0,0,0,0,0,N,1729,0,2,0,0,0,0,0,3,4,0,2,3,,N,,,,,,,,,,,
2021003576,1505.0,1,0,0,0,0,0,0,0,0,1,1,,67,1,2021,5,39.9903,-75.2052,1501.0,6,0,0,0,0,0,0,1,0,,0,1,0,14,1,1,0,N,0,39 59:24.909,,0,75 12:18.548,8,0,0,0,67301,0,0,0,N,0,0,0,4,68K01,0,,1,1,,N,N,N,0,,0,0,1,0,0,,1459,1,3,0,0,0,1,0,3,4,0,3,3,,N,,,,,,,,,,,
2021028863,342.0,0,0,0,0,0,0,0,0,0,7,0,,67,3,2021,2,39.9875,-75.1505,342.0,6,0,0,0,0,0,0,0,0,,0,0,0,3,3,1,0,N,2,39 59:14.980,1.0,0,75 09:01.840,2,0,0,0,67301,0,0,0,N,0,0,0,1,67301,0,,4,1,600.0,N,N,N,0,,0,1,1,0,0,Y,340,1,1,0,0,0,0,0,3,4,0,1,3,3.0,N,,,,,,,,,,,
2021028447,1358.0,1,0,0,0,0,0,0,0,0,4,0,,67,3,2021,4,40.0948,-75.0507,1352.0,6,0,0,0,0,0,0,0,0,,0,1,0,13,1,0,1,,1,40 05:41.329,2.0,0,75 03:02.612,0,0,0,0,67301,0,0,0,N,0,0,0,3,67301,0,,1,9,45.0,N,N,N,0,,0,0,0,3,2,N,1350,0,2,0,0,0,0,0,3,4,0,2,7,,N,,,,,,,,,,,
2021028539,1400.0,1,0,0,0,0,0,0,0,0,4,0,,67,3,2021,6,39.9898,-75.1255,1340.0,6,0,0,0,0,0,0,0,0,,0,1,0,13,1,1,1,,0,39 59:23.487,,1,75 07:31.551,8,0,0,0,67301,0,0,0,N,0,0,0,2,67301,0,,1,1,,N,N,N,0,,0,0,0,3,2,,1340,1,2,0,0,0,1,0,3,4,0,2,3,,N,,,,,,,,,,,
2021030387,2034.0,0,0,0,0,0,0,0,0,0,8,0,,67,3,2021,3,39.9771,-75.1204,2026.0,6,0,0,0,0,0,0,0,0,,0,1,0,20,3,1,0,N,0,39 58:37.530,,0,75 07:13.430,3,0,0,0,67301,1,0,0,N,1,0,0,2,67301,0,,1,1,,N,N,N,0,,1,0,0,0,0,,2020,1,2,0,0,0,0,0,3,4,0,1,3,,N,,,,,,,,,,,
2021004696,1950.0,2,0,0,0,0,0,0,0,0,1,0,,67,1,2021,5,39.9068,-75.1735,1948.0,6,0,0,0,0,0,0,0,0,,0,0,0,19,3,0,0,N,1,39 54:24.487,2.0,0,75 10:24.557,0,0,0,0,67301,0,0,0,N,0,0,0,2,67505,0,,1,1,2030.0,N,N,N,0,,0,0,0,0,0,N,1947,0,2,0,0,0,0,0,3,4,0,2,3,,N,,,,,,,,,,,
2021003829,1420.0,0,0,0,0,0,0,0,0,0,1,0,,67,1,2021,2,39.8989,-75.1723,1420.0,6,0,0,0,0,0,1,0,0,,0,0,0,14,1,2,0,N,1,39 53:56.157,2.0,0,75 10:10.120,3,0,0,0,67301,0,0,0,N,0,0,0,2,68K01,0,,1,1,1500.0,N,N,N,0,,2,0,2,0,0,N,1420,2,2,0,0,0,0,0,3,4,0,2,3,,N,,,,,,,,,,,
2021003628,1649.0,2,0,0,0,0,0,0,0,0,4,0,,67,1,2021,1,39.9811,-75.2068,1629.0,6,0,1,0,0,0,1,0,0,,0,0,0,16,3,0,0,N,1,39 58:52.126,3.0,0,75 12:24.336,0,0,0,0,67301,0,0,0,N,0,0,0,4,68K01,0,,1,9,1711.0,N,N,N,0,,0,0,0,0,0,N,1629,0,2,0,0,0,0,0,3,4,0,2,7,,N,,,,,,,,,,,
2021004978,2119.0,1,0,0,0,0,0,0,0,0,5,0,,67,1,2021,4,39.9685,-75.1293,2113.0,6,0,0,0,0,0,0,0,0,,0,0,0,21,3,0,0,N,2,39 58:06.473,2.0,0,75 07:45.386,9,0,0,0,67301,0,0,0,N,0,0,0,2,68K01,0,,3,1,30.0,N,N,N,1,,0,0,0,0,0,N,2110,0,2,0,0,0,0,1,3,4,0,2,3,,N,,,,,,,,,,,
2021028800,1058.0,0,0,0,0,0,0,0,0,0,1,2,,67,3,2021,6,39.9568,-75.1538,1039.0,6,0,0,0,0,0,1,0,0,,0,2,0,10,1,0,0,N,0,39 57:24.453,,0,75 09:13.566,0,0,0,0,67301,0,0,0,N,0,0,0,3,68K01,0,,1,1,,N,N,N,0,,0,0,1,0,0,,1037,0,3,0,0,0,0,0,3,4,0,3,3,3.0,N,,,,,,,,,,,
2021028668,2203.0,3,0,1,0,0,0,0,0,0,4,0,,67,3,2021,1,39.9779,-75.163,2200.0,6,0,0,0,0,0,0,0,0,,0,0,0,21,3,1,1,N,0,39 58:40.465,,0,75 09:46.832,2,0,0,0,67301,0,0,0,N,0,0,0,2,67505,0,,1,9,,N,N,Y,0,,0,1,0,3,2,,2150,1,3,0,0,0,0,1,3,4,0,3,7,4.0,N,,,,,,,,,,,
2021028950,1610.0,1,0,0,0,0,0,0,0,0,5,1,,67,3,2021,4,40.0428,-75.0032,1605.0,6,0,0,0,0,0,2,0,0,,0,1,0,15,1,1,0,N,0,40 02:34.180,,0,75 00:11.516,4,0,0,0,67301,0,0,0,N,0,0,0,2,68K01,1,,1,9,,N,N,N,0,,0,0,0,0,0,,1550,1,2,0,0,0,0,0,3,4,0,2,7,,N,,,,,,,,,,,
2021029510,320.0,0,0,0,0,0,0,0,0,0,7,0,,67,3,2021,7,39.9065,-75.1499,310.0,6,0,0,0,0,0,0,0,0,,0,0,0,2,3,2,0,N,0,39 54:23.470,,0,75 08:59.508,8,0,0,0,67301,0,0,0,N,0,0,0,2,68K01,0,,3,1,,N,N,N,0,,0,0,1,0,0,,252,2,1,0,0,0,2,0,3,4,0,1,3,,N,,,,,,,,,,,
2021003044,1841.0,2,0,0,0,0,0,0,0,0,4,0,,67,1,2021,1,39.9834,-75.1191,1841.0,6,0,0,0,0,0,1,0,0,,0,0,0,18,3,0,1,,0,39 59:00.370,,99,75 07:08.921,0,0,0,0,67301,0,0,0,N,0,0,0,1,67301,0,,9,9,,N,N,N,0,,0,0,0,3,2,,1841,0,2,0,0,1,0,0,3,4,0,2,7,,N,,,,,,,,,,,
2021003422,1909.0,2,0,0,0,0,0,0,0,0,1,0,,67,1,2021,1,39.9992,-75.1348,1902.0,6,0,0,0,0,0,0,0,0,,0,0,0,18,4,4,0,N,0,39 59:57.229,,0,75 08:05.367,3,0,0,0,67301,0,0,0,N,0,0,0,5,67301,0,,1,1,,N,N,N,0,,4,0,0,0,0,,1820,4,2,0,0,0,0,0,3,4,0,2,3,3.0,N,,,,,,,,,,,
2021028819,1639.0,2,0,0,0,0,0,0,0,0,1,0,,67,3,2021,1,39.965,-75.1855,1630.0,6,0,0,0,0,0,0,0,0,,0,0,0,16,1,0,0,N,0,39 57:53.883,,0,75 11:07.845,0,0,0,0,67301,0,0,0,N,0,0,0,4,68K01,0,,1,9,,N,N,N,0,,0,0,1,0,0,,1628,0,3,0,0,0,0,0,3,4,0,3,7,7.0,N,,,,,,,,,,,
2021004674,712.0,0,0,0,0,0,0,0,0,0,1,0,,67,1,2021,2,39.9459,-75.1899,658.0,6,0,0,0,0,0,0,0,0,,0,0,0,6,5,1,0,N,0,39 56:45.154,,0,75 11:23.528,3,0,0,0,67301,0,0,0,N,0,0,0,3,68K01,0,,1,1,,N,N,N,1,,1,0,2,0,0,,646,1,3,0,0,0,0,0,3,4,0,3,3,,N,,,,,,,,,,,
2021004531,2024.0,0,0,0,0,0,0,0,0,0,7,0,,67,1,2021,7,39.89,-75.2203,2014.0,6,0,0,0,0,0,0,0,0,,0,0,0,20,3,1,0,N,1,39 53:22.358,1.0,0,75 13:10.513,8,0,0,0,67301,0,0,0,Y,0,0,0,1,68K01,0,,4,1,2050.0,N,N,N,0,,0,0,1,3,8,N,2012,1,1,0,0,0,1,0,3,4,0,1,3,,N,,,,,,,,,,,
2021004523,1622.0,1,0,0,0,0,0,0,0,0,7,0,,67,1,2021,5,40.0201,-75.0443,1546.0,6,0,0,0,0,1,0,0,0,,0,0,0,15,1,0,0,N,0,40 01:12.456,,0,75 02:39.455,0,0,0,0,67301,0,0,0,Y,0,0,0,3,68K01,0,,2,1,,N,N,N,0,,0,0,0,3,8,,1537,0,1,0,0,0,0,0,3,4,0,1,3,3.0,N,,,,,,,,,,,
2021004386,1703.0,0,0,0,0,0,0,0,0,0,98,0,,67,1,2021,1,39.9198,-75.2019,1703.0,6,0,0,0,0,0,0,0,0,,0,0,0,20,3,1,0,N,0,39 55:11.110,,3,75 12:06.912,3,0,0,0,67301,0,0,0,N,0,0,0,1,67301,0,,1,9,,N,N,N,1,,1,0,0,0,0,,2030,1,1,0,0,1,0,0,3,4,0,1,7,7.0,N,,,,,,,,,,,
2021029392,921.0,2,0,0,0,0,0,0,0,0,6,0,,67,3,2021,1,40.0443,-75.1007,915.0,6,0,0,0,0,0,0,0,0,,0,0,0,19,3,1,0,N,0,40 02:39.380,,0,75 06:02.480,8,0,0,0,67301,0,0,0,N,0,0,0,1,67301,0,,1,9,,N,N,N,0,,0,0,0,0,0,,1915,1,2,0,0,1,1,0,3,4,0,2,7,7.0,N,,,,,,,,,,,
2021029845,2010.0,1,0,0,0,0,0,0,0,0,4,0,,67,3,2021,1,39.9835,-75.2082,2010.0,6,0,0,0,0,0,0,0,0,,0,0,0,20,6,2,0,N,0,39 59:00.447,,0,75 12:29.612,4,0,0,0,67301,0,0,0,Y,0,0,0,3,68K01,2,,1,1,,N,N,N,0,,0,0,1,0,0,,2010,2,2,0,0,0,0,0,3,4,0,2,3,,N,,,,,,,,,,,
2021003608,703.0,0,0,0,0,0,0,0,0,0,4,1,,67,1,2021,7,39.9327,-75.2,659.0,6,0,0,0,0,0,1,0,0,,0,1,0,6,1,0,0,N,2,39 55:57.666,4.0,0,75 12:00.145,0,0,0,0,67301,0,0,0,N,0,0,0,2,68K01,0,,3,9,731.0,N,N,N,0,,0,0,1,0,0,N,657,0,2,0,0,0,0,0,3,4,0,2,3,,N,,,,,,,,,,,