CRN,ARRIVAL_TM,AUTOMOBILE_COUNT,BELTED_DEATH_COUNT,BELTED_SUSP_SERIOUS_INJ_COUNT,BICYCLE_COUNT,BICYCLE_DEATH_COUNT,BICYCLE_SUSP_SERIOUS_INJ_COUNT,BUS_COUNT,CHLDPAS_DEATH_COUNT,CHLDPAS_SUSP_SERIOUS_INJ_COUNT,COLLISION_TYPE,COMM_VEH_COUNT,CONS_ZONE_SPD_LIM,COUNTY,CRASH_MONTH,CRASH_YEAR,DAY_OF_WEEK,DEC_LAT,DEC_LONG,DISPATCH_TM,DISTRICT,DRIVER_COUNT_16YR,DRIVER_COUNT_17YR,DRIVER_COUNT_18YR,DRIVER_COUNT_19YR,DRIVER_COUNT_20YR,DRIVER_COUNT_50_64YR,DRIVER_COUNT_65_74YR,DRIVER_COUNT_75PLUS,EST_HRS_CLOSED,FATAL_COUNT,HEAVY_TRUCK_COUNT,HORSE_BUGGY_COUNT,HOUR_OF_DAY,ILLUMINATION,INJURY_COUNT,INTERSECT_TYPE,INTERSECTION_RELATED,LANE_CLOSED,LATITUDE,LN_CLOSE_DIR,LOCATION_TYPE,LONGITUDE,MAX_SEVERITY_LEVEL,MCYCLE_DEATH_COUNT,MCYCLE_SUSP_SERIOUS_INJ_COUNT,MOTORCYCLE_COUNT,MUNICIPALITY,NONMOTR_COUNT,NONMOTR_DEATH_COUNT,NONMOTR_SUSP_SERIOUS_INJ_COUNT,NTFY_HIWY_MAINT,PED_COUNT,PED_DEATH_COUNT,PED_SUSP_SERIOUS_INJ_COUNT,PERSON_COUNT,POLICE_AGCY,POSSIBLE_INJ_COUNT,RDWY_SURF_TYPE_CD,RELATION_TO_ROAD,ROAD_CONDITION,ROADWAY_CLEARED,SCH_BUS_IND,SCH_ZONE_IND,SECONDARY_CRASH,SMALL_TRUCK_COUNT,SPEC_JURIS_CD,SUSP_MINOR_INJ_COUNT,SUSP_SERIOUS_INJ_COUNT,SUV_COUNT,TCD_FUNC_CD,TCD_TYPE,TFC_DETOUR_IND,TIME_OF_DAY,TOT_INJ_COUNT,TOTAL_UNITS,UNB_DEATH_COUNT,UNB_SUSP_SERIOUS_INJ_COUNT,UNBELTED_OCC_COUNT,UNK_INJ_DEG_COUNT,UNK_INJ_PER_COUNT,URBAN_AREA,URBAN_RURAL,VAN_COUNT,VEHICLE_COUNT,WEATHER1,WEATHER2,WORK_ZONE_IND,WORK_ZONE_LOC,WORK_ZONE_TYPE,WORKERS_PRES,WZ_CLOSE_DETOUR,WZ_FLAGGER,WZ_LAW_OFFCR_IND,WZ_LN_CLOSURE,WZ_MOVING,WZ_OTHER,WZ_SHLDER_MDN,WZ_WORKERS_INJ_KILLED
2021014695,2359.0,1,0,0,0,0,0,0,0,0,2,0,,67,2,2021,2,39.8829,-75.2226,2354.0,6,0,0,0,0,0,1,0,0,,0,0,0,23,3,3,0,N,0,39 52:58.580,,0,75 13:21.440,3,0,0,2,67301,0,0,0,N,0,0,0,3,67301,0,,1,1,,N,N,N,0,,3,0,0,0,0,,2327,3,3,0,0,0,0,0,3,4,0,3,3,3.0,N,,,,,,,,,,,
2021040554,2140.0,1,0,0,0,0,0,0,0,0,8,0,,67,2,2021,7,40.0516,-75.0012,2135.0,6,0,0,0,0,0,0,0,0,,1,0,0,21,3,0,0,N,2,40 03:05.701,6.0,0,75 00:04.357,1,0,0,0,67301,1,1,0,N,1,1,0,2,67301,0,2.0,1,1,2142.0,N,N,N,0,0.0,0,0,0,0,0,Y,2130,0,2,0,0,0,0,0,3,4,0,1,3,3.0,N,,,,,,,,,,,
2021040934,1744.0,0,0,0,0,0,0,0,0,0,1,0,,67,5,2021,3,39.958,-75.1629,1718.0,6,0,0,0,0,0,0,0,0,,0,0,0,17,1,1,0,N,0,39 57:28.814,,0,75 09:46.329,8,0,0,0,67301,0,0,0,N,0,0,0,2,68K01,0,,1,1,,N,N,N,0,,0,0,2,0,0,,1718,1,2,0,0,0,1,0,3,4,0,2,3,3.0,N,,,,,,,,,,,
2021009742,2230.0,2,0,0,0,0,0,0,0,0,2,0,,67,1,2021,6,39.946,-75.1842,2230.0,6,0,0,0,0,0,0,0,0,,0,0,0,21,3,0,1,,0,39 56:45.546,,0,75 11:03.246,0,0,0,0,67301,0,0,0,N,0,0,0,3,67301,0,,1,1,,N,N,N,0,,0,0,0,3,2,,2104,0,2,0,0,3,0,0,3,4,0,2,3,3.0,N,,,,,,,,,,,
2021012833,455.0,1,0,0,0,0,0,0,0,0,7,0,,67,2,2021,1,40.0265,-75.0962,438.0,6,0,0,0,0,0,0,0,0,,0,0,0,4,3,1,0,N,1,40 01:35.279,2.0,0,75 05:46.319,3,0,0,0,67301,0,0,0,N,0,0,0,2,67301,0,,3,1,515.0,N,N,N,0,,1,0,0,0,0,N,434,1,1,0,0,0,0,0,3,4,0,1,3,3.0,N,,,,,,,,,,,
2021013458,1106.0,1,0,0,0,0,0,0,0,0,7,0,,67,2,2021,1,40.0941,-74.9804,1059.0,6,0,0,0,0,0,0,0,0,,0,0,0,10,1,0,0,N,1,40 05:38.634,3.0,0,74 58:49.557,0,0,0,0,67301,0,0,0,N,0,0,0,1,67301,0,,2,6,1120.0,N,N,N,0,,0,0,0,0,0,N,1052,0,1,0,0,0,0,0,3,4,0,1,10,4.0,N,,,,,,,,,,,
2021002647,1255.0,2,0,0,0,0,0,0,0,0,1,0,,67,1,2021,4,40.0068,-75.1501,1255.0,6,0,0,0,0,0,0,0,0,,0,0,0,12,1,1,0,N,0,40 00:24.590,,0,75 09:00.250,4,0,0,0,67301,0,0,0,N,0,0,0,3,67301,1,,1,1,,N,N,N,0,,0,0,1,0,0,,1255,1,3,0,0,1,0,0,3,4,0,3,3,3.0,N,,,,,,,,,,,
2021035510,1658.0,1,0,0,0,0,0,0,0,0,1,0,,67,4,2021,6,39.9488,-75.1595,1653.0,6,0,0,0,0,0,0,0,0,,0,0,0,16,1,1,0,N,1,39 56:55.509,4.0,0,75 09:34.126,3,0,0,0,67301,3,0,0,N,0,0,0,4,67301,0,,6,1,1730.0,N,N,N,0,,1,0,1,0,0,N,1650,1,3,0,0,1,0,0,3,4,0,3,3,,N,,,,,,,,,,,
2021006506,1135.0,2,0,0,0,0,0,0,0,0,5,0,,67,1,2021,2,39.9964,-75.1421,1100.0,6,0,0,0,0,0,0,0,0,,0,0,0,5,3,0,0,N,1,39 59:47.040,1.0,0,75 08:31.620,0,0,0,0,67301,0,0,0,N,0,0,0,1,67301,0,,6,1,1201.0,N,N,N,0,,0,0,0,0,0,N,519,0,2,0,0,1,0,0,3,4,0,2,3,3.0,N,,,,,,,,,,,
2021042257,803.0,1,0,0,0,0,0,0,0,0,1,0,45.0,67,5,2021,6,39.9793,-75.1074,754.0,6,0,0,0,0,0,0,1,0,,0,0,0,7,1,1,0,N,2,39 58:45.563,1.0,0,75 06:26.742,8,0,0,0,67301,0,0,0,N,0,0,0,2,68K01,0,,1,1,845.0,N,N,N,0,,0,0,1,0,0,N,753,1,2,0,0,0,1,0,3,4,0,2,3,3.0,Y,4.0,1.0,Y,N,N,N,N,N,N,Y,N
2021003497,338.0,1,0,0,0,0,0,0,0,0,7,0,,67,1,2021,1,40.0673,-75.0282,338.0,6,0,0,0,0,0,0,0,0,,0,0,0,3,3,1,2,,0,40 04:02.323,,0,75 01:41.663,4,0,0,0,67301,0,0,0,N,0,0,0,1,67301,1,,4,1,,N,N,N,0,,0,0,0,3,2,,338,1,1,0,0,0,0,0,3,4,0,1,3,3.0,N,,,,,,,,,,,
2021006054,856.0,2,0,0,0,0,0,0,0,0,1,0,,67,1,2021,4,40.0276,-75.1505,855.0,6,0,0,0,0,0,0,1,0,,0,0,0,8,1,1,0,N,0,40 01:39.350,,0,75 09:01.690,3,0,0,0,67301,0,0,0,N,0,0,0,3,67301,0,,1,1,,N,N,N,0,,1,0,1,0,0,,850,1,3,0,0,0,0,0,3,4,0,3,3,3.0,N,,,,,,,,,,,
2021013525,2151.0,1,0,0,0,0,0,0,0,0,5,0,,67,1,2021,6,39.9484,-75.1417,2144.0,6,0,0,0,0,0,1,0,0,,0,0,0,21,3,1,0,N,1,39 56:54.386,1.0,0,75 08:30.065,4,0,0,0,67301,0,0,0,N,0,0,0,2,68K01,1,,1,1,2220.0,N,N,N,0,,0,0,1,0,0,N,2144,1,2,0,0,1,0,0,3,4,0,2,3,,N,,,,,,,,,,,
2021038211,1546.0,2,0,0,0,0,0,0,0,0,1,0,,67,4,2021,3,39.9592,-75.1722,1529.0,6,0,0,0,0,0,0,0,0,,0,0,0,15,1,0,0,N,0,39 57:32.987,,0,75 10:20.053,0,0,0,0,67301,0,0,0,N,0,0,0,3,68K01,0,,1,1,,N,N,N,0,,0,0,1,0,0,,1527,0,3,0,0,0,0,0,3,4,0,3,3,,N,,,,,,,,,,,
2021008750,1315.0,1,0,0,0,0,0,0,0,0,3,0,,67,1,2021,1,40.0648,-75.0078,1305.0,6,0,0,0,0,0,0,0,0,,0,0,0,12,1,1,0,N,0,40 03:53.100,,7,75 00:27.900,8,0,0,0,67301,0,0,0,N,0,0,0,2,67301,0,,1,1,,N,N,N,0,,0,0,1,0,0,,1245,1,2,0,0,0,1,0,3,4,0,2,3,3.0,N,,,,,,,,,,,
2021007675,134.0,2,0,0,0,0,0,0,0,0,4,0,,67,1,2021,4,40.0152,-75.1498,134.0,6,0,0,0,0,0,1,0,0,,0,0,0,21,3,1,1,,0,40 00:54.857,,0,75 08:59.386,8,0,0,0,67301,0,0,0,N,0,0,0,2,67301,0,,1,1,,N,N,N,0,,0,0,0,3,2,,2118,1,2,0,0,0,1,0,3,4,0,2,3,,N,,,,,,,,,,,
2021006000,2350.0,1,0,0,0,0,0,0,0,0,4,0,,67,1,2021,5,39.928,-75.2193,2349.0,6,0,0,0,0,0,1,0,0,,0,0,0,23,3,2,1,,0,39 55:40.869,,0,75 13:09.477,3,0,0,0,67301,0,0,0,N,0,0,0,3,67301,0,,1,1,,N,N,N,0,,2,0,1,3,1,,2316,2,2,0,0,2,0,0,3,4,0,2,3,3.0,N,,,,,,,,,,,
2021007806,1740.0,2,0,0,0,0,0,0,0,0,1,0,,67,1,2021,4,39.9988,-75.1292,1733.0,6,0,0,0,0,0,0,0,0,,0,0,0,16,1,0,0,N,0,39 59:55.640,,0,75 07:45.150,0,0,0,0,67301,0,0,0,N,0,0,0,2,67301,0,,1,1,,N,N,N,0,,0,0,1,0,0,,1640,0,4,0,0,1,0,0,3,4,0,4,3,3.0,N,,,,,,,,,,,
2021036938,412.0,1,0,0,0,0,0,0,0,0,2,0,,67,4,2021,5,40.0224,-75.0781,407.0,6,0,0,0,0,0,1,0,0,,0,0,0,4,3,1,1,,0,40 01:20.463,,0,75 04:41.285,3,0,0,0,67301,0,0,0,N,0,0,0,2,67301,0,,1,1,,N,N,N,1,,1,0,0,9,3,,406,1,2,0,0,1,0,0,3,4,0,2,3,,N,,,,,,,,,,,
2021036381,2307.0,1,0,0,0,0,0,0,0,0,1,0,,67,4,2021,7,39.9836,-75.0974,2307.0,6,0,0,0,0,0,0,0,0,,0,0,0,23,3,0,0,N,2,39 59:00.844,1.0,0,75 05:50.676,9,0,0,0,67301,0,0,0,N,0,0,0,3,68K01,0,,1,1,2350.0,N,N,N,0,,0,0,1,0,0,N,2307,0,3,0,0,0,0,1,3,4,0,3,3,,N,,,,,,,,,,,
2021014686,1532.0,0,0,0,0,0,0,0,0,0,7,0,,67,2,2021,5,40.0577,-75.0387,1516.0,6,0,0,0,0,0,0,0,0,,0,0,0,14,1,1,11,,1,40 03:27.543,4.0,0,75 02:19.294,3,0,0,0,67301,0,0,0,N,0,0,0,1,67301,0,,4,7,1700.0,N,N,N,0,,1,0,0,0,0,N,1447,1,1,0,0,0,0,0,3,4,1,1,3,98.0,N,,,,,,,,,,,
2021023558,2145.0,2,0,0,0,0,0,0,0,0,4,0,,67,3,2021,1,40.0239,-75.1598,2145.0,6,0,0,0,0,0,0,0,0,,0,0,0,19,3,1,0,N,0,40 01:25.916,,7,75 09:35.116,4,0,0,0,67301,0,0,0,N,0,0,0,2,67301,1,,1,1,,N,N,N,0,,0,0,0,3,2,,1900,1,2,0,0,0,0,1,3,4,0,2,3,3.0,N,,,,,,,,,,,
2021036462,1715.0,1,0,0,0,0,0,0,0,0,1,0,,67,1,2021,1,40.1044,-75.0019,1706.0,6,0,0,0,0,0,0,0,0,,0,0,0,17,4,0,0,N,0,40 06:15.741,,0,75 00:06.925,0,0,0,0,67301,0,0,0,N,0,0,0,2,67301,0,,1,1,,N,N,N,0,,0,0,1,0,0,,1700,0,2,0,0,1,0,0,3,4,0,2,3,,N,,,,,,,,,,,
2021036077,2150.0,1,0,0,0,0,0,0,0,0,5,0,,67,4,2021,6,40.0152,-75.1365,2147.0,6,0,0,0,0,0,0,0,0,,0,0,0,21,3,1,1,,0,40 00:54.770,,0,75 08:11.399,3,0,0,1,67301,0,0,0,N,0,0,0,2,67301,0,,1,1,,N,N,N,0,,1,0,0,3,3,,2147,1,2,0,0,0,0,0,3,4,0,2,3,,N,,,,,,,,,,,
2021013175,2215.0,0,0,0,0,0,0,0,0,0,7,0,,67,2,2021,1,39.9037,-75.1982,2207.0,6,0,0,0,0,0,0,0,0,,0,0,0,22,3,1,0,N,0,39 54:13.491,,3,75 11:53.427,3,0,0,0,67301,0,0,0,N,0,0,0,1,67301,0,,3,1,,N,N,N,0,,1,0,0,0,0,,2206,1,1,0,0,0,0,0,3,4,1,1,3,,N,,,,,,,,,,,
2021009093,10.0,2,0,0,0,0,0,0,0,0,4,0,,67,1,2021,3,40.0071,-75.0941,3.0,6,0,0,0,0,1,0,0,0,,0,0,0,0,3,2,1,,0,40 00:25.667,,1,75 05:38.650,3,0,0,0,67301,0,0,0,N,0,0,0,3,67301,1,,1,1,,N,N,N,0,,1,0,0,3,2,,3,2,2,0,0,3,0,0,3,4,0,2,3,3.0,N,,,,,,,,,,,
2021040641,1826.0,3,0,0,0,0,0,0,0,0,5,0,,67,4,2021,6,40.0419,-75.0039,1802.0,6,0,0,2,0,0,0,0,0,,0,0,0,17,1,0,0,N,0,40 02:30.719,,0,75 00:14.133,9,0,0,0,67301,0,0,0,N,0,0,0,3,68K01,0,,1,1,,N,N,N,0,,0,0,0,0,0,,1744,0,3,0,0,0,0,1,3,4,0,3,3,,N,,,,,,,,,,,
2021015664,1738.0,2,0,0,0,0,0,0,0,0,4,0,,67,1,2021,4,39.9563,-75.2399,1729.0,6,0,0,0,0,0,0,0,0,,0,0,0,17,3,1,1,,0,39 57:22.730,,0,75 14:23.657,3,0,0,0,67301,0,0,0,N,0,0,0,2,67301,0,,1,1,,N,N,N,0,,1,0,0,3,2,,1727,1,2,0,0,0,0,0,3,4,0,2,3,3.0,N,,,,,,,,,,,
2021005262,1741.0,2,0,0,0,0,0,0,0,0,4,0,,67,1,2021,7,39.9841,-75.1601,1739.0,6,0,0,0,1,0,0,0,0,,0,0,0,17,2,1,1,,2,39 59:02.710,1.0,0,75 09:36.190,4,0,0,0,67301,0,0,0,N,0,0,0,2,67505,1,,1,1,2245.0,N,N,Y,0,,0,0,1,3,3,Y,1737,1,3,0,0,0,0,0,3,4,0,3,3,3.0,N,,,,,,,,,,,
2021006385,1618.0,3,0,0,0,0,0,0,0,0,2,0,,67,1,2021,2,39.9214,-75.2218,1615.0,6,0,0,0,0,0,1,0,0,,0,0,0,16,1,0,0,N,0,39 55:17.090,,0,75 13:18.540,0,0,0,0,67301,0,0,0,N,0,0,0,1,67301,0,,6,1,,N,N,N,0,,0,0,1,0,0,,1600,0,4,0,0,0,0,0,3,4,0,4,3,3.0,N,,,,,,,,,,,
2021005998,2029.0,0,0,0,0,0,0,0,0,0,4,0,,67,1,2021,4,39.9161,-75.2259,2023.0,6,0,1,0,0,0,0,0,0,,0,0,0,20,3,1,2,,0,39 54:57.900,,0,75 13:33.200,8,0,0,0,67301,0,0,0,N,0,0,0,2,67301,0,,1,1,,N,N,N,0,,0,0,1,3,2,,2020,1,2,0,0,0,1,0,3,4,1,2,3,3.0,N,,,,,,,,,,,
2021000930,431.0,0,0,0,0,0,0,0,0,0,5,0,,67,1,2021,2,40.0276,-75.1613,427.0,6,0,0,0,0,0,0,0,0,,0,0,0,4,3,2,0,N,0,40 01:39.328,,0,75 09:40.574,3,0,0,0,67301,0,0,0,N,0,0,0,2,67301,0,,6,9,,N,N,N,0,,2,0,2,0,0,,410,2,3,0,0,0,0,0,3,4,0,3,7,,N,,,,,,,,,,,
2021004390,2100.0,1,0,0,0,0,0,0,0,0,5,0,,67,1,2021,3,40.017,-75.0835,2100.0,6,0,0,0,0,0,0,0,0,,0,0,0,20,3,0,0,N,0,40 01:01.236,,1,75 05:00.648,9,0,0,0,67301,0,0,0,N,0,0,0,2,67301,0,,1,1,,N,N,N,0,,0,0,0,0,0,,2000,0,2,0,0,0,0,1,3,4,0,2,3,3.0,N,,,,,,,,,,,
2021006827,2315.0,0,0,0,0,0,0,0,0,0,4,0,,67,1,2021,4,40.0564,-75.0142,2315.0,6,0,0,0,0,0,0,0,0,,0,0,0,22,3,0,2,,0,40 03:23.200,,6,75 00:51.200,9,0,0,0,67301,0,0,0,N,0,0,0,2,67301,0,,1,99,,N,N,N,0,,0,0,2,3,3,,2215,0,2,0,0,0,0,2,3,4,0,2,99,98.0,N,,,,,,,,,,,
2021014589,1255.0,0,0,0,1,0,0,0,0,0,5,0,,67,2,2021,4,39.9379,-75.1674,1252.0,6,0,0,0,0,0,0,0,0,,0,0,0,12,1,1,0,N,0,39 56:16.580,,0,75 10:02.770,3,0,0,0,67301,1,0,0,N,0,0,0,2,67301,0,,1,1,,N,N,N,0,,1,0,1,0,0,,1239,1,2,0,0,0,0,0,3,4,0,1,3,3.0,N,,,,,,,,,,,
2021038498,918.0,3,0,0,0,0,0,1,0,0,5,1,,67,4,2021,7,40.0002,-75.1759,918.0,6,0,0,0,0,0,0,0,0,,0,0,0,22,3,0,0,N,0,40 00:00.670,,0,75 10:33.200,9,0,0,0,67301,0,0,0,N,0,0,0,1,67301,0,,6,99,,N,N,N,0,,0,0,0,0,0,,2230,0,4,0,0,0,0,1,3,4,0,4,99,,N,,,,,,,,,,,
2021013294,1403.0,1,0,0,0,0,0,0,0,0,3,0,,67,2,2021,1,40.0198,-75.0683,1402.0,6,0,0,0,0,0,0,0,0,,0,0,0,13,1,0,0,N,0,40 01:11.430,,0,75 04:05.910,0,0,0,0,67301,0,0,0,N,0,0,0,1,67301,0,,6,7,,N,N,N,0,,0,0,2,0,0,,1338,0,3,0,0,0,0,0,3,4,0,3,10,4.0,N,,,,,,,,,,,
2021010202,1620.0,2,0,0,0,0,0,0,0,0,5,0,,67,1,2021,1,40.131,-75.0139,1603.0,6,0,0,0,0,0,1,0,0,,0,0,0,15,1,0,0,N,0,40 07:51.565,,0,75 00:49.871,0,0,0,0,67301,0,0,0,N,0,0,0,4,67301,0,,1,7,,N,N,Y,0,,0,0,1,0,0,,1558,0,4,0,0,0,0,0,3,4,1,4,10,6.0,N,,,,,,,,,,,
2021007742,1325.0,1,0,0,0,0,0,0,0,0,5,0,,67,1,2021,6,40.0304,-75.1183,1324.0,6,0,0,0,0,0,0,0,0,,0,0,0,23,6,0,0,N,0,40 01:49.491,,0,75 07:05.860,9,0,0,0,67301,0,0,0,N,0,0,0,3,67301,0,,1,99,,N,N,N,0,,0,0,2,0,0,,2358,0,3,0,0,0,0,1,3,4,0,3,99,98.0,N,,,,,,,,,,,
2021012839,420.0,1,0,0,0,0,0,0,0,0,5,0,,67,2,2021,1,39.9814,-75.1606,418.0,6,0,0,0,0,0,0,1,0,,0,0,0,4,3,0,0,N,0,39 58:53.000,,0,75 09:38.300,0,0,0,0,67301,0,0,0,N,0,0,0,1,67505,0,,6,2,,N,N,N,0,,0,0,2,0,0,,415,0,3,0,0,0,0,0,3,4,0,3,3,3.0,N,,,,,,,,,,,
2021006315,2133.0,1,0,0,0,0,0,0,0,0,7,0,,67,1,2021,6,40.0353,-75.0181,2133.0,6,0,0,0,1,0,0,0,0,,0,0,0,21,3,1,0,N,2,40 02:07.184,2.0,3,75 01:05.051,3,0,0,0,67301,0,0,0,N,0,0,0,1,68K01,0,,3,9,45.0,N,N,N,0,,1,0,0,0,0,N,2133,1,1,0,0,0,0,0,3,4,0,1,7,,N,,,,,,,,,,,
2021039468,1750.0,1,0,0,0,0,0,0,0,0,5,0,,67,1,2021,1,40.0024,-75.1343,1745.0,6,0,0,0,0,0,1,0,0,,0,0,0,17,3,0,0,N,0,40 00:08.470,,0,75 08:03.510,0,0,0,0,67301,0,0,0,N,0,0,0,1,67301,0,,6,1,,N,N,N,0,,0,0,1,0,0,,1743,0,2,0,0,0,0,0,3,4,0,2,3,3.0,N,,,,,,,,,,,
2021011794,551.0,0,0,0,0,0,0,0,0,0,1,0,,67,2,2021,2,40.1235,-75.0154,540.0,6,0,0,0,0,0,0,0,0,,0,0,0,5,3,1,1,,0,40 07:24.748,,0,75 00:55.269,8,0,0,0,67301,0,0,0,N,0,0,0,2,67301,0,,1,7,,N,N,N,0,,0,0,1,3,2,,535,1,2,0,0,0,1,1,3,4,1,2,10,9.0,N,,,,,,,,,,,
2021014691,1045.0,2,0,0,0,0,0,0,0,0,4,0,,67,2,2021,7,39.9264,-75.2305,1045.0,6,0,0,0,0,0,0,0,0,,0,0,0,10,1,1,1,,0,39 55:35.061,,0,75 13:49.807,3,0,0,0,67301,0,0,0,N,0,0,0,3,67301,0,,1,1,,N,N,N,0,,1,0,0,3,2,,1045,1,2,0,0,0,0,0,3,4,0,2,3,,N,,,,,,,,,,,
2021009546,1329.0,1,0,0,0,0,0,0,0,0,4,0,,67,1,2021,4,39.9118,-75.1728,1327.0,6,0,0,0,0,0,1,0,0,,0,0,0,13,1,0,1,,0,39 54:42.304,,0,75 10:22.006,0,0,0,0,67301,0,0,0,N,0,0,0,2,67301,0,,1,1,,N,N,N,0,,0,0,1,3,2,,1316,0,2,0,0,0,0,0,3,4,0,2,3,3.0,N,,,,,,,,,,,
2021007374,1830.0,1,0,0,0,0,0,0,0,0,4,0,,67,1,2021,6,39.969,-75.169,1820.0,6,0,0,0,0,0,1,0,0,,0,0,0,18,3,0,1,,0,39 58:08.328,,0,75 10:08.374,0,0,0,0,67301,0,0,0,N,0,0,0,2,67301,0,,1,1,,N,N,N,0,,0,0,1,3,3,,1800,0,2,0,0,0,0,0,3,4,0,2,3,3.0,N,,,,,,,,,,,
2021027508,1934.0,1,0,0,0,0,0,0,0,0,4,0,,67,3,2021,3,40.0381,-75.0371,1925.0,6,0,0,0,0,0,0,0,0,,0,0,0,19,4,0,2,,0,40 02:17.317,,0,75 02:13.888,0,0,0,0,67301,0,0,0,N,0,0,0,2,67301,0,,1,1,,N,N,N,0,,0,0,0,3,3,,1900,0,2,0,0,0,0,0,3,4,1,2,3,3.0,N,,,,,,,,,,,
2021009422,1040.0,0,0,0,0,0,0,0,0,0,4,0,,67,1,2021,6,40.0244,-75.0493,1036.0,6,0,0,0,0,0,0,0,0,,0,0,0,10,1,2,1,,0,40 01:27.694,,0,75 02:57.520,3,0,0,0,67301,0,0,0,N,0,0,0,2,67301,0,,1,1,,N,N,N,0,,2,0,1,3,3,,1031,2,2,0,0,0,0,0,3,4,1,2,3,3.0,N,,,,,,,,,,,
2021007193,233.0,1,0,0,0,0,0,0,0,0,4,0,,67,1,2021,6,39.9968,-75.1034,233.0,6,0,0,0,0,0,0,1,0,,0,0,0,2,3,1,1,,1,39 59:48.460,1.0,0,75 06:12.128,8,0,0,0,67301,0,0,0,N,0,0,0,2,67301,0,,1,1,236.0,N,N,N,0,,0,0,3,3,2,N,215,1,4,0,0,0,1,1,3,4,0,4,3,3.0,N,,,,,,,,,,,
2021013529,733.0,2,0,0,0,0,0,0,0,0,1,0,,67,1,2021,2,40.0467,-75.0017,705.0,6,0,0,0,0,0,1,0,0,,0,0,0,6,1,1,0,N,0,40 02:48.210,,2,75 00:06.228,3,0,0,0,67301,0,0,0,N,0,0,0,2,68K01,0,,1,1,,N,N,N,0,,1,0,0,0,0,,639,1,2,0,0,0,0,0,3,4,0,2,3,,N,,,,,,,,,,,
2021014374,654.0,0,0,0,0,0,0,0,0,0,7,0,,67,2,2021,2,39.9904,-75.0864,546.0,6,0,0,0,0,0,0,0,0,,0,0,0,5,3,0,0,N,1,39 59:25.291,1.0,2,75 05:10.986,9,0,0,0,67301,0,0,0,Y,0,0,0,1,68K01,0,,2,6,706.0,N,N,N,0,,0,0,1,0,0,N,546,0,1,0,0,0,0,1,3,4,0,1,6,10.0,N,,,,,,,,,,,
2021041547,1614.0,1,0,0,0,0,0,0,0,0,7,0,,67,5,2021,7,39.9691,-75.1553,1610.0,6,0,0,0,0,0,0,0,0,,0,0,0,16,1,0,0,N,0,39 58:08.780,,0,75 09:19.060,0,0,0,0,67301,0,0,0,N,0,0,0,0,67301,0,,9,1,,N,N,N,0,,0,0,0,0,0,,1600,0,1,0,0,0,0,0,3,4,0,1,3,3.0,N,,,,,,,,,,,
2021035901,2315.0,2,0,0,0,0,0,0,0,0,5,0,,67,4,2021,2,40.0192,-75.0564,2310.0,6,0,0,0,0,0,0,0,0,,0,0,0,22,3,0,0,N,1,40 01:08.959,1.0,0,75 03:22.902,0,0,0,0,67301,0,0,0,N,0,0,0,2,67301,0,,6,1,30.0,N,N,N,1,,0,0,0,0,0,N,2240,0,3,0,0,2,0,0,3,4,0,3,3,3.0,N,,,,,,,,,,,
2021013180,1940.0,0,0,0,0,0,0,0,0,0,4,0,,67,2,2021,1,39.9809,-75.2465,1938.0,6,0,0,0,0,0,1,0,0,,0,0,0,19,3,1,5,,0,39 58:50.954,,0,75 14:47.798,3,0,0,0,67301,0,0,0,N,0,0,0,2,67301,0,,1,2,,N,N,N,0,,1,0,2,3,2,,1917,1,2,0,0,0,0,0,3,4,0,2,7,7.0,N,,,,,,,,,,,
2021041355,1412.0,0,0,0,0,0,0,0,0,0,5,1,99.0,67,5,2021,6,39.9123,-75.1706,1412.0,6,0,0,0,0,0,2,0,0,,0,1,0,14,1,1,6,,1,39 54:44.100,4.0,8,75 10:14.300,8,0,0,0,67301,0,0,0,N,0,0,0,4,67501,0,,7,1,1450.0,N,N,N,0,,0,0,1,3,4,N,1412,1,2,0,0,0,1,0,3,4,0,2,3,,Y,4.0,1.0,U,,,U,Y,,,,N
2021003245,1153.0,0,0,0,0,0,0,0,0,0,4,0,,67,1,2021,7,39.9762,-75.161,1147.0,6,0,0,0,0,0,0,0,0,,0,0,0,11,1,0,1,,0,39 58:34.232,,0,75 09:39.464,0,0,0,0,67301,0,0,0,N,0,0,0,2,67301,0,,1,1,,N,N,N,1,,0,0,1,3,3,,1145,0,2,0,0,0,0,0,3,4,0,2,3,3.0,N,,,,,,,,,,,
2021008754,2350.0,2,0,0,0,0,0,0,0,0,4,0,,67,1,2021,1,40.0599,-75.1734,2345.0,6,0,0,0,0,0,0,0,0,,0,0,0,23,3,0,1,,0,40 03:35.475,,0,75 10:24.377,0,0,0,0,67301,0,0,0,N,0,0,0,2,67301,0,,1,1,,N,N,N,0,,0,0,0,3,2,,2335,0,2,0,0,0,0,0,3,4,0,2,3,3.0,N,,,,,,,,,,,
2021001480,1937.0,1,0,0,0,0,0,0,0,0,7,0,,67,1,2021,1,40.0397,-75.0071,1923.0,6,0,0,0,0,0,0,0,0,,0,0,0,19,3,1,0,N,2,40 02:22.984,2.0,0,75 00:25.403,8,0,0,0,67301,0,0,0,N,0,0,0,1,68K01,0,,3,9,2111.0,N,N,N,0,,0,0,0,0,0,Y,1922,1,1,0,0,0,1,0,3,4,0,1,7,7.0,N,,,,,,,,,,,