CRN,ARRIVAL_TM,AUTOMOBILE_COUNT,BELTED_DEATH_COUNT,BELTED_SUSP_SERIOUS_INJ_COUNT,BICYCLE_COUNT,BICYCLE_DEATH_COUNT,BICYCLE_SUSP_SERIOUS_INJ_COUNT,BUS_COUNT,CHLDPAS_DEATH_COUNT,CHLDPAS_SUSP_SERIOUS_INJ_COUNT,COLLISION_TYPE,COMM_VEH_COUNT,CONS_ZONE_SPD_LIM,COUNTY,CRASH_MONTH,CRASH_YEAR,DAY_OF_WEEK,DEC_LAT,DEC_LONG,DISPATCH_TM,DISTRICT,DRIVER_COUNT_16YR,DRIVER_COUNT_17YR,DRIVER_COUNT_18YR,DRIVER_COUNT_19YR,DRIVER_COUNT_20YR,DRIVER_COUNT_50_64YR,DRIVER_COUNT_65_74YR,DRIVER_COUNT_75PLUS,EST_HRS_CLOSED,FATAL_COUNT,HEAVY_TRUCK_COUNT,HORSE_BUGGY_COUNT,HOUR_OF_DAY,ILLUMINATION,INJURY_COUNT,INTERSECT_TYPE,INTERSECTION_RELATED,LANE_CLOSED,LATITUDE,LN_CLOSE_DIR,LOCATION_TYPE,LONGITUDE,MAX_SEVERITY_LEVEL,MCYCLE_DEATH_COUNT,MCYCLE_SUSP_SERIOUS_INJ_COUNT,MOTORCYCLE_COUNT,MUNICIPALITY,NONMOTR_COUNT,NONMOTR_DEATH_COUNT,NONMOTR_SUSP_SERIOUS_INJ_COUNT,NTFY_HIWY_MAINT,PED_COUNT,PED_DEATH_COUNT,PED_SUSP_SERIOUS_INJ_COUNT,PERSON_COUNT,POLICE_AGCY,POSSIBLE_INJ_COUNT,RDWY_SURF_TYPE_CD,RELATION_TO_ROAD,ROAD_CONDITION,ROADWAY_CLEARED,SCH_BUS_IND,SCH_ZONE_IND,SECONDARY_CRASH,SMALL_TRUCK_COUNT,SPEC_JURIS_CD,SUSP_MINOR_INJ_COUNT,SUSP_SERIOUS_INJ_COUNT,SUV_COUNT,TCD_FUNC_CD,TCD_TYPE,TFC_DETOUR_IND,TIME_OF_DAY,TOT_INJ_COUNT,TOTAL_UNITS,UNB_DEATH_COUNT,UNB_SUSP_SERIOUS_INJ_COUNT,UNBELTED_OCC_COUNT,UNK_INJ_DEG_COUNT,UNK_INJ_PER_COUNT,URBAN_AREA,URBAN_RURAL,VAN_COUNT,VEHICLE_COUNT,WEATHER1,WEATHER2,WORK_ZONE_IND,WORK_ZONE_LOC,WORK_ZONE_TYPE,WORKERS_PRES,WZ_CLOSE_DETOUR,WZ_FLAGGER,WZ_LAW_OFFCR_IND,WZ_LN_CLOSURE,WZ_MOVING,WZ_OTHER,WZ_SHLDER_MDN,WZ_WORKERS_INJ_KILLED
2021006070,155.0,1,0,0,0,0,0,0,0,0,4,0,,67,1,2021,6,39.9968,-75.1538,149.0,6,0,0,1,0,0,0,0,0,,0,0,0,0,3,0,1,,0,39 59:48.618,,0,75 09:13.788,0,0,0,0,67301,0,0,0,N,0,0,0,2,67301,0,,1,1,,N,N,N,0,,0,0,1,3,2,,39,0,2,0,0,0,0,0,3,4,0,2,3,3.0,N,,,,,,,,,,,
2021013661,1815.0,2,0,0,0,0,0,0,0,0,1,0,,67,2,2021,3,40.0768,-75.0719,1804.0,6,0,0,0,1,0,0,0,0,,0,0,0,18,3,0,0,N,0,40 04:36.635,,0,75 04:18.701,0,0,0,0,67301,0,0,0,N,0,0,0,3,67301,0,,1,9,,N,N,N,0,,0,0,0,0,0,,1800,0,2,0,0,3,0,0,3,4,0,2,3,3.0,N,,,,,,,,,,,
2021020515,1937.0,0,0,0,0,0,0,0,0,0,5,0,,67,1,2021,1,40.0408,-75.0053,1917.0,6,0,0,0,0,0,1,0,0,,0,0,0,19,3,1,0,N,2,40 02:27.035,2.0,0,75 00:19.195,4,0,0,0,67301,0,0,0,N,0,0,0,3,68K01,1,,1,1,2109.0,N,N,Y,0,,0,0,3,0,0,N,1917,1,3,0,0,0,0,0,3,4,0,3,3,,N,,,,,,,,,,,
2021009820,1147.0,2,0,0,0,0,0,0,0,0,4,0,,67,1,2021,5,39.9724,-75.2533,1144.0,6,0,0,0,0,0,1,0,0,,0,0,0,11,1,1,1,,0,39 58:20.733,,0,75 15:11.885,3,0,0,0,67301,0,0,0,N,0,0,0,2,67301,0,,1,1,,N,N,N,0,,1,0,0,3,2,,1142,1,2,0,0,0,0,0,3,4,0,2,3,3.0,N,,,,,,,,,,,
2021008003,2350.0,2,0,0,0,0,0,0,0,0,5,0,,67,1,2021,7,40.0773,-74.9997,2350.0,6,0,0,0,0,0,0,0,0,,0,0,0,23,3,0,0,N,0,40 04:38.414,,0,74 59:58.776,0,0,0,0,67301,0,0,0,N,0,0,0,1,67301,0,,6,1,,N,N,N,0,,0,0,2,0,0,,2349,0,4,0,0,0,0,0,3,4,0,4,3,3.0,N,,,,,,,,,,,
2021006015,238.0,2,0,0,0,0,0,0,0,0,4,0,,67,1,2021,1,40.0136,-75.0685,234.0,6,0,0,0,0,0,1,0,0,,0,0,0,2,3,0,5,,0,40 00:48.913,,0,75 04:06.725,9,0,0,0,67301,0,0,0,N,0,0,0,5,67301,0,,1,1,,N,N,N,1,,0,0,0,1,2,,233,0,3,0,0,0,0,1,3,4,0,3,3,3.0,N,,,,,,,,,,,
2021033339,1953.0,1,0,0,0,0,0,0,0,0,1,0,,67,4,2021,4,39.9787,-75.2031,1951.0,6,0,0,0,0,0,1,0,0,,0,0,0,19,3,2,0,N,0,39 58:43.335,,0,75 12:11.088,8,0,0,0,67301,0,0,0,N,0,0,0,4,68K01,0,,1,1,,N,N,N,0,,0,0,3,0,0,,1948,2,4,0,0,0,2,0,3,4,0,4,3,,N,,,,,,,,,,,
2021032422,1117.0,2,0,0,0,0,0,0,0,0,4,0,,67,4,2021,3,40.0153,-75.1372,1111.0,6,0,0,0,0,0,0,0,0,,0,0,0,11,1,1,1,,0,40 00:55.090,,0,75 08:13.768,3,0,0,0,67301,0,0,0,N,0,0,0,3,67301,0,,1,1,,N,N,N,1,,1,0,0,3,2,,1104,1,3,0,0,0,0,0,3,4,0,3,3,3.0,N,,,,,,,,,,,
2021001068,350.0,2,0,0,0,0,0,0,0,0,2,0,,67,1,2021,6,40.0284,-75.167,341.0,6,0,0,0,0,0,0,0,0,,0,0,0,3,3,1,0,N,0,40 01:42.380,,0,75 10:01.070,3,0,0,0,67301,0,0,0,N,0,0,0,2,67301,0,,1,1,,N,N,N,0,,1,0,1,0,0,,335,1,3,0,0,0,0,1,3,4,0,3,3,,N,,,,,,,,,,,
2021000462,2252.0,1,0,0,0,0,0,0,0,0,4,0,,67,1,2021,6,39.9512,-75.2328,2251.0,6,0,0,0,0,0,0,0,0,,0,0,0,22,3,4,1,,0,39 57:04.287,,0,75 13:58.047,3,0,0,0,67301,0,0,0,N,0,0,0,4,67301,0,,1,9,,N,N,N,0,,4,0,0,3,2,,2250,4,2,0,0,0,0,0,3,4,1,2,7,7.0,N,,,,,,,,,,,
2021032991,2221.0,1,0,0,0,0,0,0,0,0,7,0,,67,4,2021,7,40.0056,-75.0752,2210.0,6,0,0,0,0,0,0,0,0,,0,0,0,22,3,1,0,N,0,40 00:20.006,,0,75 04:30.567,8,0,0,0,67301,0,0,0,N,0,0,0,1,68K01,0,,4,1,,N,N,N,0,,0,0,0,0,0,,2204,1,1,0,0,0,1,0,3,4,0,1,3,3.0,N,,,,,,,,,,,
2021001069,1620.0,2,0,0,0,0,0,0,0,0,4,0,,67,1,2021,6,40.0212,-75.152,1619.0,6,0,0,0,0,0,0,0,0,,0,0,0,16,4,3,1,,0,40 01:16.160,,0,75 09:07.032,3,0,0,0,67301,2,0,0,N,0,0,0,4,67301,0,,1,9,,N,N,N,1,,2,0,1,3,3,,1615,3,5,0,0,0,1,1,3,4,1,5,7,,N,,,,,,,,,,,
2021000277,510.0,1,0,0,0,0,0,0,0,0,4,0,,67,1,2021,7,39.9629,-75.1913,508.0,6,0,0,0,0,0,0,0,0,,0,0,0,5,3,0,1,,0,39 57:46.535,,0,75 11:28.992,0,0,0,0,67301,0,0,0,N,0,0,0,2,67507,0,,1,9,,N,N,N,0,,0,0,1,3,2,,505,0,2,0,0,0,0,0,3,4,0,2,7,,N,,,,,,,,,,,
2021003499,1850.0,1,0,0,0,0,0,0,0,0,6,0,,67,1,2021,6,40.0004,-75.1432,1830.0,6,0,0,0,0,0,0,0,0,,0,0,0,18,3,1,0,N,0,40 00:01.545,,0,75 08:35.397,3,0,0,0,67301,0,0,0,N,0,0,0,2,67301,0,,1,9,,N,N,N,0,,1,0,1,0,0,,1800,1,2,0,0,0,0,0,3,4,0,2,7,7.0,N,,,,,,,,,,,
2021008904,748.0,1,0,0,0,0,0,0,0,0,0,0,,67,1,2021,2,40.0508,-74.9908,745.0,6,0,0,0,0,0,0,0,0,,0,0,0,7,1,1,0,N,0,40 03:02.902,,0,74 59:26.822,3,0,0,0,67301,0,0,0,N,0,0,0,1,68K01,0,,1,1,,N,N,N,0,,1,0,0,0,0,,743,1,1,0,0,0,0,0,3,4,0,1,3,,N,,,,,,,,,,,
2021038521,842.0,1,0,0,0,0,0,0,0,0,2,0,,67,3,2021,5,39.948,-75.1421,831.0,6,0,0,0,0,0,0,0,0,,0,0,0,8,1,1,0,N,1,39 56:52.729,2.0,0,75 08:31.702,8,0,0,0,67301,0,0,0,N,0,0,0,1,68K01,0,,4,9,915.0,N,N,N,0,,0,0,0,0,0,N,830,1,1,0,0,0,1,0,3,4,0,1,3,,N,,,,,,,,,,,
2021014520,810.0,1,0,0,0,0,0,0,0,0,7,0,,67,2,2021,2,39.9089,-75.1511,810.0,6,0,0,0,0,0,0,0,0,,0,0,0,8,1,0,0,N,0,39 54:32.000,,3,75 09:03.900,0,0,0,0,67301,0,0,0,N,0,0,0,1,67501,0,,4,1,,N,N,N,0,,0,0,0,3,8,,810,0,2,0,0,0,0,0,3,4,0,1,3,,N,,,,,,,,,,,
2021013659,1500.0,0,0,0,0,0,0,0,0,0,5,0,,67,2,2021,2,40.1009,-75.0076,1454.0,6,0,0,0,0,0,1,0,0,,0,0,0,14,1,1,0,N,0,40 06:03.283,,0,75 00:27.415,3,0,0,0,67301,0,0,0,N,0,0,0,2,67301,0,,1,1,,N,N,N,0,,1,0,1,0,0,,1454,1,2,0,0,0,0,0,3,4,0,2,3,,N,,,,,,,,,,,
2021038499,1240.0,1,0,0,0,0,0,0,0,0,4,0,,67,4,2021,3,40.0105,-75.1608,1200.0,6,0,0,0,1,0,1,0,0,,0,0,0,10,1,0,1,,0,40 00:37.740,,0,75 09:38.779,0,0,0,0,67301,0,0,0,N,0,0,0,2,67301,0,,1,1,,N,N,N,1,,0,0,0,3,3,,1055,0,2,0,0,0,0,0,3,4,0,2,3,,N,,,,,,,,,,,
2021039897,2347.0,2,0,0,0,0,0,0,0,0,1,0,,67,4,2021,6,40.0392,-75.0272,2347.0,6,0,0,0,0,0,0,0,0,,0,0,0,23,3,0,0,N,1,40 02:21.056,4.0,0,75 01:37.958,0,0,0,0,67301,0,0,0,N,0,0,0,0,67301,0,,6,1,30.0,N,N,N,0,,0,0,0,0,0,Y,2345,0,2,0,0,0,0,0,3,4,0,2,3,3.0,N,,,,,,,,,,,
2021006043,1708.0,1,0,0,0,0,0,0,0,0,1,0,,67,1,2021,4,39.9865,-75.0947,1640.0,6,0,0,0,0,0,1,1,0,,0,0,0,16,1,0,0,N,1,39 59:11.317,1.0,0,75 05:40.872,0,0,0,0,67301,0,0,0,N,0,0,0,3,67301,0,,1,1,1800.0,N,N,N,0,,0,0,2,0,0,N,1640,0,3,0,0,1,0,0,3,4,0,3,3,3.0,N,,,,,,,,,,,
2021006029,1314.0,0,0,0,0,0,0,0,0,0,7,0,,67,1,2021,2,39.9682,-75.2282,1314.0,6,0,1,0,0,0,0,0,0,,0,0,0,13,1,2,0,N,0,39 58:05.600,,0,75 13:41.500,4,0,0,0,67301,0,0,0,N,0,0,0,2,67301,2,,5,1,,N,N,N,0,,0,0,1,0,0,,1314,2,1,0,0,0,0,0,3,4,0,1,3,3.0,N,,,,,,,,,,,
2021038693,54.0,2,0,0,0,0,0,0,0,0,5,0,,67,4,2021,1,39.9571,-75.1524,44.0,6,0,0,0,0,0,0,0,0,,0,0,0,0,3,0,0,N,1,39 57:25.626,4.0,0,75 09:08.629,0,0,0,0,67301,0,0,0,N,0,0,0,3,68K01,0,,1,9,153.0,N,N,N,0,,0,0,0,0,0,N,42,0,2,0,0,0,0,0,3,4,0,2,7,,N,,,,,,,,,,,
2021033197,2149.0,1,0,0,0,0,0,0,0,0,4,0,,67,4,2021,7,39.9869,-75.0908,2125.0,6,0,0,0,0,0,1,0,0,,0,0,0,21,3,0,0,N,1,39 59:12.901,1.0,0,75 05:26.751,0,0,0,0,67301,0,0,0,N,0,0,0,2,68K01,0,,1,1,2305.0,N,N,N,0,,0,0,1,0,0,N,2125,0,2,0,0,0,0,0,3,4,0,2,3,,N,,,,,,,,,,,
2021032721,802.0,0,0,0,0,0,0,0,0,0,1,0,,67,4,2021,6,40.0255,-75.0289,736.0,6,0,0,0,0,0,0,0,0,,0,0,0,7,1,0,0,N,0,40 01:31.638,,0,75 01:43.992,0,0,0,0,67301,0,0,0,N,0,0,0,5,68K01,0,,1,1,,N,N,N,0,,0,0,1,0,0,,733,0,2,0,0,1,0,0,3,4,1,2,3,3.0,N,,,,,,,,,,,
2021006026,1050.0,2,0,0,0,0,0,0,0,0,1,0,,67,1,2021,7,39.9566,-75.2419,1046.0,6,0,0,0,0,0,0,0,0,,0,0,0,3,6,1,1,,0,39 57:23.616,,0,75 14:30.782,3,0,0,0,67301,0,0,0,N,0,0,0,3,67301,0,,1,99,,N,N,N,0,,1,0,0,3,2,,300,1,2,0,0,0,0,0,3,4,0,2,3,98.0,N,,,,,,,,,,,
2021004689,1943.0,0,0,0,0,0,0,0,0,0,1,0,,67,1,2021,4,39.9794,-75.2041,1921.0,6,0,0,0,0,0,0,0,0,,0,0,0,19,3,1,0,N,1,39 58:45.790,3.0,0,75 12:14.849,4,0,0,0,67301,0,0,0,N,0,0,0,2,68K01,1,,1,1,1920.0,N,N,N,0,,0,0,2,0,0,N,1916,1,2,0,0,0,0,0,3,4,0,2,3,,N,,,,,,,,,,,
2021004228,13.0,0,0,0,0,0,0,0,0,0,5,0,,67,1,2021,7,39.9788,-75.1375,13.0,6,0,0,0,0,0,0,0,0,,0,0,0,0,3,1,0,N,2,39 58:43.730,2.0,0,75 08:15.160,3,0,0,0,67301,0,0,0,N,0,0,0,1,67301,0,,6,1,130.0,N,N,N,0,,1,0,1,0,0,Y,0,1,2,0,0,0,0,0,3,4,1,2,3,3.0,N,,,,,,,,,,,
2021002399,1330.0,1,0,0,0,0,0,0,0,0,4,0,,67,1,2021,3,39.9773,-75.1694,1323.0,6,0,0,0,0,0,0,1,0,,0,0,0,13,1,1,1,,2,39 58:38.230,7.0,0,75 10:09.859,8,0,0,0,67301,0,0,0,N,0,0,0,2,67301,0,,1,1,1345.0,N,N,N,0,,0,0,0,3,2,N,1300,1,2,0,0,0,1,0,3,4,1,2,3,3.0,N,,,,,,,,,,,
2021005978,953.0,1,0,0,0,0,0,0,0,0,7,0,,67,1,2021,5,39.9589,-75.1647,953.0,6,0,0,0,0,0,0,0,0,,0,0,0,9,1,0,0,N,0,39 57:31.975,,2,75 09:52.851,0,0,0,0,67301,0,0,0,N,0,0,0,1,67301,0,,4,1,,N,N,N,0,,0,0,0,0,0,,953,0,1,0,0,0,0,0,3,4,0,1,4,4.0,N,,,,,,,,,,,
2021040556,1650.0,1,0,0,0,0,0,0,0,0,1,0,,67,4,2021,5,39.9577,-75.2316,1645.0,6,0,0,0,0,0,1,0,0,,0,0,0,16,1,2,0,N,0,39 57:27.768,,0,75 13:53.632,3,0,0,1,67301,0,0,0,N,0,0,0,4,67301,0,,1,1,,N,N,N,0,,2,0,1,0,0,,1640,2,3,0,0,0,0,0,3,4,0,3,3,4.0,N,,,,,,,,,,,
2021010351,440.0,3,0,0,0,0,0,0,0,0,4,0,,67,1,2021,4,40.0204,-75.1147,435.0,6,0,0,0,0,0,0,0,0,,0,0,0,4,3,4,2,,2,40 01:13.274,7.0,0,75 06:52.819,3,0,0,0,67301,0,0,0,N,0,0,0,4,67301,1,,1,1,710.0,N,N,N,0,,3,0,2,3,3,Y,435,4,5,0,0,0,0,0,3,4,0,5,3,3.0,N,,,,,,,,,,,
2021013178,1644.0,1,0,0,0,0,0,0,0,0,4,0,,67,2,2021,2,39.9037,-75.2432,1640.0,6,0,0,0,0,0,0,0,0,,0,0,0,16,1,3,1,,1,39 54:13.285,4.0,0,75 14:35.660,4,0,0,0,67301,0,0,0,N,0,0,0,8,67301,3,,1,1,0.0,N,N,N,0,,0,0,1,3,2,N,1625,3,2,0,0,0,0,3,3,4,0,2,3,,N,,,,,,,,,,,
2021005997,1323.0,1,0,0,0,0,0,0,0,0,5,0,,67,1,2021,4,39.9083,-75.2231,1320.0,6,0,0,0,0,0,0,0,0,,0,0,0,13,1,6,0,N,0,39 54:29.810,,0,75 13:23.168,8,0,0,0,67301,0,0,0,N,0,0,0,6,67301,0,,1,1,,N,N,N,0,,0,0,1,3,2,,1307,6,2,0,0,0,6,0,3,4,0,2,3,3.0,N,,,,,,,,,,,
2021010347,2350.0,2,0,0,0,0,0,0,0,0,4,0,,67,1,2021,7,40.0765,-75.1949,2340.0,6,0,0,0,0,0,0,0,0,,0,0,0,22,3,0,1,,0,40 04:35.197,,0,75 11:42.089,9,0,0,0,67301,0,0,0,N,0,0,0,2,67301,0,,1,1,,N,N,N,0,,0,0,0,3,2,,2238,0,2,0,0,0,0,2,3,4,0,2,3,3.0,N,,,,,,,,,,,
2021011650,54.0,2,0,0,0,0,0,0,0,0,1,0,,67,2,2021,5,40.0199,-75.1501,52.0,6,0,0,0,0,0,1,0,0,,0,0,0,0,3,0,0,N,0,40 01:11.638,,0,75 09:00.216,0,0,0,0,67301,0,0,0,N,0,0,0,2,67301,0,,1,98,,N,N,N,0,,0,0,0,0,0,,50,0,2,0,0,0,0,0,3,4,0,2,3,98.0,N,,,,,,,,,,,
2021008043,2007.0,0,0,0,0,0,0,0,0,0,7,0,,67,1,2021,1,39.9601,-75.1803,1958.0,6,0,0,0,0,0,0,0,0,,0,0,0,19,3,0,0,N,1,39 57:36.261,3.0,3,75 10:49.017,0,0,0,0,67301,0,0,0,N,0,0,0,1,68K01,0,,3,1,2017.0,N,N,N,0,,0,0,1,0,0,N,1951,0,1,0,0,0,0,0,3,4,0,1,3,,N,,,,,,,,,,,
2021006033,1350.0,2,0,0,0,0,0,0,0,0,4,0,,67,1,2021,3,39.9848,-75.1691,1348.0,6,0,0,0,0,0,0,0,0,,0,0,0,13,1,0,1,,0,39 59:05.215,,0,75 10:08.774,0,0,0,0,67301,0,0,0,N,0,0,0,2,67301,0,,1,1,,N,N,N,0,,0,0,0,3,3,,1333,0,2,0,0,0,0,0,3,4,0,2,3,,N,,,,,,,,,,,
2021008755,107.0,2,0,0,0,0,0,0,0,0,4,0,,67,1,2021,4,40.0652,-75.1753,105.0,6,0,0,0,0,1,0,0,0,,0,0,0,1,3,1,1,,2,40 03:54.737,7.0,0,75 10:31.167,8,0,0,0,67301,0,0,0,N,0,0,0,2,67301,0,,1,9,330.0,N,N,N,0,,0,0,0,3,2,N,105,1,2,0,0,0,1,0,3,4,0,2,5,,N,,,,,,,,,,,
2021041816,1118.0,2,0,0,0,0,0,0,0,0,5,0,,67,5,2021,1,40.0523,-74.9875,1114.0,6,0,0,0,0,0,0,0,0,,0,0,0,11,1,1,0,N,1,40 03:08.179,1.0,0,74 59:15.101,8,0,0,0,67301,0,0,0,Y,0,0,0,2,68K01,0,,1,1,1200.0,N,N,N,0,,0,0,0,0,0,N,1113,1,2,0,0,0,1,1,3,4,0,2,4,4.0,N,,,,,,,,,,,
2021007723,701.0,2,0,0,0,0,0,0,0,0,1,0,,67,1,2021,1,39.954,-75.1987,701.0,6,0,0,0,0,0,1,0,0,,0,0,0,6,1,1,0,Y,0,39 57:14.394,,0,75 11:55.298,3,0,0,0,67301,0,0,0,N,0,0,0,3,67504,0,,1,1,,N,N,N,0,,1,0,1,3,2,,645,1,3,0,0,0,0,0,3,4,0,3,3,3.0,N,,,,,,,,,,,
2021002644,1805.0,1,0,0,0,0,0,0,0,0,8,0,,67,1,2021,2,39.9801,-75.1633,1803.0,6,0,0,0,0,0,0,0,0,,0,0,0,18,3,1,0,N,0,39 58:48.290,,0,75 09:48.030,2,0,0,0,67301,1,0,1,N,1,0,1,2,67301,0,,1,1,,N,N,N,0,,0,1,0,0,0,,1800,1,2,0,0,0,0,0,3,4,0,1,7,3.0,N,,,,,,,,,,,
2021032489,1124.0,0,0,0,0,0,0,0,0,0,1,1,45.0,67,4,2021,2,40.0196,-75.0448,1124.0,6,0,0,0,0,0,1,0,0,,0,1,0,11,1,0,0,N,0,40 01:10.498,,0,75 02:41.128,0,0,0,0,67301,0,0,0,N,0,0,0,2,68K01,0,,1,1,,N,N,N,1,,0,0,0,0,0,,1122,0,2,0,0,1,0,0,3,4,0,2,3,,Y,4.0,1.0,Y,N,N,N,Y,N,N,Y,N
2021033065,225.0,1,0,0,0,0,0,0,0,0,5,0,,67,4,2021,1,40.0391,-75.0831,150.0,6,0,0,0,0,0,0,0,0,,0,0,0,1,3,0,0,N,2,40 02:20.750,5.0,0,75 04:59.200,0,0,0,0,67301,0,0,0,N,0,0,0,0,67301,0,,1,1,407.0,N,N,N,0,,0,0,2,0,0,N,101,0,3,0,0,0,0,0,3,4,0,3,3,,N,,,,,,,,,,,
2021032962,933.0,0,0,0,0,0,0,0,0,0,1,1,,67,4,2021,6,39.9258,-75.1941,916.0,6,0,0,0,0,0,0,0,0,,0,1,0,9,1,0,0,N,0,39 55:32.978,,0,75 11:38.777,0,0,0,0,67301,0,0,0,N,0,0,0,2,68K01,0,,1,1,,N,N,N,0,,0,0,1,0,0,,913,0,2,0,0,0,0,0,3,4,0,2,3,,N,,,,,,,,,,,
2021041460,1350.0,1,0,0,0,0,0,1,0,0,1,1,,67,5,2021,6,40.0267,-75.0943,1345.0,6,0,0,0,0,0,1,0,0,,0,0,0,13,1,2,0,N,1,40 01:36.149,2.0,0,75 05:39.597,3,0,0,0,67301,0,0,0,N,0,0,0,2,67301,0,,1,1,1410.0,Y,N,N,0,,2,0,0,0,0,N,1330,2,2,0,0,1,0,0,3,4,0,2,4,4.0,N,,,,,,,,,,,
2021000790,1915.0,1,0,0,0,0,0,0,0,0,5,0,,67,1,2021,1,40.0378,-75.1339,1905.0,6,0,0,0,1,0,0,0,0,,0,0,0,19,3,1,0,N,0,40 02:16.040,,0,75 08:02.070,8,0,0,0,67301,0,0,0,N,0,0,0,1,67301,0,,1,9,,N,N,N,0,,0,0,1,0,0,,1902,1,2,0,0,0,1,0,3,4,0,2,7,7.0,N,,,,,,,,,,,
2021020010,1656.0,0,0,0,0,0,0,0,0,0,8,0,,67,2,2021,7,39.9788,-75.2301,1656.0,6,1,0,0,0,0,0,0,0,,0,0,0,16,1,1,2,N,0,39 58:43.537,,0,75 13:48.284,3,0,0,0,67301,1,0,0,N,1,0,0,2,67301,0,,5,1,,N,N,N,0,,1,0,1,0,0,,1655,1,2,0,0,1,0,0,3,4,0,1,3,,N,,,,,,,,,,,
2021042074,1355.0,1,0,0,0,0,0,0,0,0,5,0,,67,5,2021,7,40.0414,-75.0283,1347.0,6,0,0,0,0,0,0,0,0,,0,0,0,13,1,0,1,,1,40 02:28.908,6.0,0,75 01:41.719,0,0,0,0,67301,0,0,0,N,0,0,0,1,67301,0,,1,1,1510.0,N,N,N,0,,0,0,1,0,0,Y,1310,0,2,0,0,0,0,0,3,4,0,2,4,4.0,N,,,,,,,,,,,
2021014358,940.0,2,0,0,0,0,0,0,0,0,5,0,,67,1,2021,7,39.9572,-75.1565,929.0,6,0,0,0,0,0,0,0,0,,0,0,0,9,1,3,0,N,2,39 57:25.798,4.0,0,75 09:23.562,4,0,0,0,67301,0,0,0,N,0,0,0,4,68K01,1,,1,1,20.0,N,N,N,0,,0,0,1,0,0,N,927,3,3,0,0,0,2,0,3,4,0,3,3,,N,,,,,,,,,,,
2021005955,832.0,1,0,0,0,0,0,0,0,0,5,0,,67,1,2021,6,40.0754,-75.0885,819.0,6,0,0,0,0,0,0,0,1,,0,0,0,6,1,0,0,N,1,40 04:31.460,2.0,0,75 05:18.740,0,0,0,0,67301,0,0,0,N,0,0,0,1,67301,0,,6,1,200.0,N,N,N,0,,0,0,2,0,0,N,633,0,3,0,0,0,0,0,3,4,0,3,3,3.0,N,,,,,,,,,,,
2021014472,1038.0,1,0,0,0,0,0,0,0,0,4,0,,67,2,2021,6,40.0265,-75.1387,1035.0,6,0,0,1,0,0,0,0,0,,0,0,0,10,1,0,1,,0,40 01:35.554,,0,75 08:19.280,0,0,0,0,67301,0,0,0,N,0,0,0,2,67301,0,,1,9,,N,N,N,1,,0,0,0,3,2,,1030,0,2,0,0,2,0,0,3,4,0,2,99,98.0,N,,,,,,,,,,,
2021004480,11.0,1,0,0,0,0,0,0,0,0,5,0,,67,1,2021,4,40.0639,-75.1731,11.0,6,0,0,0,0,1,0,0,0,,0,0,0,23,3,1,0,N,0,40 03:50.088,,0,75 10:23.098,8,0,0,0,67301,0,0,0,N,0,0,0,1,67301,0,,6,1,,N,N,N,1,,0,0,0,0,0,,2356,1,2,0,0,0,1,0,3,4,0,2,3,3.0,N,,,,,,,,,,,
2021005982,130.0,4,0,0,0,0,0,0,0,0,5,0,,67,1,2021,7,39.9227,-75.2439,130.0,6,0,0,0,0,0,0,0,0,,0,0,0,1,3,0,0,N,1,39 55:21.700,2.0,0,75 14:38.110,0,0,0,0,67301,0,0,0,N,0,0,0,1,67301,0,,6,9,200.0,N,N,N,0,,0,0,0,0,0,N,130,0,4,0,0,0,0,0,3,4,0,4,7,4.0,N,,,,,,,,,,,
2021000090,4.0,1,0,0,0,0,0,0,0,0,4,0,,67,1,2021,6,40.0169,-75.1584,1.0,6,0,0,0,0,0,0,1,0,,0,0,0,0,3,1,0,N,0,40 01:00.704,,0,75 09:30.248,4,0,0,0,67301,0,0,0,N,0,0,0,2,67301,1,,1,1,,N,N,N,1,,0,0,2,0,0,,0,1,4,0,0,1,0,0,3,4,0,4,3,3.0,N,,,,,,,,,,,
2021032603,730.0,1,0,0,0,0,0,1,0,0,2,1,,67,3,2021,4,39.9951,-75.0778,715.0,6,0,0,0,0,0,1,0,0,,0,0,0,7,1,1,2,,0,39 59:41.800,,0,75 04:41.400,8,0,0,0,67301,0,0,0,N,0,0,0,2,67508,0,,1,1,,N,N,Y,0,,0,0,0,0,0,,715,1,2,0,0,0,1,0,3,4,0,2,3,3.0,N,,,,,,,,,,,
2021008851,1651.0,3,0,0,0,0,0,0,0,0,4,0,,67,1,2021,3,39.9745,-75.1481,1651.0,6,0,1,0,0,0,0,0,0,,0,0,0,16,4,0,1,,0,39 58:28.228,,0,75 08:53.098,9,0,0,0,67301,0,0,0,N,0,0,0,2,67301,0,,1,8,,N,N,N,0,,0,0,0,3,3,,1645,0,4,0,0,0,0,1,3,4,0,4,7,,N,,,,,,,,,,,
2021008255,1717.0,1,0,0,0,0,0,0,0,0,4,0,,67,1,2021,2,40.0718,-75.0326,1714.0,6,0,0,0,0,0,0,0,0,,0,0,0,17,3,1,2,,0,40 04:18.449,,0,75 01:57.534,3,0,0,0,67301,0,0,0,N,0,0,0,2,67301,0,,1,1,,N,N,N,0,,1,0,1,3,3,,1713,1,2,0,0,0,0,0,3,4,0,2,4,4.0,N,,,,,,,,,,,