CRN,ARRIVAL_TM,AUTOMOBILE_COUNT,BELTED_DEATH_COUNT,BELTED_SUSP_SERIOUS_INJ_COUNT,BICYCLE_COUNT,BICYCLE_DEATH_COUNT,BICYCLE_SUSP_SERIOUS_INJ_COUNT,BUS_COUNT,CHLDPAS_DEATH_COUNT,CHLDPAS_SUSP_SERIOUS_INJ_COUNT,COLLISION_TYPE,COMM_VEH_COUNT,CONS_ZONE_SPD_LIM,COUNTY,CRASH_MONTH,CRASH_YEAR,DAY_OF_WEEK,DEC_LAT,DEC_LONG,DISPATCH_TM,DISTRICT,DRIVER_COUNT_16YR,DRIVER_COUNT_17YR,DRIVER_COUNT_18YR,DRIVER_COUNT_19YR,DRIVER_COUNT_20YR,DRIVER_COUNT_50_64YR,DRIVER_COUNT_65_74YR,DRIVER_COUNT_75PLUS,EST_HRS_CLOSED,FATAL_COUNT,HEAVY_TRUCK_COUNT,HORSE_BUGGY_COUNT,HOUR_OF_DAY,ILLUMINATION,INJURY_COUNT,INTERSECT_TYPE,INTERSECTION_RELATED,LANE_CLOSED,LATITUDE,LN_CLOSE_DIR,LOCATION_TYPE,LONGITUDE,MAX_SEVERITY_LEVEL,MCYCLE_DEATH_COUNT,MCYCLE_SUSP_SERIOUS_INJ_COUNT,MOTORCYCLE_COUNT,MUNICIPALITY,NONMOTR_COUNT,NONMOTR_DEATH_COUNT,NONMOTR_SUSP_SERIOUS_INJ_COUNT,NTFY_HIWY_MAINT,PED_COUNT,PED_DEATH_COUNT,PED_SUSP_SERIOUS_INJ_COUNT,PERSON_COUNT,POLICE_AGCY,POSSIBLE_INJ_COUNT,RDWY_SURF_TYPE_CD,RELATION_TO_ROAD,ROAD_CONDITION,ROADWAY_CLEARED,SCH_BUS_IND,SCH_ZONE_IND,SECONDARY_CRASH,SMALL_TRUCK_COUNT,SPEC_JURIS_CD,SUSP_MINOR_INJ_COUNT,SUSP_SERIOUS_INJ_COUNT,SUV_COUNT,TCD_FUNC_CD,TCD_TYPE,TFC_DETOUR_IND,TIME_OF_DAY,TOT_INJ_COUNT,TOTAL_UNITS,UNB_DEATH_COUNT,UNB_SUSP_SERIOUS_INJ_COUNT,UNBELTED_OCC_COUNT,UNK_INJ_DEG_COUNT,UNK_INJ_PER_COUNT,URBAN_AREA,URBAN_RURAL,VAN_COUNT,VEHICLE_COUNT,WEATHER1,WEATHER2,WORK_ZONE_IND,WORK_ZONE_LOC,WORK_ZONE_TYPE,WORKERS_PRES,WZ_CLOSE_DETOUR,WZ_FLAGGER,WZ_LAW_OFFCR_IND,WZ_LN_CLOSURE,WZ_MOVING,WZ_OTHER,WZ_SHLDER_MDN,WZ_WORKERS_INJ_KILLED
2021026595,1615.0,1,0,0,0,0,0,0,0,0,8,0,,67,3,2021,7,40.018,-75.097,1600.0,6,0,0,0,0,0,0,0,1,,0,0,0,15,1,1,12,,0,40 01:04.753,,0,75 05:49.297,8,0,0,0,67301,1,0,0,N,1,0,0,2,67301,0,,1,1,,N,N,N,0,,0,0,0,0,0,,1538,1,2,0,0,0,1,0,3,4,0,1,3,3.0,N,,,,,,,,,,,
2021006411,2030.0,1,0,0,0,0,0,0,0,0,4,0,,67,1,2021,5,40.0489,-75.0451,1820.0,6,0,0,0,0,0,0,1,0,,0,0,0,18,3,1,1,,0,40 02:56.000,,0,75 02:42.442,4,0,0,0,67301,0,0,0,N,0,0,0,2,67301,1,,1,1,,N,N,N,0,,0,0,0,3,2,,1815,1,2,0,0,0,0,0,3,4,1,2,3,3.0,N,,,,,,,,,,,
2021011548,2355.0,0,0,0,0,0,0,0,0,0,0,0,,67,2,2021,3,40.0227,-75.1374,2353.0,6,0,0,0,0,0,0,0,0,,0,0,0,23,3,1,0,N,1,40 01:21.806,3.0,0,75 08:14.666,3,0,0,0,67301,0,0,0,N,0,0,0,1,67301,0,,5,1,57.0,N,N,N,1,,1,0,0,0,0,Y,2351,1,1,0,0,1,0,0,3,4,0,1,4,3.0,N,,,,,,,,,,,
2021037256,820.0,0,0,0,0,0,0,0,0,0,5,1,,67,4,2021,4,39.8921,-75.2365,802.0,6,0,0,0,0,0,0,1,0,,0,1,0,8,1,0,0,N,0,39 53:31.684,,0,75 14:11.324,0,0,0,0,67301,0,0,0,Y,0,0,0,2,68K01,0,,1,1,,N,N,N,1,,0,0,0,0,0,,801,0,2,0,0,0,0,0,3,4,0,2,3,,N,,,,,,,,,,,
2021002289,7.0,1,0,0,0,0,0,0,0,0,5,0,,67,1,2021,4,40.0219,-75.1273,2.0,6,0,0,0,0,0,0,0,0,,0,0,0,23,3,0,0,N,0,40 01:18.880,,0,75 07:38.110,0,0,0,0,67301,0,0,0,N,0,0,0,1,67301,0,,6,1,,N,N,N,1,,0,0,1,0,0,,2350,0,3,0,0,0,0,0,3,4,0,3,3,,N,,,,,,,,,,,
2021032993,727.0,1,0,0,0,0,0,0,0,0,1,0,,67,4,2021,1,39.96,-75.1799,727.0,6,0,0,0,0,0,0,0,0,,0,0,0,7,1,0,7,N,1,39 57:36.087,4.0,2,75 10:47.726,0,0,0,0,67301,0,0,0,N,0,0,0,2,68K01,0,,1,9,745.0,N,N,N,0,,0,0,1,0,0,N,722,0,2,0,0,0,0,0,3,4,0,2,7,,N,,,,,,,,,,,
2021000817,255.0,1,0,0,0,0,0,0,0,0,8,0,,67,1,2021,6,39.9997,-75.1385,243.0,6,0,0,0,0,0,0,0,0,,0,0,0,1,3,1,1,,0,39 59:59.082,,0,75 08:18.715,2,0,0,0,67301,1,0,1,N,1,0,1,2,67301,0,,1,1,,N,N,N,0,,0,1,0,3,2,,120,1,2,0,0,0,0,0,3,4,0,1,3,3.0,N,,,,,,,,,,,
2021033401,1450.0,1,0,0,0,0,0,0,0,0,3,0,,67,4,2021,4,39.9261,-75.1844,1450.0,6,0,0,0,0,0,0,1,0,,0,0,0,14,1,2,0,N,0,39 55:34.100,,0,75 11:03.890,3,0,0,0,67301,2,0,0,N,0,0,0,3,67301,0,,9,99,,N,N,N,0,,1,0,1,0,0,,1430,2,2,0,0,1,1,0,3,4,0,2,4,,N,,,,,,,,,,,
2021008937,2027.0,0,0,0,0,0,0,0,0,0,7,0,,67,1,2021,3,39.9576,-75.1596,2027.0,6,0,0,0,0,0,0,0,0,,0,0,0,20,3,1,0,N,0,39 57:27.275,,0,75 09:34.665,4,0,0,0,67301,0,0,0,N,0,0,0,1,68K01,1,,3,9,,N,N,N,1,,0,0,0,0,0,,2020,1,1,0,0,0,0,0,3,4,0,1,7,,N,,,,,,,,,,,
2021003049,120.0,2,0,0,0,0,0,0,0,0,4,0,,67,1,2021,7,40.0016,-75.1528,120.0,6,0,0,0,0,0,0,0,0,,0,0,0,1,3,0,1,,0,40 00:05.763,,0,75 09:10.529,0,0,0,0,67301,0,0,0,N,0,0,0,3,67301,0,,1,1,,N,N,N,0,,0,0,1,3,1,,100,0,3,0,0,0,0,0,3,4,0,3,3,3.0,N,,,,,,,,,,,
2021007885,1752.0,0,0,0,0,0,0,0,0,0,1,0,,67,1,2021,3,39.9594,-75.1742,1736.0,6,0,0,0,0,0,2,0,0,,0,0,0,17,3,2,0,N,0,39 57:33.926,,0,75 10:27.182,3,0,0,0,67301,0,0,0,N,0,0,0,4,68K01,0,,1,1,,N,N,N,0,,2,0,3,0,0,,1733,2,3,0,0,0,0,0,3,4,0,3,3,,N,,,,,,,,,,,
2021014698,955.0,2,0,0,0,0,0,0,0,0,4,0,,67,2,2021,2,39.9386,-75.2345,939.0,6,0,0,0,1,0,0,0,0,,0,0,0,9,1,2,2,,0,39 56:18.930,,0,75 14:04.239,3,0,0,0,67301,0,0,0,N,0,0,0,3,67301,0,,1,1,,N,N,N,0,,2,0,0,3,3,,920,2,2,0,0,3,0,0,3,4,0,2,3,,N,,,,,,,,,,,
2021020725,1210.0,3,0,0,0,0,0,0,0,0,4,0,,67,3,2021,2,39.9339,-75.1558,1206.0,6,0,0,0,0,0,0,0,0,,0,0,0,23,3,0,1,,2,39 56:01.870,4.0,0,75 09:20.732,0,0,0,0,67301,0,0,0,N,0,0,0,2,67301,0,,1,1,130.0,N,N,N,0,,0,0,2,3,3,Y,2308,0,5,0,0,0,0,0,3,4,0,5,3,3.0,N,,,,,,,,,,,
2021014465,2137.0,0,0,0,0,0,0,0,0,0,4,0,,67,2,2021,4,40.0507,-75.1733,2133.0,6,0,0,0,0,0,0,1,0,,0,0,0,21,3,1,1,,0,40 03:02.401,,0,75 10:23.780,3,0,0,0,67301,0,0,0,N,0,0,0,2,67301,0,,1,1,,N,N,N,0,,1,0,1,3,2,,2107,1,2,0,0,0,0,0,3,4,1,2,3,3.0,N,,,,,,,,,,,
2021039382,132.0,0,0,0,0,0,0,0,0,0,5,1,,67,2,2021,2,40.013,-75.1194,130.0,6,0,0,0,0,0,0,0,0,,0,1,0,0,3,1,1,,0,40 00:46.743,,0,75 07:09.776,4,0,0,0,67301,0,0,0,N,0,0,0,2,67301,1,,1,2,,N,N,N,0,,0,0,1,3,2,,55,1,2,0,0,0,0,0,3,4,0,2,7,6.0,N,,,,,,,,,,,
2021038911,1600.0,0,0,0,0,0,0,0,0,0,4,0,,67,4,2021,5,39.9931,-75.1479,1545.0,6,0,0,0,0,0,0,0,0,,0,1,0,15,1,0,1,,0,39 59:35.083,,0,75 08:52.393,0,0,0,0,67301,0,0,0,N,0,0,0,1,67301,0,,1,1,,N,N,N,1,,0,0,1,3,2,,1513,0,3,0,0,0,0,0,3,4,0,3,4,3.0,N,,,,,,,,,,,
2021033537,612.0,2,0,0,0,0,0,0,0,0,5,0,,67,4,2021,5,39.9212,-75.1481,601.0,6,0,0,0,0,0,0,0,0,,0,0,0,5,3,0,0,N,0,39 55:16.388,,0,75 08:53.080,9,0,0,0,67301,0,0,0,N,0,0,0,2,68K01,0,,1,9,,N,N,N,0,,0,0,0,0,0,,526,0,2,0,0,0,0,1,3,4,0,2,7,7.0,N,,,,,,,,,,,
2021013295,741.0,2,0,0,0,0,0,0,0,0,5,0,,67,2,2021,2,40.0243,-75.057,731.0,6,0,0,0,0,0,0,0,0,,0,0,0,7,1,1,0,N,1,40 01:27.393,3.0,0,75 03:25.228,8,0,0,0,67301,0,0,0,N,0,0,0,1,67301,0,,6,2,1012.0,N,N,N,1,,0,0,2,0,0,Y,731,1,5,0,0,0,1,0,3,4,0,5,3,,N,,,,,,,,,,,
2021003650,832.0,2,0,0,0,0,0,0,0,0,4,0,,67,1,2021,6,39.9579,-75.1623,828.0,6,0,0,0,0,0,0,0,0,,0,0,0,8,1,1,1,,0,39 57:29.100,,3,75 09:44.700,8,0,0,0,67301,0,0,0,N,0,0,0,3,67301,0,,1,1,,N,N,Y,0,,0,0,1,3,2,,823,1,3,0,0,0,1,0,3,4,0,3,3,,N,,,,,,,,,,,
2021007293,2002.0,3,0,0,0,0,0,0,0,0,4,0,,67,1,2021,1,39.9878,-75.1806,2000.0,6,0,0,1,0,0,0,0,0,,0,0,0,19,3,1,1,,0,39 59:16.154,,0,75 10:50.102,8,0,0,0,67301,0,0,0,N,0,0,0,3,67301,0,,1,1,,N,N,N,0,,0,0,0,0,0,,1959,1,3,0,0,0,1,0,3,4,0,3,3,,N,,,,,,,,,,,
2021000787,2105.0,4,0,0,0,0,0,0,0,0,4,0,,67,1,2021,7,39.9563,-75.2295,2105.0,6,0,0,0,0,0,0,0,0,,0,0,0,21,3,1,1,,1,39 57:22.658,1.0,0,75 13:46.210,3,0,0,0,67301,0,0,0,N,0,0,0,2,67301,0,,1,1,2205.0,N,N,N,0,,1,0,0,3,3,Y,2104,1,4,0,0,0,0,0,3,4,0,4,3,3.0,N,,,,,,,,,,,
2021040287,1111.0,3,0,0,0,0,0,0,0,0,4,0,,67,4,2021,5,39.9961,-75.083,1100.0,6,0,0,0,0,0,0,0,0,,0,0,0,10,1,1,0,N,2,39 59:45.942,2.0,0,75 04:58.752,3,0,0,0,67301,0,0,0,N,0,0,0,4,68K01,0,,1,1,1150.0,N,N,N,0,,1,0,0,0,0,N,1059,1,3,0,0,0,0,0,3,4,0,3,4,3.0,N,,,,,,,,,,,
2021035548,2131.0,1,0,0,0,0,0,0,0,0,8,0,,67,4,2021,1,40.0434,-75.1624,2131.0,6,0,0,0,0,0,0,0,0,,0,0,0,21,3,1,0,N,0,40 02:36.200,,0,75 09:44.730,3,0,0,0,67301,1,0,0,N,1,0,0,2,67301,0,,1,1,,N,N,N,0,,1,0,0,0,0,,2130,1,2,0,0,1,0,0,3,4,0,1,3,3.0,N,,,,,,,,,,,
2021041431,1745.0,0,0,0,0,0,0,0,0,0,5,1,,67,5,2021,5,39.8988,-75.1727,1713.0,6,0,0,0,0,0,0,0,0,,0,1,0,17,1,0,6,,2,39 53:55.623,1.0,2,75 10:21.724,0,0,0,0,67301,0,0,0,N,0,0,0,3,68K01,0,,7,1,100.0,N,N,N,0,,0,0,2,3,3,Y,1712,0,3,0,0,0,0,0,3,4,0,3,3,3.0,N,,,,,,,,,,,
2021040343,1730.0,1,0,0,0,0,0,0,0,0,1,0,,67,5,2021,1,39.8919,-75.2419,1700.0,6,0,0,0,0,0,1,0,0,,0,0,0,15,1,2,1,,0,39 53:30.990,,0,75 14:30.862,3,0,0,0,67301,0,0,0,N,0,0,0,2,67301,0,,1,1,,N,N,N,0,,2,0,0,3,2,,1530,2,2,0,0,0,0,0,3,4,0,2,3,3.0,N,,,,,,,,,,,
2021017777,131.0,1,0,0,0,0,0,0,0,0,7,0,45.0,67,2,2021,1,39.9514,-75.1827,131.0,6,0,0,0,0,0,1,0,0,,0,0,0,1,2,0,7,,2,39 57:05.035,4.0,2,75 10:57.558,0,0,0,0,67301,0,0,0,Y,0,0,0,1,68K01,0,,7,1,100.0,N,N,N,0,,0,0,0,0,0,Y,131,0,1,0,0,0,0,0,3,4,0,1,3,,Y,4.0,1.0,N,,,N,Y,,,Y,N
2021041883,206.0,0,0,0,0,0,0,0,0,0,1,1,,67,5,2021,7,39.8923,-75.2427,151.0,6,0,0,0,0,0,0,0,0,,0,1,0,22,3,0,0,Y,1,39 53:32.269,2.0,0,75 14:33.704,0,0,0,0,67301,0,0,0,N,0,0,0,2,67301,0,,1,9,300.0,N,N,N,0,,0,0,1,3,2,N,2250,0,2,0,0,0,0,0,3,4,0,2,7,7.0,N,,,,,,,,,,,
2021004030,1143.0,1,0,0,0,0,0,0,0,0,8,0,,67,1,2021,7,39.9859,-75.2319,1141.0,6,0,0,0,0,0,0,0,0,,0,0,0,11,1,1,1,,0,39 59:09.196,,0,75 13:54.768,3,0,0,0,67301,1,0,0,N,1,0,0,2,67301,0,,1,1,,N,N,N,0,,1,0,0,3,2,,1140,1,2,0,0,0,0,0,3,4,0,1,3,3.0,N,,,,,,,,,,,
2021004014,2056.0,1,0,0,0,0,0,0,0,0,1,0,,67,1,2021,7,39.8927,-75.1971,2049.0,6,0,0,0,0,0,1,0,0,,0,0,0,20,3,3,0,N,1,39 53:33.824,1.0,3,75 11:49.406,4,0,0,0,67301,0,0,0,N,0,0,0,7,68K01,1,,1,1,2200.0,N,N,N,0,,0,0,2,0,0,N,2048,3,3,0,0,0,2,0,3,4,0,3,3,3.0,N,,,,,,,,,,,
2021033951,1315.0,1,0,0,0,0,0,0,0,0,5,0,,67,4,2021,2,39.9371,-75.1441,1307.0,6,0,0,0,0,0,0,0,0,,0,0,0,13,1,0,0,N,1,39 56:13.649,2.0,0,75 08:38.735,0,0,0,0,67301,0,0,0,N,0,0,0,3,68K01,0,,1,1,1345.0,N,N,N,0,,0,0,1,0,0,N,1302,0,2,0,0,0,0,0,3,4,0,2,3,,N,,,,,,,,,,,
2021034081,1931.0,1,0,0,0,0,0,0,0,0,1,0,,67,4,2021,5,39.9805,-75.2058,1931.0,6,0,0,0,0,0,0,0,0,,0,0,0,19,1,0,0,N,0,39 58:49.685,,0,75 12:20.854,0,0,0,0,67301,0,0,0,N,0,0,0,2,68K01,0,,1,1,,N,N,N,1,,0,0,0,0,0,,1931,0,2,0,0,0,0,0,3,4,0,2,3,,N,,,,,,,,,,,
2021033999,2250.0,2,0,0,0,0,0,0,0,0,7,0,,67,4,2021,3,39.9962,-75.1794,2245.0,6,0,0,0,0,0,0,0,0,,0,0,0,22,3,0,0,N,0,39 59:46.290,,0,75 10:45.720,0,0,0,0,67301,0,0,0,N,0,0,0,1,67301,0,,5,1,,N,N,N,1,,0,0,0,0,0,,2240,0,3,0,0,0,0,0,3,4,0,3,3,3.0,N,,,,,,,,,,,
2021000818,535.0,1,0,0,0,0,0,0,0,0,5,0,,67,1,2021,6,40.0472,-75.1455,530.0,6,0,0,0,0,0,0,0,0,,0,0,0,5,3,1,0,N,2,40 02:49.800,5.0,0,75 08:43.900,3,0,0,0,67301,0,0,0,N,0,0,0,1,67301,0,,6,1,845.0,N,N,N,0,,1,0,2,0,0,Y,530,1,3,0,0,0,0,0,3,4,0,3,3,3.0,N,,,,,,,,,,,
2021041078,1525.0,3,0,0,0,0,0,0,0,0,5,0,,67,5,2021,5,40.032,-75.0335,1510.0,6,0,0,0,0,1,0,0,0,,0,0,0,15,1,0,0,N,1,40 01:55.330,1.0,0,75 02:00.760,0,0,0,0,67301,2,0,0,N,0,0,0,3,67301,0,,1,1,1700.0,N,N,N,0,,0,0,0,0,0,N,1500,0,3,0,0,0,0,0,3,4,0,3,3,3.0,N,,,,,,,,,,,
2021008847,1538.0,0,0,0,0,0,0,0,0,0,5,1,,67,1,2021,3,40.0022,-75.0734,1528.0,6,0,0,0,0,0,0,0,0,,0,1,0,14,1,0,0,N,0,40 00:07.900,,0,75 04:24.400,0,0,0,0,67301,0,0,0,N,0,0,0,1,67301,0,,6,9,,N,N,N,0,,0,0,1,0,0,,1445,0,2,0,0,0,0,0,3,4,0,2,7,7.0,N,,,,,,,,,,,
2021012562,1037.0,2,0,0,0,0,0,0,0,0,4,0,,67,2,2021,6,40.026,-75.1348,1030.0,6,0,0,0,0,0,1,0,0,,0,0,0,10,1,0,1,,0,40 01:33.686,,0,75 08:05.272,9,0,0,0,67301,0,0,0,N,0,0,0,2,67301,0,,1,9,,N,N,N,0,,0,0,0,3,3,,1017,0,2,0,0,0,0,1,3,4,0,2,3,3.0,N,,,,,,,,,,,
2021002278,1225.0,2,0,0,0,0,0,0,0,0,4,0,,67,1,2021,1,40.0431,-75.0449,1220.0,6,0,0,0,0,0,0,0,0,,0,0,0,12,1,1,1,,0,40 02:35.134,,0,75 02:41.478,3,0,0,0,67301,0,0,0,N,0,0,0,4,67301,0,,1,9,,N,N,N,0,,1,0,0,3,2,,1213,1,2,0,0,0,0,0,3,4,0,2,7,3.0,N,,,,,,,,,,,
2021025197,1545.0,2,0,0,0,0,0,0,0,0,4,0,,67,3,2021,3,40.0135,-75.1774,1533.0,6,0,0,0,0,0,0,0,0,,0,0,0,13,1,0,0,N,0,40 00:48.620,,7,75 10:38.470,9,0,0,0,67301,0,0,0,N,0,0,0,2,67301,0,,1,1,,N,N,N,0,,0,0,0,0,0,,1320,0,2,0,0,0,0,1,3,4,0,2,4,,N,,,,,,,,,,,
2021000819,1115.0,0,0,0,0,0,0,0,0,0,7,0,,67,1,2021,1,40.0209,-75.1414,1052.0,6,0,0,0,0,0,1,0,0,,0,0,0,10,1,1,0,N,0,40 01:14.701,,0,75 08:30.138,8,0,0,0,67301,0,0,0,N,0,0,0,1,67301,0,,4,9,,N,N,N,0,,0,0,1,0,0,,1050,1,3,0,0,0,1,0,3,4,0,1,7,4.0,N,,,,,,,,,,,
2021014462,1702.0,2,0,0,0,0,0,0,0,0,4,0,,67,2,2021,5,39.9691,-75.1577,1700.0,6,0,0,0,0,0,1,1,0,,0,0,0,16,1,1,1,,0,39 58:08.691,,0,75 09:27.885,3,0,0,0,67301,0,0,0,N,0,0,0,2,67301,0,,1,1,,N,N,N,0,,1,0,0,3,3,,1612,1,2,0,0,0,0,0,3,4,0,2,4,4.0,N,,,,,,,,,,,
2021037598,301.0,1,0,0,0,0,0,0,0,0,1,0,,67,4,2021,2,39.9579,-75.1641,300.0,6,0,0,0,0,0,0,0,0,,0,0,0,2,3,1,1,,0,39 57:28.550,,0,75 09:50.921,3,0,0,0,67301,0,0,0,N,0,0,0,1,67301,0,,1,1,,N,N,N,0,,1,0,0,3,2,,250,1,2,0,0,1,0,0,3,4,0,2,3,98.0,N,,,,,,,,,,,
2021041649,755.0,2,0,0,0,0,0,0,0,0,5,0,,67,5,2021,7,40.0194,-75.0772,738.0,6,0,0,0,0,0,0,0,0,,0,0,0,2,3,0,2,N,0,40 01:09.836,,0,75 04:37.847,9,0,0,0,67301,1,0,0,N,0,0,0,2,67301,0,,9,1,,N,N,N,0,,0,0,0,0,0,,200,0,2,0,0,0,0,1,3,4,0,2,3,3.0,N,,,,,,,,,,,
2021041083,1327.0,1,0,0,0,0,0,0,0,0,4,0,,67,5,2021,4,39.9535,-75.2262,1325.0,6,0,0,0,0,0,1,0,0,,0,0,0,12,1,0,1,,0,39 57:12.694,,0,75 13:34.382,0,0,0,0,67301,0,0,0,N,0,0,0,2,67301,0,,1,9,,N,N,N,0,,0,0,1,3,2,,1254,0,2,0,0,0,0,0,3,4,0,2,4,7.0,N,,,,,,,,,,,
2021000013,108.0,1,0,0,0,0,0,0,0,0,4,0,,67,1,2021,6,39.9859,-75.1763,108.0,6,0,0,0,0,0,1,0,0,,0,0,0,1,3,2,1,,0,39 59:09.121,,0,75 10:34.651,3,0,0,0,67301,0,0,0,N,0,0,0,3,67509,0,,5,1,,N,N,N,0,,2,0,1,0,0,,100,2,2,0,0,2,0,0,3,4,0,2,3,3.0,N,,,,,,,,,,,
2021032986,305.0,1,0,0,0,0,0,0,0,0,1,0,,67,4,2021,7,39.9349,-75.1448,254.0,6,0,0,0,0,0,1,0,0,,0,0,0,2,3,1,0,N,0,39 56:05.580,,0,75 08:41.243,3,0,0,0,67301,0,0,0,N,0,0,0,2,68K01,0,,1,1,,N,N,N,0,,1,0,0,0,0,,250,1,2,0,0,0,0,1,3,4,0,2,3,,N,,,,,,,,,,,
2021032607,1006.0,2,0,0,0,0,0,0,0,0,2,0,,67,3,2021,1,40.0992,-75.0124,1005.0,6,0,0,0,0,0,0,0,0,,0,0,0,10,1,1,1,,1,40 05:57.051,2.0,0,75 00:44.474,3,0,0,0,67301,0,0,0,N,0,0,0,2,67301,0,,1,9,1120.0,N,N,N,0,,1,0,0,3,2,N,1000,1,2,0,0,0,0,0,3,4,0,2,7,,N,,,,,,,,,,,
2021032547,23.0,1,0,0,0,0,0,0,0,0,7,0,,67,4,2021,7,40.0016,-75.1528,22.0,6,0,0,0,0,0,0,1,0,,0,0,0,0,3,0,1,,1,40 00:05.763,2.0,0,75 09:10.529,9,0,0,0,67301,0,0,0,N,0,0,0,1,67505,0,,3,1,45.0,N,N,N,0,,0,0,0,3,2,N,22,0,1,0,0,0,0,1,3,4,0,1,3,3.0,N,,,,,,,,,,,
2021004329,203.0,2,0,0,0,0,0,0,0,0,1,0,,67,1,2021,6,39.9602,-75.1807,154.0,6,0,0,0,0,0,0,0,0,,0,0,0,1,3,3,0,N,2,39 57:36.899,4.0,3,75 10:50.673,3,0,0,0,67301,0,0,0,N,0,0,0,6,68K01,0,,1,1,45.0,N,N,N,1,,3,0,1,0,0,N,149,3,5,0,0,0,0,0,3,4,0,5,3,3.0,N,,,,,,,,,,,
2021033937,411.0,0,0,0,0,0,0,0,0,0,5,1,,67,4,2021,4,39.9818,-75.2072,407.0,6,0,0,0,0,0,1,0,0,,0,0,0,4,3,0,0,N,0,39 58:54.548,,0,75 12:26.065,0,0,0,0,67301,0,0,0,N,0,0,0,2,68K01,0,,1,1,,N,N,N,0,,0,0,1,0,0,,405,0,2,0,0,0,0,0,3,4,1,2,3,,N,,,,,,,,,,,
2021002400,815.0,1,0,0,0,0,0,0,0,0,4,0,,67,1,2021,4,39.9925,-75.1796,802.0,6,0,0,0,0,1,0,0,0,,0,0,0,8,1,0,1,,0,39 59:32.903,,0,75 10:46.451,0,0,0,0,67301,0,0,0,N,0,0,0,2,67301,0,,1,1,,N,N,N,0,,0,0,0,3,1,,800,0,2,0,0,0,0,0,3,4,1,2,3,3.0,N,,,,,,,,,,,
2021014184,625.0,1,0,0,0,0,0,0,0,0,7,0,,67,2,2021,3,40.0237,-75.1961,616.0,6,0,0,0,0,0,0,0,0,,0,0,0,6,1,0,0,N,0,40 01:25.290,,0,75 11:46.030,0,0,0,0,67301,0,0,0,N,0,0,0,2,67301,0,,4,2,,N,N,N,0,,0,0,1,0,0,,616,0,2,0,0,2,0,0,3,4,0,2,9,3.0,N,,,,,,,,,,,
2021014052,1625.0,2,0,0,0,0,0,0,0,0,4,0,,67,2,2021,4,39.9137,-75.1477,1621.0,6,0,0,0,0,0,1,0,0,,0,0,0,15,1,2,2,,1,39 54:49.741,1.0,0,75 08:51.624,3,0,0,0,67301,0,0,0,N,0,0,0,4,67301,0,,1,1,1705.0,N,N,N,0,,2,0,0,0,0,N,1541,2,2,0,0,0,0,0,3,4,0,2,4,,N,,,,,,,,,,,
2021009092,800.0,2,0,0,0,0,0,0,0,0,5,0,,67,1,2021,1,39.9883,-75.1237,752.0,6,0,0,0,0,0,0,0,0,,0,0,0,7,5,0,0,N,0,39 59:17.889,,0,75 07:25.471,0,0,0,0,67301,1,0,0,N,0,0,0,2,67301,0,,6,1,,N,N,N,0,,0,0,1,0,0,,752,0,4,0,0,0,0,0,3,4,1,4,3,98.0,N,,,,,,,,,,,
2021013706,648.0,1,0,0,0,0,0,0,0,0,1,0,35.0,67,2,2021,4,39.9535,-75.1374,642.0,6,0,0,0,1,0,1,0,0,,0,0,0,6,1,0,0,N,2,39 57:12.700,4.0,3,75 08:14.800,0,0,0,0,67301,0,0,0,N,0,0,0,3,67501,0,,1,1,715.0,N,N,N,1,,0,0,1,0,0,N,642,0,3,0,0,0,0,0,3,4,0,3,3,3.0,Y,2.0,1.0,Y,,,N,Y,,,,N
2021012448,1825.0,0,0,0,0,0,0,0,0,0,8,0,,67,2,2021,6,39.9804,-75.1576,1825.0,6,0,0,0,0,0,1,0,0,,0,0,0,18,3,1,0,N,0,39 58:49.390,,0,75 09:27.257,3,0,0,0,67301,1,0,0,N,1,0,0,2,67505,0,,1,7,,N,N,N,0,,1,0,1,0,0,,1820,1,2,0,0,0,0,0,3,4,0,1,3,3.0,N,,,,,,,,,,,
2021007191,1619.0,0,0,0,0,0,0,0,0,0,4,0,,67,1,2021,4,40.078,-75.0237,1612.0,6,0,0,0,0,0,1,0,0,,0,0,0,16,1,2,2,,1,40 04:41.204,1.0,0,75 01:25.042,3,0,0,0,67301,0,0,0,N,0,0,0,2,67301,0,,1,1,1624.0,N,N,N,1,,2,0,1,3,2,N,1600,2,2,0,0,0,0,0,3,4,0,2,3,3.0,N,,,,,,,,,,,
2021038486,1333.0,1,0,0,0,0,0,0,0,0,1,0,,67,4,2021,7,40.018,-75.1211,1332.0,6,0,0,0,0,0,0,0,0,,0,0,0,12,1,1,0,N,9,40 01:04.720,,0,75 07:16.040,8,0,0,1,67301,0,0,0,N,0,0,0,2,67301,0,,1,1,,N,Y,N,0,,0,0,0,0,0,U,1243,1,2,0,0,0,1,1,3,4,0,2,3,,N,,,,,,,,,,,
2021039129,620.0,0,0,0,0,0,0,1,0,0,1,1,,67,4,2021,7,39.9546,-75.226,610.0,6,0,0,0,0,0,1,0,0,,0,0,0,6,5,3,1,,0,39 57:16.485,,0,75 13:33.593,3,0,0,0,67301,0,0,0,N,0,0,0,5,67508,0,,1,1,,N,N,Y,1,,1,0,0,3,2,,610,3,2,0,0,0,2,0,3,4,0,2,3,3.0,N,,,,,,,,,,,