CRN,ARRIVAL_TM,AUTOMOBILE_COUNT,BELTED_DEATH_COUNT,BELTED_SUSP_SERIOUS_INJ_COUNT,BICYCLE_COUNT,BICYCLE_DEATH_COUNT,BICYCLE_SUSP_SERIOUS_INJ_COUNT,BUS_COUNT,CHLDPAS_DEATH_COUNT,CHLDPAS_SUSP_SERIOUS_INJ_COUNT,COLLISION_TYPE,COMM_VEH_COUNT,CONS_ZONE_SPD_LIM,COUNTY,CRASH_MONTH,CRASH_YEAR,DAY_OF_WEEK,DEC_LAT,DEC_LONG,DISPATCH_TM,DISTRICT,DRIVER_COUNT_16YR,DRIVER_COUNT_17YR,DRIVER_COUNT_18YR,DRIVER_COUNT_19YR,DRIVER_COUNT_20YR,DRIVER_COUNT_50_64YR,DRIVER_COUNT_65_74YR,DRIVER_COUNT_75PLUS,EST_HRS_CLOSED,FATAL_COUNT,HEAVY_TRUCK_COUNT,HORSE_BUGGY_COUNT,HOUR_OF_DAY,ILLUMINATION,INJURY_COUNT,INTERSECT_TYPE,INTERSECTION_RELATED,LANE_CLOSED,LATITUDE,LN_CLOSE_DIR,LOCATION_TYPE,LONGITUDE,MAX_SEVERITY_LEVEL,MCYCLE_DEATH_COUNT,MCYCLE_SUSP_SERIOUS_INJ_COUNT,MOTORCYCLE_COUNT,MUNICIPALITY,NONMOTR_COUNT,NONMOTR_DEATH_COUNT,NONMOTR_SUSP_SERIOUS_INJ_COUNT,NTFY_HIWY_MAINT,PED_COUNT,PED_DEATH_COUNT,PED_SUSP_SERIOUS_INJ_COUNT,PERSON_COUNT,POLICE_AGCY,POSSIBLE_INJ_COUNT,RDWY_SURF_TYPE_CD,RELATION_TO_ROAD,ROAD_CONDITION,ROADWAY_CLEARED,SCH_BUS_IND,SCH_ZONE_IND,SECONDARY_CRASH,SMALL_TRUCK_COUNT,SPEC_JURIS_CD,SUSP_MINOR_INJ_COUNT,SUSP_SERIOUS_INJ_COUNT,SUV_COUNT,TCD_FUNC_CD,TCD_TYPE,TFC_DETOUR_IND,TIME_OF_DAY,TOT_INJ_COUNT,TOTAL_UNITS,UNB_DEATH_COUNT,UNB_SUSP_SERIOUS_INJ_COUNT,UNBELTED_OCC_COUNT,UNK_INJ_DEG_COUNT,UNK_INJ_PER_COUNT,URBAN_AREA,URBAN_RURAL,VAN_COUNT,VEHICLE_COUNT,WEATHER1,WEATHER2,WORK_ZONE_IND,WORK_ZONE_LOC,WORK_ZONE_TYPE,WORKERS_PRES,WZ_CLOSE_DETOUR,WZ_FLAGGER,WZ_LAW_OFFCR_IND,WZ_LN_CLOSURE,WZ_MOVING,WZ_OTHER,WZ_SHLDER_MDN,WZ_WORKERS_INJ_KILLED
2021115558,1250.0,0,0,0,1,0,0,0,0,0,4,0,,67,11,2021,7,39.9989,-75.1685,1237.0,6,0,0,0,0,0,0,0,0,,0,0,0,0,6,1,1,,0,39 59:56.075,,0,75 10:06.560,3,0,0,0,67301,1,0,0,N,0,0,0,2,67301,0,,1,99,,N,N,N,0,,1,0,0,3,2,,30,1,2,0,0,0,0,0,3,4,0,1,99,98.0,N,,,,,,,,,,,
2021114135,1555.0,2,0,0,0,0,0,0,0,0,4,0,,67,11,2021,1,39.936,-75.2138,1550.0,6,0,0,0,0,0,0,0,0,,0,0,0,15,1,1,3,,0,39 56:09.536,,0,75 12:49.678,3,0,0,0,67301,0,0,0,N,0,0,0,3,67301,0,,1,1,,N,N,N,0,,1,0,0,3,2,,1549,1,2,0,0,2,0,0,3,4,0,2,3,3.0,N,,,,,,,,,,,
2021116500,703.0,0,0,0,0,0,0,0,0,0,0,0,,67,11,2021,4,39.8918,-75.2367,703.0,6,0,0,0,0,0,1,0,0,,0,0,0,6,3,0,0,N,1,39 53:30.417,1.0,0,75 14:12.117,0,0,0,0,67301,0,0,0,Y,0,0,0,1,68K01,0,,1,1,740.0,N,N,N,1,,0,0,0,0,0,N,632,0,1,0,0,0,0,0,3,4,0,1,3,3.0,N,,,,,,,,,,,
2021115619,1855.0,1,0,0,0,0,0,0,0,0,1,0,,67,11,2021,6,40.0927,-75.0473,1850.0,6,0,0,0,0,0,1,0,0,,0,0,0,18,3,1,2,,0,40 05:33.961,,0,75 02:50.408,3,0,0,0,67301,0,0,0,N,0,0,0,3,67301,0,,1,1,,N,N,N,0,,1,0,1,0,0,,1846,1,2,0,0,0,0,0,3,4,0,2,3,3.0,N,,,,,,,,,,,
2021114970,1910.0,0,0,0,0,0,0,0,0,0,8,0,,67,11,2021,3,40.0511,-75.159,1904.0,6,0,0,0,0,0,1,0,0,,0,0,0,19,3,2,1,,0,40 03:03.978,,0,75 09:32.572,3,0,0,0,67301,2,0,0,N,2,0,0,3,67301,0,,1,1,,N,N,N,0,,2,0,0,3,2,,1900,2,3,0,0,0,0,0,3,4,1,1,3,,N,,,,,,,,,,,
2021115750,756.0,0,0,0,0,0,0,0,0,0,7,0,,67,11,2021,7,40.026,-75.0972,748.0,6,0,0,0,0,0,0,0,0,,0,0,0,7,8,0,0,N,0,40 01:33.420,,0,75 05:49.740,9,0,0,0,67301,0,0,0,N,0,0,0,1,67301,0,,4,99,,N,N,N,0,,0,0,1,0,0,,700,0,1,0,0,0,0,1,3,4,0,1,99,,N,,,,,,,,,,,
2021114085,2323.0,0,0,0,0,0,0,0,0,0,5,0,,67,11,2021,1,40.0814,-75.0295,2322.0,6,0,0,0,0,0,0,1,0,,0,0,0,23,3,0,0,N,0,40 04:53.102,,0,75 01:46.238,0,0,0,0,67301,0,0,0,N,0,0,0,1,67301,0,,6,1,,N,N,N,1,,0,0,2,0,0,,2320,0,3,0,0,0,0,0,3,4,0,3,3,,N,,,,,,,,,,,
2021113257,1857.0,0,0,0,0,0,0,0,0,0,2,0,,67,11,2021,6,40.0956,-75.0164,1857.0,6,0,0,0,0,0,1,0,0,,0,0,0,18,3,1,0,N,1,40 05:44.230,3.0,0,75 00:58.870,3,0,0,0,67301,0,0,0,N,0,0,0,2,67301,0,,1,1,1900.0,N,N,N,0,,1,0,2,0,0,N,1800,1,2,0,0,0,0,1,3,4,0,2,3,,N,,,,,,,,,,,
2021115067,903.0,1,0,0,0,0,0,0,0,0,6,0,,67,11,2021,4,39.995,-75.192,858.0,6,0,0,0,0,0,1,0,0,,0,0,0,8,1,0,0,N,1,39 59:42.134,2.0,0,75 11:31.160,0,0,0,0,67301,0,0,0,N,0,0,0,6,67301,0,,1,1,1114.0,N,N,N,2,,0,0,2,0,0,Y,858,0,6,0,0,0,0,0,3,4,1,6,3,3.0,N,,,,,,,,,,,
2021115726,39.0,2,0,0,0,0,0,0,0,0,5,0,,67,11,2021,1,39.9688,-75.2324,36.0,6,0,0,0,0,0,0,0,0,,0,0,0,0,3,0,0,N,0,39 58:07.700,,0,75 13:56.800,0,0,0,0,67301,0,0,0,N,0,0,0,1,67301,0,,6,1,,N,N,N,0,,0,0,0,0,0,,30,0,2,0,0,0,0,0,3,4,0,2,3,3.0,N,,,,,,,,,,,
2021116412,1626.0,1,0,0,0,0,0,0,0,0,1,0,,67,11,2021,6,39.9764,-75.134,1623.0,6,0,0,0,0,0,0,0,0,,0,0,0,16,1,1,1,,0,39 58:34.867,,0,75 08:02.299,8,0,0,0,67301,0,0,0,N,0,0,0,3,67301,0,,1,1,,N,N,N,0,,0,0,1,3,3,,1610,1,2,0,0,0,1,0,3,4,0,2,3,,N,,,,,,,,,,,
2021113600,428.0,1,0,0,0,0,0,0,0,0,5,0,,67,11,2021,1,40.0403,-75.1083,424.0,6,0,0,0,0,0,0,0,0,,0,0,0,4,3,0,0,N,0,40 02:24.906,,0,75 06:30.013,0,0,0,0,67301,0,0,0,N,0,0,0,2,67301,0,,1,1,,N,N,N,1,,0,0,0,0,0,,423,0,2,0,0,0,0,0,3,4,0,2,3,3.0,N,,,,,,,,,,,
2021116326,2356.0,2,0,0,0,0,0,0,0,0,4,0,,67,11,2021,5,39.9776,-75.2109,2355.0,6,0,0,0,1,0,1,0,0,,0,0,0,13,1,1,1,,0,39 58:39.216,,0,75 12:39.261,3,0,0,0,67301,0,0,0,N,0,0,0,2,67301,0,,1,1,,N,N,N,0,,1,0,0,0,0,,1315,1,2,0,0,0,0,1,3,4,0,2,3,,N,,,,,,,,,,,
2021115486,2245.0,1,0,0,0,0,0,0,0,0,1,0,,67,11,2021,7,40.021,-75.1162,2245.0,6,0,0,0,0,0,0,0,0,,0,0,0,22,3,1,0,N,0,40 01:15.600,,0,75 06:58.380,3,0,0,0,67301,1,0,0,N,0,0,0,2,67301,0,,6,1,,N,N,N,0,,1,0,0,0,0,,2225,1,2,0,0,0,0,0,3,4,0,2,3,,N,,,,,,,,,,,
2021116361,330.0,0,0,0,0,0,0,0,0,0,8,0,,67,11,2021,4,40.0238,-75.1239,300.0,6,0,0,0,0,0,0,0,0,,0,0,0,19,3,1,5,,0,40 01:25.766,,0,75 07:25.892,2,0,0,0,67301,1,0,1,N,1,0,1,2,67301,0,,4,99,,N,N,N,0,,0,1,0,3,2,,1900,1,2,0,0,0,0,0,3,4,0,1,99,,N,,,,,,,,,,,
2021115185,1650.0,2,0,0,0,0,0,0,0,0,1,0,,67,11,2021,4,40.036,-75.1862,1650.0,6,0,0,0,0,0,1,0,0,,0,0,0,14,1,1,0,Y,0,40 02:09.519,,0,75 11:10.371,8,0,0,0,67301,0,0,0,N,0,0,0,2,67301,0,,1,1,,N,N,N,0,,0,0,0,3,2,,1417,1,2,0,0,0,1,0,3,4,0,2,3,3.0,N,,,,,,,,,,,
2021115720,217.0,2,0,0,0,0,0,0,0,0,4,0,,67,11,2021,1,40.0327,-75.1065,217.0,6,0,0,0,0,0,0,0,0,,0,0,0,2,3,0,2,,1,40 01:57.630,3.0,0,75 06:23.397,9,0,0,0,67301,0,0,0,N,0,0,0,2,67301,0,,1,1,340.0,N,N,Y,0,,0,0,3,3,3,N,215,0,5,0,0,0,0,1,3,4,0,5,3,3.0,N,,,,,,,,,,,
2021114666,1230.0,1,0,0,0,0,0,0,0,0,8,0,,67,11,2021,1,39.9541,-75.1897,1220.0,6,0,0,0,0,0,1,0,0,,0,0,0,12,1,1,1,,0,39 57:14.683,,0,75 11:23.010,3,0,0,0,67301,1,0,0,N,1,0,0,2,67301,0,,1,1,,N,N,N,0,,1,0,0,3,2,,1215,1,2,0,0,0,0,0,3,4,0,1,3,3.0,N,,,,,,,,,,,
2021118478,1010.0,1,0,0,0,0,0,0,0,0,4,0,,67,11,2021,1,40.0356,-75.081,1008.0,6,0,0,0,0,1,0,0,0,,0,0,0,10,1,1,1,,1,40 02:08.666,1.0,0,75 04:51.659,8,0,0,0,67301,0,0,0,N,0,0,0,2,67301,0,,1,1,1145.0,N,N,N,0,,0,0,1,3,2,N,1000,1,2,0,0,0,1,0,3,4,0,2,3,3.0,N,,,,,,,,,,,
2021116331,1806.0,0,0,0,0,0,0,0,0,0,5,0,,67,11,2021,6,39.9452,-75.1777,1804.0,6,0,0,0,0,0,1,0,0,,0,0,0,17,3,1,0,N,0,39 56:42.590,,0,75 10:39.810,3,0,0,0,67301,0,0,0,N,0,0,0,2,67301,0,,6,1,,N,N,N,0,,1,0,2,0,0,,1743,1,2,0,0,2,0,0,3,4,0,2,3,3.0,N,,,,,,,,,,,
2021115900,1734.0,1,0,0,0,0,0,0,0,0,7,0,,67,11,2021,7,40.0653,-74.9823,1731.0,6,0,0,0,0,0,2,0,0,,0,0,0,17,3,2,0,N,0,40 03:55.258,,0,74 58:56.196,8,0,0,0,67301,0,0,0,N,0,0,0,4,67301,0,,4,1,,N,N,Y,0,,0,0,0,0,0,,1730,2,2,0,0,0,2,0,3,4,1,2,3,3.0,N,,,,,,,,,,,
2021115284,100.0,0,0,0,0,0,0,0,0,0,5,0,,67,11,2021,6,39.9598,-75.2355,59.0,6,0,0,0,0,0,0,0,0,,0,0,0,0,3,0,0,N,0,39 57:35.151,,0,75 14:07.912,0,0,0,0,67301,0,0,0,N,0,0,0,2,67301,0,,1,9,,N,N,Y,0,,0,0,2,0,0,,46,0,2,0,0,0,0,0,3,4,0,2,7,7.0,N,,,,,,,,,,,
2021114020,1820.0,0,0,0,0,0,0,0,0,0,8,0,,67,11,2021,1,39.9771,-75.1581,1811.0,6,0,0,0,0,0,0,0,0,,0,0,0,18,3,1,0,N,0,39 58:37.506,,0,75 09:29.285,3,0,0,0,67301,1,0,0,N,1,0,0,2,67301,0,,1,1,,N,N,N,0,,1,0,0,0,0,,1805,1,2,0,0,0,0,0,3,4,0,1,3,3.0,N,,,,,,,,,,,
2021115490,1549.0,4,0,0,0,0,0,0,0,0,4,0,,67,11,2021,6,40.0121,-75.1371,1549.0,6,0,0,0,0,0,0,0,0,,0,0,0,15,1,1,1,,2,40 00:43.642,6.0,0,75 08:13.671,3,0,0,0,67301,0,0,0,N,0,0,0,2,67301,0,,1,1,1637.0,N,N,Y,0,,1,0,1,3,3,N,1549,1,5,0,0,1,0,0,3,4,0,5,3,3.0,N,,,,,,,,,,,
2021118256,1141.0,2,0,0,0,0,0,0,0,0,1,0,,67,11,2021,6,40.0411,-75.1514,1139.0,6,0,0,0,0,0,0,0,0,,0,0,0,11,1,0,0,N,0,40 02:28.000,,0,75 09:05.000,0,0,0,0,67301,0,0,0,N,0,0,0,2,67301,0,,1,1,,N,N,N,0,,0,0,0,0,0,,1138,0,2,0,0,1,0,0,3,4,0,2,3,3.0,N,,,,,,,,,,,
2021115749,722.0,1,0,0,0,0,0,0,0,0,7,0,,67,11,2021,6,40.0517,-75.2393,712.0,6,0,0,0,0,0,0,0,0,,0,0,0,5,3,0,0,N,0,40 03:06.230,,0,75 14:21.460,0,0,0,0,67301,0,0,0,N,0,0,0,1,67301,0,,5,9,,N,N,N,0,,0,0,0,0,0,,530,0,1,0,0,0,0,0,3,4,0,1,6,7.0,N,,,,,,,,,,,
2021113729,2105.0,3,0,0,0,0,0,0,0,0,1,0,,67,11,2021,1,40.0549,-75.1802,2102.0,6,0,0,0,0,0,0,0,0,,0,0,0,20,3,0,2,,0,40 03:17.778,,0,75 10:48.895,0,0,0,0,67301,0,0,0,N,0,0,0,5,67301,0,,1,1,,N,N,Y,0,,0,0,0,3,2,,2059,0,3,0,0,0,0,0,3,4,0,3,3,3.0,N,,,,,,,,,,,
2021115283,1205.0,2,0,0,0,0,0,0,0,0,4,0,,67,11,2021,5,39.9573,-75.2479,1205.0,6,0,0,0,0,0,0,0,0,,0,0,0,12,1,1,1,,0,39 57:26.251,,0,75 14:52.347,3,0,0,0,67301,0,0,0,N,0,0,0,2,67301,0,,1,1,,N,N,N,0,,1,0,0,3,2,,1200,1,2,0,0,0,0,0,3,4,0,2,3,3.0,N,,,,,,,,,,,
2021114633,758.0,1,0,0,0,0,0,0,0,0,6,0,,67,11,2021,3,39.9541,-75.2121,744.0,6,0,0,0,0,0,0,0,0,,0,0,0,6,5,0,0,N,1,39 57:14.850,4.0,0,75 12:43.690,0,0,0,0,67301,0,0,0,N,0,0,0,1,67301,0,,6,1,858.0,N,N,N,0,,0,0,1,0,0,N,650,0,2,0,0,0,0,0,3,4,0,2,3,,N,,,,,,,,,,,
2021113073,827.0,0,0,0,0,0,0,0,0,0,4,0,,67,11,2021,7,39.9246,-75.2331,821.0,6,0,0,0,0,0,0,0,0,,0,0,0,8,1,0,1,,0,39 55:28.434,,0,75 13:59.258,0,0,0,0,67301,0,0,0,N,0,0,0,2,67301,0,,1,1,,N,N,N,1,,0,0,1,3,2,,813,0,2,0,0,0,0,0,3,4,0,2,3,3.0,N,,,,,,,,,,,
2021114392,1557.0,1,0,0,0,0,0,0,0,0,4,0,,67,11,2021,3,40.0318,-75.0464,1552.0,6,0,0,0,0,0,0,0,0,,0,0,0,15,1,0,1,,0,40 01:54.570,,0,75 02:47.112,9,0,0,1,67301,0,0,0,N,0,0,0,3,67301,0,,1,1,,N,N,N,0,,0,0,0,3,3,,1532,0,2,0,0,0,0,1,3,4,0,2,3,,N,,,,,,,,,,,
2021113353,53.0,1,0,0,0,0,0,0,0,0,1,0,,67,11,2021,1,39.9402,-75.168,51.0,6,0,0,0,0,0,0,0,0,,0,0,0,0,3,1,1,,0,39 56:24.864,,0,75 10:04.641,3,0,0,0,67301,0,0,0,N,0,0,0,4,67301,0,,1,1,,N,N,N,0,,1,0,1,3,2,,45,1,2,0,0,0,0,1,3,4,0,2,3,,N,,,,,,,,,,,
2021112666,1739.0,2,0,0,0,0,0,0,0,0,4,0,,67,11,2021,5,39.9902,-75.1382,1738.0,6,0,0,0,0,0,0,0,0,,0,0,0,17,3,1,1,,0,39 59:24.748,,0,75 08:17.573,2,0,1,1,67301,0,0,0,N,0,0,0,2,67301,0,,1,99,,N,N,N,0,,0,1,1,3,3,,1736,1,4,0,0,0,0,0,3,4,0,4,3,3.0,N,,,,,,,,,,,
2021123080,,1,0,1,0,0,0,0,0,0,5,0,,67,11,2021,7,39.9701,-75.2374,,6,0,0,0,0,0,0,0,0,,0,0,0,3,3,1,0,N,0,39 58:12.525,,0,75 14:14.802,2,0,0,0,67301,0,0,0,N,0,0,0,2,00000,0,,1,1,,N,N,N,0,,0,1,0,0,0,,300,1,2,0,0,0,0,0,3,4,0,2,3,,N,,,,,,,,,,,
2021115759,1320.0,1,0,0,0,0,0,0,0,0,4,0,,67,11,2021,4,39.9681,-75.1601,1315.0,6,0,0,0,0,0,0,0,0,,0,0,0,13,1,2,2,,1,39 58:05.221,3.0,0,75 09:36.378,8,0,0,0,67301,0,0,0,N,0,0,0,4,67301,0,,1,99,1330.0,N,N,N,0,,0,0,1,0,0,Y,1300,2,2,0,0,0,2,0,3,4,0,2,3,3.0,N,,,,,,,,,,,
2021113607,536.0,4,0,0,0,0,0,0,0,0,5,0,,67,11,2021,1,39.9809,-75.1477,534.0,6,0,0,0,0,0,0,0,0,,0,0,0,5,3,0,0,N,0,39 58:51.080,,0,75 08:51.780,0,0,0,0,67301,0,0,0,N,0,0,0,1,67301,0,,6,1,,N,N,N,0,,0,0,3,0,0,,530,0,8,0,0,0,0,0,3,4,1,8,3,3.0,N,,,,,,,,,,,
2021120741,1910.0,1,0,0,0,0,0,0,0,0,7,0,,67,11,2021,2,39.978,-75.1718,1905.0,6,0,0,0,0,0,0,0,0,,0,0,0,19,3,0,0,N,0,39 58:40.670,,0,75 10:18.400,9,0,0,0,67301,0,0,0,N,0,0,0,1,67301,0,,5,1,,N,N,N,0,,0,0,0,0,0,,1900,0,1,0,0,1,0,1,3,4,0,1,3,3.0,N,,,,,,,,,,,
2021116308,2010.0,2,0,0,0,0,0,0,0,0,4,0,,67,11,2021,7,39.9604,-75.2411,2010.0,6,0,0,0,1,0,0,0,0,,0,0,0,20,3,1,1,,0,39 57:37.591,,0,75 14:27.822,4,0,0,0,67301,0,0,0,N,0,0,0,2,67301,1,,1,1,,N,N,N,0,,0,0,0,3,2,,2000,1,2,0,0,0,0,0,3,4,0,2,3,3.0,N,,,,,,,,,,,
2021119554,2052.0,0,0,0,0,0,0,0,0,0,1,0,,67,11,2021,7,40.0091,-75.0683,2030.0,6,0,0,0,0,0,0,0,0,,0,0,0,20,3,0,0,N,2,40 00:32.614,2.0,3,75 04:05.918,9,0,0,0,67301,0,0,0,N,0,0,0,4,68K01,0,,1,1,2115.0,N,N,N,0,,0,0,2,0,0,N,2026,0,2,0,0,0,0,2,3,4,0,2,3,3.0,N,,,,,,,,,,,
2021113297,411.0,2,0,0,0,0,0,0,0,0,4,0,,67,11,2021,6,39.9794,-75.2253,411.0,6,0,0,0,0,0,1,0,0,,0,0,0,3,3,1,1,,0,39 58:45.965,,0,75 13:31.446,8,0,0,0,67301,0,0,0,N,0,0,0,2,67301,0,,1,1,,N,N,N,0,,0,0,0,3,2,,350,1,2,0,0,0,1,1,3,4,0,2,3,,N,,,,,,,,,,,
2021123447,30.0,2,0,0,0,0,0,0,0,0,4,0,,67,11,2021,7,39.9919,-75.1093,2300.0,6,0,0,0,0,0,0,0,0,,0,0,0,22,3,0,2,,0,39 59:30.833,,0,75 06:33.593,9,0,0,0,67301,0,0,0,N,0,0,0,2,67301,0,,1,1,,N,N,N,0,,0,0,0,3,3,,2250,0,2,0,0,0,0,2,3,4,0,2,99,98.0,N,,,,,,,,,,,
2021115294,23.0,3,0,0,0,0,0,0,0,0,5,0,,67,11,2021,5,39.9444,-75.2364,21.0,6,0,0,0,0,0,0,0,0,,0,0,0,0,3,0,0,N,0,39 56:39.970,,0,75 14:10.970,0,0,0,0,67301,0,0,0,N,0,0,0,1,67301,0,,6,1,,N,N,N,0,,0,0,2,0,0,,21,0,5,0,0,0,0,0,3,4,0,5,3,3.0,N,,,,,,,,,,,
2021120654,2010.0,1,0,0,0,0,0,0,0,0,4,0,,67,11,2021,4,39.9893,-75.1673,2009.0,6,0,0,0,1,0,0,0,0,,0,0,0,20,3,0,1,,0,39 59:21.653,,0,75 10:02.305,0,0,0,0,67301,0,0,0,N,0,0,0,2,67301,0,,1,1,,N,N,N,0,,0,0,1,3,2,,2005,0,2,0,0,0,0,0,3,4,0,2,3,3.0,N,,,,,,,,,,,
2021115559,2.0,1,0,0,0,0,0,0,0,0,4,0,,67,11,2021,4,40.0256,-75.1817,2.0,6,0,0,0,0,0,0,0,0,,0,0,0,23,3,3,1,,0,40 01:32.334,,0,75 10:54.007,3,0,0,0,67301,0,0,0,N,0,0,0,4,67301,0,,1,1,,N,N,N,0,,3,0,1,3,1,,2358,3,2,0,0,0,0,1,3,4,0,2,3,3.0,N,,,,,,,,,,,
2021113547,1703.0,0,0,0,0,0,0,0,0,0,4,0,,67,11,2021,1,40.0473,-75.1677,1700.0,6,0,0,0,0,0,1,0,0,,0,0,0,16,3,1,1,,2,40 02:50.173,7.0,0,75 10:03.884,3,0,0,0,67301,0,0,0,N,0,0,0,3,67301,0,,1,1,1810.0,N,N,N,1,,1,0,1,3,2,Y,1654,1,2,0,0,0,0,0,3,4,0,2,3,3.0,N,,,,,,,,,,,
2021115478,115.0,1,0,0,0,0,0,0,0,0,4,0,,67,11,2021,6,40.0368,-75.0407,112.0,6,0,0,0,0,0,1,0,0,,0,0,0,0,3,0,1,,1,40 02:12.310,4.0,0,75 02:26.659,0,0,0,0,67301,0,0,0,N,0,0,0,2,67301,0,,1,9,145.0,N,N,N,0,,0,0,1,3,2,N,50,0,2,0,0,0,0,0,3,4,0,2,7,7.0,N,,,,,,,,,,,
2021113601,615.0,3,0,0,0,0,0,0,0,0,4,0,,67,11,2021,1,40.0527,-75.0926,557.0,6,0,0,0,0,0,0,0,0,,0,0,0,5,3,1,1,,0,40 03:09.797,,0,75 05:33.205,4,0,0,0,67301,0,0,0,N,0,0,0,2,67301,1,,1,1,,N,N,Y,0,,0,0,0,3,3,,500,1,3,0,0,0,0,1,3,4,0,3,3,3.0,N,,,,,,,,,,,
2021115557,1305.0,2,0,0,0,0,0,0,0,0,4,0,,67,11,2021,2,39.9847,-75.1615,1259.0,6,0,0,0,0,0,1,0,0,,0,0,0,12,1,1,1,,0,39 59:04.959,,0,75 09:41.497,8,0,0,0,67301,0,0,0,N,0,0,0,2,67301,0,,1,1,,N,N,N,0,,0,0,0,3,3,,1225,1,2,0,0,0,1,0,3,4,0,2,3,3.0,N,,,,,,,,,,,
2021115552,1836.0,1,0,0,0,0,0,0,0,0,4,0,,67,11,2021,6,39.9649,-75.2261,1836.0,6,0,0,0,0,0,0,1,0,,0,0,0,18,3,1,1,,0,39 57:53.517,,0,75 13:33.924,4,0,0,0,67301,0,0,0,N,0,0,0,2,67301,1,,1,1,,N,N,N,0,,0,0,1,3,2,,1835,1,2,0,0,2,0,1,3,4,0,2,3,4.0,N,,,,,,,,,,,
2021120198,1415.0,0,0,0,0,0,0,0,0,0,8,0,,67,11,2021,7,39.9617,-75.1577,1412.0,6,0,0,0,0,0,0,0,0,,0,0,0,23,3,1,5,,0,39 57:42.281,,0,75 09:27.699,2,0,0,0,67301,1,0,1,N,1,0,1,2,67301,0,,1,1,,N,N,N,0,,0,1,1,3,2,,2300,1,2,0,0,0,0,0,3,4,0,1,3,3.0,N,,,,,,,,,,,
2021116362,243.0,2,0,0,0,0,0,0,0,0,4,0,,67,11,2021,1,40.039,-75.15,241.0,6,0,0,0,0,0,0,0,0,,0,0,0,2,3,2,1,,2,40 02:20.299,7.0,0,75 09:00.127,3,0,0,0,67301,0,0,0,N,0,0,0,4,67301,0,,1,1,337.0,N,N,N,0,,2,0,1,3,2,Y,238,2,3,0,0,0,0,0,3,4,0,3,3,3.0,N,,,,,,,,,,,
2021122699,1442.0,0,0,0,0,0,0,0,0,0,1,0,,67,11,2021,3,39.9622,-75.1831,1427.0,6,0,0,0,0,0,1,0,0,,0,0,0,14,1,0,0,N,0,39 57:44.060,,0,75 10:59.166,0,0,0,0,67301,0,0,0,N,0,0,0,2,68K01,0,,1,1,,N,N,N,0,,0,0,1,0,0,,1417,0,2,0,0,0,0,0,3,4,1,2,3,,N,,,,,,,,,,,
2021121065,2120.0,0,0,0,0,0,0,0,0,0,7,0,,67,11,2021,6,39.9955,-75.1977,2120.0,6,0,0,0,0,0,0,0,0,,0,0,0,21,3,2,0,N,1,39 59:43.824,3.0,0,75 11:51.742,3,0,0,0,67301,0,0,0,N,0,0,0,2,68K01,0,,3,1,2130.0,N,N,N,0,,2,0,1,0,0,Y,2119,2,1,0,0,0,0,0,3,4,0,1,3,,N,,,,,,,,,,,
2021115792,839.0,1,0,0,0,0,0,0,0,0,5,0,,67,11,2021,7,39.9519,-75.2205,837.0,6,0,0,0,1,0,0,0,0,,0,0,0,8,1,0,0,Y,2,39 57:07.000,5.0,0,75 13:13.900,0,0,0,0,67301,0,0,0,N,0,0,0,1,67301,0,,6,1,936.0,N,N,N,0,,0,0,1,0,0,Y,831,0,2,0,0,0,0,0,3,4,0,2,3,3.0,N,,,,,,,,,,,
2021116977,815.0,0,0,0,0,0,0,0,0,0,7,0,,67,11,2021,1,39.8874,-75.2044,814.0,6,0,0,0,0,0,0,0,0,,0,0,0,8,1,1,0,N,2,39 53:14.818,2.0,3,75 12:15.916,8,0,0,0,67301,0,0,0,N,0,0,0,1,68K01,0,,3,1,845.0,N,N,N,0,,0,0,1,0,0,Y,812,1,1,0,0,0,1,0,3,4,0,1,3,3.0,N,,,,,,,,,,,
2021124398,2136.0,1,0,0,0,0,0,0,0,0,4,0,,67,11,2021,5,39.9692,-75.2284,2136.0,6,0,0,0,1,0,0,0,0,,0,0,0,21,3,2,1,,0,39 58:09.116,,0,75 13:42.175,4,0,0,0,67301,0,0,0,N,0,0,0,3,67301,2,,1,1,,N,N,N,0,,0,0,1,9,2,,2135,2,2,0,0,0,0,0,3,4,0,2,3,,N,,,,,,,,,,,
2021115560,850.0,0,0,0,0,0,0,0,0,0,5,0,,67,11,2021,6,40.0076,-75.1629,846.0,6,0,0,0,0,0,0,0,0,,0,0,0,8,1,0,0,N,2,40 00:27.310,3.0,0,75 09:46.300,0,0,0,0,67301,0,0,0,N,0,0,0,3,67301,0,,1,9,200.0,N,N,Y,0,,0,0,3,0,0,N,845,0,3,0,0,0,0,0,3,4,0,3,3,,N,,,,,,,,,,,
2021115803,1115.0,1,0,0,0,0,0,0,0,0,4,0,,67,11,2021,7,39.9161,-75.1548,1110.0,6,0,0,0,0,0,1,0,0,,0,0,0,11,1,1,1,,0,39 54:57.855,,0,75 09:17.175,8,0,0,0,67301,0,0,0,N,0,0,0,2,67301,0,,1,1,,N,N,N,0,,0,0,1,3,3,,1105,1,2,0,0,0,1,0,3,4,0,2,3,3.0,N,,,,,,,,,,,