CRN,ARRIVAL_TM,AUTOMOBILE_COUNT,BELTED_DEATH_COUNT,BELTED_SUSP_SERIOUS_INJ_COUNT,BICYCLE_COUNT,BICYCLE_DEATH_COUNT,BICYCLE_SUSP_SERIOUS_INJ_COUNT,BUS_COUNT,CHLDPAS_DEATH_COUNT,CHLDPAS_SUSP_SERIOUS_INJ_COUNT,COLLISION_TYPE,COMM_VEH_COUNT,CONS_ZONE_SPD_LIM,COUNTY,CRASH_MONTH,CRASH_YEAR,DAY_OF_WEEK,DEC_LAT,DEC_LONG,DISPATCH_TM,DISTRICT,DRIVER_COUNT_16YR,DRIVER_COUNT_17YR,DRIVER_COUNT_18YR,DRIVER_COUNT_19YR,DRIVER_COUNT_20YR,DRIVER_COUNT_50_64YR,DRIVER_COUNT_65_74YR,DRIVER_COUNT_75PLUS,EST_HRS_CLOSED,FATAL_COUNT,HEAVY_TRUCK_COUNT,HORSE_BUGGY_COUNT,HOUR_OF_DAY,ILLUMINATION,INJURY_COUNT,INTERSECT_TYPE,INTERSECTION_RELATED,LANE_CLOSED,LATITUDE,LN_CLOSE_DIR,LOCATION_TYPE,LONGITUDE,MAX_SEVERITY_LEVEL,MCYCLE_DEATH_COUNT,MCYCLE_SUSP_SERIOUS_INJ_COUNT,MOTORCYCLE_COUNT,MUNICIPALITY,NONMOTR_COUNT,NONMOTR_DEATH_COUNT,NONMOTR_SUSP_SERIOUS_INJ_COUNT,NTFY_HIWY_MAINT,PED_COUNT,PED_DEATH_COUNT,PED_SUSP_SERIOUS_INJ_COUNT,PERSON_COUNT,POLICE_AGCY,POSSIBLE_INJ_COUNT,RDWY_SURF_TYPE_CD,RELATION_TO_ROAD,ROAD_CONDITION,ROADWAY_CLEARED,SCH_BUS_IND,SCH_ZONE_IND,SECONDARY_CRASH,SMALL_TRUCK_COUNT,SPEC_JURIS_CD,SUSP_MINOR_INJ_COUNT,SUSP_SERIOUS_INJ_COUNT,SUV_COUNT,TCD_FUNC_CD,TCD_TYPE,TFC_DETOUR_IND,TIME_OF_DAY,TOT_INJ_COUNT,TOTAL_UNITS,UNB_DEATH_COUNT,UNB_SUSP_SERIOUS_INJ_COUNT,UNBELTED_OCC_COUNT,UNK_INJ_DEG_COUNT,UNK_INJ_PER_COUNT,URBAN_AREA,URBAN_RURAL,VAN_COUNT,VEHICLE_COUNT,WEATHER1,WEATHER2,WORK_ZONE_IND,WORK_ZONE_LOC,WORK_ZONE_TYPE,WORKERS_PRES,WZ_CLOSE_DETOUR,WZ_FLAGGER,WZ_LAW_OFFCR_IND,WZ_LN_CLOSURE,WZ_MOVING,WZ_OTHER,WZ_SHLDER_MDN,WZ_WORKERS_INJ_KILLED
2021115281,1328.0,0,0,0,0,0,0,0,0,0,4,0,,67,11,2021,7,39.931,-75.243,1329.0,6,0,0,0,0,0,1,0,0,,0,0,0,13,1,2,3,,0,39 55:51.548,,0,75 14:34.635,3,0,0,0,67301,0,0,0,N,0,0,0,2,67301,0,,1,1,,N,N,N,0,,2,0,2,0,0,,1322,2,2,0,0,0,0,0,3,4,0,2,3,3.0,N,,,,,,,,,,,
2021116351,226.0,1,0,0,0,0,0,0,0,0,4,0,,67,11,2021,1,40.0363,-75.0643,226.0,6,0,0,0,0,0,1,0,0,,0,0,0,2,3,3,1,,2,40 02:10.729,1.0,0,75 03:51.497,8,0,0,0,67301,0,0,0,N,0,0,0,5,67301,0,,1,1,410.0,N,N,N,0,,0,0,1,3,2,N,218,3,2,0,0,0,3,1,3,4,0,2,3,3.0,N,,,,,,,,,,,
2021117284,1620.0,1,0,1,0,0,0,0,0,0,4,0,,67,11,2021,1,40.0182,-75.173,1416.0,6,0,0,0,0,0,0,0,0,,0,0,0,21,3,1,0,N,0,40 01:05.683,,0,75 10:22.908,2,0,0,0,67301,0,0,0,N,0,0,0,2,67301,0,,1,1,,N,N,N,0,,0,1,1,0,0,,2140,1,2,0,0,0,0,0,3,4,0,2,3,3.0,N,,,,,,,,,,,
2021114510,1801.0,1,0,0,0,0,0,0,0,0,8,0,,67,11,2021,3,40.0098,-75.1669,1800.0,6,0,0,0,0,0,0,0,0,,0,0,0,7,1,1,1,,0,40 00:35.518,,0,75 10:00.484,3,0,0,0,67301,1,0,0,N,1,0,0,2,67301,0,,1,1,,N,N,N,0,,1,0,0,3,2,,745,1,2,0,0,0,0,0,3,4,0,1,3,3.0,N,,,,,,,,,,,
2021114023,2000.0,2,0,0,0,0,0,0,0,0,5,0,,67,11,2021,1,39.9204,-75.1985,2000.0,6,0,0,0,0,1,0,0,0,,0,0,0,19,3,0,0,N,0,39 55:13.426,,3,75 11:54.443,0,0,0,0,67301,0,0,0,N,0,0,0,2,67301,0,,1,1,,N,N,N,0,,0,0,0,0,0,,1930,0,2,0,0,0,0,0,3,4,0,2,3,3.0,N,,,,,,,,,,,
2021114220,911.0,1,0,0,0,0,0,0,0,0,5,0,,67,11,2021,2,39.9699,-75.1425,911.0,6,0,0,0,0,0,0,1,0,,0,0,0,14,1,0,0,N,0,39 58:11.684,,0,75 08:32.870,0,0,0,0,67301,0,0,0,N,0,0,0,2,67301,0,,1,99,,N,N,N,0,,0,0,0,0,0,,1430,0,2,0,0,0,0,0,3,4,1,2,99,,N,,,,,,,,,,,
2021114087,1323.0,1,0,0,0,0,0,0,0,0,6,0,,67,11,2021,2,40.1162,-75.0204,1311.0,6,0,0,0,0,0,1,0,1,,0,0,0,13,1,0,0,N,0,40 06:58.221,,0,75 01:13.387,0,0,0,0,67301,0,0,0,N,0,0,0,2,67301,0,,1,1,,N,N,N,0,,0,0,1,3,2,,1305,0,2,0,0,0,0,0,3,4,0,2,4,4.0,N,,,,,,,,,,,
2021113305,434.0,3,0,0,0,0,0,0,0,0,2,0,,67,11,2021,7,40.0345,-75.124,430.0,6,0,0,0,0,1,0,0,0,,0,0,0,4,3,2,0,N,2,40 02:04.140,5.0,0,75 07:26.330,3,0,0,0,67301,0,0,0,N,0,0,0,2,67301,0,,1,1,544.0,N,N,N,0,,2,0,1,0,0,Y,429,2,4,0,0,0,0,0,3,4,0,4,3,3.0,N,,,,,,,,,,,
2021116826,835.0,0,0,0,0,0,0,0,0,0,4,0,,67,11,2021,7,40.0021,-75.1442,832.0,6,0,0,0,0,0,1,0,0,,0,0,0,8,1,1,5,,0,40 00:07.582,,0,75 08:39.242,3,0,0,0,67301,0,0,0,N,0,0,0,2,67301,0,,1,1,,N,N,N,0,,1,0,1,3,2,,800,1,2,0,0,1,0,0,3,4,1,2,3,,N,,,,,,,,,,,
2021128590,803.0,2,0,0,0,0,0,0,0,0,6,0,,67,12,2021,6,40.0438,-75.1803,759.0,6,0,0,0,0,0,0,0,0,,0,0,0,4,3,1,0,N,0,40 02:37.662,,0,75 10:49.063,8,0,0,0,67301,0,0,0,N,0,0,0,2,67301,0,,6,9,,N,N,Y,0,,0,0,2,0,0,,450,1,4,0,0,1,1,0,3,4,0,4,5,4.0,N,,,,,,,,,,,
2021107017,232.0,1,0,0,0,0,0,0,0,0,4,0,,67,11,2021,6,39.957,-75.2255,225.0,6,0,0,0,0,0,0,0,0,,0,0,0,2,3,1,1,,0,39 57:25.067,,0,75 13:31.807,8,0,0,0,67301,0,0,0,N,0,0,0,2,67301,0,,1,1,,N,N,N,0,,0,0,0,3,2,,210,1,2,0,0,0,1,0,3,4,0,2,3,3.0,N,,,,,,,,,,,
2021107233,2110.0,1,0,0,0,0,0,0,0,0,4,0,,67,11,2021,5,39.975,-75.1867,2059.0,6,0,0,0,1,0,0,0,0,,0,0,0,20,1,1,2,,0,39 58:29.876,,0,75 11:12.007,3,0,0,0,67301,0,0,0,N,0,0,0,3,67301,0,,1,1,,N,N,N,0,,1,0,1,3,3,,2045,1,2,0,0,0,0,0,3,4,0,2,3,3.0,N,,,,,,,,,,,
2021105831,858.0,2,0,0,0,0,0,0,0,0,1,0,,67,11,2021,4,39.9959,-75.1696,851.0,6,0,0,0,0,0,0,0,0,,0,0,0,8,1,1,0,N,0,39 59:45.168,,0,75 10:10.529,4,0,0,0,67301,0,0,0,N,0,0,0,4,67301,1,,1,1,,N,Y,N,1,,0,0,0,0,0,,845,1,3,0,0,0,0,0,3,4,0,3,3,3.0,N,,,,,,,,,,,
2021104850,740.0,1,0,0,0,0,0,0,0,0,4,0,,67,11,2021,2,40.057,-75.0343,728.0,6,0,0,0,0,0,1,0,0,,0,0,0,7,1,1,1,,1,40 03:25.378,3.0,0,75 02:03.334,2,0,0,0,67301,0,0,0,N,0,0,0,4,67301,0,,1,1,100.0,N,N,Y,1,,0,1,1,3,2,N,723,1,3,0,0,0,0,2,3,4,0,3,3,3.0,N,,,,,,,,,,,
2021106708,905.0,0,0,0,0,0,0,0,0,0,8,0,,67,11,2021,4,40.007,-75.1583,905.0,6,0,0,0,0,0,0,0,0,,0,0,0,8,1,1,1,,0,40 00:25.171,,0,75 09:29.764,4,0,0,0,67301,1,0,0,N,1,0,0,2,67301,1,,1,1,,N,N,N,0,,0,0,1,3,3,,847,1,2,0,0,0,0,0,3,4,0,1,3,3.0,N,,,,,,,,,,,
2021109268,1805.0,1,0,0,0,0,0,0,0,0,1,0,,67,11,2021,2,40.0428,-75.0243,1754.0,6,0,0,0,0,0,2,0,0,,0,0,0,17,3,1,0,Y,0,40 02:34.051,,0,75 01:27.487,3,0,0,0,67301,0,0,0,N,0,0,0,4,67301,0,,1,1,,N,N,N,1,,1,0,1,3,2,,1750,1,3,0,0,0,0,0,3,4,0,3,3,3.0,N,,,,,,,,,,,
2021108602,1748.0,1,0,0,0,0,0,0,0,0,5,0,,67,11,2021,2,39.9312,-75.1639,1700.0,6,0,0,0,0,0,0,0,1,,0,0,0,14,1,1,0,N,0,39 55:52.190,,0,75 09:50.140,8,0,0,0,67301,0,0,0,N,0,0,0,1,67301,0,,6,1,,N,N,N,0,,0,0,1,0,0,,1440,1,2,0,0,0,1,0,3,4,0,2,3,3.0,N,,,,,,,,,,,
2021107808,2331.0,0,0,0,0,0,0,0,0,0,8,0,,67,11,2021,1,39.9704,-75.1611,2325.0,6,0,0,0,0,0,0,0,0,,0,0,0,23,3,1,0,N,0,39 58:13.440,,0,75 09:39.820,3,0,0,0,67301,1,0,0,N,1,0,0,2,67301,0,,1,1,,N,N,N,0,,1,0,1,0,0,,2325,1,2,0,0,0,0,0,3,4,0,1,3,3.0,N,,,,,,,,,,,
2021106302,1745.0,1,0,0,0,0,0,0,0,0,8,0,,67,11,2021,4,39.9979,-75.1246,1737.0,6,0,0,0,0,0,0,0,0,,0,0,0,15,1,1,0,N,0,39 59:52.415,,0,75 07:28.566,4,0,0,0,67301,1,0,0,N,1,0,0,2,67301,1,,4,1,,N,N,N,0,,0,0,0,0,0,,1530,1,2,0,0,0,0,0,3,4,0,1,3,3.0,N,,,,,,,,,,,
2021105830,1318.0,0,0,0,0,0,0,0,0,0,8,0,,67,11,2021,3,39.9702,-75.1597,1246.0,6,0,0,0,0,0,0,0,0,,0,0,0,11,1,1,1,,0,39 58:12.621,,0,75 09:34.763,3,0,0,0,67301,1,0,0,N,1,0,0,2,67301,0,,1,9,,N,N,N,1,,1,0,0,3,2,,1139,1,2,0,0,1,0,0,3,4,0,1,7,4.0,N,,,,,,,,,,,
2021111050,1835.0,1,0,0,0,0,0,0,0,0,4,0,,67,11,2021,7,39.9658,-75.2461,1830.0,6,0,0,0,0,0,0,0,0,,0,0,0,18,3,3,1,,0,39 57:56.938,,0,75 14:46.130,8,0,0,0,67301,0,0,0,N,0,0,0,5,67301,0,,1,1,,N,N,N,1,,0,0,1,2,1,,1814,3,3,0,0,1,3,0,3,4,0,3,3,3.0,N,,,,,,,,,,,
2021128097,245.0,1,0,0,0,0,0,0,0,0,4,0,,67,12,2021,5,39.9451,-75.15,240.0,6,0,0,0,0,0,1,0,0,,0,0,0,2,3,0,1,,0,39 56:42.500,,0,75 09:00.158,0,0,0,0,67301,0,0,0,N,0,0,0,3,67301,0,,1,9,,N,N,N,0,,0,0,1,3,2,,233,0,2,0,0,0,0,0,3,4,0,2,7,7.0,N,,,,,,,,,,,
2021106706,834.0,0,0,0,0,0,0,0,0,0,8,0,,67,11,2021,4,40.0041,-75.1769,831.0,6,0,0,0,0,0,0,0,0,,0,0,0,8,1,1,0,N,0,40 00:14.600,,0,75 10:36.800,3,0,0,0,67301,1,0,0,N,1,0,0,2,67301,0,,1,1,,N,N,N,0,,1,0,1,0,0,,825,1,2,0,0,0,0,0,3,4,0,1,3,3.0,N,,,,,,,,,,,
2021108600,1917.0,2,0,0,0,0,0,0,0,0,4,0,,67,11,2021,7,39.9427,-75.1619,1916.0,6,0,0,0,0,0,0,0,0,,0,0,0,19,3,0,1,,0,39 56:33.899,,0,75 09:42.753,0,0,0,0,67301,0,0,0,N,0,0,0,2,67301,0,,1,99,,N,N,N,0,,0,0,0,3,3,,1911,0,2,0,0,1,0,0,3,4,0,2,3,3.0,N,,,,,,,,,,,
2021107994,1251.0,1,0,0,0,0,0,0,0,0,4,0,,67,11,2021,3,40.0403,-75.0584,1251.0,6,0,0,0,0,0,0,1,0,,0,0,0,12,1,2,1,,0,40 02:24.930,,0,75 03:30.344,8,0,0,0,67301,0,0,0,N,0,0,0,3,67301,0,,1,1,,N,N,N,0,,0,0,1,3,2,,1200,2,2,0,0,0,2,0,3,4,0,2,3,,N,,,,,,,,,,,
2021109259,345.0,0,0,0,0,0,0,0,0,0,7,0,,67,11,2021,7,39.9152,-75.1898,345.0,6,0,0,0,0,0,0,0,0,,0,0,0,3,3,0,0,N,2,39 54:54.600,4.0,3,75 11:23.200,0,0,0,0,67301,0,0,0,N,0,0,0,1,67501,0,,4,1,516.0,N,N,N,0,,0,0,1,0,0,N,345,0,1,0,0,1,0,0,3,4,0,1,3,3.0,N,,,,,,,,,,,
2021108691,833.0,0,0,0,0,0,0,0,0,0,1,0,,67,11,2021,4,39.947,-75.142,832.0,6,0,1,0,0,0,0,0,0,,0,0,0,8,1,0,0,N,0,39 56:49.174,,0,75 08:31.297,0,0,0,0,67301,0,0,0,N,0,0,0,3,68K01,0,,1,1,,N,N,N,0,,0,0,2,0,0,,831,0,3,0,0,0,0,0,3,4,1,3,3,,N,,,,,,,,,,,
2021108268,2325.0,1,0,0,0,0,0,0,0,0,8,0,,67,11,2021,5,39.9507,-75.1689,2306.0,6,0,0,0,0,0,0,0,0,,0,0,0,22,3,1,1,,0,39 57:02.569,,0,75 10:08.177,4,0,0,0,67301,1,0,0,N,1,0,0,2,67301,1,,1,1,,N,N,N,0,,0,0,0,3,2,,2200,1,2,0,0,0,0,0,3,4,0,1,3,3.0,N,,,,,,,,,,,
2021106736,2210.0,1,0,0,0,0,0,0,0,0,4,0,,67,11,2021,5,39.9558,-75.1915,2209.0,6,0,0,0,0,0,0,0,0,,0,0,0,22,3,0,1,,0,39 57:21.261,,0,75 11:29.218,9,0,0,0,67301,0,0,0,N,0,0,0,3,67507,0,,1,1,,N,N,Y,0,,0,0,1,3,2,,2208,0,2,0,0,0,0,1,3,4,0,2,3,3.0,N,,,,,,,,,,,
2021107814,1544.0,1,0,0,0,0,0,0,0,0,1,0,,67,11,2021,6,40.0507,-75.01,1544.0,6,0,0,0,0,0,1,0,0,,0,0,0,14,1,1,0,Y,1,40 03:02.692,1.0,0,75 00:36.009,3,0,0,0,67301,0,0,0,N,0,0,0,2,67301,0,,1,1,1505.0,N,N,N,0,,1,0,1,3,2,N,1430,1,2,0,0,0,0,1,3,4,0,2,3,3.0,N,,,,,,,,,,,
2021105230,1711.0,1,0,0,0,0,0,0,0,0,4,0,,67,11,2021,2,40.0205,-75.0873,1700.0,6,0,0,0,0,0,0,0,0,,0,0,0,16,1,1,1,,0,40 01:13.828,,0,75 05:14.243,3,0,0,0,67301,0,0,0,N,0,0,0,3,67301,0,,1,1,,N,N,N,0,,1,0,1,3,3,,1629,1,2,0,0,0,0,1,3,4,0,2,3,3.0,N,,,,,,,,,,,
2021107376,2128.0,0,0,0,0,0,0,0,0,0,4,0,,67,11,2021,6,39.9117,-75.1724,2127.0,6,0,0,0,0,0,1,0,0,,0,0,0,20,3,1,1,,0,39 54:42.148,,0,75 10:20.534,3,0,0,0,67301,0,0,0,N,0,0,0,2,67301,0,,1,1,,N,N,N,1,,1,0,1,3,2,,2030,1,2,0,0,0,0,1,3,4,0,2,3,,N,,,,,,,,,,,
2021108518,1409.0,1,0,0,0,0,0,0,0,0,8,0,,67,11,2021,6,40.0369,-75.0411,1409.0,6,0,0,0,1,0,0,0,0,,0,0,0,14,1,1,0,N,0,40 02:12.972,,0,75 02:27.831,2,0,0,0,67301,1,0,1,N,1,0,1,2,67301,0,,1,1,,N,N,N,0,,0,1,0,0,0,,1409,1,2,0,0,0,0,0,3,4,0,1,3,3.0,N,,,,,,,,,,,
2021106628,1330.0,0,0,0,0,0,0,0,0,0,1,0,,67,11,2021,4,40.0234,-75.0845,1323.0,6,0,0,0,0,0,0,1,0,,0,0,0,13,1,2,5,,1,40 01:24.211,5.0,0,75 05:04.074,8,0,0,0,67301,2,0,0,N,2,0,0,4,67301,0,,1,1,1430.0,N,N,N,1,,0,0,0,3,2,Y,1320,2,4,0,0,0,2,0,3,4,1,2,3,,N,,,,,,,,,,,
2021111048,1410.0,1,0,0,0,0,0,0,0,0,4,0,,67,11,2021,6,39.9675,-75.1487,1359.0,6,0,0,0,1,0,0,1,0,,0,0,0,13,1,4,1,,1,39 58:03.072,6.0,0,75 08:55.266,3,0,0,0,67301,0,0,0,N,0,0,0,4,67301,0,,1,1,0.0,N,Y,N,0,,4,0,1,3,3,N,1342,4,2,0,0,0,0,0,3,4,0,2,3,3.0,N,,,,,,,,,,,
2021109327,922.0,1,0,0,0,0,0,0,0,0,5,0,,67,10,2021,6,39.9844,-75.2606,918.0,6,0,0,0,0,0,0,0,0,,0,0,0,9,1,0,0,N,0,39 59:03.859,,0,75 15:38.038,0,0,0,0,67301,0,0,0,N,0,0,0,2,46104,0,,1,1,,N,N,N,0,,0,0,1,0,0,,917,0,2,0,0,0,0,0,3,4,0,2,3,,N,,,,,,,,,,,
2021110406,2145.0,1,0,0,0,0,0,0,0,0,4,0,,67,11,2021,7,39.9772,-75.21,2135.0,6,0,0,0,0,0,1,0,0,,0,0,0,21,3,1,1,,0,39 58:38.020,,0,75 12:36.050,8,0,0,0,67301,0,0,0,N,0,0,0,2,67301,0,,1,1,,N,N,N,0,,0,0,1,3,3,,2100,1,2,0,0,0,1,1,3,4,0,2,4,4.0,N,,,,,,,,,,,
2021109116,2350.0,1,0,0,0,0,0,0,0,0,7,0,,67,11,2021,1,39.9121,-75.1738,2350.0,6,0,0,0,0,0,0,0,0,,0,0,0,23,3,0,0,N,2,39 54:43.700,3.0,2,75 10:25.800,0,0,0,0,67301,0,0,0,N,0,0,0,2,67501,0,,4,1,40.0,N,N,N,0,,0,0,0,0,0,Y,2350,0,1,0,0,0,0,0,3,4,0,1,3,,N,,,,,,,,,,,
2021107188,354.0,2,0,0,0,0,0,0,0,0,2,0,,67,11,2021,6,39.9568,-75.2062,354.0,6,0,0,0,0,0,0,0,0,,0,0,0,3,3,0,0,N,0,39 57:24.400,,0,75 12:22.400,0,0,0,0,67301,0,0,0,N,0,0,0,1,67504,0,,6,1,,N,N,N,1,,0,0,0,0,0,,353,0,3,0,0,1,0,0,3,4,0,3,3,,N,,,,,,,,,,,
2021109376,220.0,2,0,0,0,0,0,0,0,0,4,0,,67,11,2021,5,39.9533,-75.1838,214.0,6,0,0,0,0,0,0,0,0,,0,0,0,2,3,0,1,,0,39 57:12.011,,0,75 11:01.589,0,0,0,0,67301,0,0,0,N,0,0,0,3,67301,0,,1,1,,N,N,N,0,,0,0,0,3,2,,210,0,2,0,0,0,0,0,3,4,0,2,3,3.0,N,,,,,,,,,,,
2021113501,1240.0,1,0,0,0,0,0,0,0,0,5,0,,67,11,2021,1,39.9477,-75.1875,1217.0,6,0,0,0,0,0,0,0,0,,0,0,0,12,1,2,0,N,1,39 56:51.694,3.0,0,75 11:15.007,3,0,0,0,67301,0,0,0,N,0,0,0,5,68K01,0,,1,1,1330.0,N,N,N,0,,2,0,1,0,0,N,1216,2,2,0,0,0,0,0,3,4,0,2,3,,N,,,,,,,,,,,
2021107775,620.0,1,0,0,1,0,0,0,0,0,4,0,,67,11,2021,5,40.0556,-75.0898,613.0,6,0,0,0,0,0,0,0,0,,0,0,0,14,1,1,0,N,0,40 03:20.001,,7,75 05:23.122,8,0,0,0,67301,1,0,0,N,0,0,0,2,67301,0,,1,99,,N,N,N,0,,0,0,0,0,0,,1400,1,2,0,0,0,1,0,3,4,0,1,99,,N,,,,,,,,,,,
2021107198,127.0,2,0,0,0,0,0,0,0,0,4,0,,67,11,2021,6,39.9754,-75.1438,120.0,6,0,0,0,0,0,0,0,0,,0,0,0,19,1,1,1,,0,39 58:31.504,,0,75 08:37.820,3,0,0,0,67301,0,0,0,N,0,0,0,2,67301,0,,1,1,,N,N,N,0,,1,0,0,3,3,,1956,1,2,0,0,1,0,1,3,4,0,2,3,3.0,N,,,,,,,,,,,
2021108246,1200.0,0,0,0,0,0,0,0,0,0,4,0,,67,11,2021,6,40.0244,-75.1469,1154.0,6,0,0,0,0,0,0,0,0,,0,0,0,11,1,2,1,,0,40 01:27.969,,0,75 08:48.894,3,0,0,0,67301,0,0,0,N,0,0,0,2,67301,0,,1,1,,N,N,N,0,,2,0,2,3,2,,1150,2,2,0,0,0,0,0,3,4,0,2,3,,N,,,,,,,,,,,
2021105886,1204.0,1,0,0,0,0,0,0,0,0,1,0,,67,11,2021,3,40.0503,-75.1172,1159.0,6,0,0,0,0,0,0,0,0,,0,0,0,11,1,2,1,,0,40 03:01.210,,0,75 07:01.548,3,0,0,0,67301,0,0,0,N,0,0,0,2,46102,0,,1,9,,N,N,N,0,,2,0,1,3,2,,1159,2,2,0,0,0,0,0,3,4,0,2,4,7.0,N,,,,,,,,,,,
2021108004,1936.0,1,0,0,1,0,0,0,0,0,4,0,,67,11,2021,1,39.9538,-75.1666,1932.0,6,0,0,0,0,0,0,0,0,,0,0,0,19,3,1,1,,0,39 57:13.704,,0,75 09:59.736,3,0,0,0,67301,1,0,0,N,0,0,0,2,67301,0,,1,1,,N,N,N,0,,1,0,0,3,2,,1930,1,2,0,0,0,0,0,3,4,0,1,3,3.0,N,,,,,,,,,,,
2021128675,1525.0,2,0,0,0,0,0,0,0,0,2,0,,67,12,2021,6,40.034,-75.0762,1521.0,6,0,0,0,0,0,0,0,0,,0,0,0,15,1,5,0,N,1,40 02:02.537,2.0,0,75 04:34.289,3,0,0,0,67301,0,0,0,N,0,0,0,5,67301,0,,1,1,1730.0,N,N,N,0,,1,0,0,0,0,N,1515,5,2,0,0,2,4,0,3,4,0,2,3,3.0,N,,,,,,,,,,,
2021128486,940.0,2,0,0,0,0,0,0,0,0,4,0,,67,12,2021,5,40.0764,-75.0891,932.0,6,0,0,0,0,0,1,0,0,,0,0,0,9,1,4,1,,1,40 04:34.946,5.0,0,75 05:20.724,3,0,0,0,67301,0,0,0,N,0,0,0,4,67301,0,,1,9,45.0,N,N,N,0,,4,0,0,3,3,Y,931,4,2,0,0,0,0,0,3,4,0,2,4,7.0,N,,,,,,,,,,,
2021128672,1648.0,1,0,0,0,0,0,0,0,0,4,0,,67,12,2021,6,39.9756,-75.1563,1646.0,6,0,0,0,0,0,1,0,0,,0,0,0,16,4,0,1,,0,39 58:32.062,,0,75 09:22.744,0,0,0,0,67301,0,0,0,N,0,0,0,2,67301,0,,1,1,,N,N,N,1,,0,0,0,3,2,,1642,0,2,0,0,0,0,0,3,4,0,2,3,3.0,N,,,,,,,,,,,
2021128674,1822.0,2,0,0,0,0,0,0,0,0,2,0,,67,12,2021,6,39.8749,-75.2572,1815.0,6,0,0,0,0,0,0,1,0,,0,0,0,18,3,1,0,N,0,39 52:29.492,,8,75 15:25.812,4,0,0,0,67301,0,0,0,N,0,0,0,2,23109,1,,1,1,,N,N,N,0,,0,0,0,0,0,,1812,1,2,0,0,0,0,0,3,4,0,2,3,3.0,N,,,,,,,,,,,
2021113919,1447.0,2,0,0,0,0,0,0,0,0,4,0,,67,11,2021,5,40.0062,-75.1333,1418.0,6,0,1,0,0,0,1,0,0,,0,0,0,14,1,0,0,N,0,40 00:22.260,,0,75 07:59.980,0,0,0,0,67301,0,0,0,N,0,0,0,2,68K01,0,,1,1,,N,N,N,0,,0,0,0,0,0,,1403,0,2,0,0,0,0,0,3,4,0,2,3,,N,,,,,,,,,,,
2021109399,1400.0,1,0,0,0,0,0,0,0,0,4,0,,67,11,2021,6,40.0122,-75.1505,1400.0,6,0,0,0,0,0,0,1,0,,0,0,0,20,3,1,1,,0,40 00:44.679,,0,75 09:01.989,4,0,0,0,67301,0,0,0,N,0,0,0,2,67301,1,,1,1,,N,N,N,0,,0,0,1,3,2,,2030,1,2,0,0,0,0,0,3,4,0,2,3,3.0,N,,,,,,,,,,,
2021110436,2338.0,1,0,0,0,0,0,0,0,0,4,0,,67,11,2021,7,40.0055,-75.1053,2338.0,6,0,1,0,0,0,0,0,0,,0,0,0,23,3,0,1,,0,40 00:19.857,,0,75 06:19.237,0,0,0,0,67301,0,0,0,N,0,0,0,2,67301,0,,1,1,,N,N,N,0,,0,0,1,3,2,,2335,0,2,0,0,0,0,0,3,4,0,2,3,3.0,N,,,,,,,,,,,
2021110380,2156.0,2,0,0,0,0,0,0,0,0,4,0,,67,11,2021,1,40.0242,-75.0845,2153.0,6,0,0,0,0,0,0,0,0,,0,0,0,21,3,1,1,,0,40 01:27.044,,0,75 05:04.131,4,0,0,0,67301,0,0,0,N,0,0,0,5,67301,1,,1,1,,N,N,N,1,,0,0,1,3,3,,2153,1,4,0,0,0,0,0,3,4,0,4,3,,N,,,,,,,,,,,
2021128468,141.0,1,0,0,0,0,0,0,0,0,5,0,,67,12,2021,6,39.9605,-75.2285,132.0,6,0,0,0,0,0,0,0,0,,0,0,0,1,3,0,0,N,2,39 57:37.735,4.0,1,75 13:42.521,0,0,0,0,67301,0,0,0,N,0,0,0,3,67301,0,,1,9,230.0,N,N,N,0,,0,0,1,0,0,Y,124,0,2,0,0,0,0,0,3,4,0,2,7,3.0,N,,,,,,,,,,,
2021128670,1617.0,1,0,0,0,0,0,0,0,0,4,0,,67,12,2021,6,40.0406,-75.1698,1602.0,6,0,0,0,0,0,0,0,0,,0,0,0,15,1,1,5,,0,40 02:26.260,,0,75 10:11.265,8,0,0,0,67301,0,0,0,N,0,0,0,2,67301,0,,1,1,,N,N,N,0,,0,0,1,3,2,,1515,1,2,0,0,0,1,0,3,4,0,2,4,4.0,N,,,,,,,,,,,
2021106887,733.0,2,0,0,0,0,0,0,0,0,1,0,,67,11,2021,5,40.0212,-75.0776,713.0,6,0,0,0,0,0,0,0,0,,0,0,0,6,5,0,0,N,0,40 01:16.480,,0,75 04:39.220,0,0,0,0,67301,0,0,0,N,0,0,0,1,67301,0,,6,1,,N,N,Y,0,,0,0,0,0,0,,650,0,3,0,0,0,0,0,3,4,1,3,3,,N,,,,,,,,,,,
2021106722,12.0,2,0,0,0,0,0,0,0,0,4,0,,67,11,2021,3,39.946,-75.214,3.0,6,0,0,0,0,1,0,0,0,,0,0,0,23,3,0,1,,1,39 56:45.502,5.0,0,75 12:50.328,0,0,0,0,67301,0,0,0,N,0,0,0,2,67301,0,,1,1,40.0,N,N,N,0,,0,0,0,3,2,N,2330,0,2,0,0,1,0,0,3,4,0,2,3,3.0,N,,,,,,,,,,,