CRN,ARRIVAL_TM,AUTOMOBILE_COUNT,BELTED_DEATH_COUNT,BELTED_SUSP_SERIOUS_INJ_COUNT,BICYCLE_COUNT,BICYCLE_DEATH_COUNT,BICYCLE_SUSP_SERIOUS_INJ_COUNT,BUS_COUNT,CHLDPAS_DEATH_COUNT,CHLDPAS_SUSP_SERIOUS_INJ_COUNT,COLLISION_TYPE,COMM_VEH_COUNT,CONS_ZONE_SPD_LIM,COUNTY,CRASH_MONTH,CRASH_YEAR,DAY_OF_WEEK,DEC_LAT,DEC_LONG,DISPATCH_TM,DISTRICT,DRIVER_COUNT_16YR,DRIVER_COUNT_17YR,DRIVER_COUNT_18YR,DRIVER_COUNT_19YR,DRIVER_COUNT_20YR,DRIVER_COUNT_50_64YR,DRIVER_COUNT_65_74YR,DRIVER_COUNT_75PLUS,EST_HRS_CLOSED,FATAL_COUNT,HEAVY_TRUCK_COUNT,HORSE_BUGGY_COUNT,HOUR_OF_DAY,ILLUMINATION,INJURY_COUNT,INTERSECT_TYPE,INTERSECTION_RELATED,LANE_CLOSED,LATITUDE,LN_CLOSE_DIR,LOCATION_TYPE,LONGITUDE,MAX_SEVERITY_LEVEL,MCYCLE_DEATH_COUNT,MCYCLE_SUSP_SERIOUS_INJ_COUNT,MOTORCYCLE_COUNT,MUNICIPALITY,NONMOTR_COUNT,NONMOTR_DEATH_COUNT,NONMOTR_SUSP_SERIOUS_INJ_COUNT,NTFY_HIWY_MAINT,PED_COUNT,PED_DEATH_COUNT,PED_SUSP_SERIOUS_INJ_COUNT,PERSON_COUNT,POLICE_AGCY,POSSIBLE_INJ_COUNT,RDWY_SURF_TYPE_CD,RELATION_TO_ROAD,ROAD_CONDITION,ROADWAY_CLEARED,SCH_BUS_IND,SCH_ZONE_IND,SECONDARY_CRASH,SMALL_TRUCK_COUNT,SPEC_JURIS_CD,SUSP_MINOR_INJ_COUNT,SUSP_SERIOUS_INJ_COUNT,SUV_COUNT,TCD_FUNC_CD,TCD_TYPE,TFC_DETOUR_IND,TIME_OF_DAY,TOT_INJ_COUNT,TOTAL_UNITS,UNB_DEATH_COUNT,UNB_SUSP_SERIOUS_INJ_COUNT,UNBELTED_OCC_COUNT,UNK_INJ_DEG_COUNT,UNK_INJ_PER_COUNT,URBAN_AREA,URBAN_RURAL,VAN_COUNT,VEHICLE_COUNT,WEATHER1,WEATHER2,WORK_ZONE_IND,WORK_ZONE_LOC,WORK_ZONE_TYPE,WORKERS_PRES,WZ_CLOSE_DETOUR,WZ_FLAGGER,WZ_LAW_OFFCR_IND,WZ_LN_CLOSURE,WZ_MOVING,WZ_OTHER,WZ_SHLDER_MDN,WZ_WORKERS_INJ_KILLED
2021116353,2110.0,1,0,0,0,0,0,0,0,0,4,0,,67,11,2021,4,40.0209,-75.1486,2110.0,6,0,0,0,0,0,0,0,0,,0,0,0,11,1,1,2,,0,40 01:15.173,,0,75 08:54.961,3,0,0,0,67301,0,0,0,N,0,0,0,2,67301,0,,1,1,,N,N,N,0,,1,0,1,0,0,,1130,1,2,0,0,1,0,1,3,4,0,2,3,3.0,N,,,,,,,,,,,
2021105841,2020.0,3,0,0,0,0,0,0,0,0,4,0,,67,11,2021,3,40.0588,-75.0442,2016.0,6,0,0,0,0,0,0,1,0,,0,0,0,20,3,2,1,,0,40 03:31.744,,0,75 02:39.016,3,0,0,0,67301,0,0,0,N,0,0,0,5,67301,0,,1,9,,N,N,N,0,,2,0,1,3,2,,2000,2,4,0,0,0,0,0,3,4,0,4,4,7.0,N,,,,,,,,,,,
2021107853,708.0,0,0,0,0,0,0,0,0,0,4,0,,67,11,2021,2,39.9548,-75.1834,705.0,6,0,0,0,0,1,1,0,0,,0,0,0,6,1,0,1,,0,39 57:17.345,,0,75 11:00.247,0,0,0,0,67301,0,0,0,N,0,0,0,2,67507,0,,1,1,,N,N,N,0,,0,0,2,3,2,,655,0,2,0,0,2,0,0,3,4,0,2,3,,N,,,,,,,,,,,
2021107471,635.0,3,0,0,0,0,0,0,0,0,5,0,,67,11,2021,7,39.9642,-75.2465,627.0,6,0,0,0,0,0,1,0,0,,0,0,0,6,5,0,0,N,0,39 57:50.995,,0,75 14:47.377,9,0,0,0,67301,0,0,0,N,0,0,0,2,67301,0,,1,1,,N,N,N,1,,0,0,0,0,0,,620,0,4,0,0,0,0,1,3,4,0,4,3,3.0,N,,,,,,,,,,,
2021112343,850.0,0,0,0,0,0,0,0,0,0,8,0,,67,11,2021,5,39.9366,-75.1701,844.0,6,0,0,0,0,0,0,0,0,,0,0,0,8,1,1,0,N,0,39 56:11.640,,0,75 10:12.270,8,0,0,0,67301,1,0,0,N,1,0,0,2,67301,0,,4,1,,N,N,N,0,,0,0,1,0,0,,840,1,2,0,0,0,1,0,3,4,0,1,3,,N,,,,,,,,,,,
2021112576,2238.0,1,0,0,0,0,0,0,0,0,7,0,,67,11,2021,5,39.9091,-75.1525,2237.0,6,0,0,0,0,0,0,0,0,,0,0,0,22,3,0,0,N,2,39 54:32.900,3.0,3,75 09:08.900,0,0,0,0,67301,0,0,0,N,0,0,0,2,67501,0,,3,9,2321.0,N,N,N,0,,0,0,0,0,0,Y,2237,0,1,0,0,0,0,0,3,4,0,1,7,,N,,,,,,,,,,,
2021113561,1630.0,1,0,0,0,0,0,0,0,0,5,0,,67,11,2021,6,39.9167,-75.1916,1630.0,6,0,0,0,0,0,0,0,0,,0,0,0,12,1,0,0,N,1,39 54:59.941,2.0,0,75 11:29.920,0,0,0,0,67301,0,0,0,N,0,0,0,2,67301,0,,1,1,1300.0,N,N,N,0,,0,0,1,0,0,Y,1230,0,2,0,0,0,0,0,3,4,0,2,3,,N,,,,,,,,,,,
2021109639,1608.0,2,0,0,0,0,0,0,0,0,4,0,,67,11,2021,4,40.0277,-75.123,1608.0,6,0,0,0,0,0,1,0,0,,0,0,0,20,3,1,2,,0,40 01:39.691,,0,75 07:22.933,3,0,0,0,67301,0,0,0,N,0,0,0,2,67301,0,,1,1,,N,N,N,0,,1,0,0,3,3,,2000,1,2,0,0,0,0,0,3,4,0,2,3,,N,,,,,,,,,,,
2021114646,1114.0,1,0,0,0,0,0,0,0,0,8,0,,67,11,2021,1,39.998,-75.2332,1114.0,6,0,0,0,0,0,1,0,0,,0,0,0,11,1,1,1,,1,39 59:53.101,2.0,0,75 13:59.687,8,0,0,0,67301,1,0,0,N,1,0,0,2,46104,0,,1,1,1130.0,N,N,N,0,,0,0,0,0,0,N,1114,1,2,0,0,1,1,0,3,4,0,1,3,,N,,,,,,,,,,,
2021110927,1410.0,2,0,0,0,0,0,0,0,0,4,0,,67,11,2021,2,39.9859,-75.1533,1405.0,6,0,0,0,0,0,0,0,0,,0,0,0,13,1,1,1,,0,39 59:09.290,,0,75 09:11.799,8,0,0,0,67301,0,0,0,N,0,0,0,4,67505,0,,1,1,,N,N,N,0,,0,0,0,3,3,,1350,1,2,0,0,0,1,0,3,4,0,2,3,3.0,N,,,,,,,,,,,
2021116851,324.0,1,0,0,0,0,0,0,0,0,7,0,,67,11,2021,2,39.9597,-75.2474,320.0,6,0,0,0,0,0,0,0,0,,0,0,0,3,3,1,2,,0,39 57:34.816,,0,75 14:50.653,3,0,0,0,67301,0,0,0,N,0,0,0,1,67301,0,,4,9,,N,N,N,0,,1,0,0,3,2,,313,1,1,0,0,0,0,0,3,4,0,1,7,7.0,N,,,,,,,,,,,
2021109394,1315.0,1,0,1,0,0,0,0,0,0,4,0,,67,11,2021,2,39.9644,-75.1343,1315.0,6,0,0,0,0,0,0,1,0,,0,0,0,20,3,1,1,,0,39 57:51.984,,7,75 08:03.331,2,0,0,0,67301,0,0,0,N,0,0,0,2,67301,0,,1,1,,N,N,N,0,,0,1,1,3,2,,2000,1,2,0,0,0,0,0,3,4,0,2,3,4.0,N,,,,,,,,,,,
2021107200,2302.0,2,0,0,0,0,0,0,0,0,4,0,,67,11,2021,6,40.0283,-75.152,2302.0,6,0,0,0,0,0,0,0,0,,0,0,0,20,3,0,5,,0,40 01:41.739,,0,75 09:07.336,0,0,0,0,67301,0,0,0,N,0,0,0,3,67301,0,,1,1,,N,N,N,0,,0,0,0,3,2,,2030,0,2,0,0,2,0,0,3,4,0,2,3,3.0,N,,,,,,,,,,,
2021109123,1358.0,0,0,0,0,0,0,0,0,0,8,0,,67,11,2021,2,39.9571,-75.2019,1350.0,6,0,0,0,0,0,1,0,0,,0,0,0,13,1,1,1,,0,39 57:25.567,,0,75 12:06.686,3,0,0,0,67301,1,0,0,N,1,0,0,2,67301,0,,1,1,,N,N,N,0,,1,0,1,3,2,,1341,1,2,0,0,0,0,0,3,4,0,1,3,3.0,N,,,,,,,,,,,
2021109377,1317.0,1,0,0,0,0,0,0,0,0,4,0,,67,11,2021,6,39.957,-75.2255,1315.0,6,0,0,0,0,0,0,0,1,,0,0,0,13,1,0,1,,0,39 57:25.067,,0,75 13:31.807,0,0,0,0,67301,0,0,0,N,0,0,0,2,67301,0,,1,1,,N,N,N,0,,0,0,1,3,2,,1312,0,2,0,0,1,0,0,3,4,0,2,3,,N,,,,,,,,,,,
2021109865,2010.0,0,0,0,0,0,0,0,0,0,8,0,,67,11,2021,1,39.8812,-75.2418,2005.0,6,0,0,0,0,0,0,0,0,,0,0,0,20,3,1,0,N,0,39 52:52.470,,0,75 14:30.630,8,0,0,0,67301,1,0,0,N,1,0,0,2,67301,0,,1,1,,N,N,N,0,,0,0,1,0,0,,2000,1,2,0,0,0,1,0,3,4,0,1,3,3.0,N,,,,,,,,,,,
2021105862,1940.0,1,0,0,0,0,0,0,0,0,8,0,,67,11,2021,3,39.9368,-75.1599,1931.0,6,0,0,0,0,0,0,0,0,,0,0,0,18,3,1,1,,0,39 56:12.390,,0,75 09:35.805,8,0,0,0,67301,1,0,0,N,1,0,0,2,67301,0,,1,9,,N,N,N,0,,0,0,0,3,2,,1854,1,2,0,0,0,1,0,3,4,0,1,7,7.0,N,,,,,,,,,,,
2021106720,1513.0,1,0,0,0,0,0,0,0,0,4,0,,67,11,2021,4,39.9423,-75.2338,1513.0,6,0,0,0,0,0,0,1,0,,0,0,0,12,1,0,1,,0,39 56:32.369,,0,75 14:01.754,0,0,0,0,67301,0,0,0,N,0,0,0,2,67301,0,,1,1,,N,N,N,0,,0,0,1,3,2,,1220,0,2,0,0,0,0,0,3,4,0,2,3,3.0,N,,,,,,,,,,,
2021109743,300.0,1,0,0,0,0,0,0,0,0,8,0,,67,11,2021,3,40.0238,-75.1867,300.0,6,0,0,0,0,0,0,0,0,,0,0,0,2,3,1,0,N,0,40 01:25.530,,0,75 11:12.200,8,0,0,0,67301,1,0,0,N,1,0,0,2,67301,0,,1,1,,N,Y,N,0,,0,0,0,0,0,,245,1,2,0,0,0,1,0,3,4,0,1,3,3.0,N,,,,,,,,,,,
2021110243,913.0,0,0,0,0,0,0,0,0,0,1,0,,67,11,2021,7,40.0185,-75.1731,905.0,6,0,0,0,0,0,0,0,0,,0,0,0,0,3,0,0,N,0,40 01:06.740,,0,75 10:23.190,0,0,0,0,67301,0,0,0,N,0,0,0,1,67301,0,,6,1,,N,N,N,0,,0,0,1,0,0,,1,0,2,0,0,0,0,0,3,4,0,2,3,,N,,,,,,,,,,,
2021110448,57.0,1,0,0,0,0,0,0,0,0,7,0,,67,11,2021,6,40.0524,-75.0511,52.0,6,0,0,0,0,0,0,0,0,,0,0,0,0,3,1,0,N,0,40 03:08.609,,0,75 03:04.029,3,0,0,0,67301,0,0,0,N,0,0,0,1,67301,0,,5,1,,N,N,N,1,,1,0,0,0,0,,51,1,2,0,0,0,0,0,3,4,0,2,3,3.0,N,,,,,,,,,,,
2021120790,2321.0,1,0,0,0,0,0,0,0,0,6,0,,67,11,2021,7,40.0117,-75.163,2321.0,6,0,0,0,0,0,0,0,0,,0,0,0,22,3,2,0,N,0,40 00:42.191,,0,75 09:46.665,8,0,0,0,67301,2,0,0,N,2,0,0,3,67301,0,,6,1,,N,N,N,0,,0,0,0,0,0,,2240,2,4,0,0,0,2,0,3,4,0,2,3,3.0,N,,,,,,,,,,,
2021105388,920.0,0,0,0,0,0,0,0,0,0,1,0,,67,11,2021,3,40.098,-74.9847,915.0,6,0,0,0,0,0,0,0,0,,0,0,0,9,1,2,0,N,0,40 05:52.960,,0,74 59:04.780,3,0,0,0,67301,0,0,0,N,0,0,0,3,67301,0,,1,1,,N,N,N,1,,2,0,1,0,0,,900,2,2,0,0,0,0,0,3,4,0,2,4,,N,,,,,,,,,,,
2021107995,1644.0,1,0,0,0,0,0,0,0,0,1,0,,67,11,2021,7,40.0282,-75.0389,1633.0,6,0,0,0,0,0,0,0,0,,0,0,0,15,1,1,1,,0,40 01:41.450,,0,75 02:20.031,4,0,0,0,67301,0,0,0,N,0,0,0,2,67301,1,,1,1,,N,N,N,0,,0,0,0,3,2,,1554,1,2,0,0,0,0,0,3,4,1,2,3,,N,,,,,,,,,,,
2021107424,1951.0,0,0,0,1,0,0,0,0,0,4,0,,67,11,2021,7,39.9606,-75.188,1951.0,6,0,0,0,0,0,0,0,0,,0,0,0,19,3,1,2,,0,39 57:38.000,,0,75 11:16.800,3,0,0,0,67301,1,0,0,N,0,0,0,2,67507,0,,1,1,,N,N,N,0,,1,0,1,3,3,,1947,1,2,0,0,0,0,0,3,4,0,1,3,3.0,N,,,,,,,,,,,
2021108237,1535.0,1,0,0,0,0,0,0,0,0,4,0,,67,11,2021,2,39.9799,-75.1429,1535.0,6,0,0,0,0,0,1,0,0,,0,0,0,14,1,0,1,,0,39 58:47.465,,0,75 08:34.342,9,0,0,0,67301,0,0,0,N,0,0,0,2,67301,0,,1,1,,N,N,N,0,,0,0,0,3,2,,1407,0,2,0,0,1,0,1,3,4,1,2,3,,N,,,,,,,,,,,
2021128653,1008.0,1,0,0,0,0,0,0,0,0,7,0,,67,12,2021,5,39.9851,-75.2082,1008.0,6,0,0,0,1,0,0,0,1,,0,0,0,10,1,2,0,N,1,39 59:06.233,4.0,0,75 12:29.536,3,0,0,0,67301,0,0,0,N,0,0,0,5,68K01,1,,3,9,1040.0,N,N,N,0,,1,0,3,0,0,N,1007,2,4,0,0,2,0,0,3,4,0,4,7,,N,,,,,,,,,,,
2021128588,801.0,1,0,0,0,0,0,0,0,0,8,0,,67,12,2021,5,40.0652,-75.1681,801.0,6,0,0,0,0,0,1,0,0,,0,0,0,6,5,1,1,,0,40 03:54.789,,0,75 10:05.159,3,0,0,0,67301,1,0,0,N,1,0,0,2,67301,0,,1,9,,N,N,N,0,,1,0,0,3,2,,640,1,2,0,0,0,0,0,3,4,0,1,7,,N,,,,,,,,,,,
2021128174,837.0,2,0,0,0,0,0,0,0,0,4,0,,67,12,2021,5,39.9968,-75.1164,836.0,6,0,0,0,0,0,0,0,0,,0,0,0,8,1,0,2,,2,39 59:48.632,6.0,0,75 06:59.164,0,0,0,0,67301,0,0,0,N,0,0,0,2,67301,0,,1,9,930.0,N,N,Y,0,,0,0,1,3,3,Y,835,0,4,0,0,0,0,0,3,4,1,4,4,7.0,N,,,,,,,,,,,
2021107466,15.0,1,0,0,0,0,0,0,0,0,4,0,,67,11,2021,7,39.9699,-75.1311,13.0,6,0,0,1,0,0,0,0,0,,0,0,0,23,3,0,1,,0,39 58:11.656,,0,75 07:51.830,0,0,0,0,67301,0,0,0,N,0,0,0,4,67301,0,,1,1,,N,N,N,0,,0,0,1,3,3,,2350,0,2,0,0,0,0,0,3,4,0,2,3,3.0,N,,,,,,,,,,,
2021116886,1848.0,1,0,0,0,0,0,0,0,0,1,0,,67,11,2021,7,40.043,-75.0031,1829.0,6,0,0,0,0,0,2,0,0,,0,0,0,18,3,0,0,N,1,40 02:34.654,1.0,0,75 00:11.216,0,0,0,0,67301,0,0,0,N,0,0,0,4,68K01,0,,1,1,1931.0,N,N,N,1,,0,0,1,0,0,N,1827,0,4,0,0,1,0,0,3,4,1,4,3,,N,,,,,,,,,,,
2021108782,1915.0,0,0,0,0,0,0,0,0,0,8,0,,67,11,2021,3,40.0377,-75.0425,1858.0,6,0,0,0,0,0,0,0,0,,0,0,0,16,1,1,1,,0,40 02:15.591,,0,75 02:33.078,8,0,0,0,67301,1,0,0,N,1,0,0,2,67301,0,,1,1,,N,N,N,0,,0,0,1,9,9,,1655,1,2,0,0,0,1,0,3,4,0,1,3,3.0,N,,,,,,,,,,,
2021108603,1935.0,2,0,0,0,0,0,0,0,0,4,0,,67,11,2021,2,39.921,-75.1634,1927.0,6,0,0,0,0,0,0,0,0,,0,0,0,19,3,0,1,,0,39 55:15.596,,0,75 09:48.322,0,0,0,0,67301,0,0,0,N,0,0,0,2,67301,0,,1,1,,N,N,N,0,,0,0,1,3,3,,1925,0,3,0,0,0,0,0,3,4,0,3,3,,N,,,,,,,,,,,
2021107619,920.0,1,0,0,0,0,0,0,0,0,7,0,,67,11,2021,1,39.948,-75.1404,917.0,6,0,0,0,0,0,0,0,0,,0,0,0,9,1,0,0,N,0,39 56:52.800,,3,75 08:25.600,9,0,0,0,67301,0,0,0,N,0,0,0,1,67301,0,,5,1,,N,N,N,0,,0,0,0,0,0,,917,0,1,0,0,0,0,1,3,4,0,1,3,3.0,N,,,,,,,,,,,
2021111054,1625.0,1,0,0,0,0,0,0,0,0,8,0,,67,11,2021,2,39.9861,-75.2478,1619.0,6,0,0,0,0,0,1,0,0,,0,0,0,16,4,1,0,N,0,39 59:09.906,,0,75 14:51.942,3,0,0,0,67301,1,0,0,N,1,0,0,2,67301,0,,1,1,,N,N,N,0,,1,0,0,0,0,,1613,1,2,0,0,0,0,0,3,4,0,1,3,3.0,N,,,,,,,,,,,
2021106350,843.0,2,0,0,0,0,0,0,0,0,4,0,,67,11,2021,4,40.0992,-75.0124,825.0,6,0,0,0,0,1,1,0,0,,0,0,0,8,1,1,1,,0,40 05:57.051,,0,75 00:44.474,3,0,0,0,67301,0,0,0,N,0,0,0,2,67301,0,,1,1,,N,N,N,0,,1,0,0,3,2,,824,1,2,0,0,0,0,0,3,4,0,2,3,3.0,N,,,,,,,,,,,
2021108889,1303.0,1,0,0,0,0,0,0,0,0,4,0,,67,11,2021,2,40.0443,-75.0541,1246.0,6,0,0,0,0,0,0,0,0,,0,0,0,12,1,0,1,,0,40 02:39.718,,0,75 03:14.534,9,0,0,0,67301,0,0,0,N,0,0,0,2,67301,0,,1,1,,N,N,N,0,,0,0,1,3,2,,1238,0,2,0,0,0,0,1,3,4,0,2,3,,N,,,,,,,,,,,
2021106257,1630.0,0,0,0,0,0,0,0,0,0,8,0,,67,11,2021,4,39.955,-75.1494,1616.0,6,0,0,0,0,0,1,0,0,,0,0,0,14,1,1,0,N,0,39 57:18.170,,0,75 08:57.950,8,0,0,0,67301,1,0,0,N,1,0,0,2,67301,0,,1,1,,N,N,N,1,,0,0,0,0,0,,1400,1,2,0,0,0,1,0,3,4,0,1,3,,N,,,,,,,,,,,
2021107912,152.0,2,0,0,0,0,0,0,0,0,4,0,,67,11,2021,6,39.9916,-75.2281,148.0,6,0,0,1,0,1,0,0,0,,0,0,0,1,8,0,1,,0,39 59:29.774,,0,75 13:41.019,0,0,0,0,67301,0,0,0,N,0,0,0,3,67301,0,,1,1,,N,N,N,0,,0,0,0,3,3,,130,0,2,0,0,1,0,0,3,4,0,2,3,3.0,N,,,,,,,,,,,
2021109392,911.0,0,0,0,0,0,0,0,0,0,8,0,,67,11,2021,2,39.969,-75.1364,904.0,6,0,0,0,0,0,0,0,0,,0,0,0,9,1,1,0,N,0,39 58:08.276,,0,75 08:11.208,3,0,0,0,67301,1,0,0,N,1,0,0,2,67301,0,,1,1,,N,N,N,0,,1,0,1,0,0,,903,1,2,0,0,1,0,0,3,4,0,1,3,3.0,N,,,,,,,,,,,
2021106370,1655.0,0,0,0,0,0,0,0,0,0,8,0,,67,11,2021,4,40.0359,-75.0424,1650.0,6,0,0,0,0,0,1,0,0,,0,0,0,16,1,1,1,,0,40 02:09.560,,0,75 02:32.853,3,0,0,0,67301,1,0,0,N,1,0,0,2,67301,0,,1,1,,N,N,N,1,,1,0,0,3,2,,1644,1,2,0,0,0,0,0,3,4,0,1,3,,N,,,,,,,,,,,
2021107497,1543.0,1,0,0,0,0,0,0,0,0,4,0,,67,11,2021,7,40.0141,-75.1281,1543.0,6,0,0,0,0,0,1,1,0,,0,0,0,15,1,2,0,N,0,40 00:50.830,,0,75 07:41.040,8,0,0,0,67301,0,0,0,N,0,0,0,3,67301,0,,1,1,,N,N,N,1,,0,0,0,0,0,,1542,2,2,0,0,1,2,0,3,4,0,2,3,3.0,N,,,,,,,,,,,
2021108267,2359.0,2,0,0,0,0,0,0,0,0,5,0,,67,11,2021,1,39.9577,-75.1624,2355.0,6,0,0,0,0,1,1,0,0,,0,0,0,23,3,0,1,,0,39 57:27.649,,8,75 09:44.521,0,0,0,0,67301,0,0,0,N,0,0,0,5,67301,0,,1,1,,N,N,N,0,,0,0,1,3,2,,2350,0,3,0,0,0,0,0,3,4,0,3,3,3.0,N,,,,,,,,,,,
2021108888,1624.0,0,0,0,0,0,0,0,0,0,8,0,,67,11,2021,3,40.0299,-75.0878,1611.0,6,0,0,0,0,0,0,0,0,,0,0,0,14,1,1,1,,0,40 01:47.633,,0,75 05:16.085,3,0,0,0,67301,1,0,0,N,1,0,0,2,67301,0,,1,1,,N,N,N,0,,1,0,0,3,5,,1430,1,2,0,0,0,0,0,3,4,0,1,3,3.0,N,,,,,,,,,,,
2021107493,125.0,1,0,0,0,0,0,0,0,0,4,0,,67,11,2021,7,39.9711,-75.2287,119.0,6,0,0,0,0,1,0,0,0,,0,0,0,22,3,3,1,,0,39 58:15.920,,0,75 13:43.424,3,0,0,0,67301,0,0,0,N,0,0,0,4,67301,0,,1,1,,N,N,N,0,,3,0,1,3,2,,2206,3,2,0,0,0,0,0,3,4,0,2,3,3.0,N,,,,,,,,,,,
2021107628,2006.0,1,0,0,0,0,0,0,0,0,4,0,,67,11,2021,7,40.0209,-75.1486,1945.0,6,0,0,0,0,0,0,0,0,,0,0,0,17,4,1,2,,0,40 01:15.173,,0,75 08:54.961,3,0,0,0,67301,0,0,0,N,0,0,0,2,67301,0,,1,99,,N,N,N,0,,1,0,0,0,0,,1741,1,2,0,0,0,0,0,3,4,0,2,99,,N,,,,,,,,,,,
2021108827,1440.0,1,0,0,0,0,0,0,0,0,4,0,,67,11,2021,1,40.078,-75.0237,1427.0,6,0,0,0,0,0,0,0,0,,0,0,0,14,1,1,2,,0,40 04:40.772,,0,75 01:25.266,3,0,0,0,67301,0,0,0,N,0,0,0,2,67301,0,,1,1,,N,N,N,0,,1,0,0,3,2,,1425,1,2,0,0,0,0,0,3,4,1,2,4,4.0,N,,,,,,,,,,,
2021107809,130.0,0,0,0,0,0,0,0,0,0,5,0,,67,11,2021,6,40.0195,-75.0483,130.0,6,0,0,0,0,0,0,0,0,,0,0,0,23,3,0,0,N,0,40 01:10.370,,0,75 02:53.890,9,0,0,0,67301,0,0,0,N,0,0,0,1,67301,0,,6,1,,N,N,N,0,,0,0,2,0,0,,2330,0,2,0,0,0,0,1,3,4,0,2,3,,N,,,,,,,,,,,
2021114723,559.0,0,0,0,0,0,0,0,0,0,1,0,,67,11,2021,4,39.9372,-75.1988,546.0,6,0,0,0,0,0,1,0,0,,0,0,0,5,3,1,6,,0,39 56:14.042,,2,75 11:55.702,3,0,0,0,67301,0,0,0,N,0,0,0,2,68K01,0,,7,1,,N,N,N,0,,1,0,1,0,0,,536,1,2,0,0,0,0,0,3,4,1,2,3,,N,,,,,,,,,,,
2021108245,1840.0,1,0,0,0,0,0,0,0,0,8,0,,67,11,2021,2,40.0626,-75.061,1816.0,6,0,0,0,0,0,0,0,0,,0,0,0,18,3,1,1,,0,40 03:45.223,,0,75 03:39.452,3,0,0,0,67301,1,0,0,N,1,0,0,2,67301,0,,1,1,,N,N,N,0,,1,0,0,3,3,,1800,1,2,0,0,0,0,0,3,4,0,1,3,3.0,N,,,,,,,,,,,
2021107490,252.0,0,0,0,0,0,0,0,0,0,1,0,,67,11,2021,1,40.053,-75.0643,248.0,6,0,0,0,0,0,0,0,0,,0,0,0,2,3,0,1,,0,40 03:10.832,,0,75 03:51.487,0,0,0,0,67301,0,0,0,N,0,0,0,3,67301,0,,1,1,,N,N,N,0,,0,0,1,3,2,,245,0,2,0,0,0,0,0,3,4,1,2,3,3.0,N,,,,,,,,,,,
2021109248,1615.0,2,0,0,0,0,0,0,0,0,4,0,,67,11,2021,6,40.0153,-75.0889,1600.0,6,0,0,0,0,0,1,0,0,,0,0,0,15,1,0,1,,0,40 00:54.979,,0,75 05:20.043,9,0,0,0,67301,0,0,0,N,0,0,0,2,67301,0,,1,99,,N,N,N,0,,0,0,0,3,3,,1540,0,2,0,0,2,0,2,3,4,0,2,99,,N,,,,,,,,,,,
2021106369,1607.0,1,0,0,0,0,0,0,0,0,8,0,,67,11,2021,3,40.0205,-75.0537,1607.0,6,0,0,0,0,0,0,0,0,,0,0,0,18,3,1,1,,0,40 01:13.862,,0,75 03:13.412,4,0,0,0,67301,1,0,0,N,1,0,0,2,67301,1,,1,9,,N,N,N,0,,0,0,0,3,2,,1840,1,2,0,0,0,0,0,3,4,0,1,7,7.0,N,,,,,,,,,,,
2021105387,958.0,1,0,0,0,0,0,0,0,0,4,0,,67,11,2021,3,39.9606,-75.1414,958.0,6,0,0,1,0,0,0,0,0,,0,0,0,9,1,1,1,,0,39 57:38.443,,0,75 08:29.016,3,0,0,0,67301,0,0,0,N,0,0,0,3,67301,0,,1,1,,N,N,N,0,,1,0,1,3,2,,925,1,2,0,0,0,0,0,3,4,0,2,3,3.0,N,,,,,,,,,,,
2021107627,2130.0,2,0,0,0,0,0,0,0,0,4,0,,67,11,2021,7,40.051,-75.1805,2125.0,6,0,0,0,0,0,0,0,0,,0,0,0,21,3,1,2,,1,40 03:03.718,4.0,0,75 10:49.933,3,0,0,0,67301,0,0,0,N,0,0,0,2,67301,0,,1,1,2154.0,N,N,N,0,,1,0,0,3,3,Y,2114,1,2,0,0,0,0,0,3,4,0,2,3,3.0,N,,,,,,,,,,,
2021107431,200.0,1,0,0,0,0,0,0,0,0,4,0,,67,11,2021,7,39.9438,-75.2379,200.0,6,0,0,0,0,0,0,0,0,,0,0,0,1,3,4,1,,0,39 56:37.760,,0,75 14:16.286,3,0,0,0,67301,0,0,0,N,0,0,0,4,67301,0,,1,1,,N,N,N,0,,4,0,1,3,2,,138,4,2,0,0,0,0,0,3,4,0,2,3,3.0,N,,,,,,,,,,,
2021114725,713.0,2,0,0,0,0,0,0,0,0,1,0,,67,11,2021,4,39.9475,-75.1873,655.0,6,0,0,0,0,0,0,0,0,,0,0,0,6,5,1,0,N,1,39 56:50.857,4.0,0,75 11:14.112,4,0,0,0,67301,0,0,0,N,0,0,0,3,68K01,1,,1,1,753.0,N,N,N,0,,0,0,1,0,0,N,650,1,3,0,0,0,0,1,3,4,0,3,3,,N,,,,,,,,,,,
2021105885,811.0,2,0,0,0,0,0,0,0,0,4,0,,67,10,2021,7,40.0558,-75.1271,805.0,6,0,0,0,0,0,1,0,0,,0,0,0,8,1,0,1,,0,40 03:21.336,,0,75 07:37.091,0,0,0,0,67301,0,0,0,N,0,0,0,2,46102,0,,1,9,,N,N,N,0,,0,0,0,3,2,,805,0,2,0,0,0,0,0,3,4,0,2,4,,N,,,,,,,,,,,
2021123303,1739.0,1,0,0,0,0,0,0,0,0,4,0,,67,12,2021,5,39.9811,-75.1647,1735.0,6,0,0,0,0,0,0,0,0,,0,0,0,17,3,0,1,,2,39 58:52.118,3.0,0,75 09:53.035,0,0,0,0,67301,0,0,0,N,0,0,0,3,67505,0,,1,1,1900.0,N,N,N,0,,0,0,1,3,3,Y,1730,0,2,0,0,0,0,0,3,4,0,2,3,3.0,N,,,,,,,,,,,