CRN,ARRIVAL_TM,AUTOMOBILE_COUNT,BELTED_DEATH_COUNT,BELTED_SUSP_SERIOUS_INJ_COUNT,BICYCLE_COUNT,BICYCLE_DEATH_COUNT,BICYCLE_SUSP_SERIOUS_INJ_COUNT,BUS_COUNT,CHLDPAS_DEATH_COUNT,CHLDPAS_SUSP_SERIOUS_INJ_COUNT,COLLISION_TYPE,COMM_VEH_COUNT,CONS_ZONE_SPD_LIM,COUNTY,CRASH_MONTH,CRASH_YEAR,DAY_OF_WEEK,DEC_LAT,DEC_LONG,DISPATCH_TM,DISTRICT,DRIVER_COUNT_16YR,DRIVER_COUNT_17YR,DRIVER_COUNT_18YR,DRIVER_COUNT_19YR,DRIVER_COUNT_20YR,DRIVER_COUNT_50_64YR,DRIVER_COUNT_65_74YR,DRIVER_COUNT_75PLUS,EST_HRS_CLOSED,FATAL_COUNT,HEAVY_TRUCK_COUNT,HORSE_BUGGY_COUNT,HOUR_OF_DAY,ILLUMINATION,INJURY_COUNT,INTERSECT_TYPE,INTERSECTION_RELATED,LANE_CLOSED,LATITUDE,LN_CLOSE_DIR,LOCATION_TYPE,LONGITUDE,MAX_SEVERITY_LEVEL,MCYCLE_DEATH_COUNT,MCYCLE_SUSP_SERIOUS_INJ_COUNT,MOTORCYCLE_COUNT,MUNICIPALITY,NONMOTR_COUNT,NONMOTR_DEATH_COUNT,NONMOTR_SUSP_SERIOUS_INJ_COUNT,NTFY_HIWY_MAINT,PED_COUNT,PED_DEATH_COUNT,PED_SUSP_SERIOUS_INJ_COUNT,PERSON_COUNT,POLICE_AGCY,POSSIBLE_INJ_COUNT,RDWY_SURF_TYPE_CD,RELATION_TO_ROAD,ROAD_CONDITION,ROADWAY_CLEARED,SCH_BUS_IND,SCH_ZONE_IND,SECONDARY_CRASH,SMALL_TRUCK_COUNT,SPEC_JURIS_CD,SUSP_MINOR_INJ_COUNT,SUSP_SERIOUS_INJ_COUNT,SUV_COUNT,TCD_FUNC_CD,TCD_TYPE,TFC_DETOUR_IND,TIME_OF_DAY,TOT_INJ_COUNT,TOTAL_UNITS,UNB_DEATH_COUNT,UNB_SUSP_SERIOUS_INJ_COUNT,UNBELTED_OCC_COUNT,UNK_INJ_DEG_COUNT,UNK_INJ_PER_COUNT,URBAN_AREA,URBAN_RURAL,VAN_COUNT,VEHICLE_COUNT,WEATHER1,WEATHER2,WORK_ZONE_IND,WORK_ZONE_LOC,WORK_ZONE_TYPE,WORKERS_PRES,WZ_CLOSE_DETOUR,WZ_FLAGGER,WZ_LAW_OFFCR_IND,WZ_LN_CLOSURE,WZ_MOVING,WZ_OTHER,WZ_SHLDER_MDN,WZ_WORKERS_INJ_KILLED
2021122991,11.0,0,0,0,0,0,0,0,0,0,1,0,,67,12,2021,7,40.1185,-75.007,2358.0,6,0,0,0,0,0,0,0,0,,0,0,0,22,3,0,0,N,0,40 07:06.490,,0,75 00:25.070,0,0,0,0,67301,0,0,0,N,0,0,0,2,67301,0,,1,9,,N,N,N,0,,0,0,2,0,0,,2255,0,2,0,0,0,0,0,3,4,0,2,3,3.0,N,,,,,,,,,,,
2021124518,2127.0,0,0,0,0,0,0,0,0,0,4,0,,67,12,2021,4,40.0074,-75.1007,2124.0,6,0,0,0,0,0,0,0,0,,0,0,0,21,3,1,1,,2,40 00:26.778,7.0,0,75 06:02.514,8,0,0,0,67301,0,0,0,N,0,0,0,3,67301,0,,1,1,2230.0,N,N,N,0,,0,0,2,3,2,Y,2124,1,3,0,0,0,1,2,3,4,1,3,3,3.0,N,,,,,,,,,,,
2021120225,733.0,1,0,0,0,0,0,0,0,0,4,0,,67,12,2021,4,39.9554,-75.1559,723.0,6,0,0,0,0,0,0,0,0,,0,0,0,7,1,1,1,,0,39 57:19.340,,0,75 09:21.200,8,0,0,0,67301,0,0,0,N,0,0,0,3,67301,0,,1,1,,N,N,N,0,,0,0,0,3,2,,720,1,2,0,0,0,1,0,3,4,1,2,3,3.0,N,,,,,,,,,,,
2021123296,1901.0,2,0,0,0,0,0,0,0,0,4,0,,67,12,2021,4,40.0711,-75.0379,1900.0,6,0,0,0,0,0,1,0,0,,0,0,0,18,3,1,1,,0,40 04:15.873,,0,75 02:16.618,3,0,0,0,67301,0,0,0,N,0,0,0,2,67301,0,,1,1,,N,N,N,0,,1,0,0,3,1,,1856,1,2,0,0,2,0,0,3,4,0,2,3,3.0,N,,,,,,,,,,,
2021121629,1617.0,2,0,0,0,0,0,0,0,0,4,0,,67,12,2021,1,39.9439,-75.2254,1617.0,6,0,0,0,0,0,1,1,0,,0,0,0,16,1,1,1,,0,39 56:38.050,,0,75 13:31.591,4,0,0,0,67301,0,0,0,N,0,0,0,3,67301,1,,1,1,,N,N,N,0,,0,0,1,3,3,,1617,1,3,0,0,0,0,0,3,4,0,3,3,,N,,,,,,,,,,,
2021124411,1901.0,0,0,0,0,0,0,0,0,0,4,0,,67,12,2021,4,39.9626,-75.2467,1901.0,6,0,0,0,0,0,0,0,0,,0,0,0,19,3,3,1,,0,39 57:45.845,,0,75 14:48.500,4,0,0,0,67301,0,0,0,N,0,0,0,4,67301,3,,1,1,,N,N,N,0,,0,0,2,3,2,,1901,3,2,0,0,0,0,1,3,4,0,2,3,3.0,N,,,,,,,,,,,
2021121286,2245.0,0,0,0,0,0,0,0,0,0,1,0,,67,12,2021,3,39.9838,-75.1367,2238.0,6,0,0,0,0,0,0,0,0,,0,0,0,22,3,0,0,N,0,39 59:01.600,,0,75 08:12.000,0,0,0,0,67301,0,0,0,N,0,0,0,1,67301,0,,6,1,,N,N,N,0,,0,0,1,0,0,,2238,0,2,0,0,1,0,0,3,4,1,2,3,3.0,N,,,,,,,,,,,
2021121654,2235.0,2,0,0,0,0,0,0,0,0,8,0,,67,12,2021,6,39.954,-75.2212,2235.0,6,0,0,0,0,0,0,0,1,,0,0,0,22,3,1,0,N,2,39 57:14.410,6.0,0,75 13:16.240,2,0,0,0,67301,1,0,1,N,1,0,1,3,67301,0,,1,1,2300.0,N,N,N,0,,0,1,0,0,0,N,2230,1,3,0,0,0,0,0,3,4,0,2,3,,N,,,,,,,,,,,
2021120256,947.0,2,0,0,0,0,0,0,0,0,4,0,,67,12,2021,5,40.0355,-75.1788,947.0,6,0,0,0,0,0,0,0,0,,0,0,0,8,1,0,1,,0,40 02:07.785,,0,75 10:43.557,0,0,0,0,67301,0,0,0,N,0,0,0,2,67301,0,,1,1,,N,N,N,0,,0,0,0,3,2,,849,0,2,0,0,0,0,0,3,4,0,2,3,3.0,N,,,,,,,,,,,
2021124521,1307.0,1,0,0,0,0,0,0,0,0,4,0,,67,12,2021,4,39.9978,-75.111,1305.0,6,0,0,0,0,0,0,1,0,,0,1,0,12,1,0,5,,0,39 59:52.234,,1,75 06:39.499,0,0,0,0,67301,0,0,0,N,0,0,0,3,67301,0,,1,1,,N,N,N,0,,0,0,0,3,2,,1226,0,2,0,0,0,0,0,3,4,0,2,3,3.0,N,,,,,,,,,,,
2021125818,1453.0,1,0,0,0,0,0,0,0,0,4,0,,67,12,2021,3,40.01,-75.0893,1445.0,6,0,0,0,0,0,0,1,0,,0,0,0,14,1,1,1,,0,40 00:36.180,,1,75 05:21.361,8,0,0,0,67301,0,0,0,N,0,0,0,2,67508,0,,1,1,,N,N,Y,1,,0,0,0,3,2,,1453,1,2,0,0,0,1,0,3,4,0,2,3,3.0,N,,,,,,,,,,,
2021127493,1426.0,1,0,0,0,0,0,0,0,0,7,0,,67,12,2021,7,39.9666,-75.1872,1413.0,6,0,0,0,0,0,0,0,0,,0,0,0,14,1,0,0,N,2,39 57:59.580,4.0,0,75 11:14.067,0,0,0,0,67301,0,0,0,N,0,0,0,1,68K01,0,,3,9,1434.0,N,N,N,0,,0,0,0,0,0,N,1405,0,1,0,0,0,0,0,3,4,0,1,3,3.0,N,,,,,,,,,,,
2021127678,1224.0,1,0,0,0,0,0,0,0,0,4,0,,67,12,2021,6,39.9572,-75.1587,1224.0,6,0,0,0,0,0,1,0,0,,0,0,0,12,1,0,1,,0,39 57:25.888,,3,75 09:31.377,0,0,0,0,67301,0,0,0,N,0,0,0,2,67301,0,,1,1,,N,N,N,1,,0,0,0,3,2,,1201,0,2,0,0,0,0,0,3,4,0,2,3,4.0,N,,,,,,,,,,,
2021127673,108.0,2,0,0,0,0,0,0,0,0,1,0,,67,12,2021,5,39.9854,-75.2588,105.0,6,0,0,0,0,0,1,0,0,,0,0,0,1,3,0,0,N,0,39 59:07.370,,0,75 15:31.717,0,0,0,0,67301,0,0,0,N,0,0,0,2,46104,0,,1,1,,N,N,N,0,,0,0,0,0,0,,105,0,2,0,0,0,0,0,3,4,0,2,3,,N,,,,,,,,,,,
2021123591,2242.0,1,0,0,0,0,0,0,0,0,7,0,,67,12,2021,7,39.966,-75.1865,2238.0,6,0,0,0,0,0,0,0,0,,0,0,0,22,3,0,0,N,0,39 57:57.593,,0,75 11:11.570,0,0,0,0,67301,0,0,0,N,0,0,0,1,68K01,0,,2,1,,N,N,N,0,,0,0,0,0,0,,2236,0,1,0,0,1,0,0,3,4,0,1,3,,N,,,,,,,,,,,
2021120784,2107.0,2,0,0,0,0,0,0,0,0,4,0,,67,12,2021,5,39.9911,-75.1569,2107.0,6,0,0,0,0,0,0,0,0,,0,0,0,21,3,0,1,,0,39 59:27.909,,0,75 09:24.865,0,0,0,0,67301,0,0,0,N,0,0,0,3,67301,0,,1,1,,N,N,N,0,,0,0,0,3,2,,2105,0,2,0,0,0,0,0,3,4,0,2,3,,N,,,,,,,,,,,
2021120821,1707.0,1,0,0,0,0,0,0,0,0,4,0,,67,12,2021,5,40.012,-75.176,1707.0,6,0,0,0,0,0,1,0,0,,0,0,0,17,3,1,1,,0,40 00:43.041,,0,75 10:33.654,3,0,0,0,67301,0,0,0,N,0,0,0,3,67301,0,,1,1,,N,N,N,0,,1,0,1,3,2,,1707,1,2,0,0,1,0,1,3,4,0,2,3,,N,,,,,,,,,,,
2021119714,222.0,0,0,0,0,0,0,0,0,0,4,0,,67,12,2021,4,40.0121,-75.1371,219.0,6,0,0,0,0,0,0,0,0,,0,0,0,2,3,0,1,,0,40 00:43.642,,0,75 08:13.671,0,0,0,0,67301,0,0,0,N,0,0,0,2,67301,0,,1,1,,N,N,N,0,,0,0,3,3,3,,219,0,3,0,0,0,0,0,3,4,0,3,3,3.0,N,,,,,,,,,,,
2021123015,1640.0,1,0,0,0,0,0,0,0,0,4,0,,67,12,2021,4,40.0221,-75.1161,1639.0,6,0,0,0,0,0,0,0,0,,0,0,0,16,1,1,1,,0,40 01:19.599,,0,75 06:57.960,8,0,0,0,67301,0,0,0,N,0,0,0,2,67301,0,,1,1,,N,N,N,0,,0,0,1,3,3,,1609,1,2,0,0,0,1,1,3,4,0,2,3,3.0,N,,,,,,,,,,,
2021122541,525.0,0,0,0,0,0,0,0,0,0,4,0,,67,12,2021,1,39.9448,-75.167,514.0,6,0,0,0,0,0,0,0,0,,0,0,0,5,3,1,1,,0,39 56:41.445,,0,75 10:01.135,4,0,0,0,67301,0,0,0,N,0,0,0,4,67301,1,,1,1,,N,N,N,0,,0,0,1,3,2,,500,1,2,0,0,0,0,0,3,4,1,2,4,,N,,,,,,,,,,,
2021124057,738.0,1,0,0,0,0,0,0,0,0,7,0,,67,12,2021,4,40.0191,-75.1642,728.0,6,0,0,0,0,0,0,0,0,,0,0,0,7,1,0,0,N,1,40 01:08.732,1.0,0,75 09:51.254,0,0,0,0,67301,0,0,0,N,0,0,0,1,67301,0,,4,1,810.0,N,N,N,0,,0,0,0,0,0,N,714,0,1,0,0,1,0,0,3,4,0,1,3,3.0,N,,,,,,,,,,,
2021124435,2204.0,1,0,0,0,0,0,0,0,0,4,0,,67,12,2021,2,40.0314,-75.1524,2204.0,6,0,0,0,0,0,1,0,0,,0,0,0,20,2,2,1,,0,40 01:53.011,,0,75 09:08.560,4,0,0,0,67301,0,0,0,N,0,0,0,3,67301,2,,1,99,,N,N,N,0,,0,0,1,3,2,,2000,2,2,0,0,3,0,1,3,4,0,2,99,,N,,,,,,,,,,,
2021123214,946.0,0,0,0,0,0,0,0,0,0,8,0,,67,12,2021,4,39.9478,-75.2295,943.0,6,0,0,0,0,0,0,1,0,,0,0,0,9,1,1,1,,0,39 56:52.009,,0,75 13:46.036,4,0,0,0,67301,1,0,0,N,1,0,0,2,67301,1,,1,1,,N,N,N,0,,0,0,1,3,2,,912,1,2,0,0,1,0,0,3,4,0,1,3,3.0,N,,,,,,,,,,,
2021121317,1230.0,0,0,0,0,0,0,0,0,0,8,0,,67,12,2021,6,40.0132,-75.0704,1224.0,6,0,0,0,0,0,1,0,0,,0,0,0,12,1,1,1,,0,40 00:47.439,,0,75 04:13.514,3,0,0,0,67301,1,0,0,N,1,0,0,2,67301,0,,1,1,,N,N,N,0,,1,0,1,3,2,,1220,1,2,0,0,0,0,0,3,4,0,1,3,3.0,N,,,,,,,,,,,
2021123571,923.0,2,0,0,0,0,0,0,0,0,5,0,,67,12,2021,5,40.056,-75.0927,917.0,6,0,0,0,0,0,0,0,0,,0,0,0,9,1,1,0,N,2,40 03:21.550,7.0,0,75 05:33.780,3,0,0,0,67301,0,0,0,N,0,0,0,1,67301,0,,6,1,1029.0,N,N,N,1,,1,0,0,0,0,N,915,1,3,0,0,0,0,0,3,4,0,3,3,,N,,,,,,,,,,,
2021122112,1120.0,0,0,0,0,0,0,0,0,0,8,0,,67,12,2021,2,40.045,-75.1235,1058.0,6,0,0,0,0,0,1,0,0,,0,0,0,10,1,1,1,,0,40 02:42.011,,0,75 07:24.823,3,0,0,0,67301,1,0,0,N,1,0,0,2,67301,0,,1,1,,N,N,N,0,,1,0,0,3,2,,1050,1,2,0,0,0,0,0,3,4,1,1,3,3.0,N,,,,,,,,,,,
2021120656,855.0,1,0,0,0,0,0,0,0,0,7,0,,67,12,2021,4,39.9767,-75.1584,842.0,6,0,0,0,0,0,1,0,0,,0,0,0,8,1,0,0,N,1,39 58:36.188,1.0,0,75 09:30.127,9,0,0,0,67301,0,0,0,N,0,0,0,1,67301,0,,3,1,935.0,N,N,N,0,,0,0,0,0,0,N,841,0,1,0,0,0,0,1,3,4,0,1,3,,N,,,,,,,,,,,
2021124519,2047.0,0,0,0,0,0,0,0,0,0,8,0,,67,12,2021,7,39.9944,-75.1222,2045.0,6,0,0,0,0,0,0,0,0,,0,0,0,20,3,1,0,N,0,39 59:39.970,,0,75 07:19.790,3,0,0,1,67301,1,0,0,N,1,0,0,2,67301,0,,1,9,,N,N,N,0,,1,0,0,0,0,,2045,1,2,0,0,0,0,0,3,4,0,1,7,7.0,N,,,,,,,,,,,
2021124778,1035.0,0,0,0,0,0,0,0,0,0,8,0,,67,12,2021,4,39.933,-75.164,1029.0,6,0,0,0,0,0,0,0,0,,0,0,0,10,1,1,0,N,0,39 55:58.700,,0,75 09:50.460,8,0,0,0,67301,1,0,0,N,1,0,0,2,67301,0,,1,1,,N,N,N,0,,0,0,0,0,0,,1022,1,2,0,0,0,1,0,3,4,1,1,3,3.0,N,,,,,,,,,,,
2021124404,2241.0,2,0,0,0,0,0,0,0,0,4,0,,67,12,2021,5,39.9707,-75.2326,2241.0,6,0,0,0,0,0,0,0,0,,0,0,0,21,3,1,1,,0,39 58:14.458,,0,75 13:57.306,3,0,0,0,67301,0,0,0,N,0,0,0,4,67301,0,,1,1,,N,N,N,0,,1,0,0,3,2,,2100,1,2,0,0,3,0,0,3,4,0,2,3,3.0,N,,,,,,,,,,,
2021120528,1701.0,2,0,0,0,0,0,0,0,0,4,0,,67,12,2021,5,40.0275,-75.1345,1701.0,6,0,0,0,0,0,0,0,0,,0,0,0,16,3,0,1,,0,40 01:39.115,,0,75 08:04.153,9,0,0,0,67301,0,0,0,N,0,0,0,2,67301,0,,1,1,,N,N,N,0,,0,0,0,3,3,,1640,0,2,0,0,0,0,1,3,4,0,2,3,,N,,,,,,,,,,,
2021120520,814.0,2,0,0,0,0,0,0,0,0,4,0,,67,12,2021,4,39.9602,-75.2452,814.0,6,0,0,0,0,0,0,0,0,,0,0,0,7,1,2,1,,0,39 57:36.633,,0,75 14:42.673,3,0,0,0,67301,0,0,0,N,0,0,0,2,67301,0,,1,1,,N,N,Y,0,,2,0,1,3,3,,749,2,3,0,0,0,0,0,3,4,0,3,3,,N,,,,,,,,,,,
2021124061,2247.0,1,0,0,0,0,0,0,0,0,1,0,,67,12,2021,4,40.0306,-75.1465,2247.0,6,0,0,0,0,0,1,0,0,,0,0,0,21,3,1,1,,0,40 01:50.100,,0,75 08:47.313,8,0,0,0,67301,0,0,0,N,0,0,0,4,67301,0,,1,1,,N,N,N,0,,0,0,1,3,2,,2100,1,2,0,0,2,1,2,3,4,0,2,3,3.0,N,,,,,,,,,,,
2021122619,1950.0,1,0,0,0,0,0,0,0,0,4,0,,67,12,2021,2,40.0268,-75.1171,1950.0,6,0,0,0,0,0,1,1,0,,0,0,0,18,6,0,1,,0,40 01:36.559,,0,75 07:02.243,9,0,0,0,67301,0,0,0,N,0,0,0,3,67301,0,,1,99,,N,N,N,0,,0,0,1,3,2,,1830,0,2,0,0,3,0,3,3,4,0,2,99,,N,,,,,,,,,,,
2021121287,849.0,1,0,0,0,0,0,0,0,0,4,0,,67,12,2021,4,39.9898,-75.1255,847.0,6,0,0,0,0,0,1,0,0,,0,0,0,8,1,1,1,,0,39 59:23.311,,1,75 07:31.914,3,0,0,0,67301,0,0,0,N,0,0,0,3,67301,0,,1,1,,N,N,N,0,,1,0,1,3,2,,842,1,2,0,0,0,0,0,3,4,0,2,3,,N,,,,,,,,,,,
2021122665,1139.0,1,0,0,0,0,0,0,0,0,4,0,,67,12,2021,3,40.0642,-75.159,1139.0,6,0,0,0,0,0,0,0,0,,0,0,0,11,1,1,2,,2,40 03:51.213,5.0,0,75 09:32.230,2,0,0,0,67301,0,0,0,N,0,0,0,1,67301,0,,1,1,350.0,N,N,N,0,,0,1,1,0,0,N,1139,1,2,0,0,0,0,0,3,4,0,2,3,3.0,N,,,,,,,,,,,
2021121190,152.0,0,0,0,0,0,0,0,0,0,0,0,,67,12,2021,5,39.9815,-75.2071,151.0,6,0,0,0,0,0,0,0,0,,0,0,0,1,3,3,0,N,1,39 58:53.265,3.0,0,75 12:25.582,3,0,0,0,67301,0,0,0,N,0,0,0,3,68K01,0,,1,1,228.0,N,N,N,0,,3,0,1,0,0,N,149,3,1,0,0,1,0,0,3,4,0,1,3,,N,,,,,,,,,,,
2021127220,1518.0,0,0,0,0,0,0,0,0,0,8,0,,67,12,2021,5,39.9502,-75.1586,1508.0,6,0,0,0,0,0,0,0,0,,0,0,0,13,1,1,1,,0,39 57:00.602,,0,75 09:30.834,4,0,0,0,67301,1,0,0,N,1,0,0,2,67301,1,,1,1,,N,N,N,0,,0,0,1,3,2,,1330,1,2,0,0,1,0,0,3,4,0,1,3,3.0,N,,,,,,,,,,,
2021121548,600.0,0,0,0,0,0,0,0,0,0,7,0,,67,12,2021,7,39.9232,-75.1916,554.0,6,0,0,0,0,0,0,0,0,,0,0,0,5,3,1,0,N,1,39 55:23.563,4.0,0,75 11:29.740,4,0,0,0,67301,0,0,0,N,0,0,0,1,67301,1,,3,9,700.0,N,N,N,0,,0,0,1,0,0,N,545,1,1,0,0,0,0,0,3,4,0,1,7,7.0,N,,,,,,,,,,,
2021103815,1625.0,2,0,0,0,0,0,0,0,0,4,0,,67,10,2021,5,39.9883,-75.0911,1611.0,6,0,0,0,0,0,1,1,0,,0,0,0,14,1,0,2,,0,39 59:17.967,,0,75 05:27.844,0,0,0,0,67301,0,0,0,N,0,0,0,2,67301,0,,1,1,,N,N,N,0,,0,0,0,0,0,,1415,0,2,0,0,0,0,0,3,4,0,2,3,3.0,N,,,,,,,,,,,
2021107082,1935.0,1,0,0,0,0,0,0,0,0,1,0,,67,10,2021,4,39.8996,-75.164,1919.0,6,0,0,0,1,0,0,0,0,,0,0,0,19,3,0,0,N,0,39 53:58.507,,3,75 09:50.579,0,0,0,0,67301,0,0,0,N,0,0,0,4,68K01,0,,1,1,,N,N,N,0,,0,0,1,0,0,,1914,0,2,0,0,0,0,0,3,4,0,2,3,3.0,N,,,,,,,,,,,
2021106993,1149.0,1,0,0,1,0,0,0,0,0,4,0,,67,10,2021,1,39.9273,-75.1825,1147.0,6,0,0,0,0,0,0,0,1,,0,0,0,11,1,1,1,,0,39 55:38.240,,0,75 10:56.920,3,0,0,0,67301,1,0,0,N,0,0,0,2,67301,0,,1,9,,N,N,N,0,,1,0,0,3,3,,1145,1,2,0,0,1,0,0,3,4,0,1,7,7.0,N,,,,,,,,,,,
2021104422,100.0,2,0,0,0,0,0,0,0,0,4,0,,67,10,2021,1,40.0322,-75.0841,51.0,6,0,0,0,0,0,1,0,0,,0,0,0,0,3,1,1,,0,40 01:55.954,,0,75 05:02.837,4,0,0,0,67301,0,0,0,N,0,0,0,3,67301,1,,1,9,,N,N,N,0,,0,0,0,3,2,,45,1,2,0,0,0,0,1,3,4,0,2,7,7.0,N,,,,,,,,,,,
2021104399,2242.0,1,0,0,0,0,0,0,0,0,3,0,,67,10,2021,6,40.0036,-75.1397,2115.0,6,0,0,0,0,0,0,0,0,,0,0,0,21,3,0,0,N,0,40 00:13.000,,0,75 08:23.000,0,0,0,0,67301,0,0,0,N,0,0,0,3,67301,0,,1,1,,N,N,N,0,,0,0,0,0,0,,2115,0,3,0,0,0,0,0,3,4,0,3,3,3.0,N,,,,,,,,,,,
2021107843,1833.0,0,0,0,0,0,0,0,0,0,7,0,,67,10,2021,7,39.9505,-75.1928,1829.0,6,0,0,0,0,0,1,0,0,,0,0,0,18,4,0,0,N,0,39 57:01.680,,0,75 11:34.030,0,0,0,0,67301,0,0,0,N,0,0,0,1,67504,0,,4,1,,N,N,Y,0,,0,0,1,0,0,,1828,0,1,0,0,0,0,0,3,4,0,1,3,3.0,N,,,,,,,,,,,
2021104108,722.0,1,0,0,0,0,0,0,0,0,7,0,,67,10,2021,7,39.9097,-75.1544,721.0,6,0,0,0,0,0,0,0,0,,0,0,0,7,1,0,0,N,0,39 54:35.000,,5,75 09:15.800,0,0,0,0,67301,0,0,0,N,0,0,0,1,67501,0,,4,9,,N,N,N,0,,0,0,0,3,8,,721,0,1,0,0,0,0,0,3,4,0,1,4,,N,,,,,,,,,,,
2021104800,839.0,1,0,0,0,0,0,0,0,0,4,0,,67,10,2021,1,39.997,-75.2353,835.0,6,0,0,0,0,0,0,0,0,,0,0,0,8,1,0,1,,0,39 59:49.570,,0,75 14:07.103,0,0,0,0,67301,0,0,0,N,0,0,0,2,46104,0,,1,1,,N,N,N,0,,0,0,0,3,2,,835,0,2,0,0,0,0,0,3,4,1,2,3,,N,,,,,,,,,,,
2021103195,221.0,1,0,0,0,0,0,0,0,0,7,0,,67,10,2021,5,40.1052,-75.0328,215.0,6,0,0,0,0,0,0,0,0,,0,0,0,2,3,0,1,,0,40 06:18.580,,0,75 01:58.246,0,0,0,0,67301,0,0,0,N,0,0,0,2,67301,0,,4,1,,N,N,N,0,,0,0,0,3,2,,214,0,1,0,0,0,0,0,3,4,0,1,3,3.0,N,,,,,,,,,,,
2021103695,907.0,1,0,0,0,0,0,0,0,0,4,0,,67,10,2021,6,39.9772,-75.229,902.0,6,0,1,0,0,0,1,0,0,,0,0,0,8,1,0,2,,0,39 58:37.754,,0,75 13:44.493,9,0,0,0,67301,0,0,0,N,0,0,0,2,67301,0,,1,9,,N,N,N,0,,0,0,1,3,3,,819,0,2,0,0,0,0,1,3,4,0,2,4,7.0,N,,,,,,,,,,,
2021103984,2300.0,1,0,0,0,0,0,0,0,0,4,0,,67,10,2021,5,39.9496,-75.1997,2300.0,6,0,0,0,0,0,0,0,0,,0,0,0,19,3,1,2,,0,39 56:58.586,,0,75 11:58.815,3,0,0,0,67301,0,0,0,N,0,0,0,2,67301,0,,1,1,,N,N,N,0,,1,0,1,3,2,,1920,1,2,0,0,0,0,0,3,4,0,2,3,,N,,,,,,,,,,,
2021084829,1104.0,1,0,0,0,0,0,0,0,0,4,0,,67,9,2021,4,39.9205,-75.2443,1104.0,6,0,0,0,0,0,0,0,0,,0,0,0,10,1,1,1,,0,39 55:13.969,,0,75 14:39.350,4,0,0,0,67301,0,0,0,N,0,0,0,2,67301,1,,1,1,,N,N,N,0,,0,0,1,3,3,,1033,1,2,0,0,0,0,0,3,4,0,2,3,,N,,,,,,,,,,,
2021126640,2353.0,4,0,0,0,0,0,0,0,0,5,0,,67,12,2021,5,39.971,-75.1279,2350.0,6,0,0,0,0,0,0,0,0,,0,0,0,23,3,0,0,N,2,39 58:15.671,4.0,0,75 07:40.392,0,0,0,0,67301,0,0,0,N,0,0,0,1,67301,0,,6,1,15.0,N,N,N,0,,0,0,0,0,0,Y,2348,0,4,0,0,0,0,0,3,4,0,4,3,,N,,,,,,,,,,,
2021084720,524.0,2,0,0,0,0,0,0,0,0,6,0,,67,9,2021,4,40.0721,-75.1605,515.0,6,0,0,0,0,0,0,0,0,,0,0,0,4,3,0,0,N,0,40 04:19.655,,0,75 09:37.759,0,0,0,0,67301,0,0,0,N,0,0,0,1,67301,0,,4,1,,N,N,N,0,,0,0,0,0,0,,456,0,2,0,0,0,0,0,3,4,0,2,3,3.0,N,,,,,,,,,,,
2021105610,430.0,1,0,0,0,0,0,0,0,0,5,0,,67,10,2021,5,39.9997,-75.1137,412.0,6,0,0,0,0,0,0,0,0,,0,0,0,4,5,1,0,N,0,39 59:58.850,,0,75 06:49.170,3,0,0,1,67301,0,0,0,N,0,0,0,1,67301,0,,6,1,,N,N,N,0,,1,0,1,0,0,,405,1,3,0,0,0,0,0,3,4,0,3,3,3.0,N,,,,,,,,,,,
2021114229,432.0,1,0,0,0,0,0,0,0,0,7,0,,67,10,2021,1,39.9251,-75.1935,426.0,6,0,0,0,0,0,0,0,0,,0,0,0,4,3,0,0,N,1,39 55:30.456,3.0,0,75 11:36.587,0,0,0,0,67301,0,0,0,N,0,0,0,1,68K01,0,,4,1,510.0,N,N,N,0,,0,0,0,0,0,N,425,0,1,0,0,0,0,0,3,4,0,1,3,3.0,N,,,,,,,,,,,
2021104882,1103.0,2,0,0,0,0,0,0,0,0,4,0,,67,10,2021,7,39.9778,-75.2134,1051.0,6,0,0,0,1,0,1,0,0,,0,0,0,10,1,1,1,,1,39 58:39.965,3.0,0,75 12:48.419,3,0,0,0,67301,0,0,0,N,0,0,0,3,67301,0,,1,1,1205.0,N,N,N,0,,1,0,0,3,2,N,1046,1,2,0,0,0,0,0,3,4,0,2,3,,N,,,,,,,,,,,
2021103297,243.0,0,0,0,0,0,0,0,0,0,7,0,,67,10,2021,5,40.0482,-75.1834,243.0,6,0,0,0,0,0,0,0,0,,0,0,0,2,3,0,1,,0,40 02:53.638,,0,75 11:00.210,0,0,0,0,67301,0,0,0,N,0,0,0,1,67301,0,,5,1,,N,N,N,0,,0,0,1,3,2,,235,0,2,0,0,0,0,0,3,4,0,1,3,3.0,N,,,,,,,,,,,
2021103668,731.0,0,0,0,0,0,0,0,0,0,4,0,,67,10,2021,6,39.9475,-75.1877,727.0,6,0,0,0,0,0,0,0,0,,0,0,0,7,1,1,1,,0,39 56:50.944,,8,75 11:15.670,3,0,0,0,67301,0,0,0,N,0,0,0,4,67504,0,,1,9,,N,N,N,0,,1,0,1,3,2,,727,1,2,0,0,0,0,0,3,4,1,2,7,7.0,N,,,,,,,,,,,
2021127235,,1,0,0,0,0,0,0,0,0,1,0,,67,12,2021,6,40.0066,-75.198,,6,0,0,0,0,0,0,0,0,,0,0,0,14,1,1,0,N,0,40 00:23.922,,0,75 11:52.752,8,0,0,0,67301,0,0,0,N,0,0,0,2,00000,0,,1,1,,N,N,N,0,,0,0,1,0,0,,1446,1,2,0,0,0,1,0,3,4,0,2,3,,N,,,,,,,,,,,