CRN,ARRIVAL_TM,AUTOMOBILE_COUNT,BELTED_DEATH_COUNT,BELTED_SUSP_SERIOUS_INJ_COUNT,BICYCLE_COUNT,BICYCLE_DEATH_COUNT,BICYCLE_SUSP_SERIOUS_INJ_COUNT,BUS_COUNT,CHLDPAS_DEATH_COUNT,CHLDPAS_SUSP_SERIOUS_INJ_COUNT,COLLISION_TYPE,COMM_VEH_COUNT,CONS_ZONE_SPD_LIM,COUNTY,CRASH_MONTH,CRASH_YEAR,DAY_OF_WEEK,DEC_LAT,DEC_LONG,DISPATCH_TM,DISTRICT,DRIVER_COUNT_16YR,DRIVER_COUNT_17YR,DRIVER_COUNT_18YR,DRIVER_COUNT_19YR,DRIVER_COUNT_20YR,DRIVER_COUNT_50_64YR,DRIVER_COUNT_65_74YR,DRIVER_COUNT_75PLUS,EST_HRS_CLOSED,FATAL_COUNT,HEAVY_TRUCK_COUNT,HORSE_BUGGY_COUNT,HOUR_OF_DAY,ILLUMINATION,INJURY_COUNT,INTERSECT_TYPE,INTERSECTION_RELATED,LANE_CLOSED,LATITUDE,LN_CLOSE_DIR,LOCATION_TYPE,LONGITUDE,MAX_SEVERITY_LEVEL,MCYCLE_DEATH_COUNT,MCYCLE_SUSP_SERIOUS_INJ_COUNT,MOTORCYCLE_COUNT,MUNICIPALITY,NONMOTR_COUNT,NONMOTR_DEATH_COUNT,NONMOTR_SUSP_SERIOUS_INJ_COUNT,NTFY_HIWY_MAINT,PED_COUNT,PED_DEATH_COUNT,PED_SUSP_SERIOUS_INJ_COUNT,PERSON_COUNT,POLICE_AGCY,POSSIBLE_INJ_COUNT,RDWY_SURF_TYPE_CD,RELATION_TO_ROAD,ROAD_CONDITION,ROADWAY_CLEARED,SCH_BUS_IND,SCH_ZONE_IND,SECONDARY_CRASH,SMALL_TRUCK_COUNT,SPEC_JURIS_CD,SUSP_MINOR_INJ_COUNT,SUSP_SERIOUS_INJ_COUNT,SUV_COUNT,TCD_FUNC_CD,TCD_TYPE,TFC_DETOUR_IND,TIME_OF_DAY,TOT_INJ_COUNT,TOTAL_UNITS,UNB_DEATH_COUNT,UNB_SUSP_SERIOUS_INJ_COUNT,UNBELTED_OCC_COUNT,UNK_INJ_DEG_COUNT,UNK_INJ_PER_COUNT,URBAN_AREA,URBAN_RURAL,VAN_COUNT,VEHICLE_COUNT,WEATHER1,WEATHER2,WORK_ZONE_IND,WORK_ZONE_LOC,WORK_ZONE_TYPE,WORKERS_PRES,WZ_CLOSE_DETOUR,WZ_FLAGGER,WZ_LAW_OFFCR_IND,WZ_LN_CLOSURE,WZ_MOVING,WZ_OTHER,WZ_SHLDER_MDN,WZ_WORKERS_INJ_KILLED
2021119543,1532.0,0,0,0,0,0,0,0,0,0,1,0,,67,11,2021,2,40.0253,-75.0292,1531.0,6,0,0,0,0,0,1,0,0,,0,0,0,15,1,1,0,N,0,40 01:30.981,,0,75 01:45.190,4,0,0,0,67301,0,0,0,N,0,0,0,6,68K01,1,,1,1,,N,N,N,1,,0,0,2,0,0,,1525,1,3,0,0,0,0,0,3,4,0,3,3,,N,,,,,,,,,,,
2021109543,1950.0,1,0,0,0,0,0,0,0,0,4,0,,67,11,2021,4,39.9849,-75.1239,1948.0,6,0,0,0,0,0,0,0,0,,0,0,0,19,3,6,1,,0,39 59:05.650,,0,75 07:26.108,3,0,0,0,67301,0,0,0,N,0,0,0,6,67301,4,,1,1,,N,N,N,0,,2,0,0,3,3,,1945,6,2,0,0,0,0,0,3,4,1,2,3,,N,,,,,,,,,,,
2021112762,1656.0,0,0,0,0,0,0,0,0,0,4,0,,67,11,2021,5,39.8994,-75.1748,1656.0,6,0,0,0,0,0,1,0,0,,0,0,0,14,1,0,1,,0,39 53:57.846,,2,75 10:29.207,9,0,0,0,67301,0,0,0,N,0,0,0,2,67301,0,,1,1,,N,N,N,0,,0,0,1,3,2,,1400,0,2,0,0,2,0,1,3,4,1,2,3,,N,,,,,,,,,,,
2021112213,2305.0,2,0,0,0,0,0,0,0,0,4,0,,67,11,2021,6,40.0347,-75.0446,2300.0,6,0,0,0,0,1,1,0,0,,0,0,0,22,3,3,1,,0,40 02:05.350,,0,75 02:40.909,3,0,0,0,67301,0,0,0,N,0,0,0,3,67301,0,,1,1,,N,N,N,0,,3,0,0,3,2,,2238,3,2,0,0,0,0,0,3,4,0,2,3,3.0,N,,,,,,,,,,,
2021109803,835.0,2,0,0,0,0,0,0,0,0,4,0,,67,11,2021,6,39.9607,-75.1424,831.0,6,0,0,0,0,0,1,0,0,,0,0,0,8,1,2,2,,1,39 57:38.825,4.0,0,75 08:32.608,3,0,0,0,67301,0,0,0,N,0,0,0,2,67301,0,,1,9,910.0,N,N,N,0,,2,0,1,0,0,N,810,2,3,0,0,0,0,0,3,4,0,3,4,7.0,N,,,,,,,,,,,
2021110740,1618.0,1,0,0,0,0,0,0,0,0,4,0,,67,11,2021,1,40.0275,-75.0624,1539.0,6,0,0,0,0,0,0,0,0,,0,0,0,14,1,1,1,,0,40 01:38.783,,0,75 03:44.998,3,0,0,0,67301,0,0,0,N,0,0,0,2,67301,0,,1,1,,N,N,N,0,,1,0,1,3,2,,1420,1,2,0,0,0,0,0,3,4,0,2,3,3.0,N,,,,,,,,,,,
2021110384,2130.0,1,0,0,0,0,0,0,0,0,4,0,,67,11,2021,6,40.0136,-75.0685,2130.0,6,0,0,0,0,0,0,0,0,,0,0,0,21,3,4,5,,1,40 00:48.913,5.0,0,75 04:06.725,4,0,0,0,67301,0,0,0,N,0,0,0,4,67301,4,,1,1,2130.0,N,N,N,1,,0,0,0,3,2,Y,2130,4,2,0,0,1,0,0,3,4,0,2,3,3.0,N,,,,,,,,,,,
2021111707,1720.0,0,0,0,0,0,0,0,0,0,8,0,,67,11,2021,5,40.025,-75.1158,1712.0,6,0,0,0,0,0,0,0,0,,0,0,0,13,1,1,1,,0,40 01:29.956,,0,75 06:56.984,3,0,0,0,67301,1,0,0,N,1,0,0,2,67301,0,,1,99,,N,N,N,0,,1,0,0,3,3,,1300,1,2,0,0,0,0,0,3,4,0,1,3,3.0,N,,,,,,,,,,,
2021114331,1340.0,1,0,0,0,0,0,0,0,0,4,0,,67,11,2021,5,40.0159,-75.0554,1339.0,6,0,0,0,0,0,0,0,0,,0,0,0,13,1,0,2,,0,40 00:57.211,,0,75 03:19.296,9,0,0,0,67301,0,0,0,N,0,0,0,1,67301,0,,1,1,,N,N,N,0,,0,0,1,3,3,,1325,0,2,0,0,0,0,1,3,4,0,2,3,3.0,N,,,,,,,,,,,
2021110495,1520.0,0,0,0,0,0,0,0,0,0,4,0,,67,11,2021,6,40.0239,-75.1425,1510.0,6,0,0,0,0,0,0,0,0,,0,0,0,14,1,1,1,,0,40 01:25.870,,0,75 08:33.165,3,0,0,0,67301,0,0,0,N,0,0,0,3,67301,0,,1,1,,N,N,N,1,,1,0,1,3,3,,1450,1,2,0,0,0,0,0,3,4,0,2,3,,N,,,,,,,,,,,
2021111998,2036.0,0,0,0,0,0,0,0,0,0,4,0,,67,11,2021,2,39.956,-75.2176,2033.0,6,0,0,0,0,0,1,0,0,,0,0,0,20,3,0,1,,1,39 57:21.568,4.0,0,75 13:03.523,0,0,0,0,67301,0,0,0,N,0,0,0,2,67301,0,,1,1,2045.0,N,N,N,0,,0,0,1,3,2,N,2020,0,2,0,0,0,0,0,3,4,0,2,3,3.0,N,,,,,,,,,,,
2021108836,900.0,0,0,0,0,0,0,0,0,0,5,0,,67,11,2021,3,40.0771,-74.9796,847.0,6,0,0,0,0,1,0,0,0,,0,0,0,8,1,1,0,N,0,40 04:37.600,,0,74 58:46.560,3,0,0,0,67301,0,0,0,N,0,0,0,1,67301,0,,6,1,,N,N,N,0,,1,0,1,0,0,,845,1,2,0,0,0,0,0,3,4,1,2,3,3.0,N,,,,,,,,,,,
2021126666,1420.0,1,0,0,0,0,0,0,0,0,4,0,,67,11,2021,4,39.9499,-75.2473,1400.0,6,0,0,0,0,0,0,0,0,,0,0,0,13,1,4,1,,0,39 56:59.650,,0,75 14:50.423,4,0,0,0,67301,0,0,0,N,0,0,0,4,67301,4,,1,1,,N,N,N,0,,0,0,1,3,2,,1358,4,2,0,0,0,0,0,3,4,0,2,3,3.0,N,,,,,,,,,,,
2021112901,1109.0,0,0,0,0,0,0,0,0,0,4,0,,67,11,2021,3,39.9888,-75.187,1107.0,6,0,0,0,0,0,2,0,0,,0,0,0,10,1,1,1,,0,39 59:19.164,,0,75 11:13.413,3,0,0,0,67301,0,0,0,N,0,0,0,2,67301,0,,1,1,,N,N,N,2,,1,0,0,3,2,,1035,1,2,0,0,2,0,0,3,4,0,2,3,3.0,N,,,,,,,,,,,
2021109859,802.0,2,0,0,0,0,0,0,0,0,5,0,,67,11,2021,6,40.0262,-75.0587,758.0,6,0,0,0,0,0,0,0,0,,0,0,0,7,1,0,0,N,0,40 01:34.428,,0,75 03:31.372,0,0,0,0,67301,0,0,0,N,0,0,0,2,67301,0,,1,9,,N,N,Y,0,,0,0,1,0,0,,758,0,3,0,0,1,0,0,3,4,0,3,7,7.0,N,,,,,,,,,,,
2021093704,1624.0,2,0,0,0,0,0,0,0,0,4,0,,67,9,2021,7,39.9937,-75.2306,1620.0,6,0,0,0,0,0,1,0,0,,0,0,0,16,1,1,1,,0,39 59:37.143,,0,75 13:50.163,4,0,0,0,67301,0,0,0,N,0,0,0,5,67301,1,,1,1,,N,N,N,0,,0,0,0,3,3,,1604,1,2,0,0,0,0,0,3,4,0,2,3,3.0,N,,,,,,,,,,,
2021126441,825.0,2,0,0,0,0,0,0,0,0,4,0,,67,12,2021,2,40.0108,-75.1266,817.0,6,0,0,0,0,0,0,0,0,,0,0,0,7,1,2,1,,0,40 00:38.955,,0,75 07:35.936,2,0,0,0,67301,0,0,0,N,0,0,0,3,67301,0,,1,1,,N,N,N,0,,0,2,0,3,2,,733,2,2,0,0,0,0,0,3,4,0,2,3,,N,,,,,,,,,,,
2021083250,355.0,1,0,0,0,0,0,0,0,0,7,0,,67,9,2021,7,39.9497,-75.1673,352.0,6,0,0,0,0,0,0,0,0,,0,0,0,3,3,1,0,N,0,39 56:59.036,,0,75 10:02.419,8,0,0,0,67301,0,0,0,N,0,0,0,1,67301,0,,4,1,,N,N,N,0,,0,0,0,0,0,,350,1,1,0,0,0,1,0,3,4,0,1,3,3.0,N,,,,,,,,,,,
2021128175,1337.0,1,0,0,0,0,0,0,0,0,1,0,,67,12,2021,1,39.9589,-75.1707,1325.0,6,0,0,1,0,0,1,0,0,,0,1,0,13,1,0,0,N,1,39 57:31.900,3.0,0,75 10:14.643,9,0,0,0,67301,0,0,0,N,0,0,0,5,68K01,0,,1,1,1340.0,N,N,N,0,,0,0,0,0,0,N,1322,0,3,0,0,0,0,1,3,4,0,3,3,,N,,,,,,,,,,,
2021083801,1507.0,1,0,0,0,0,0,0,0,0,8,0,,67,9,2021,1,39.9507,-75.1627,1503.0,6,0,0,0,0,0,0,0,0,,0,0,0,15,1,1,1,,2,39 57:02.541,3.0,0,75 09:45.726,4,0,0,0,67301,1,0,0,N,1,0,0,2,67301,1,,1,1,1520.0,N,N,N,0,,0,0,0,3,2,Y,1502,1,2,0,0,0,0,0,3,4,0,1,4,,N,,,,,,,,,,,
2021089502,1250.0,1,0,0,0,0,0,0,0,0,1,0,,67,9,2021,4,40.0159,-75.135,1250.0,6,0,0,0,0,0,1,0,0,,0,0,0,12,1,0,0,Y,0,40 00:57.367,,0,75 08:05.952,0,0,0,0,67301,0,0,0,N,0,0,0,2,67301,0,,1,1,,N,N,N,0,,0,0,1,3,2,,1235,0,2,0,0,1,0,0,3,4,0,2,3,,N,,,,,,,,,,,
2021083433,43.0,1,0,0,0,0,0,0,0,0,1,0,,67,9,2021,1,40.0389,-75.1853,37.0,6,0,0,0,0,0,0,0,0,,0,0,0,0,3,0,0,N,0,40 02:19.878,,0,75 11:07.186,0,0,0,0,67301,0,0,0,N,0,0,0,1,67301,0,,6,1,,N,N,N,0,,0,0,0,0,0,,25,0,2,0,0,0,0,0,3,4,1,2,3,3.0,N,,,,,,,,,,,
2021118062,1324.0,0,0,0,0,0,0,0,0,0,1,0,,67,10,2021,1,40.0194,-75.0458,1315.0,6,0,0,0,0,0,0,0,1,,0,0,0,13,1,0,0,N,0,40 01:09.781,,0,75 02:44.877,0,0,0,0,67301,0,0,0,N,0,0,0,2,68K01,0,,1,1,,N,N,N,0,,0,0,1,0,0,,1314,0,2,0,0,0,0,0,3,4,1,2,3,,N,,,,,,,,,,,
2021104369,1505.0,1,0,0,0,0,0,0,0,0,4,0,,67,10,2021,7,40.0884,-75.044,1501.0,6,0,0,0,0,0,1,0,0,,0,0,0,15,1,2,1,,1,40 05:18.426,3.0,0,75 02:38.540,3,0,0,0,67301,0,0,0,N,0,0,0,2,67301,0,,1,1,1552.0,N,N,N,0,,2,0,1,3,2,N,1500,2,2,0,0,0,0,0,3,4,0,2,3,3.0,N,,,,,,,,,,,
2021106277,1125.0,1,0,0,0,0,0,0,0,0,4,0,,67,10,2021,6,39.9276,-75.1461,1125.0,6,0,0,0,0,0,0,0,0,,0,0,0,20,3,1,1,,0,39 55:39.198,,0,75 08:45.967,8,0,0,0,67301,0,0,0,N,0,0,0,2,67301,0,,1,1,,N,N,N,0,,0,0,1,3,3,,2000,1,2,0,0,0,1,1,3,4,0,2,3,3.0,N,,,,,,,,,,,
2021104775,455.0,0,0,0,0,0,0,0,0,0,0,0,,67,10,2021,1,39.8946,-75.2367,455.0,6,0,0,0,0,0,0,0,0,,0,0,0,4,3,1,1,,1,39 53:40.603,3.0,0,75 14:12.181,3,0,0,0,67301,0,0,0,N,0,0,0,2,67301,0,,1,9,630.0,N,N,N,0,,1,0,1,3,2,N,450,1,1,0,0,1,0,0,3,4,0,1,7,7.0,N,,,,,,,,,,,
2021104977,1956.0,0,0,0,0,0,0,0,0,0,5,0,,67,10,2021,1,39.9298,-75.1702,1955.0,6,0,0,0,0,0,0,0,0,,0,0,0,19,3,0,0,N,0,39 55:47.430,,0,75 10:12.870,0,0,0,0,67301,0,0,0,N,0,0,0,1,67301,0,,6,1,,N,N,N,0,,0,0,2,0,0,,1940,0,2,0,0,0,0,0,3,4,0,2,3,3.0,N,,,,,,,,,,,
2021104483,900.0,0,0,0,0,0,0,0,0,0,8,0,,67,10,2021,6,40.0064,-75.1652,849.0,6,0,0,0,0,0,0,0,0,,0,0,0,7,5,1,1,,0,40 00:22.863,,0,75 09:54.838,3,0,0,0,67301,1,0,0,N,1,0,0,2,67301,0,,4,99,,N,N,N,0,,1,0,1,3,3,,704,1,2,0,0,0,0,0,3,4,0,1,3,,N,,,,,,,,,,,
2021104975,2254.0,4,0,0,0,0,0,0,0,0,4,0,,67,10,2021,1,39.9196,-75.1621,2254.0,6,0,0,0,0,0,0,0,0,,0,0,0,22,3,0,1,,2,39 55:10.502,4.0,0,75 09:43.653,9,0,0,0,67301,0,0,0,N,0,0,0,4,67301,0,,1,1,100.0,N,N,N,1,,0,0,0,3,3,Y,2254,0,6,0,0,0,0,1,3,4,1,6,3,,N,,,,,,,,,,,
2021113493,1309.0,0,0,0,0,0,0,0,0,0,1,0,,67,10,2021,1,39.9456,-75.1901,1256.0,6,0,0,0,0,0,0,0,0,,0,0,0,12,1,1,0,N,2,39 56:44.167,4.0,0,75 11:24.212,4,0,0,0,67301,0,0,0,N,0,0,0,4,68K01,1,,1,1,1257.0,N,N,N,0,,0,0,2,0,0,N,1255,1,3,0,0,0,0,1,3,4,0,3,3,,N,,,,,,,,,,,
2021103315,143.0,1,0,0,0,0,0,0,0,0,4,0,,67,10,2021,5,39.9584,-75.2375,139.0,6,0,0,0,0,0,0,0,0,,0,0,0,1,3,0,1,,0,39 57:30.385,,0,75 14:14.799,0,0,0,0,67301,0,0,0,N,0,0,0,2,67301,0,,1,1,,N,N,N,0,,0,0,1,3,2,,135,0,2,0,0,0,0,0,3,4,0,2,3,3.0,N,,,,,,,,,,,
2021104128,1948.0,0,0,0,0,0,0,0,0,0,8,0,,67,10,2021,5,40.0551,-75.1577,1948.0,6,0,0,0,0,0,0,0,0,,0,0,0,15,1,1,1,,0,40 03:18.412,,0,75 09:27.798,4,0,0,0,67301,1,0,0,N,1,0,0,2,67301,1,,4,1,,N,N,N,0,,0,0,1,3,2,,1540,1,2,0,0,0,0,0,3,4,0,1,3,3.0,N,,,,,,,,,,,
2021102761,2002.0,1,0,0,0,0,0,0,0,0,4,0,,67,10,2021,3,40.0651,-75.1549,2002.0,6,0,0,0,0,0,1,0,0,,0,0,0,19,3,0,2,,0,40 03:54.262,,0,75 09:17.625,0,0,0,0,67301,1,0,0,N,0,0,0,3,67301,0,,1,1,,N,N,N,1,,0,0,1,3,2,,1952,0,3,0,0,0,0,0,3,4,0,3,3,3.0,N,,,,,,,,,,,
2021104056,2345.0,1,0,0,0,0,0,0,0,0,5,0,,67,10,2021,6,40.0292,-75.1302,2345.0,6,0,0,0,0,0,0,0,0,,0,0,0,23,3,0,0,N,0,40 01:44.980,,0,75 07:48.660,0,0,0,0,67301,0,0,0,N,0,0,0,1,67301,0,,6,9,,N,N,N,3,,0,0,0,0,0,,2317,0,4,0,0,0,0,0,3,4,0,4,7,,N,,,,,,,,,,,
2021112311,1736.0,0,0,0,0,0,0,0,0,0,7,0,,67,11,2021,4,,,1736.0,6,0,0,0,0,0,0,0,0,,0,0,0,17,4,0,0,N,0,,,3,,0,0,0,0,67301,0,0,0,N,0,0,0,1,67501,0,,3,1,,N,N,N,0,,0,0,1,0,0,,1736,0,2,0,0,0,0,0,3,3,0,1,3,3.0,N,,,,,,,,,,,
2021109270,1220.0,0,0,0,0,0,0,0,0,0,4,0,,67,11,2021,4,39.9955,-75.1541,1217.0,6,0,0,0,0,0,0,0,0,,0,0,0,12,8,1,1,,0,39 59:43.943,,0,75 09:15.350,8,0,0,0,67301,0,0,0,N,0,0,0,2,67301,0,,1,99,,N,N,N,1,,0,0,1,3,2,,1202,1,2,0,0,0,1,0,3,4,0,2,3,3.0,N,,,,,,,,,,,
2021109784,840.0,1,0,0,0,0,0,0,0,0,8,0,,67,11,2021,4,39.94,-75.2151,836.0,6,0,0,0,0,0,0,0,0,,0,0,0,8,1,1,0,N,0,39 56:23.840,,0,75 12:54.250,3,0,0,0,67301,1,0,0,N,1,0,0,2,67301,0,,1,1,,N,N,N,0,,1,0,0,0,0,,833,1,2,0,0,0,0,0,3,4,0,1,3,3.0,N,,,,,,,,,,,
2021109284,1615.0,1,0,0,0,0,0,0,0,0,1,0,,67,11,2021,4,40.0078,-75.1399,1611.0,6,0,0,0,0,0,1,0,0,,0,0,0,16,1,1,0,N,1,40 00:28.117,3.0,0,75 08:23.670,4,0,0,0,67301,0,0,0,N,0,0,0,4,67301,1,,1,1,1720.0,N,N,N,0,,0,0,1,0,0,N,1610,1,3,0,0,2,0,0,3,4,1,3,3,3.0,N,,,,,,,,,,,
2021112827,1215.0,0,0,0,0,0,0,0,0,0,4,0,,67,11,2021,4,40.0821,-75.2198,1142.0,6,0,0,0,0,0,0,1,0,,0,0,0,11,1,0,1,,0,40 04:55.491,,0,75 13:11.348,0,0,0,0,67301,0,0,0,N,0,0,0,2,67301,0,,1,1,,N,N,N,0,,0,0,1,3,2,,1142,0,2,0,0,0,0,0,3,4,1,2,3,3.0,N,,,,,,,,,,,
2021111501,1600.0,0,0,0,0,0,0,0,0,0,7,0,,67,11,2021,2,39.9354,-75.1547,1527.0,6,0,0,0,0,0,1,0,0,,0,0,0,14,1,2,0,N,0,39 56:07.260,,0,75 09:16.810,3,0,0,0,67301,0,0,0,N,0,0,0,4,67301,0,,5,1,,N,N,N,0,,2,0,1,0,0,,1457,2,1,0,0,1,0,0,3,4,0,1,3,,N,,,,,,,,,,,
2021108838,1140.0,1,0,0,0,0,0,0,0,0,4,0,,67,11,2021,3,40.0567,-75.0113,1132.0,6,0,0,0,1,0,0,0,0,,0,0,0,11,1,0,2,,0,40 03:24.378,,0,75 00:40.965,9,0,0,0,67301,0,0,0,N,0,0,0,2,67301,0,,1,1,,N,N,N,0,,0,0,1,0,0,,1131,0,2,0,0,0,0,2,3,4,0,2,3,3.0,N,,,,,,,,,,,
2021111835,1700.0,1,0,0,0,0,0,0,0,0,4,0,,67,11,2021,3,39.9196,-75.1521,1655.0,6,0,0,0,0,0,0,0,0,,0,0,0,15,1,0,1,,0,39 55:10.405,,0,75 09:07.383,0,0,0,0,67301,0,0,0,N,0,0,0,2,67301,0,,1,1,,N,N,N,0,,0,0,1,3,2,,1538,0,2,0,0,0,0,0,3,4,0,2,3,3.0,N,,,,,,,,,,,
2021085695,2230.0,0,0,0,0,0,0,0,0,0,4,0,,67,9,2021,4,40.0068,-75.0878,2212.0,6,0,0,0,0,0,0,0,0,,0,0,0,21,3,1,3,,0,40 00:24.360,,0,75 05:15.992,8,0,0,0,67301,0,0,0,N,0,0,0,5,67301,0,,1,1,,N,N,N,1,,0,0,1,0,0,,2140,1,2,0,0,0,1,0,3,4,0,2,3,3.0,N,,,,,,,,,,,
2021114764,55.0,1,0,0,0,0,0,0,0,0,5,0,,67,11,2021,2,39.9832,-75.0987,42.0,6,0,0,0,0,0,0,0,0,,0,0,0,0,3,1,7,,1,39 58:59.403,2.0,2,75 05:55.361,3,0,0,0,67301,0,0,0,N,0,0,0,1,68K01,0,,7,1,125.0,N,N,N,2,,1,0,0,0,0,N,40,1,3,0,0,0,0,0,3,4,0,3,3,,N,,,,,,,,,,,
2021108074,840.0,2,0,0,0,0,0,0,0,0,4,0,,67,11,2021,2,39.913,-75.2403,838.0,6,0,0,0,1,0,1,0,0,,0,0,0,8,1,3,1,,1,39 54:46.821,4.0,0,75 14:25.209,3,0,0,0,67301,0,0,0,N,0,0,0,4,67301,1,,1,1,100.0,N,N,N,1,,2,0,0,3,2,N,838,3,3,0,0,0,0,0,3,4,0,3,3,3.0,N,,,,,,,,,,,
2021108837,1010.0,0,0,0,0,0,0,0,0,0,1,0,,67,11,2021,3,40.094,-74.9891,1010.0,6,0,0,0,0,0,1,0,0,,0,0,0,10,1,0,2,,0,40 05:38.247,,0,74 59:20.747,0,0,0,0,67301,0,0,0,N,0,0,0,2,67301,0,,1,1,,N,N,N,0,,0,0,2,3,2,,1010,0,2,0,0,0,0,0,3,4,0,2,3,3.0,N,,,,,,,,,,,
2021109456,729.0,0,0,0,0,0,0,0,0,0,4,0,,67,11,2021,5,40.0673,-75.0592,719.0,6,0,0,0,0,0,0,1,0,,0,0,0,7,1,1,1,,0,40 04:02.287,,0,75 03:33.217,8,0,0,0,67301,0,0,0,N,0,0,0,2,67301,0,,1,1,,N,N,N,0,,0,0,2,3,3,,718,1,2,0,0,0,1,0,3,4,0,2,3,3.0,N,,,,,,,,,,,
2021110148,216.0,0,0,0,0,0,0,0,0,0,7,0,,67,11,2021,7,39.958,-75.1488,211.0,6,0,0,0,0,0,0,0,0,,0,0,0,2,3,1,1,,0,39 57:28.950,,0,75 08:55.746,8,0,0,0,67301,0,0,0,N,0,0,0,1,67301,0,,5,1,,N,N,N,1,,0,0,0,3,2,,206,1,1,0,0,0,1,0,3,4,0,1,3,,N,,,,,,,,,,,
2021110496,1625.0,1,0,0,0,0,0,0,0,0,2,0,,67,11,2021,7,40.0029,-75.1873,1612.0,6,0,0,0,0,0,0,0,0,,0,0,0,15,1,1,1,,0,40 00:10.396,,0,75 11:14.148,3,0,0,0,67301,0,0,0,N,0,0,0,2,67301,0,,1,1,,N,N,N,0,,1,0,1,0,0,,1545,1,2,0,0,0,0,0,3,4,0,2,3,3.0,N,,,,,,,,,,,
2021112330,531.0,1,0,0,0,0,0,0,0,0,4,0,,67,11,2021,4,39.9459,-75.2403,526.0,6,0,0,0,0,0,1,0,0,,0,0,0,5,3,1,5,,0,39 56:45.089,,0,75 14:25.018,4,0,0,0,67301,0,0,0,N,0,0,0,2,67301,1,,1,1,,N,N,N,1,,0,0,0,3,2,,511,1,2,0,0,0,0,0,3,4,0,2,3,3.0,N,,,,,,,,,,,
2021106136,2036.0,0,0,0,0,0,0,0,0,0,5,0,45.0,67,10,2021,6,39.9683,-75.13,2010.0,6,0,0,0,0,0,0,0,0,,0,0,0,20,3,1,0,N,1,39 58:05.728,2.0,3,75 07:47.919,3,0,0,0,67301,0,0,0,N,0,0,0,2,68K01,0,,1,9,2050.0,N,N,N,0,,1,0,2,0,0,N,2005,1,2,0,0,0,0,0,3,4,0,2,7,,Y,5.0,1.0,N,,,N,,,,Y,N
2021106839,1710.0,1,0,0,0,0,0,1,0,0,4,1,,67,10,2021,5,39.9526,-75.1653,1700.0,6,0,0,0,0,0,0,0,0,,0,0,0,17,1,1,2,,0,39 57:09.365,,0,75 09:55.348,4,0,0,0,67301,0,0,0,N,0,0,0,3,67508,1,,1,1,,N,N,Y,0,,0,0,0,3,1,N,1700,1,2,0,0,0,0,0,3,4,0,2,3,3.0,N,,,,,,,,,,,
2021104583,1100.0,1,0,0,0,0,0,0,0,0,4,0,,67,10,2021,3,40.0202,-75.1487,1100.0,6,0,0,0,0,0,1,0,0,,0,0,0,19,3,1,3,,0,40 01:12.800,,0,75 08:55.865,8,0,0,0,67301,0,0,0,N,0,0,0,2,67301,0,,1,1,,N,N,N,0,,0,0,1,3,2,,1945,1,2,0,0,0,1,0,3,4,0,2,3,,N,,,,,,,,,,,
2021102509,1420.0,0,0,0,0,0,0,0,0,0,4,0,,67,10,2021,3,40.0668,-75.1608,1420.0,6,0,0,0,0,0,1,0,0,,0,0,0,9,1,2,1,,0,40 04:00.429,,0,75 09:38.984,3,0,0,0,67301,0,0,0,N,0,0,0,3,67301,0,,1,1,,N,N,N,0,,2,0,2,3,3,,900,2,2,0,0,1,0,0,3,4,0,2,3,4.0,N,,,,,,,,,,,
2021105227,18.0,2,0,0,0,0,0,0,0,0,4,0,,67,10,2021,1,40.0437,-75.0594,10.0,6,0,0,0,0,0,0,0,0,,0,0,0,23,3,0,1,,0,40 02:37.287,,0,75 03:33.908,0,0,0,0,67301,0,0,0,N,0,0,0,4,67301,0,,1,1,,N,N,N,0,,0,0,0,3,3,,2340,0,2,0,0,0,0,0,3,4,0,2,3,3.0,N,,,,,,,,,,,
2021104256,1740.0,1,0,0,0,0,0,0,0,0,4,0,,67,10,2021,6,40.0047,-75.1521,1720.0,6,0,0,0,0,0,0,0,0,,0,0,0,17,4,1,1,,0,40 00:16.847,,0,75 09:07.652,8,0,0,0,67301,0,0,0,N,0,0,0,3,67301,0,,1,9,,N,N,N,0,,0,0,1,3,2,,1715,1,2,0,0,1,1,0,3,4,0,2,7,4.0,N,,,,,,,,,,,
2021111376,50.0,2,0,0,0,0,0,0,0,0,5,0,,67,11,2021,3,39.9633,-75.1543,50.0,6,0,0,0,0,0,0,0,0,,0,0,0,0,3,0,0,N,2,39 57:47.710,4.0,0,75 09:15.380,0,0,0,0,67301,0,0,0,N,0,0,0,1,67301,0,,6,1,130.0,N,N,N,0,,0,0,2,0,0,Y,49,0,4,0,0,1,0,0,3,4,0,4,3,3.0,N,,,,,,,,,,,
2021111060,2001.0,0,0,0,0,0,0,0,0,0,8,0,,67,11,2021,5,39.9851,-75.2474,1957.0,6,0,0,0,0,0,1,0,0,,0,0,0,18,4,1,1,,0,39 59:06.236,,0,75 14:50.528,2,0,0,0,67301,1,0,1,N,1,0,1,2,67301,0,,1,1,,N,N,N,1,,0,1,0,3,2,,1809,1,2,0,0,1,0,0,3,4,0,1,3,,N,,,,,,,,,,,