CRN,ARRIVAL_TM,AUTOMOBILE_COUNT,BELTED_DEATH_COUNT,BELTED_SUSP_SERIOUS_INJ_COUNT,BICYCLE_COUNT,BICYCLE_DEATH_COUNT,BICYCLE_SUSP_SERIOUS_INJ_COUNT,BUS_COUNT,CHLDPAS_DEATH_COUNT,CHLDPAS_SUSP_SERIOUS_INJ_COUNT,COLLISION_TYPE,COMM_VEH_COUNT,CONS_ZONE_SPD_LIM,COUNTY,CRASH_MONTH,CRASH_YEAR,DAY_OF_WEEK,DEC_LAT,DEC_LONG,DISPATCH_TM,DISTRICT,DRIVER_COUNT_16YR,DRIVER_COUNT_17YR,DRIVER_COUNT_18YR,DRIVER_COUNT_19YR,DRIVER_COUNT_20YR,DRIVER_COUNT_50_64YR,DRIVER_COUNT_65_74YR,DRIVER_COUNT_75PLUS,EST_HRS_CLOSED,FATAL_COUNT,HEAVY_TRUCK_COUNT,HORSE_BUGGY_COUNT,HOUR_OF_DAY,ILLUMINATION,INJURY_COUNT,INTERSECT_TYPE,INTERSECTION_RELATED,LANE_CLOSED,LATITUDE,LN_CLOSE_DIR,LOCATION_TYPE,LONGITUDE,MAX_SEVERITY_LEVEL,MCYCLE_DEATH_COUNT,MCYCLE_SUSP_SERIOUS_INJ_COUNT,MOTORCYCLE_COUNT,MUNICIPALITY,NONMOTR_COUNT,NONMOTR_DEATH_COUNT,NONMOTR_SUSP_SERIOUS_INJ_COUNT,NTFY_HIWY_MAINT,PED_COUNT,PED_DEATH_COUNT,PED_SUSP_SERIOUS_INJ_COUNT,PERSON_COUNT,POLICE_AGCY,POSSIBLE_INJ_COUNT,RDWY_SURF_TYPE_CD,RELATION_TO_ROAD,ROAD_CONDITION,ROADWAY_CLEARED,SCH_BUS_IND,SCH_ZONE_IND,SECONDARY_CRASH,SMALL_TRUCK_COUNT,SPEC_JURIS_CD,SUSP_MINOR_INJ_COUNT,SUSP_SERIOUS_INJ_COUNT,SUV_COUNT,TCD_FUNC_CD,TCD_TYPE,TFC_DETOUR_IND,TIME_OF_DAY,TOT_INJ_COUNT,TOTAL_UNITS,UNB_DEATH_COUNT,UNB_SUSP_SERIOUS_INJ_COUNT,UNBELTED_OCC_COUNT,UNK_INJ_DEG_COUNT,UNK_INJ_PER_COUNT,URBAN_AREA,URBAN_RURAL,VAN_COUNT,VEHICLE_COUNT,WEATHER1,WEATHER2,WORK_ZONE_IND,WORK_ZONE_LOC,WORK_ZONE_TYPE,WORKERS_PRES,WZ_CLOSE_DETOUR,WZ_FLAGGER,WZ_LAW_OFFCR_IND,WZ_LN_CLOSURE,WZ_MOVING,WZ_OTHER,WZ_SHLDER_MDN,WZ_WORKERS_INJ_KILLED
2021116410,2115.0,0,0,0,0,0,0,0,0,0,1,0,,67,11,2021,1,39.8965,-75.2503,2100.0,6,0,0,0,0,1,0,0,0,,0,0,0,20,3,2,3,,0,39 53:47.399,,6,75 15:00.972,8,0,0,0,67301,0,0,0,N,0,0,0,4,67301,0,,1,1,,N,N,N,0,,0,0,1,9,4,,2000,2,2,0,0,2,2,0,3,4,1,2,3,3.0,N,,,,,,,,,,,
2021108744,845.0,0,0,0,0,0,0,0,0,0,5,0,,67,11,2021,3,39.9459,-75.2403,838.0,6,0,0,0,0,0,0,0,0,,0,0,0,7,1,1,5,,0,39 56:45.089,,0,75 14:25.018,3,0,0,0,67301,0,0,0,N,0,0,0,3,67301,0,,1,1,,N,N,N,0,,1,0,2,3,2,,743,1,2,0,0,0,0,0,3,4,0,2,3,3.0,N,,,,,,,,,,,
2021109910,2045.0,2,0,0,0,0,0,0,0,0,4,0,,67,11,2021,5,40.0549,-75.1552,2030.0,6,0,0,0,0,0,1,0,0,,0,0,0,20,3,2,1,,0,40 03:17.776,,0,75 09:18.554,3,0,0,0,67301,0,0,0,N,0,0,0,3,67301,0,,1,1,,N,N,N,0,,2,0,0,3,3,,2023,2,2,0,0,0,0,1,3,4,0,2,3,,N,,,,,,,,,,,
2021113456,822.0,1,0,0,0,0,0,0,0,0,4,0,,67,11,2021,2,40.0595,-75.0805,820.0,6,0,0,0,0,0,1,0,0,,0,0,0,8,1,2,1,,1,40 03:34.377,4.0,0,75 04:49.754,3,0,0,0,67301,0,0,0,N,0,0,0,3,67301,0,,1,9,30.0,N,N,Y,0,,2,0,1,3,2,N,814,2,3,0,0,0,0,1,3,4,1,3,4,7.0,N,,,,,,,,,,,
2021114971,1325.0,1,0,0,0,0,0,0,0,0,5,0,,67,11,2021,3,40.0068,-75.1933,1305.0,6,0,0,0,0,0,1,0,0,,0,0,0,13,1,0,0,N,0,40 00:24.532,,0,75 11:35.869,0,0,0,0,67301,0,0,0,N,0,0,0,2,67301,0,,1,1,,N,N,N,0,,0,0,1,0,0,,1302,0,2,0,0,0,0,0,3,4,0,2,3,3.0,N,,,,,,,,,,,
2021112714,2055.0,6,0,0,0,0,0,0,0,0,6,0,,67,11,2021,2,40.043,-75.1009,2044.0,6,0,0,0,0,0,0,0,0,,0,0,0,20,3,0,0,N,0,40 02:34.970,,0,75 06:03.230,0,0,0,0,67301,0,0,0,N,0,0,0,1,67301,0,,6,1,,N,N,N,0,,0,0,2,0,0,,2044,0,8,0,0,0,0,0,3,4,0,8,3,3.0,N,,,,,,,,,,,
2021110185,1330.0,0,0,0,0,0,0,0,0,0,4,0,,67,11,2021,6,39.9389,-75.1747,1320.0,6,0,0,0,0,0,0,0,0,,0,0,0,12,1,3,1,,0,39 56:19.874,,0,75 10:29.049,3,0,0,0,67301,0,0,0,N,0,0,0,3,67301,0,,1,1,,N,N,N,0,,3,0,1,3,2,,1252,3,2,0,0,0,0,0,3,4,1,2,3,3.0,N,,,,,,,,,,,
2021104625,1730.0,1,0,0,0,0,0,0,0,0,4,0,,67,10,2021,7,40.0437,-75.0954,1725.0,6,0,0,0,0,0,1,0,0,,0,0,0,17,1,1,2,,0,40 02:37.485,,0,75 05:43.389,8,0,0,0,67301,0,0,0,N,0,0,0,2,67301,0,,1,1,,N,N,Y,0,,0,0,2,3,3,,1721,1,3,0,0,0,1,1,3,4,0,3,4,,N,,,,,,,,,,,
2021105508,1034.0,0,0,0,0,0,0,0,0,0,4,0,,67,11,2021,2,39.9882,-75.1838,1028.0,6,0,0,0,0,1,0,0,0,,0,0,0,10,1,1,1,,0,39 59:17.649,,0,75 11:01.600,8,0,0,0,67301,0,0,0,N,0,0,0,6,67301,0,,1,1,,N,N,Y,1,,0,0,1,3,2,,1023,1,2,0,0,0,1,0,3,4,0,2,3,3.0,N,,,,,,,,,,,
2021104880,1750.0,1,0,0,0,0,0,0,0,0,2,0,,67,10,2021,6,39.9934,-75.198,1739.0,6,0,0,0,0,1,0,0,0,,0,0,0,15,1,1,0,N,0,39 59:36.140,,0,75 11:52.690,3,0,0,0,67301,0,0,0,N,0,0,0,4,67301,0,,1,9,,N,N,N,0,,1,0,0,0,0,,1545,1,2,0,0,1,0,0,3,4,0,2,7,4.0,N,,,,,,,,,,,
2021104380,1900.0,2,0,0,0,0,0,0,0,0,4,0,,67,10,2021,7,40.009,-75.1562,1900.0,6,0,0,0,0,0,0,0,0,,0,0,0,16,1,3,2,,0,40 00:32.432,,0,75 09:22.384,3,0,0,0,67301,0,0,0,N,0,0,0,4,67301,2,,1,1,,N,N,N,0,,1,0,0,3,3,,1630,3,2,0,0,0,0,0,3,4,0,2,4,4.0,N,,,,,,,,,,,
2021106366,1700.0,2,0,0,0,0,0,0,0,0,1,0,,67,11,2021,2,40.0244,-75.0462,1652.0,6,0,0,0,0,0,0,0,0,,0,0,0,16,1,0,0,N,0,40 01:27.880,,0,75 02:46.337,9,0,0,0,67301,0,0,0,N,0,0,0,3,67301,0,,1,1,,N,N,N,0,,0,0,0,0,0,,1652,0,2,0,0,0,0,1,3,4,0,2,3,3.0,N,,,,,,,,,,,
2021104142,1229.0,0,0,0,0,0,0,0,0,0,8,0,,67,10,2021,4,39.9255,-75.1592,1229.0,6,0,0,0,0,0,0,0,0,,0,0,0,8,1,1,1,,0,39 55:31.893,,0,75 09:33.177,3,0,0,0,67301,1,0,0,N,1,0,0,2,67301,0,,1,1,,N,N,N,0,,1,0,1,0,0,,800,1,2,0,0,1,0,0,3,4,0,1,3,3.0,N,,,,,,,,,,,
2021104424,50.0,2,0,0,0,0,0,0,0,0,1,0,,67,10,2021,1,39.9582,-75.1569,50.0,6,0,0,0,0,0,0,0,0,,0,0,0,0,3,2,1,,0,39 57:29.393,,0,75 09:24.829,4,0,0,0,67301,0,0,0,N,0,0,0,3,67301,2,,1,9,,N,N,N,0,,0,0,0,3,3,,25,2,2,0,0,0,0,0,3,4,0,2,7,,N,,,,,,,,,,,
2021104420,234.0,2,0,0,0,0,0,0,0,0,1,0,,67,10,2021,1,40.0437,-75.1436,233.0,6,0,0,0,0,0,0,0,0,,0,0,0,2,3,1,0,N,0,40 02:37.420,,0,75 08:36.966,4,0,0,0,67301,0,0,0,N,0,0,0,5,67301,1,,1,9,,N,N,N,0,,0,0,1,0,0,,223,1,3,0,0,0,0,0,3,4,0,3,4,7.0,N,,,,,,,,,,,
2021115646,1923.0,1,0,0,0,0,0,0,0,0,4,0,,67,11,2021,4,40.0167,-75.0667,1923.0,6,0,0,1,0,0,0,0,0,,0,0,0,19,3,1,1,,0,40 00:59.982,,0,75 04:00.290,3,0,0,0,67301,0,0,0,N,0,0,0,2,67301,0,,1,1,,N,N,N,0,,1,0,1,3,2,,1918,1,2,0,0,0,0,0,3,4,0,2,3,3.0,N,,,,,,,,,,,
2021109455,1232.0,1,0,0,0,0,0,0,0,0,1,0,,67,11,2021,4,40.0304,-75.2068,1226.0,6,0,0,0,0,0,0,0,0,,0,0,0,12,1,0,0,N,0,40 01:49.435,,0,75 12:24.554,0,0,0,0,67301,0,0,0,N,0,0,0,2,67301,0,,1,1,,N,N,N,0,,0,0,1,0,0,,1225,0,2,0,0,0,0,0,3,4,0,2,3,3.0,N,,,,,,,,,,,
2021112900,805.0,0,0,0,0,0,0,0,0,0,8,0,,67,11,2021,4,40.1186,-75.0252,800.0,6,0,0,0,0,0,0,0,0,,0,0,0,21,3,1,0,N,0,40 07:07.050,,0,75 01:30.760,3,0,0,0,67301,1,0,0,N,1,0,0,2,67301,0,,1,1,,N,N,N,0,,1,0,0,0,0,,2103,1,2,0,0,0,0,0,3,4,0,1,3,3.0,N,,,,,,,,,,,
2021110823,1150.0,2,0,0,0,0,0,0,0,0,1,0,,67,11,2021,1,40.0314,-75.1464,1141.0,6,0,0,0,0,0,1,0,0,,0,0,0,11,1,2,0,Y,0,40 01:52.876,,0,75 08:47.114,3,0,0,0,67301,0,0,0,N,0,0,0,3,67301,0,,1,1,,N,N,N,0,,2,0,0,3,2,,1130,2,2,0,0,0,0,0,3,4,0,2,4,,N,,,,,,,,,,,
2021112419,2056.0,0,0,0,0,0,0,0,0,0,4,0,,67,11,2021,4,40.0706,-75.1763,2056.0,6,0,0,0,0,0,1,0,0,,0,0,0,20,3,1,1,,0,40 04:14.106,,0,75 10:34.586,3,0,0,0,67301,0,0,0,N,0,0,0,3,67301,0,,1,1,,N,N,N,0,,1,0,2,3,3,,2020,1,2,0,0,0,0,0,3,4,0,2,3,,N,,,,,,,,,,,
2021111047,1618.0,1,0,0,0,0,0,0,0,0,1,0,,67,11,2021,2,40.0619,-75.058,1557.0,6,0,0,0,0,0,0,0,0,,0,0,0,15,1,0,0,N,0,40 03:42.960,,0,75 03:28.780,0,0,0,0,67301,0,0,0,N,0,0,0,1,67301,0,,6,1,,N,N,N,0,,0,0,2,0,0,,1513,0,3,0,0,0,0,0,3,4,0,3,3,3.0,N,,,,,,,,,,,
2021110614,1200.0,0,0,0,0,0,0,0,0,0,4,0,,67,11,2021,7,39.9277,-75.147,1145.0,6,0,0,0,0,0,2,0,0,,0,0,0,11,1,0,1,,0,39 55:39.619,,0,75 08:49.027,0,0,0,0,67301,0,0,0,N,0,0,0,2,67301,0,,1,1,,N,N,N,0,,0,0,1,3,3,,1133,0,2,0,0,0,0,0,3,4,1,2,3,3.0,N,,,,,,,,,,,
2021111325,1559.0,2,0,0,0,0,0,0,0,0,4,0,,67,11,2021,2,39.9978,-75.1767,1559.0,6,0,0,0,0,0,0,0,0,,0,0,0,15,1,0,2,,2,39 59:52.162,7.0,0,75 10:36.296,0,0,0,0,67301,0,0,0,N,0,0,0,2,67301,0,,1,1,1701.0,N,N,N,0,,0,0,2,3,3,Y,1540,0,4,0,0,0,0,0,3,4,0,4,4,,N,,,,,,,,,,,
2021111319,1129.0,1,0,0,0,0,0,0,0,0,2,0,,67,11,2021,1,39.9901,-75.1258,1121.0,6,0,0,0,0,0,0,0,0,,0,0,0,11,1,0,0,N,0,39 59:24.279,,0,75 07:32.975,0,0,0,0,67301,0,0,0,N,0,0,0,1,67301,0,,6,1,,N,N,N,1,,0,0,1,0,0,,1120,0,3,0,0,0,0,0,3,4,0,3,3,3.0,N,,,,,,,,,,,
2021109725,1205.0,0,0,0,0,0,0,0,0,0,5,0,,67,11,2021,4,39.9532,-75.1498,1200.0,6,0,0,0,0,0,0,0,0,,0,0,0,11,1,0,0,N,1,39 57:11.468,2.0,0,75 08:59.385,9,0,0,0,67301,0,0,0,N,0,0,0,1,67301,0,,6,1,200.0,N,N,N,0,,0,0,3,0,0,N,1145,0,3,0,0,0,0,1,3,4,0,3,3,3.0,N,,,,,,,,,,,
2021111039,2150.0,1,0,0,0,0,0,0,0,0,4,0,,67,11,2021,7,40.0468,-75.0703,2145.0,6,0,0,0,1,0,0,0,0,,0,0,0,21,3,0,1,,1,40 02:48.573,2.0,0,75 04:13.233,9,0,0,0,67301,0,0,0,N,0,0,0,5,67301,0,,1,1,30.0,N,N,N,0,,0,0,0,3,2,N,2145,0,2,0,0,0,0,1,3,4,1,2,3,,N,,,,,,,,,,,
2021109861,943.0,2,0,0,0,0,0,0,0,0,4,0,,67,11,2021,6,39.9678,-75.2281,941.0,6,0,0,0,0,0,1,0,0,,0,0,0,9,1,2,1,,2,39 58:04.148,2.0,0,75 13:41.267,3,0,0,0,67301,0,0,0,N,0,0,0,3,67301,1,,1,9,1045.0,N,N,Y,0,,1,0,0,3,2,Y,940,2,3,0,0,2,0,0,3,4,1,3,7,4.0,N,,,,,,,,,,,
2021117510,2037.0,1,0,0,0,0,0,0,0,0,7,0,,67,11,2021,5,39.9408,-75.1431,2027.0,6,0,0,0,0,0,0,0,0,,0,0,0,20,3,3,0,N,0,39 56:26.900,,0,75 08:35.195,8,0,0,0,67301,0,0,0,N,0,0,0,3,68K01,0,,3,1,,N,N,N,0,,0,0,0,0,0,,2026,3,1,0,0,1,3,0,3,4,0,1,3,,N,,,,,,,,,,,
2021110507,1239.0,1,0,0,0,0,0,0,0,0,4,0,,67,11,2021,7,40.0129,-75.0718,1237.0,6,0,0,0,0,0,0,0,0,,0,0,0,12,1,1,1,,0,40 00:46.319,,0,75 04:18.532,2,0,1,1,67301,0,0,0,N,0,0,0,2,67301,0,,1,9,,N,N,N,0,,0,1,0,3,2,,1236,1,2,0,0,0,0,0,3,4,0,2,6,4.0,N,,,,,,,,,,,
2021112982,727.0,1,0,0,0,0,0,0,0,0,1,0,,67,11,2021,3,40.0146,-75.1782,727.0,6,0,0,0,0,0,1,0,0,,0,0,0,11,1,0,0,N,0,40 00:52.516,,0,75 10:41.463,9,0,0,0,67301,0,0,0,N,0,0,0,3,67301,0,,1,1,,N,N,N,0,,0,0,2,0,0,,1100,0,3,0,0,0,0,3,3,4,0,3,3,3.0,N,,,,,,,,,,,
2021104494,307.0,3,0,0,0,0,0,0,0,0,6,0,,67,10,2021,1,40.0438,-75.1737,305.0,6,0,0,0,0,0,0,0,0,,0,0,0,2,3,1,0,N,2,40 02:37.750,5.0,0,75 10:25.320,3,0,0,0,67301,0,0,0,N,0,0,0,1,67301,0,,6,9,445.0,N,N,N,0,,1,0,2,0,0,Y,230,1,5,0,0,1,0,0,3,4,0,5,3,,N,,,,,,,,,,,
2021104384,1903.0,1,0,0,0,0,0,0,0,0,4,0,,67,10,2021,6,40.0083,-75.1564,1903.0,6,0,0,0,0,0,0,0,0,,0,0,0,15,1,2,1,,0,40 00:29.772,,0,75 09:22.957,3,0,0,0,67301,0,0,0,N,0,0,0,3,67301,0,,1,1,,N,N,N,0,,2,0,0,3,3,,1510,2,2,0,0,0,0,0,3,4,1,2,4,4.0,N,,,,,,,,,,,
2021109904,1839.0,0,0,0,1,0,0,0,0,0,4,0,,67,10,2021,5,40.0643,-75.1535,1839.0,6,0,0,0,0,0,0,0,0,,0,0,0,18,1,1,5,,0,40 03:51.516,,0,75 09:12.747,4,0,0,0,67301,1,0,0,N,0,0,0,2,67301,1,,1,1,,N,N,N,0,,0,0,0,3,2,,1800,1,2,0,0,0,0,0,3,4,0,1,3,3.0,N,,,,,,,,,,,
2021103487,740.0,1,0,0,0,0,0,0,0,0,2,0,,67,10,2021,3,40.0908,-75.0644,733.0,6,0,0,0,0,0,0,1,0,,0,0,0,7,1,0,2,,0,40 05:26.876,,0,75 03:51.699,0,0,0,0,67301,0,0,0,N,0,0,0,3,67301,0,,1,9,,N,N,N,0,,0,0,1,3,3,,730,0,2,0,0,0,0,0,3,4,0,2,7,7.0,N,,,,,,,,,,,
2021104720,49.0,2,0,0,0,0,0,0,0,0,4,0,,67,10,2021,6,40.0365,-75.131,39.0,6,0,0,0,0,0,0,0,0,,0,0,0,19,3,0,0,N,0,40 02:11.405,,7,75 07:51.721,0,0,0,0,67301,0,0,0,N,0,0,0,1,67301,0,,1,9,,N,N,N,0,,0,0,0,0,0,,1916,0,2,0,0,0,0,0,3,4,0,2,7,7.0,N,,,,,,,,,,,
2021111712,2118.0,2,0,0,0,0,0,0,0,0,6,0,,67,11,2021,5,39.9493,-75.2423,2113.0,6,0,0,0,0,0,0,0,0,,0,0,0,20,3,0,0,N,0,39 56:57.400,,0,75 14:32.230,9,0,0,0,67301,0,0,0,N,0,0,0,1,67301,0,,6,1,,N,N,N,0,,0,0,2,0,0,,2050,0,4,0,0,0,0,1,3,4,0,4,3,,N,,,,,,,,,,,
2021113254,1710.0,0,0,0,1,0,0,0,0,0,4,0,,67,11,2021,2,39.9232,-75.1871,1700.0,6,0,0,0,0,0,0,0,0,,0,0,0,18,3,1,1,,0,39 55:23.627,,0,75 11:13.545,8,0,0,0,67301,1,0,0,N,0,0,0,2,67301,0,,1,1,,N,N,N,0,,0,0,1,3,3,,1830,1,2,0,0,0,1,1,3,4,0,1,3,3.0,N,,,,,,,,,,,
2021111040,108.0,2,0,0,0,0,0,0,0,0,4,0,,67,11,2021,7,39.9482,-75.1644,105.0,6,0,0,0,0,0,1,0,0,,0,0,0,0,3,1,1,,0,39 56:53.591,,0,75 09:52.428,8,0,0,0,67301,0,0,0,N,0,0,0,2,67301,0,,1,1,,N,N,N,0,,0,0,0,3,2,,57,1,2,0,0,0,1,0,3,4,0,2,3,3.0,N,,,,,,,,,,,
2021110482,1215.0,1,0,0,0,0,0,0,0,0,4,0,,67,11,2021,6,39.9677,-75.2005,1208.0,6,0,0,0,0,0,0,0,0,,0,0,0,12,1,0,1,,0,39 58:03.708,,0,75 12:01.704,0,0,0,0,67301,0,0,0,N,0,0,0,2,67301,0,,1,1,,N,N,N,0,,0,0,0,3,3,,1200,0,2,0,0,2,0,0,3,4,1,2,3,3.0,N,,,,,,,,,,,
2021109249,1735.0,1,0,0,0,0,0,0,0,0,5,0,,67,11,2021,3,40.0371,-75.1396,1728.0,6,0,0,0,0,0,0,0,0,,0,0,0,17,3,0,1,,0,40 02:13.610,,0,75 08:22.736,0,0,0,0,67301,0,0,0,N,0,0,0,2,67301,0,,1,1,,N,N,N,0,,0,0,1,3,2,,1719,0,2,0,0,0,0,0,3,4,0,2,3,3.0,N,,,,,,,,,,,
2021108892,712.0,0,0,0,0,0,0,0,0,0,4,0,,67,11,2021,4,40.0288,-75.045,711.0,6,0,0,0,0,0,0,0,0,,0,0,0,7,1,2,2,,0,40 01:43.800,,0,75 02:42.100,3,0,0,0,67301,0,0,0,N,0,0,0,5,67301,0,,1,1,,N,N,N,0,,2,0,1,0,0,,709,2,2,0,0,0,0,0,3,4,1,2,3,3.0,N,,,,,,,,,,,
2021111478,850.0,1,0,0,0,0,0,0,0,0,4,0,,67,11,2021,3,40.0357,-75.1791,847.0,6,0,0,0,0,0,1,0,0,,0,0,0,7,1,0,0,N,0,40 02:08.500,,7,75 10:44.680,0,0,0,0,67301,0,0,0,N,0,0,0,2,67301,0,,1,1,,N,N,N,1,,0,0,1,0,0,,755,0,3,0,0,0,0,0,3,4,0,3,3,3.0,N,,,,,,,,,,,
2021112353,2325.0,1,0,0,0,0,0,0,0,0,4,0,,67,11,2021,4,40.1062,-75.0347,2319.0,6,0,0,1,0,0,1,0,0,,0,0,0,22,3,1,2,,0,40 06:22.482,,0,75 02:04.967,8,0,0,0,67301,0,0,0,N,0,0,0,4,67301,0,,1,1,,N,N,N,0,,0,0,1,3,3,,2259,1,2,0,0,0,1,0,3,4,0,2,3,,N,,,,,,,,,,,
2021114158,2318.0,2,0,0,0,0,0,0,0,0,1,0,,67,11,2021,1,39.9812,-75.2671,2318.0,6,0,0,0,0,0,1,0,0,,0,0,0,23,3,0,0,N,1,39 58:52.196,2.0,0,75 16:01.733,9,0,0,0,67301,0,0,0,N,0,0,0,3,46104,0,,1,9,2358.0,N,N,N,0,,0,0,0,0,0,N,2318,0,2,0,0,0,0,2,3,4,0,2,3,3.0,N,,,,,,,,,,,
2021114762,2147.0,1,0,0,0,0,0,0,0,0,7,0,,67,11,2021,1,39.9602,-75.1805,2137.0,6,0,0,1,0,0,0,0,0,,0,0,0,21,3,1,0,N,1,39 57:36.696,4.0,3,75 10:49.681,8,0,0,0,67301,0,0,0,N,0,0,0,1,68K01,0,,3,9,2200.0,N,N,N,0,,0,0,0,0,0,N,2129,1,1,0,0,0,1,0,3,4,0,1,7,,N,,,,,,,,,,,
2021111362,1600.0,1,0,0,0,0,0,0,0,0,4,0,,67,11,2021,2,40.0713,-75.0383,1600.0,6,0,0,0,0,0,0,1,0,,0,0,0,15,1,1,1,,1,40 04:16.742,2.0,0,75 02:17.701,3,0,0,0,67301,0,0,0,N,0,0,0,2,67301,0,,1,1,410.0,N,N,N,0,,1,0,1,3,1,N,1547,1,2,0,0,0,0,0,3,4,0,2,3,8.0,N,,,,,,,,,,,
2021117522,1904.0,1,0,0,0,0,0,0,0,0,1,0,,67,11,2021,3,40.0092,-75.2048,1858.0,6,0,0,0,0,0,1,0,0,,0,0,0,18,3,0,7,,0,40 00:33.260,,2,75 12:17.373,0,0,0,0,67301,0,0,0,N,0,0,0,4,68K01,0,,7,1,,N,N,N,0,,0,0,3,0,0,,1854,0,4,0,0,0,0,0,3,4,0,4,3,,N,,,,,,,,,,,
2021105218,1920.0,0,0,0,0,0,0,0,0,0,0,0,,67,10,2021,7,40.0164,-75.0558,1908.0,6,0,0,0,0,0,0,0,0,,0,0,0,19,3,2,0,N,0,40 00:59.090,,0,75 03:20.940,2,0,0,0,67301,0,0,0,N,0,0,0,2,67301,0,,1,1,,N,N,N,0,,1,1,0,0,0,,1902,2,1,0,0,0,0,0,3,4,0,1,3,3.0,N,,,,,,,,,,,
2021116207,2032.0,1,0,0,0,0,0,0,0,0,7,0,,67,10,2021,7,39.9218,-75.1479,2032.0,6,0,0,0,0,0,0,0,0,,0,0,0,20,3,1,0,N,2,39 55:18.572,2.0,3,75 08:52.616,3,0,0,0,67301,0,0,0,N,0,0,0,1,68K01,0,,4,1,2101.0,N,N,N,0,,1,0,0,0,0,N,2032,1,1,0,0,0,0,0,3,4,0,1,3,,N,,,,,,,,,,,
2021104731,335.0,0,0,0,0,0,0,0,0,0,1,0,,67,10,2021,7,40.046,-75.1126,326.0,6,0,0,0,0,0,0,0,0,,0,0,0,20,3,1,0,N,0,40 02:45.594,,0,75 06:45.531,8,0,0,0,67301,0,0,0,N,0,0,0,2,67301,0,,1,9,,N,N,N,1,,0,0,0,0,0,,2024,1,3,0,0,0,1,1,3,4,1,3,7,7.0,N,,,,,,,,,,,
2021106851,1915.0,1,0,0,0,0,0,0,0,0,4,0,,67,11,2021,2,39.9457,-75.1548,1911.0,6,0,0,0,0,0,0,0,0,,0,0,0,18,3,1,1,,0,39 56:44.634,,0,75 09:17.213,3,0,0,0,67301,0,0,0,N,0,0,0,4,67301,0,,1,1,,N,N,N,0,,1,0,1,3,2,,1855,1,2,0,0,0,0,0,3,4,0,2,3,3.0,N,,,,,,,,,,,
2021116206,1506.0,2,0,0,0,0,0,0,0,0,5,0,,67,10,2021,7,39.9677,-75.1318,1439.0,6,0,0,0,0,0,0,0,0,,0,0,0,14,1,0,0,N,0,39 58:03.822,,0,75 07:54.318,0,0,0,0,67301,0,0,0,N,0,0,0,2,68K01,0,,7,1,,N,N,N,0,,0,0,0,0,0,,1423,0,2,0,0,1,0,0,3,4,0,2,3,,N,,,,,,,,,,,
2021103589,118.0,2,0,0,0,0,0,0,0,0,5,0,,67,10,2021,5,40.0132,-75.0704,112.0,6,0,0,0,0,0,0,0,0,,0,0,0,1,3,0,1,,0,40 00:47.439,,0,75 04:13.514,0,0,0,0,67301,0,0,0,N,0,0,0,2,67301,0,,1,1,,N,N,N,0,,0,0,0,3,2,,110,0,2,0,0,0,0,0,3,4,0,2,3,,N,,,,,,,,,,,
2021104225,2120.0,1,0,0,0,0,0,0,0,0,5,0,,67,10,2021,6,39.9311,-75.1548,2100.0,6,0,0,0,0,0,0,0,0,,0,0,0,20,2,0,0,N,0,39 55:52.000,,0,75 09:17.100,0,0,0,0,67301,0,0,0,N,0,0,0,1,67301,0,,6,9,,N,N,N,0,,0,0,2,0,0,,2000,0,3,0,0,0,0,0,3,4,0,3,7,4.0,N,,,,,,,,,,,
2021103916,645.0,1,0,0,0,0,0,0,0,0,2,0,,67,10,2021,3,40.0146,-75.1567,645.0,6,0,0,0,0,0,0,0,0,,0,0,0,8,1,1,1,,0,40 00:52.463,,0,75 09:23.952,3,0,0,0,67301,0,0,0,N,0,0,0,2,67301,0,,1,1,,N,N,N,0,,1,0,0,3,2,,845,1,2,0,0,0,0,0,3,4,0,2,4,4.0,N,,,,,,,,,,,
2021114225,228.0,1,0,0,0,0,0,0,0,0,7,0,,67,10,2021,7,39.9812,-75.2068,227.0,6,0,0,0,0,0,0,0,0,,0,0,0,2,3,0,0,N,0,39 58:52.164,,0,75 12:24.382,0,0,0,0,67301,0,0,0,N,0,0,0,1,68K01,0,,4,9,,N,N,N,0,,0,0,0,0,0,,216,0,1,0,0,0,0,0,3,4,0,1,7,7.0,N,,,,,,,,,,,
2021105763,846.0,2,0,0,0,0,0,0,0,0,4,0,,67,10,2021,1,39.9391,-75.1763,845.0,6,0,0,0,0,1,0,0,0,,0,0,0,8,1,1,1,,0,39 56:20.584,,0,75 10:34.724,3,0,0,0,67301,0,0,0,N,0,0,0,3,67301,0,,1,1,,N,N,N,0,,1,0,0,3,2,,800,1,2,0,0,3,0,0,3,4,0,2,3,3.0,N,,,,,,,,,,,
2021103665,1105.0,1,0,0,0,0,0,0,0,0,4,0,,67,10,2021,3,39.9922,-75.2337,1105.0,6,0,0,0,0,0,0,0,1,,0,0,0,10,1,0,1,,0,39 59:31.848,,0,75 14:01.341,0,0,0,0,67301,0,0,0,N,0,0,0,1,67301,0,,1,9,,N,N,N,0,,0,0,2,3,2,,1059,0,3,0,0,1,0,0,3,4,0,3,3,3.0,N,,,,,,,,,,,
2021110434,109.0,0,0,0,0,0,0,0,0,0,5,0,,67,10,2021,1,40.0075,-75.1049,109.0,6,0,0,0,0,0,0,0,0,,0,0,0,0,3,0,0,N,0,40 00:27.030,,0,75 06:17.710,0,0,0,0,67301,0,0,0,N,0,0,0,1,67301,0,,6,9,,N,N,N,1,,0,0,2,0,0,,56,0,5,0,0,0,0,0,3,4,1,4,7,4.0,N,,,,,,,,,,,