CRN,ARRIVAL_TM,AUTOMOBILE_COUNT,BELTED_DEATH_COUNT,BELTED_SUSP_SERIOUS_INJ_COUNT,BICYCLE_COUNT,BICYCLE_DEATH_COUNT,BICYCLE_SUSP_SERIOUS_INJ_COUNT,BUS_COUNT,CHLDPAS_DEATH_COUNT,CHLDPAS_SUSP_SERIOUS_INJ_COUNT,COLLISION_TYPE,COMM_VEH_COUNT,CONS_ZONE_SPD_LIM,COUNTY,CRASH_MONTH,CRASH_YEAR,DAY_OF_WEEK,DEC_LAT,DEC_LONG,DISPATCH_TM,DISTRICT,DRIVER_COUNT_16YR,DRIVER_COUNT_17YR,DRIVER_COUNT_18YR,DRIVER_COUNT_19YR,DRIVER_COUNT_20YR,DRIVER_COUNT_50_64YR,DRIVER_COUNT_65_74YR,DRIVER_COUNT_75PLUS,EST_HRS_CLOSED,FATAL_COUNT,HEAVY_TRUCK_COUNT,HORSE_BUGGY_COUNT,HOUR_OF_DAY,ILLUMINATION,INJURY_COUNT,INTERSECT_TYPE,INTERSECTION_RELATED,LANE_CLOSED,LATITUDE,LN_CLOSE_DIR,LOCATION_TYPE,LONGITUDE,MAX_SEVERITY_LEVEL,MCYCLE_DEATH_COUNT,MCYCLE_SUSP_SERIOUS_INJ_COUNT,MOTORCYCLE_COUNT,MUNICIPALITY,NONMOTR_COUNT,NONMOTR_DEATH_COUNT,NONMOTR_SUSP_SERIOUS_INJ_COUNT,NTFY_HIWY_MAINT,PED_COUNT,PED_DEATH_COUNT,PED_SUSP_SERIOUS_INJ_COUNT,PERSON_COUNT,POLICE_AGCY,POSSIBLE_INJ_COUNT,RDWY_SURF_TYPE_CD,RELATION_TO_ROAD,ROAD_CONDITION,ROADWAY_CLEARED,SCH_BUS_IND,SCH_ZONE_IND,SECONDARY_CRASH,SMALL_TRUCK_COUNT,SPEC_JURIS_CD,SUSP_MINOR_INJ_COUNT,SUSP_SERIOUS_INJ_COUNT,SUV_COUNT,TCD_FUNC_CD,TCD_TYPE,TFC_DETOUR_IND,TIME_OF_DAY,TOT_INJ_COUNT,TOTAL_UNITS,UNB_DEATH_COUNT,UNB_SUSP_SERIOUS_INJ_COUNT,UNBELTED_OCC_COUNT,UNK_INJ_DEG_COUNT,UNK_INJ_PER_COUNT,URBAN_AREA,URBAN_RURAL,VAN_COUNT,VEHICLE_COUNT,WEATHER1,WEATHER2,WORK_ZONE_IND,WORK_ZONE_LOC,WORK_ZONE_TYPE,WORKERS_PRES,WZ_CLOSE_DETOUR,WZ_FLAGGER,WZ_LAW_OFFCR_IND,WZ_LN_CLOSURE,WZ_MOVING,WZ_OTHER,WZ_SHLDER_MDN,WZ_WORKERS_INJ_KILLED
2021125689,2159.0,1,0,0,0,0,0,0,0,0,0,0,,67,12,2021,4,39.907,-75.1392,2159.0,6,0,0,0,0,0,0,0,0,,0,0,0,21,3,0,0,N,2,39 54:25.100,4.0,3,75 08:21.200,0,0,0,0,67301,0,0,0,N,0,0,0,2,67501,0,,1,1,2201.0,N,N,N,1,,0,0,0,0,0,N,2159,0,2,0,0,0,0,0,3,4,0,2,3,,N,,,,,,,,,,,
2021077440,226.0,2,0,0,0,0,0,0,0,0,4,0,,67,8,2021,7,40.0189,-75.1472,226.0,6,0,0,0,0,0,0,0,0,,0,0,0,2,2,1,1,N,0,40 01:08.061,,0,75 08:50.029,3,0,0,0,67301,0,0,0,N,0,0,0,2,67301,0,,1,1,,N,N,N,0,,1,0,0,0,0,,222,1,2,0,0,0,0,0,3,4,0,2,3,3.0,N,,,,,,,,,,,
2021121220,1807.0,0,0,0,0,0,0,0,0,0,8,0,,67,12,2021,4,40.0198,-75.1105,1807.0,6,0,0,0,0,0,0,0,0,,0,0,0,15,1,1,2,,0,40 01:11.359,,6,75 06:37.843,3,0,0,0,67301,1,0,0,N,1,0,0,2,67301,0,,1,1,,N,N,N,1,,1,0,0,3,2,,1500,1,2,0,0,1,0,0,3,4,0,1,3,3.0,N,,,,,,,,,,,
2021116573,816.0,1,0,0,0,0,0,0,0,0,4,0,,67,11,2021,3,40.0488,-75.1145,816.0,6,0,0,0,0,0,0,0,0,,0,0,0,6,1,3,2,,0,40 02:55.783,,0,75 06:52.129,3,0,0,0,67301,0,0,0,N,0,0,0,3,67301,0,,1,1,,N,N,N,0,,3,0,1,3,3,,649,3,2,0,0,0,0,0,3,4,0,2,3,3.0,N,,,,,,,,,,,
2021116407,1030.0,1,0,0,0,0,0,0,0,0,8,0,,67,11,2021,2,39.9842,-75.1528,1027.0,6,0,0,0,0,0,0,0,0,,0,0,0,8,1,1,1,,0,39 59:03.100,,0,75 09:10.215,8,0,0,0,67301,1,0,0,N,1,0,0,2,67505,0,,1,1,,N,N,N,0,,0,0,0,3,2,,853,1,2,0,0,1,1,0,3,4,0,1,3,3.0,N,,,,,,,,,,,
2021124889,1405.0,1,0,0,0,0,0,0,0,0,4,0,,67,12,2021,6,39.9704,-75.15,1400.0,6,0,0,0,0,0,0,0,0,,0,0,0,13,1,1,1,,0,39 58:14.003,,0,75 08:59.563,8,0,0,1,67301,0,0,0,N,0,0,0,2,67301,0,,1,1,,N,N,N,0,,0,0,0,3,2,,1330,1,2,0,0,0,1,0,3,4,0,2,3,3.0,N,,,,,,,,,,,
2021126252,1240.0,1,0,0,0,0,0,0,0,0,4,0,,67,12,2021,5,39.9789,-75.1825,1236.0,6,0,0,0,0,0,0,1,0,,0,0,0,12,1,1,1,,0,39 58:44.204,,0,75 10:57.052,3,0,0,0,67301,0,0,0,N,0,0,0,2,67301,0,,1,1,,N,N,N,0,,1,0,0,3,2,,1230,1,2,0,0,1,0,0,3,4,1,2,3,3.0,N,,,,,,,,,,,
2021127166,29.0,1,0,0,0,0,0,0,0,0,4,0,,67,12,2021,2,40.052,-75.1796,25.0,6,0,0,0,0,0,1,0,0,,0,0,0,23,3,0,1,,0,40 03:07.021,,0,75 10:46.660,0,0,0,0,67301,0,0,0,N,0,0,0,2,67301,0,,1,9,,N,N,N,0,,0,0,1,0,0,,2344,0,2,0,0,0,0,0,3,4,0,2,7,7.0,N,,,,,,,,,,,
2021126367,1445.0,2,0,0,0,0,0,0,0,0,4,0,,67,12,2021,5,40.0223,-75.162,1445.0,6,0,0,0,0,0,1,0,0,,0,0,0,14,1,1,1,,0,40 01:20.289,,0,75 09:43.290,3,0,0,0,67301,0,0,0,N,0,0,0,2,67301,0,,1,1,,N,N,N,0,,1,0,0,3,2,,1445,1,2,0,0,1,0,0,3,4,0,2,3,3.0,N,,,,,,,,,,,
2021126576,410.0,1,0,0,0,0,0,0,0,0,2,0,,67,12,2021,6,40.045,-75.1497,400.0,6,0,0,0,0,0,0,0,0,,0,0,0,20,3,1,1,,0,40 02:41.931,,0,75 08:58.819,2,0,0,0,67301,0,0,0,N,0,0,0,2,67301,0,,1,1,,N,N,N,0,,0,1,1,3,2,,2030,1,2,0,1,1,0,0,3,4,0,2,3,3.0,N,,,,,,,,,,,
2021123925,1126.0,0,0,0,0,0,0,0,0,0,7,0,,67,12,2021,7,40.0591,-75.1488,1120.0,6,0,0,0,0,0,0,0,0,,0,0,0,11,1,1,0,N,0,40 03:32.720,,0,75 08:55.850,3,0,0,0,67301,0,0,0,N,0,0,0,1,67301,0,,5,9,,N,N,N,0,,1,0,1,0,0,,1115,1,1,0,0,0,0,0,3,4,0,1,4,,N,,,,,,,,,,,
2021128258,1200.0,2,0,0,0,0,0,0,0,0,4,0,,67,12,2021,7,39.9723,-75.1658,1154.0,6,0,0,0,0,0,0,0,0,,0,0,0,23,3,0,1,,0,39 58:20.220,,0,75 09:56.891,0,0,0,0,67301,0,0,0,N,0,0,0,3,67301,0,,1,9,,N,N,N,0,,0,0,0,3,2,,2320,0,2,0,0,0,0,0,3,4,0,2,7,,N,,,,,,,,,,,
2021128169,1849.0,1,0,0,0,0,0,0,0,0,4,0,,67,12,2021,7,39.9448,-75.167,1849.0,6,0,0,0,0,0,0,0,0,,0,0,0,18,3,1,1,,1,39 56:41.445,4.0,0,75 10:01.135,3,0,0,0,67301,0,0,0,N,0,0,0,2,67301,0,,1,9,1955.0,N,N,N,0,,1,0,2,3,2,N,1849,1,3,0,0,0,0,0,3,4,0,3,4,7.0,N,,,,,,,,,,,
2021124137,1248.0,0,0,0,0,0,0,0,0,0,4,0,,67,12,2021,6,40.1309,-75.0153,1219.0,6,0,0,0,0,0,1,0,0,,0,0,0,12,1,1,0,N,1,40 07:51.157,3.0,7,75 00:54.940,2,0,1,1,67301,0,0,0,N,0,0,0,2,67301,0,,1,1,1432.0,Y,Y,N,0,,0,1,1,0,0,N,1213,1,2,0,0,0,0,0,3,4,0,2,3,3.0,N,,,,,,,,,,,
2021124400,845.0,2,0,0,0,0,0,0,0,0,5,0,,67,12,2021,1,39.9812,-75.2228,833.0,6,0,0,0,0,0,0,0,0,,0,0,0,6,1,0,0,N,0,39 58:52.470,,0,75 13:22.076,9,0,0,0,67301,0,0,0,N,0,0,0,1,67301,0,,6,1,,N,N,N,0,,0,0,4,0,0,,656,0,6,0,0,0,0,1,3,4,0,6,3,3.0,N,,,,,,,,,,,
2021119293,52.0,3,0,0,0,0,0,0,0,0,4,0,,67,12,2021,2,39.9993,-75.1107,52.0,6,0,0,0,0,0,1,0,0,,0,0,0,0,3,0,1,,2,39 59:57.469,3.0,0,75 06:38.357,0,0,0,0,67301,0,0,0,N,0,0,0,3,67301,0,,1,9,200.0,N,N,N,0,,0,0,1,3,2,Y,52,0,4,0,0,0,0,0,3,4,0,4,7,,N,,,,,,,,,,,
2021116016,354.0,2,0,0,0,0,0,0,0,0,7,0,,67,11,2021,1,40.037,-75.1758,353.0,6,0,0,0,0,0,0,0,0,,0,0,0,3,3,1,0,N,2,40 02:13.054,5.0,0,75 10:32.797,3,0,0,0,67301,0,0,0,N,0,0,0,1,67301,0,,4,1,415.0,N,N,N,0,,1,0,2,0,0,Y,353,1,4,0,0,0,0,0,3,4,0,4,3,3.0,N,,,,,,,,,,,
2021118247,1200.0,0,0,0,0,0,0,0,0,0,8,0,,67,12,2021,4,40.0432,-75.0523,1153.0,6,0,0,0,0,0,1,0,0,,0,0,0,11,1,1,1,,0,40 02:35.664,,0,75 03:08.163,3,0,0,0,67301,1,0,0,N,1,0,0,2,67301,0,,1,1,,N,N,N,0,,1,0,1,3,2,,1151,1,2,0,0,0,0,0,3,4,0,1,3,3.0,N,,,,,,,,,,,
2021123836,155.0,1,0,0,0,0,0,0,0,0,4,0,,67,12,2021,7,40.0016,-75.1528,206.0,6,0,0,0,0,0,0,0,0,,0,0,0,1,3,1,1,,0,40 00:05.763,,0,75 09:10.529,3,0,0,0,67301,0,0,0,N,0,0,0,2,67301,0,,1,9,,N,N,N,0,,1,0,0,3,2,,140,1,2,0,0,0,0,1,3,4,1,2,7,,N,,,,,,,,,,,
2021128217,1508.0,0,0,0,0,0,0,0,0,0,1,0,,67,12,2021,6,39.9116,-75.1487,1501.0,6,0,0,0,0,0,2,0,0,,0,0,0,14,1,2,0,N,1,39 54:41.627,1.0,0,75 08:55.337,3,0,0,0,67301,0,0,0,N,0,0,0,6,68K01,0,,1,1,1607.0,N,N,N,0,,2,0,2,0,0,N,1457,2,2,0,0,0,0,0,3,4,0,2,3,,N,,,,,,,,,,,
2021124022,103.0,1,0,0,0,0,0,0,0,0,4,0,,67,12,2021,7,40.0255,-75.0847,103.0,6,0,0,0,0,1,0,0,0,,0,0,0,0,3,0,5,,0,40 01:31.656,,0,75 05:04.959,0,0,0,0,67301,0,0,0,N,0,0,0,2,67301,0,,1,1,,N,N,N,0,,0,0,1,3,3,,55,0,2,0,0,0,0,0,3,4,0,2,3,,N,,,,,,,,,,,
2021124286,233.0,1,0,0,0,0,0,0,0,0,5,0,,67,12,2021,6,39.9593,-75.2444,230.0,6,0,0,0,0,0,0,0,0,,0,0,0,2,3,0,0,N,0,39 57:33.459,,0,75 14:39.670,9,0,0,0,67301,0,0,0,N,0,0,0,2,67301,0,,6,1,,N,N,N,0,,0,0,2,0,0,,229,0,3,0,0,2,0,1,3,4,0,3,3,,N,,,,,,,,,,,
2021120121,405.0,2,0,0,0,0,0,0,0,0,5,0,,67,12,2021,1,39.9319,-75.1597,357.0,6,0,0,0,0,0,0,0,0,,0,0,0,3,3,1,0,N,0,39 55:54.740,,0,75 09:34.820,8,0,0,0,67301,0,0,0,N,0,0,0,1,67301,0,,6,1,,N,N,N,0,,0,0,0,0,0,,355,1,3,0,0,0,1,0,3,4,1,3,3,3.0,N,,,,,,,,,,,
2021118215,1206.0,2,0,0,0,0,0,0,0,0,4,0,,67,12,2021,5,39.9229,-75.2382,1205.0,6,0,0,0,0,0,0,0,0,,0,0,0,12,1,0,0,N,0,39 55:22.600,,7,75 14:17.400,9,0,0,0,67301,0,0,0,N,0,0,0,2,67301,0,,1,1,,N,N,N,1,,0,0,0,0,0,,1200,0,3,0,0,0,0,1,3,4,0,3,3,98.0,N,,,,,,,,,,,
2021118439,1744.0,2,0,0,0,0,0,0,0,0,4,0,,67,12,2021,6,40.0376,-75.2103,1740.0,6,0,1,0,0,0,0,0,0,,0,0,0,17,3,0,2,,0,40 02:15.016,,0,75 12:37.445,0,0,0,0,67301,0,0,0,N,0,0,0,4,67301,0,,1,1,,N,N,N,0,,0,0,0,3,2,,1739,0,2,0,0,0,0,0,3,4,0,2,3,3.0,N,,,,,,,,,,,
2021124278,152.0,2,0,0,0,0,0,0,0,0,4,0,,67,12,2021,5,39.9838,-75.1617,152.0,6,0,0,0,0,0,0,0,0,,0,0,0,1,3,1,1,,0,39 59:01.806,,0,75 09:42.223,3,0,0,0,67301,0,0,0,N,0,0,0,2,67301,0,,1,9,,N,N,N,0,,1,0,0,3,2,,151,1,2,0,0,0,0,0,3,4,0,2,4,7.0,N,,,,,,,,,,,
2021121983,115.0,2,0,0,0,0,0,0,0,0,5,0,,67,12,2021,1,39.9569,-75.225,105.0,6,0,0,0,0,0,0,0,0,,0,0,0,0,3,0,0,N,0,39 57:24.866,,0,75 13:30.177,0,0,0,0,67301,0,0,0,N,0,0,0,3,67301,0,,1,1,,N,N,N,0,,0,0,0,0,0,,30,0,2,0,0,0,0,0,3,4,0,2,3,3.0,N,,,,,,,,,,,
2021122021,735.0,3,0,0,0,0,0,0,0,0,5,0,,67,12,2021,5,40.0239,-75.0629,730.0,6,0,0,0,0,0,1,1,0,,0,0,0,6,1,0,0,N,0,40 01:25.945,,0,75 03:46.407,0,0,0,0,67301,0,0,0,N,0,0,0,3,67301,0,,1,1,,N,N,N,0,,0,0,0,3,2,,625,0,3,0,0,0,0,0,3,4,0,3,4,4.0,N,,,,,,,,,,,
2021126311,1531.0,0,0,0,0,0,0,0,0,0,8,0,,67,12,2021,6,40.0414,-75.0283,1530.0,6,0,0,0,0,1,0,0,0,,0,0,0,14,1,1,1,,0,40 02:28.908,,0,75 01:41.719,3,0,0,0,67301,1,0,0,N,1,0,0,2,67301,0,,1,1,,N,N,N,0,,1,0,1,3,2,,1400,1,2,0,0,0,0,0,3,4,0,1,3,3.0,N,,,,,,,,,,,
2021123834,1327.0,0,0,0,0,0,0,0,0,0,8,0,,67,12,2021,6,40.0327,-75.0302,1322.0,6,0,0,0,0,0,0,1,0,,0,0,0,13,1,1,0,N,0,40 01:57.728,,0,75 01:48.638,4,0,0,0,67301,1,0,0,N,1,0,0,2,67301,1,,1,1,,N,N,N,0,,0,0,1,0,0,,1319,1,2,0,0,1,0,0,3,4,0,1,3,,N,,,,,,,,,,,
2021125692,1046.0,0,0,0,0,0,0,0,0,0,4,0,,67,12,2021,2,39.9625,-75.2162,1045.0,6,0,0,0,0,0,1,0,0,,0,0,0,10,1,0,1,,0,39 57:44.928,,0,75 12:58.374,9,0,0,0,67301,0,0,0,N,0,0,0,2,67301,0,,1,1,,N,N,N,0,,0,0,2,3,2,,1030,0,2,0,0,0,0,2,3,4,0,2,3,3.0,N,,,,,,,,,,,
2021125696,241.0,1,0,0,0,0,0,0,0,0,7,0,,67,12,2021,1,39.9454,-75.1797,237.0,6,0,0,0,0,0,0,0,0,,0,0,0,2,3,4,1,,0,39 56:43.455,,0,75 10:47.049,4,0,0,0,67301,0,0,0,N,0,0,0,4,67301,4,,5,9,,N,N,N,0,,0,0,0,3,2,,233,4,2,0,0,0,0,0,3,4,0,1,7,,N,,,,,,,,,,,
2021127126,1752.0,0,0,0,0,0,0,0,0,0,1,0,,67,12,2021,1,39.9159,-75.2453,1744.0,6,0,0,0,0,0,0,0,1,,0,0,0,17,3,2,2,,0,39 54:57.295,,0,75 14:43.230,3,0,0,0,67301,0,0,0,N,0,0,0,4,67301,0,,1,1,,N,N,N,0,,2,0,2,0,0,,1741,2,2,0,0,0,0,0,3,4,0,2,3,3.0,N,,,,,,,,,,,
2021128076,414.0,0,0,0,0,0,0,0,0,0,8,0,,67,12,2021,2,40.039,-75.1446,413.0,6,0,0,0,0,0,0,0,0,,0,0,0,4,3,1,1,,1,40 02:20.569,4.0,0,75 08:40.591,3,0,0,0,67301,1,0,0,N,1,0,0,2,67301,0,,1,1,511.0,N,N,N,0,,1,0,1,3,2,Y,412,1,2,0,0,0,0,0,3,4,0,1,3,,N,,,,,,,,,,,
2021125679,1625.0,1,0,0,0,0,0,0,0,0,4,0,,67,12,2021,4,39.9594,-75.147,1621.0,6,0,0,0,0,0,0,1,0,,0,0,0,15,1,1,0,N,1,39 57:33.796,1.0,7,75 08:49.191,3,0,0,0,67301,0,0,0,N,0,0,0,4,67301,0,,1,1,1650.0,N,N,N,0,,1,0,1,3,3,N,1540,1,4,0,0,0,0,0,3,4,2,4,3,3.0,N,,,,,,,,,,,
2021127194,2015.0,1,0,0,0,0,0,0,0,0,1,0,,67,12,2021,2,40.0822,-74.9669,2011.0,6,0,0,0,0,0,1,0,0,,0,0,0,20,3,1,1,,0,40 04:55.700,,3,74 58:01.400,8,0,0,0,67301,0,0,0,N,0,0,0,2,67301,0,,1,1,,N,N,Y,0,,0,0,1,3,2,,2005,1,2,0,0,0,1,1,3,4,0,2,4,4.0,N,,,,,,,,,,,
2021125258,1205.0,0,0,0,0,0,0,0,0,0,8,1,,67,12,2021,6,39.9223,-75.1533,1205.0,6,0,0,0,0,0,0,0,0,,0,1,0,17,1,1,1,,0,39 55:20.221,,0,75 09:12.510,3,0,0,0,67301,1,0,0,N,1,0,0,2,67301,0,,1,1,,N,N,N,0,,1,0,0,3,2,,1710,1,2,0,0,0,0,0,3,4,0,1,3,3.0,N,,,,,,,,,,,
2021121627,2104.0,2,0,0,0,0,0,0,0,0,4,0,,67,12,2021,1,39.9452,-75.2177,2059.0,6,0,0,0,0,0,0,0,0,,0,0,0,20,3,1,1,,0,39 56:42.662,,0,75 13:03.885,4,0,0,0,67301,0,0,0,N,0,0,0,2,67301,1,,1,1,,N,N,N,0,,0,0,0,3,2,,2056,1,2,0,0,1,0,0,3,4,0,2,3,3.0,N,,,,,,,,,,,
2021120626,500.0,2,0,0,0,0,0,0,0,0,4,0,,67,12,2021,5,39.9746,-75.1992,500.0,6,0,0,0,0,0,0,0,0,,0,0,0,5,3,2,1,,1,39 58:28.698,3.0,2,75 11:56.790,3,0,0,0,67301,0,0,0,N,0,0,0,3,67301,0,,1,1,530.0,N,N,N,1,,2,0,0,3,2,N,500,2,3,0,0,0,0,0,3,4,0,3,3,3.0,N,,,,,,,,,,,
2021115741,104.0,0,0,0,0,0,0,0,0,0,1,0,,67,11,2021,1,40.0409,-75.1638,102.0,6,0,0,0,0,0,0,0,0,,0,0,0,0,3,0,0,N,0,40 02:27.300,,0,75 09:49.800,0,0,0,0,67301,0,0,0,N,0,0,0,1,67301,0,,6,1,,N,N,N,0,,0,0,2,0,0,,58,0,2,0,0,0,0,0,3,4,0,2,3,3.0,N,,,,,,,,,,,
2021119282,733.0,0,0,0,0,0,0,0,0,0,7,0,,67,12,2021,3,39.979,-75.1579,730.0,6,0,0,0,0,0,0,0,0,,0,0,0,7,1,1,0,N,1,39 58:44.579,2.0,0,75 09:28.299,3,0,0,0,67301,0,0,0,N,0,0,0,7,67505,0,,5,1,815.0,N,N,N,0,,1,0,2,0,0,N,728,1,2,0,0,0,0,0,3,4,0,2,3,3.0,N,,,,,,,,,,,
2021126439,718.0,0,0,0,0,0,0,0,0,0,7,0,,67,12,2021,2,40.0236,-75.1333,716.0,6,0,0,0,0,0,0,0,0,,0,0,0,7,1,1,0,N,2,40 01:24.940,1.0,0,75 07:59.199,3,0,0,0,67301,0,0,0,N,0,0,0,1,67301,0,,4,1,200.0,N,N,N,0,,1,0,1,0,0,Y,712,1,1,0,0,0,0,0,3,4,0,1,3,3.0,N,,,,,,,,,,,
2021124874,1151.0,0,0,0,0,0,0,0,0,0,4,0,,67,12,2021,1,39.9356,-75.2259,1149.0,6,0,0,0,0,0,1,0,0,,0,0,0,11,1,0,1,,2,39 56:08.274,5.0,0,75 13:33.131,9,0,0,0,67301,0,0,0,N,0,0,0,2,67301,0,,1,1,1400.0,N,N,N,0,,0,0,2,3,2,Y,1149,0,2,0,0,0,0,1,3,4,0,2,3,,N,,,,,,,,,,,
2021127238,1627.0,1,0,0,0,0,0,0,0,0,4,0,,67,12,2021,2,40.0482,-75.1834,1625.0,6,0,0,0,0,0,0,0,0,,0,0,0,16,4,1,1,,0,40 02:53.638,,0,75 11:00.210,3,0,0,0,67301,0,0,0,N,0,0,0,2,67301,0,,1,1,,N,N,N,0,,1,0,1,3,2,,1625,1,2,0,0,1,0,0,3,4,0,2,3,3.0,N,,,,,,,,,,,
2021125942,2145.0,0,0,0,0,0,0,0,0,0,4,0,,67,12,2021,4,39.9802,-75.1575,2145.0,6,0,0,0,0,0,0,0,0,,0,0,0,21,3,0,1,,0,39 58:48.805,,0,75 09:27.384,0,0,0,0,67301,0,0,0,N,0,0,0,3,67505,0,,1,1,,N,N,N,0,,0,0,0,3,2,,2144,0,2,0,0,0,0,0,3,4,2,2,3,3.0,N,,,,,,,,,,,
2021126306,2150.0,1,0,0,0,0,0,0,0,0,1,0,,67,12,2021,5,40.0909,-74.9765,2143.0,6,0,0,0,0,0,2,1,0,,0,0,0,21,3,1,0,N,0,40 05:27.390,,0,74 58:35.267,8,0,0,0,67301,0,0,0,N,0,0,0,3,67301,0,,1,1,,N,N,Y,1,,0,0,0,0,0,,2140,1,3,0,0,0,1,0,3,4,1,3,3,3.0,N,,,,,,,,,,,
2021126593,31.0,1,0,0,0,0,0,0,0,0,4,0,,67,12,2021,2,40.0314,-75.1524,30.0,6,0,0,0,0,0,0,0,0,,0,0,0,23,3,2,1,,0,40 01:53.011,,0,75 09:08.560,8,0,0,0,67301,0,0,0,N,0,0,0,3,67301,0,,1,1,,N,N,N,0,,0,0,1,3,2,,2355,2,2,0,0,0,2,0,3,4,0,2,3,3.0,N,,,,,,,,,,,
2021125937,1715.0,1,0,0,0,0,0,0,0,0,4,0,,67,12,2021,4,40.0808,-75.0286,1712.0,6,0,0,0,0,0,0,0,0,,0,0,0,17,3,0,1,,2,40 04:50.725,4.0,0,75 01:42.964,0,0,0,0,67301,0,0,0,N,0,0,0,2,67301,0,,1,1,1740.0,N,N,N,1,,0,0,0,3,2,Y,1711,0,2,0,0,0,0,0,3,4,0,2,3,,N,,,,,,,,,,,
2021128507,1400.0,0,0,0,0,0,0,0,0,0,8,0,,67,12,2021,1,39.9348,-75.1729,1400.0,6,0,0,0,0,0,0,0,0,,0,0,0,23,3,1,2,,0,39 56:05.414,,0,75 10:22.612,8,0,0,0,67301,1,0,0,N,1,0,0,2,67301,0,,1,1,,N,N,N,0,,0,0,1,0,0,,2345,1,2,0,0,0,1,0,3,4,0,1,3,,N,,,,,,,,,,,
2021125829,1041.0,1,0,0,0,0,0,0,0,0,1,0,,67,12,2021,4,40.1098,-75.0298,1035.0,6,0,0,0,0,0,0,1,0,,0,0,0,10,1,1,0,N,0,40 06:35.370,,0,75 01:47.330,4,0,0,0,67301,0,0,0,N,0,0,0,1,67301,1,,6,1,,N,N,N,1,,0,0,1,0,0,,1033,1,3,0,0,0,0,0,3,4,0,3,3,,N,,,,,,,,,,,
2021126302,1340.0,0,0,0,0,0,0,0,0,0,8,0,,67,12,2021,6,40.0418,-75.1921,1335.0,6,0,0,0,0,0,0,0,0,,0,0,0,13,1,1,1,,0,40 02:30.511,,0,75 11:31.546,3,0,0,0,67301,1,0,0,N,1,0,0,2,67301,0,,1,1,,N,N,N,0,,1,0,1,3,2,,1315,1,2,0,0,0,0,0,3,4,0,1,3,,N,,,,,,,,,,,
2021124763,16.0,1,0,0,0,0,0,0,0,0,4,0,,67,12,2021,1,40.0553,-75.0733,16.0,6,0,0,0,0,0,0,0,0,,0,0,0,0,3,0,1,,0,40 03:19.147,,0,75 04:24.059,0,0,0,0,67301,0,0,0,N,0,0,0,2,67301,0,,1,9,,N,N,N,0,,0,0,1,3,2,,10,0,2,0,0,0,0,0,3,4,0,2,7,7.0,N,,,,,,,,,,,
2021123528,757.0,1,0,0,0,0,0,0,0,0,4,0,,67,12,2021,5,40.0069,-75.0684,723.0,6,0,0,0,0,0,0,0,0,,0,0,0,7,1,4,2,,0,40 00:24.918,,2,75 04:06.198,2,0,0,0,67301,0,0,0,N,0,0,0,4,67301,0,,1,1,,N,N,N,0,,3,1,0,0,0,,709,4,2,0,1,1,0,0,3,4,1,2,3,3.0,N,,,,,,,,,,,
2021127154,415.0,1,0,0,0,0,0,0,0,0,7,0,,67,12,2021,7,39.9453,-75.1431,358.0,6,0,0,0,0,0,0,0,0,,0,0,0,1,3,0,2,,0,39 56:42.953,,0,75 08:35.195,0,0,0,0,67301,0,0,0,N,0,0,0,1,67301,0,,5,9,,N,N,N,0,,0,0,0,3,3,,156,0,1,0,0,1,0,0,3,4,0,1,7,7.0,N,,,,,,,,,,,
2021127656,2329.0,1,0,0,0,0,0,0,0,0,1,0,,67,12,2021,3,39.9751,-75.195,2329.0,6,0,0,0,0,0,0,1,0,,0,0,0,23,3,1,1,,1,39 58:30.316,3.0,0,75 11:41.875,3,0,0,0,67301,0,0,0,N,0,0,0,4,67301,0,,1,9,2345.0,N,N,N,0,,1,0,0,3,2,N,2319,1,2,0,0,0,0,0,3,4,1,2,3,3.0,N,,,,,,,,,,,
2021126572,1800.0,2,0,0,0,0,0,0,0,0,4,0,,67,12,2021,7,40.0618,-75.0561,1751.0,6,0,0,0,0,0,1,0,0,,0,0,0,17,3,0,1,,0,40 03:42.317,,0,75 03:21.839,0,0,0,0,67301,0,0,0,N,0,0,0,2,67301,0,,1,9,,N,N,N,0,,0,0,0,3,1,,1740,0,2,0,0,0,0,0,3,4,0,2,3,7.0,N,,,,,,,,,,,
2021126876,102.0,1,0,0,0,0,0,0,0,0,8,0,,67,12,2021,7,39.9981,-75.1752,100.0,6,0,0,0,0,0,0,0,0,,0,0,0,1,3,1,0,N,0,39 59:53.180,,0,75 10:30.870,8,0,0,0,67301,1,0,0,N,1,0,0,2,67301,0,,1,9,,N,N,N,0,,0,0,0,0,0,,100,1,2,0,0,0,1,1,3,4,0,1,3,4.0,N,,,,,,,,,,,
2021126247,445.0,0,0,0,0,0,0,1,0,0,5,1,,67,12,2021,2,40.0446,-75.1446,440.0,6,0,0,0,0,0,1,0,0,,0,0,0,4,3,1,1,,0,40 02:40.423,,0,75 08:40.657,8,0,0,0,67301,0,0,0,N,0,0,0,3,67508,0,,1,1,,N,N,Y,1,,0,0,0,3,2,,445,1,2,0,0,0,1,0,3,4,0,2,3,3.0,N,,,,,,,,,,,
2021124858,1323.0,1,0,0,0,0,0,0,0,0,4,0,,67,12,2021,2,40.0558,-75.1582,1318.0,6,0,0,0,0,0,0,0,0,,0,0,0,13,1,0,0,N,0,40 03:20.900,,7,75 09:29.400,0,0,0,0,67301,0,0,0,N,0,0,0,2,67301,0,,1,1,,N,N,N,0,,0,0,0,0,0,,1315,0,2,0,0,0,0,0,3,4,1,2,3,,N,,,,,,,,,,,