CRN,ARRIVAL_TM,AUTOMOBILE_COUNT,BELTED_DEATH_COUNT,BELTED_SUSP_SERIOUS_INJ_COUNT,BICYCLE_COUNT,BICYCLE_DEATH_COUNT,BICYCLE_SUSP_SERIOUS_INJ_COUNT,BUS_COUNT,CHLDPAS_DEATH_COUNT,CHLDPAS_SUSP_SERIOUS_INJ_COUNT,COLLISION_TYPE,COMM_VEH_COUNT,CONS_ZONE_SPD_LIM,COUNTY,CRASH_MONTH,CRASH_YEAR,DAY_OF_WEEK,DEC_LAT,DEC_LONG,DISPATCH_TM,DISTRICT,DRIVER_COUNT_16YR,DRIVER_COUNT_17YR,DRIVER_COUNT_18YR,DRIVER_COUNT_19YR,DRIVER_COUNT_20YR,DRIVER_COUNT_50_64YR,DRIVER_COUNT_65_74YR,DRIVER_COUNT_75PLUS,EST_HRS_CLOSED,FATAL_COUNT,HEAVY_TRUCK_COUNT,HORSE_BUGGY_COUNT,HOUR_OF_DAY,ILLUMINATION,INJURY_COUNT,INTERSECT_TYPE,INTERSECTION_RELATED,LANE_CLOSED,LATITUDE,LN_CLOSE_DIR,LOCATION_TYPE,LONGITUDE,MAX_SEVERITY_LEVEL,MCYCLE_DEATH_COUNT,MCYCLE_SUSP_SERIOUS_INJ_COUNT,MOTORCYCLE_COUNT,MUNICIPALITY,NONMOTR_COUNT,NONMOTR_DEATH_COUNT,NONMOTR_SUSP_SERIOUS_INJ_COUNT,NTFY_HIWY_MAINT,PED_COUNT,PED_DEATH_COUNT,PED_SUSP_SERIOUS_INJ_COUNT,PERSON_COUNT,POLICE_AGCY,POSSIBLE_INJ_COUNT,RDWY_SURF_TYPE_CD,RELATION_TO_ROAD,ROAD_CONDITION,ROADWAY_CLEARED,SCH_BUS_IND,SCH_ZONE_IND,SECONDARY_CRASH,SMALL_TRUCK_COUNT,SPEC_JURIS_CD,SUSP_MINOR_INJ_COUNT,SUSP_SERIOUS_INJ_COUNT,SUV_COUNT,TCD_FUNC_CD,TCD_TYPE,TFC_DETOUR_IND,TIME_OF_DAY,TOT_INJ_COUNT,TOTAL_UNITS,UNB_DEATH_COUNT,UNB_SUSP_SERIOUS_INJ_COUNT,UNBELTED_OCC_COUNT,UNK_INJ_DEG_COUNT,UNK_INJ_PER_COUNT,URBAN_AREA,URBAN_RURAL,VAN_COUNT,VEHICLE_COUNT,WEATHER1,WEATHER2,WORK_ZONE_IND,WORK_ZONE_LOC,WORK_ZONE_TYPE,WORKERS_PRES,WZ_CLOSE_DETOUR,WZ_FLAGGER,WZ_LAW_OFFCR_IND,WZ_LN_CLOSURE,WZ_MOVING,WZ_OTHER,WZ_SHLDER_MDN,WZ_WORKERS_INJ_KILLED
2021125742,305.0,0,0,0,0,0,0,0,0,0,5,0,,67,12,2021,7,39.9208,-75.1962,258.0,6,0,0,0,0,0,0,0,0,,0,0,0,2,3,2,0,N,0,39 55:14.920,,0,75 11:46.405,4,0,0,0,67301,0,0,0,N,0,0,0,2,67301,2,,1,9,,N,N,N,0,,0,0,2,0,0,,250,2,2,0,0,0,0,0,3,4,0,2,7,7.0,N,,,,,,,,,,,
2021124639,1705.0,2,0,0,0,0,0,0,0,0,1,0,,67,12,2021,7,40.0137,-75.1586,1702.0,6,0,0,0,0,0,0,0,0,,0,0,0,17,3,1,0,N,0,40 00:49.302,,0,75 09:30.783,3,0,0,0,67301,0,0,0,N,0,0,0,2,67301,0,,1,9,,N,N,N,0,,1,0,0,0,0,,1700,1,2,0,0,0,0,1,3,4,0,2,7,7.0,N,,,,,,,,,,,
2021124762,30.0,2,0,0,0,0,0,0,0,0,1,0,,67,12,2021,7,40.0502,-75.067,30.0,6,0,0,0,0,0,0,0,0,,0,0,0,23,3,0,0,N,0,40 03:00.811,,0,75 04:01.101,9,0,0,0,67301,0,0,0,N,0,0,0,5,67301,0,,1,9,,N,N,Y,0,,0,0,1,0,0,,2300,0,3,0,0,1,0,4,3,4,0,3,7,5.0,N,,,,,,,,,,,
2021124056,5.0,1,0,0,0,0,0,0,0,0,4,0,,67,12,2021,6,40.0566,-75.0466,2358.0,6,0,0,0,0,0,0,0,0,,0,0,0,23,3,2,1,,1,40 03:23.636,7.0,0,75 02:47.581,4,0,0,0,67301,0,0,0,N,0,0,0,4,67301,2,,1,1,100.0,N,N,N,0,,0,0,1,3,2,N,2355,2,2,0,0,0,0,0,3,4,0,2,3,3.0,N,,,,,,,,,,,
2021124644,2114.0,0,0,0,0,0,0,0,0,0,5,0,,67,12,2021,1,40.0065,-75.1616,2107.0,6,0,0,0,0,0,0,0,0,,0,0,0,21,3,1,0,N,0,40 00:23.490,,0,75 09:41.810,3,0,0,0,67301,0,0,0,N,0,0,0,1,67301,0,,6,1,,N,N,N,0,,1,0,3,0,0,,2105,1,4,0,0,0,0,0,3,4,1,4,3,,N,,,,,,,,,,,
2021126173,753.0,1,0,0,0,0,0,0,0,0,1,0,,67,12,2021,2,40.045,-75.0669,745.0,6,0,0,0,0,0,0,0,0,,0,0,0,7,1,1,0,N,1,40 02:41.980,3.0,0,75 04:00.960,3,0,0,0,67301,0,0,0,N,0,0,0,5,67301,0,,1,1,830.0,N,N,N,0,,1,0,1,0,0,N,745,1,2,0,0,0,0,1,3,4,0,2,3,,N,,,,,,,,,,,
2021128065,641.0,2,0,0,0,0,0,0,0,0,4,0,,67,12,2021,4,40.0268,-75.0461,634.0,6,0,0,0,0,0,0,0,0,,0,0,0,6,3,2,1,,0,40 01:36.336,,0,75 02:45.992,3,0,0,0,67301,0,0,0,N,0,0,0,4,67301,0,,1,9,,N,N,N,0,,2,0,0,3,3,,632,2,2,0,0,0,0,0,3,4,0,2,7,7.0,N,,,,,,,,,,,
2021125691,1030.0,1,0,0,0,0,0,0,0,0,4,0,,67,12,2021,4,39.9233,-75.1549,1020.0,6,0,0,0,0,0,1,0,0,,0,0,0,8,5,1,1,,0,39 55:23.815,,0,75 09:17.578,4,0,0,0,67301,0,0,0,N,0,0,0,2,67301,1,,1,9,,N,N,N,0,,0,0,1,3,3,,820,1,2,0,0,0,0,1,3,4,0,2,3,,N,,,,,,,,,,,
2021119708,2020.0,0,0,0,0,0,0,0,0,0,7,0,,67,12,2021,1,40.0233,-75.1111,2012.0,6,0,0,0,0,0,0,0,0,,0,0,0,20,3,1,0,N,2,40 01:23.850,1.0,3,75 06:39.792,3,0,0,0,67301,0,0,0,N,0,0,0,1,67301,0,,6,1,2056.0,N,N,N,1,,1,0,0,0,0,N,2011,1,1,0,0,0,0,0,3,4,0,1,3,3.0,N,,,,,,,,,,,
2021116448,2153.0,1,0,0,0,0,0,0,0,0,7,0,,67,11,2021,2,40.0262,-75.0948,2147.0,6,0,0,0,0,0,0,0,0,,0,0,0,21,3,0,0,N,0,40 01:34.377,,0,75 05:41.420,0,0,0,0,67301,0,0,0,N,0,0,0,1,67301,0,,3,1,,N,N,N,0,,0,0,0,0,0,,2144,0,1,0,0,0,0,0,3,4,0,1,3,3.0,N,,,,,,,,,,,
2021128189,204.0,1,0,0,0,0,0,0,0,0,7,0,,67,12,2021,1,39.9608,-75.1818,204.0,6,0,0,0,0,0,0,0,0,,0,0,0,2,3,0,0,N,1,39 57:39.034,4.0,0,75 10:54.465,0,0,0,0,67301,0,0,0,N,0,0,0,2,68K01,0,,3,1,208.0,N,N,N,0,,0,0,0,0,0,N,201,0,1,0,0,0,0,0,3,4,0,1,3,,N,,,,,,,,,,,
2021125664,1654.0,1,0,0,0,0,0,0,0,0,1,0,,67,12,2021,4,39.904,-75.2401,1654.0,6,0,0,0,0,0,1,0,0,,0,0,0,16,1,1,1,,0,39 54:14.563,,0,75 14:24.409,4,0,0,0,67301,0,0,0,N,0,0,0,2,67301,1,,1,1,,N,N,N,0,,0,0,1,3,2,,1630,1,2,0,0,0,0,0,3,4,0,2,3,3.0,N,,,,,,,,,,,
2021123468,1615.0,2,0,0,0,0,0,0,0,0,4,0,,67,12,2021,5,39.9942,-75.0942,1610.0,6,0,0,0,0,0,0,0,0,,0,0,0,16,1,1,0,N,0,39 59:39.222,,7,75 05:39.030,4,0,0,0,67301,0,0,0,N,0,0,0,3,67301,1,,1,1,,N,N,N,0,,0,0,0,0,0,,1605,1,2,0,0,0,0,0,3,4,0,2,3,3.0,N,,,,,,,,,,,
2021125698,30.0,2,0,0,0,0,0,0,0,0,5,0,,67,12,2021,5,40.0425,-75.1285,28.0,6,0,0,0,0,0,0,0,0,,0,0,0,0,3,1,0,N,0,40 02:32.970,,0,75 07:42.700,3,0,0,0,67301,0,0,0,N,0,0,0,4,67301,0,,1,1,,N,N,N,0,,1,0,0,0,0,,24,1,2,0,0,1,0,0,3,4,0,2,3,,N,,,,,,,,,,,
2021125370,100.0,3,0,0,0,0,0,0,0,0,2,0,,67,12,2021,4,39.9575,-75.2417,53.0,6,0,0,0,0,0,0,0,0,,0,0,0,0,3,0,0,N,0,39 57:26.900,,0,75 14:30.130,0,0,0,0,67301,0,0,0,N,0,0,0,1,67301,0,,6,9,,N,N,N,0,,0,0,0,0,0,,51,0,3,0,0,0,0,0,3,4,0,3,7,7.0,N,,,,,,,,,,,
2021125935,2054.0,1,0,0,0,0,0,0,0,0,8,0,,67,12,2021,3,40.1089,-75.0259,2054.0,6,0,0,0,0,0,0,0,0,,0,0,0,20,3,1,0,N,0,40 06:32.025,,0,75 01:33.352,8,0,0,0,67301,1,0,0,N,1,0,0,3,67301,0,,1,1,,N,N,N,0,,0,0,0,0,0,,2054,1,2,0,0,0,1,0,3,4,0,1,3,,N,,,,,,,,,,,
2021125553,1815.0,2,0,0,0,0,0,0,0,0,4,0,,67,12,2021,1,40.0039,-75.2207,1801.0,6,0,0,0,0,0,0,0,1,,0,0,0,22,3,0,1,,0,40 00:14.125,,0,75 13:14.515,0,0,0,0,67301,0,0,0,N,0,0,0,2,67301,0,,1,1,,N,N,N,0,,0,0,0,3,2,,2200,0,2,0,0,0,0,0,3,4,0,2,3,3.0,N,,,,,,,,,,,
2021128409,901.0,1,0,0,0,0,0,0,0,0,8,0,,67,12,2021,4,40.0227,-75.1335,900.0,6,0,0,0,0,0,0,0,0,,0,0,0,10,1,1,1,,0,40 01:21.738,,0,75 08:00.643,3,0,0,0,67301,1,0,0,N,1,0,0,2,67301,0,,1,1,,N,N,N,0,,1,0,0,0,0,,1000,1,2,0,0,1,0,0,3,4,0,1,3,3.0,N,,,,,,,,,,,
2021123907,1556.0,1,0,0,0,0,0,0,0,0,4,0,,67,12,2021,6,39.9639,-75.1847,1552.0,6,0,0,0,0,0,0,0,0,,0,0,0,15,1,3,2,,1,39 57:50.196,1.0,8,75 11:05.003,3,0,0,0,67301,2,0,0,N,2,0,0,4,68K01,0,,1,1,1630.0,N,N,N,0,,3,0,1,3,2,N,1544,3,4,0,0,1,0,0,3,4,0,2,3,,N,,,,,,,,,,,
2021117308,535.0,2,0,0,0,0,0,0,0,0,4,0,,67,11,2021,2,39.9705,-75.2342,530.0,6,0,0,0,0,0,1,0,0,,0,0,0,5,3,0,1,,0,39 58:13.825,,0,75 14:03.137,0,0,0,0,67301,0,0,0,N,0,0,0,3,67301,0,,1,1,,N,N,N,0,,0,0,1,3,2,,520,0,3,0,0,0,0,0,3,4,0,3,3,3.0,N,,,,,,,,,,,
2021118771,226.0,1,0,0,1,0,0,0,0,0,4,0,,67,12,2021,1,39.9441,-75.1535,223.0,6,0,0,0,0,0,1,0,0,,0,0,0,1,3,1,1,,0,39 56:38.805,,0,75 09:12.654,3,0,0,0,67301,1,0,0,N,0,0,0,2,67301,0,,1,1,,N,N,N,0,,1,0,0,3,2,,132,1,2,0,0,0,0,0,3,4,0,1,3,3.0,N,,,,,,,,,,,
2021126075,2250.0,0,0,0,0,0,0,0,0,0,5,0,,67,12,2021,5,39.9792,-75.1578,2245.0,6,0,0,0,0,0,0,0,0,,0,0,0,22,3,0,0,N,1,39 58:44.988,2.0,0,75 09:28.210,9,0,0,0,67301,0,0,0,N,0,0,0,1,67505,0,,6,1,1155.0,N,N,N,0,,0,0,2,0,0,Y,2240,0,2,0,0,0,0,1,3,4,0,2,3,3.0,N,,,,,,,,,,,
2021127861,1855.0,1,0,0,0,0,0,0,0,0,5,0,,67,12,2021,3,39.9187,-75.2469,1851.0,6,0,0,0,0,0,1,0,0,,0,0,0,17,1,1,1,,0,39 55:07.184,,0,75 14:48.818,8,0,0,0,67301,0,0,0,N,0,0,0,3,67301,0,,1,99,,N,N,N,0,,0,0,0,0,0,,1700,1,3,0,0,0,1,0,3,4,0,3,4,98.0,N,,,,,,,,,,,
2021125771,2226.0,1,0,0,0,0,0,0,0,0,4,0,,67,12,2021,3,39.9764,-75.1513,2226.0,6,0,0,0,1,0,0,0,0,,0,0,0,22,3,5,1,,2,39 58:34.993,7.0,0,75 09:04.712,2,0,0,0,67301,0,0,0,N,0,0,0,5,67301,0,,1,9,0.0,N,N,N,0,,3,2,1,3,2,Y,2226,5,2,0,0,0,0,0,3,4,0,2,6,7.0,N,,,,,,,,,,,
2021125188,1914.0,0,0,0,0,0,0,0,0,0,1,0,,67,12,2021,6,39.9683,-75.1297,1901.0,6,0,0,0,0,0,3,0,0,,0,0,0,18,3,1,0,N,2,39 58:06.022,2.0,0,75 07:46.921,4,0,0,0,67301,0,0,0,N,0,0,0,4,68K01,1,,1,1,1945.0,N,N,N,0,,0,0,2,0,0,N,1856,1,3,0,0,0,0,0,3,4,1,3,3,,N,,,,,,,,,,,
2021123868,1215.0,3,0,0,0,0,0,0,0,0,6,0,,67,12,2021,6,40.0957,-74.9697,1205.0,6,0,0,0,0,0,0,0,0,,0,0,0,12,1,4,0,N,0,40 05:44.555,,0,74 58:10.945,8,0,0,0,67301,0,0,0,N,0,0,0,4,67301,0,,1,1,,N,N,N,0,,0,0,0,0,0,,1200,4,3,0,0,0,4,0,3,4,0,3,3,3.0,N,,,,,,,,,,,
2021126741,611.0,1,0,0,0,0,0,0,0,0,5,0,,67,12,2021,1,40.0648,-75.1568,605.0,6,0,0,0,0,0,0,0,0,,0,0,0,6,3,0,0,N,2,40 03:53.200,5.0,0,75 09:24.330,0,0,0,0,67301,0,0,0,N,0,0,0,1,67301,0,,6,9,705.0,N,N,N,0,,0,0,0,0,0,Y,603,0,2,0,0,1,0,0,3,4,1,2,3,3.0,N,,,,,,,,,,,
2021128031,1020.0,0,0,0,0,0,0,0,0,0,4,0,,67,12,2021,1,39.9705,-75.151,1020.0,6,0,0,0,0,0,1,0,0,,0,0,0,14,1,0,1,,0,39 58:14.110,,1,75 09:03.197,9,0,0,0,67301,0,0,0,N,0,0,0,2,67301,0,,1,99,,N,N,N,0,,0,0,1,0,0,,1445,0,2,0,0,0,0,1,3,4,1,2,99,,N,,,,,,,,,,,
2021127667,1345.0,1,0,0,0,0,0,0,0,0,1,0,,67,12,2021,5,40.1122,-74.9908,1345.0,6,0,0,0,0,0,0,0,0,,0,0,0,13,1,0,1,,0,40 06:44.081,,0,74 59:26.976,0,0,0,0,67301,0,0,0,N,0,0,0,2,67301,0,,1,99,,N,N,N,0,,0,0,1,3,2,,1345,0,2,0,0,0,0,0,3,4,0,2,99,3.0,N,,,,,,,,,,,
2021127398,1130.0,0,0,0,0,0,0,0,0,0,4,0,,67,12,2021,2,40.1029,-74.9768,1125.0,6,0,0,0,0,0,0,0,0,,0,0,0,11,1,0,1,,1,40 06:10.403,2.0,0,74 58:36.371,9,0,0,0,67301,0,0,0,N,0,0,0,1,67301,0,,1,1,1208.0,N,N,N,0,,0,0,2,3,3,Y,1120,0,2,0,0,0,0,1,3,4,0,2,4,,N,,,,,,,,,,,
2021124256,1016.0,1,0,0,0,0,0,0,0,0,5,0,,67,12,2021,6,39.9678,-75.1317,1014.0,6,0,0,0,1,0,0,1,0,,0,0,0,10,1,0,0,N,1,39 58:03.916,2.0,0,75 07:53.991,0,0,0,0,67301,0,0,0,N,0,0,0,4,68K01,0,,1,1,1023.0,N,N,N,0,,0,0,1,0,0,N,1012,0,3,0,0,0,0,0,3,4,1,3,3,3.0,N,,,,,,,,,,,
2021126434,935.0,1,0,0,0,0,0,0,0,0,4,0,,67,12,2021,7,39.9867,-75.1562,933.0,6,0,0,0,0,0,1,0,0,,0,0,0,9,1,0,0,N,0,39 59:11.999,,0,75 09:22.316,0,0,0,0,67301,0,0,0,N,0,0,0,2,67505,0,,1,9,,N,N,N,0,,0,0,1,0,0,,925,0,2,0,0,0,0,0,3,4,0,2,7,7.0,N,,,,,,,,,,,
2021125274,2018.0,1,0,0,0,0,0,0,0,0,4,0,,67,12,2021,3,39.9791,-75.1204,2012.0,6,0,0,0,0,0,1,0,0,,0,0,0,20,4,1,1,,0,39 58:44.605,,0,75 07:13.468,4,0,0,0,67301,0,0,0,N,0,0,0,2,67301,1,,1,1,,N,N,Y,1,,0,0,2,3,3,,2009,1,4,0,0,0,0,0,3,4,0,4,3,,N,,,,,,,,,,,
2021125669,2120.0,2,0,0,0,0,0,0,0,0,4,0,,67,12,2021,4,39.9807,-75.1608,2115.0,6,0,0,0,0,0,0,0,0,,0,0,0,21,3,1,1,,0,39 58:50.359,,0,75 09:38.870,4,0,0,0,67301,0,0,0,N,0,0,0,2,67505,1,,1,1,,N,N,N,0,,0,0,0,3,2,,2115,1,2,0,0,0,0,0,3,4,0,2,3,3.0,N,,,,,,,,,,,
2021126083,2001.0,1,0,0,0,0,0,0,0,0,4,0,,67,12,2021,5,40.0076,-75.1273,2001.0,6,0,0,0,0,0,2,0,0,,0,0,0,19,3,3,1,,0,40 00:27.502,,0,75 07:38.377,3,0,0,0,67301,0,0,0,N,0,0,0,4,67301,1,,1,1,,N,N,N,0,,2,0,1,3,2,,1949,3,2,0,0,0,0,0,3,4,0,2,3,3.0,N,,,,,,,,,,,
2021119672,2140.0,2,0,0,0,0,0,0,0,0,1,0,,67,12,2021,2,39.9954,-75.2182,2123.0,6,0,0,0,0,0,0,0,0,,0,0,0,18,3,1,3,,0,39 59:43.180,,0,75 13:05.974,4,0,0,0,67301,0,0,0,N,0,0,0,2,67301,1,,1,1,,N,N,N,0,,0,0,0,3,2,,1819,1,2,0,0,0,0,0,3,4,0,2,3,3.0,N,,,,,,,,,,,
2021117793,1559.0,1,0,0,0,0,0,0,0,0,4,0,,67,12,2021,5,39.9587,-75.1503,1556.0,6,0,0,0,0,0,0,0,0,,0,0,0,15,1,0,1,,0,39 57:31.298,,0,75 09:01.234,0,0,0,0,67301,0,0,0,N,0,0,0,2,67301,0,,1,1,,N,N,N,0,,0,0,1,3,3,,1554,0,2,0,0,0,0,0,3,4,0,2,3,3.0,N,,,,,,,,,,,
2021116328,2335.0,1,0,0,0,0,0,0,0,0,4,0,,67,11,2021,1,39.9692,-75.2058,2330.0,6,0,0,0,0,0,0,0,0,,0,0,0,23,3,3,1,,0,39 58:09.267,,0,75 12:20.905,3,0,0,0,67301,0,0,0,N,0,0,0,3,67301,0,,1,1,,N,N,N,0,,3,0,3,3,3,,2325,3,4,0,0,0,0,0,3,4,0,4,3,,N,,,,,,,,,,,
2021120817,2320.0,0,0,0,0,0,0,0,0,0,1,0,,67,12,2021,2,40.0176,-75.1723,2320.0,6,0,0,0,0,0,0,0,0,,0,0,0,21,3,0,0,N,0,40 01:03.394,,1,75 10:20.747,0,0,0,0,67301,0,0,0,N,0,0,0,2,67301,0,,1,99,,N,N,Y,0,,0,0,0,0,0,,2150,0,2,0,0,0,0,0,3,4,1,2,3,3.0,N,,,,,,,,,,,
2021126696,1850.0,2,0,0,0,0,0,0,0,0,4,0,,67,12,2021,6,39.949,-75.2272,1844.0,6,0,0,1,0,0,0,1,0,,0,0,0,18,3,2,1,,0,39 56:56.228,,0,75 13:37.808,4,0,0,0,67301,0,0,0,N,0,0,0,4,67301,2,,1,1,,N,N,N,0,,0,0,0,3,2,,1839,2,2,0,0,0,0,0,3,4,0,2,3,3.0,N,,,,,,,,,,,
2021128084,328.0,1,0,0,0,0,0,0,0,0,5,0,,67,12,2021,7,40.0457,-75.1538,326.0,6,0,1,0,0,0,0,0,0,,0,0,0,3,3,1,0,N,0,40 02:44.606,,0,75 09:13.548,3,0,0,0,67301,0,0,0,N,0,0,0,2,67301,0,,6,9,,N,N,N,0,,1,0,1,0,0,,320,1,3,0,0,2,0,0,3,4,1,3,7,3.0,N,,,,,,,,,,,
2021124749,536.0,5,0,0,0,0,0,0,0,0,4,0,,67,12,2021,6,39.9767,-75.1291,534.0,6,0,0,0,0,0,0,0,0,,0,0,0,5,3,0,1,,2,39 58:36.263,2.0,0,75 07:44.734,0,0,0,0,67301,0,0,0,N,0,0,0,1,67301,0,,1,1,700.0,N,N,N,0,,0,0,3,3,3,Y,532,0,8,0,0,0,0,0,3,4,0,8,3,,N,,,,,,,,,,,
2021127148,650.0,0,0,0,0,0,0,0,0,0,7,0,,67,12,2021,1,40.0526,-75.0872,644.0,6,0,0,0,0,0,1,0,0,,0,0,0,6,3,0,0,N,0,40 03:09.300,,0,75 05:14.000,0,0,0,0,67301,0,0,0,N,0,0,0,1,67301,0,,4,9,,N,N,N,0,,0,0,1,0,0,,636,0,1,0,0,0,0,0,3,4,0,1,7,,N,,,,,,,,,,,
2021128064,217.0,0,0,0,0,0,0,0,0,0,8,0,,67,12,2021,4,40.0064,-75.0894,212.0,6,0,0,0,0,0,0,0,0,,0,0,0,2,3,1,1,,2,40 00:22.743,5.0,0,75 05:22.883,3,0,0,0,67301,1,0,0,N,1,0,0,2,67301,0,,1,1,305.0,N,N,N,0,,1,0,0,0,0,Y,208,1,2,0,0,0,0,0,3,4,0,1,3,,N,,,,,,,,,,,
2021126855,1150.0,1,0,0,0,0,0,0,0,0,1,0,,67,12,2021,1,40.0403,-75.0585,1145.0,6,0,0,0,0,0,1,0,0,,0,0,0,11,1,0,1,,0,40 02:25.164,,0,75 03:30.737,0,0,0,0,67301,0,0,0,N,0,0,0,2,67301,0,,1,1,,N,N,N,1,,0,0,0,3,2,,1122,0,2,0,0,0,0,0,3,4,0,2,3,4.0,N,,,,,,,,,,,
2021128236,2110.0,0,0,0,0,0,0,0,0,0,7,0,,67,12,2021,2,40.004,-75.195,2106.0,6,0,0,0,0,0,0,0,0,,0,0,0,21,3,0,0,N,1,40 00:14.301,3.0,8,75 11:42.024,0,0,0,0,67301,0,0,0,N,0,0,0,1,68K01,0,,2,9,2157.0,N,N,N,0,,0,0,1,0,0,N,2105,0,1,0,0,1,0,0,3,4,0,1,7,,N,,,,,,,,,,,
2021128269,859.0,1,0,0,0,0,0,0,0,0,7,0,,67,12,2021,4,,,855.0,6,0,0,0,0,0,0,0,0,,0,0,0,8,1,1,0,N,0,,,3,,8,0,0,0,67301,0,0,0,N,0,0,0,1,67501,0,,3,9,,N,N,N,0,,0,0,0,0,0,,855,1,1,0,0,0,1,0,3,3,0,1,3,,N,,,,,,,,,,,
2021117627,2345.0,2,0,0,0,0,0,0,0,0,4,0,,67,12,2021,4,39.9113,-75.2427,2338.0,6,0,0,0,0,0,0,0,0,,0,0,0,23,3,1,5,,0,39 54:40.810,,0,75 14:33.592,3,0,0,0,67301,0,0,0,N,0,0,0,3,67301,0,,1,9,,N,N,N,0,,1,0,0,3,2,,2335,1,2,0,0,0,0,1,3,4,0,2,7,7.0,N,,,,,,,,,,,
2021118796,50.0,0,0,0,0,0,0,0,0,0,4,0,,67,12,2021,6,39.9747,-75.1384,50.0,6,0,0,0,0,0,0,0,0,,0,0,0,23,3,0,1,,0,39 58:29.078,,0,75 08:18.344,0,0,0,0,67301,0,0,0,N,0,0,0,2,67301,0,,1,1,,N,N,N,0,,0,0,1,3,2,,2300,0,2,0,0,0,0,0,3,4,0,2,3,3.0,N,,,,,,,,,,,
2021117363,1950.0,1,0,0,0,0,0,0,0,0,4,0,,67,12,2021,4,40.066,-75.1546,1945.0,6,0,0,0,0,0,0,0,0,,0,0,0,19,3,0,1,,0,40 03:57.599,,0,75 09:16.718,9,0,0,0,67301,0,0,0,N,0,0,0,2,67301,0,,1,1,,N,N,N,1,,0,0,1,3,3,,1934,0,3,0,0,1,0,1,3,4,0,3,3,,N,,,,,,,,,,,
2021128394,1759.0,1,0,0,0,0,0,0,0,0,7,0,,67,12,2021,3,40.0682,-75.1942,1759.0,6,0,0,0,0,0,0,0,0,,0,0,0,17,3,1,0,N,2,40 04:05.540,6.0,0,75 11:39.280,8,0,0,0,67301,0,0,0,N,0,0,0,1,67301,0,,4,1,1825.0,N,N,N,0,,0,0,0,0,0,Y,1736,1,1,0,0,0,1,0,3,4,0,1,3,3.0,N,,,,,,,,,,,
2021126623,1510.0,0,0,0,0,0,0,0,0,0,5,0,,67,12,2021,7,40.0248,-75.096,1500.0,6,0,0,0,0,0,0,0,0,,0,0,0,14,1,1,0,N,0,40 01:29.340,,0,75 05:45.450,3,0,0,0,67301,0,0,0,N,0,0,0,2,67301,0,,1,9,,N,N,N,0,,1,0,1,0,0,,1455,1,2,0,0,0,0,0,3,4,1,2,3,3.0,N,,,,,,,,,,,
2021123967,1535.0,1,0,0,0,0,0,0,0,0,8,0,,67,12,2021,6,39.9702,-75.1597,1530.0,6,0,0,0,0,0,0,0,0,,0,0,0,15,1,1,1,,0,39 58:12.621,,0,75 09:34.763,3,0,0,0,67301,1,0,0,N,1,0,0,2,67301,0,,1,1,,N,N,N,0,,1,0,0,3,2,,1530,1,2,0,0,0,0,0,3,4,0,1,3,3.0,N,,,,,,,,,,,
2021126670,2030.0,3,0,0,0,0,0,0,0,0,5,0,,67,12,2021,2,39.955,-75.2099,2026.0,6,0,0,0,0,0,0,0,0,,0,0,0,20,3,1,0,N,0,39 57:18.111,,0,75 12:35.570,3,0,0,0,67301,0,0,0,N,0,0,0,2,67301,0,,1,1,,N,N,N,0,,1,0,0,0,0,,2021,1,4,0,0,0,0,0,3,4,1,4,3,,N,,,,,,,,,,,
2021123484,201.0,2,0,0,0,0,0,0,0,0,5,0,,67,12,2021,6,40.0673,-75.15,154.0,6,0,0,0,0,0,0,0,0,,0,0,0,1,3,1,0,N,0,40 04:02.340,,0,75 09:00.140,3,0,0,0,67301,0,0,0,N,0,0,0,1,67301,0,,6,1,,N,N,N,0,,1,0,0,0,0,,149,1,2,0,0,0,0,0,3,4,0,2,3,,N,,,,,,,,,,,
2021126854,2120.0,2,0,0,0,0,0,0,0,0,5,0,,67,12,2021,1,40.0425,-75.0251,2114.0,6,0,0,0,1,0,0,0,0,,0,0,0,21,3,0,0,N,1,40 02:33.024,1.0,0,75 01:30.329,9,0,0,0,67301,0,0,0,N,0,0,0,2,67301,0,,1,1,20.0,N,N,N,0,,0,0,3,0,0,Y,2114,0,5,0,0,0,0,1,3,4,0,5,3,3.0,N,,,,,,,,,,,
2021126377,1617.0,2,0,0,0,0,0,0,0,0,4,0,,67,12,2021,6,40.0016,-75.1286,1617.0,6,0,0,0,0,0,0,0,0,,0,0,0,16,1,0,1,,0,40 00:05.796,,0,75 07:42.898,0,0,0,0,67301,0,0,0,N,0,0,0,4,67301,0,,1,1,,N,N,N,0,,0,0,1,3,2,,1617,0,3,0,0,0,0,0,3,4,0,3,3,3.0,N,,,,,,,,,,,
2021124110,948.0,1,0,0,0,0,0,0,0,0,1,0,,67,12,2021,7,40.0235,-75.1394,948.0,6,0,0,0,0,0,1,0,0,,0,0,0,17,3,1,1,,0,40 01:24.455,,0,75 08:21.721,3,0,0,0,67301,0,0,0,N,0,0,0,2,67301,0,,1,99,,N,N,N,0,,1,0,1,3,2,,1730,1,2,0,0,0,0,0,3,4,0,2,99,,N,,,,,,,,,,,