CRN,ARRIVAL_TM,AUTOMOBILE_COUNT,BELTED_DEATH_COUNT,BELTED_SUSP_SERIOUS_INJ_COUNT,BICYCLE_COUNT,BICYCLE_DEATH_COUNT,BICYCLE_SUSP_SERIOUS_INJ_COUNT,BUS_COUNT,CHLDPAS_DEATH_COUNT,CHLDPAS_SUSP_SERIOUS_INJ_COUNT,COLLISION_TYPE,COMM_VEH_COUNT,CONS_ZONE_SPD_LIM,COUNTY,CRASH_MONTH,CRASH_YEAR,DAY_OF_WEEK,DEC_LAT,DEC_LONG,DISPATCH_TM,DISTRICT,DRIVER_COUNT_16YR,DRIVER_COUNT_17YR,DRIVER_COUNT_18YR,DRIVER_COUNT_19YR,DRIVER_COUNT_20YR,DRIVER_COUNT_50_64YR,DRIVER_COUNT_65_74YR,DRIVER_COUNT_75PLUS,EST_HRS_CLOSED,FATAL_COUNT,HEAVY_TRUCK_COUNT,HORSE_BUGGY_COUNT,HOUR_OF_DAY,ILLUMINATION,INJURY_COUNT,INTERSECT_TYPE,INTERSECTION_RELATED,LANE_CLOSED,LATITUDE,LN_CLOSE_DIR,LOCATION_TYPE,LONGITUDE,MAX_SEVERITY_LEVEL,MCYCLE_DEATH_COUNT,MCYCLE_SUSP_SERIOUS_INJ_COUNT,MOTORCYCLE_COUNT,MUNICIPALITY,NONMOTR_COUNT,NONMOTR_DEATH_COUNT,NONMOTR_SUSP_SERIOUS_INJ_COUNT,NTFY_HIWY_MAINT,PED_COUNT,PED_DEATH_COUNT,PED_SUSP_SERIOUS_INJ_COUNT,PERSON_COUNT,POLICE_AGCY,POSSIBLE_INJ_COUNT,RDWY_SURF_TYPE_CD,RELATION_TO_ROAD,ROAD_CONDITION,ROADWAY_CLEARED,SCH_BUS_IND,SCH_ZONE_IND,SECONDARY_CRASH,SMALL_TRUCK_COUNT,SPEC_JURIS_CD,SUSP_MINOR_INJ_COUNT,SUSP_SERIOUS_INJ_COUNT,SUV_COUNT,TCD_FUNC_CD,TCD_TYPE,TFC_DETOUR_IND,TIME_OF_DAY,TOT_INJ_COUNT,TOTAL_UNITS,UNB_DEATH_COUNT,UNB_SUSP_SERIOUS_INJ_COUNT,UNBELTED_OCC_COUNT,UNK_INJ_DEG_COUNT,UNK_INJ_PER_COUNT,URBAN_AREA,URBAN_RURAL,VAN_COUNT,VEHICLE_COUNT,WEATHER1,WEATHER2,WORK_ZONE_IND,WORK_ZONE_LOC,WORK_ZONE_TYPE,WORKERS_PRES,WZ_CLOSE_DETOUR,WZ_FLAGGER,WZ_LAW_OFFCR_IND,WZ_LN_CLOSURE,WZ_MOVING,WZ_OTHER,WZ_SHLDER_MDN,WZ_WORKERS_INJ_KILLED
2021120812,1949.0,2,0,0,0,0,0,0,0,0,5,0,,67,12,2021,1,40.0044,-75.177,1927.0,6,0,0,0,0,0,0,0,0,,0,0,0,18,3,0,0,N,0,40 00:15.879,,0,75 10:37.084,0,0,0,0,67301,0,0,0,N,0,0,0,1,67301,0,,6,1,,N,N,N,0,,0,0,0,0,0,,1855,0,2,0,0,0,0,0,3,4,0,2,3,3.0,N,,,,,,,,,,,
2021118537,17.0,1,0,0,0,0,0,0,0,0,4,0,,67,11,2021,2,39.9038,-75.1738,11.0,6,0,0,0,0,0,1,0,0,,0,0,0,21,3,0,0,N,0,39 54:13.685,,7,75 10:25.724,9,0,0,0,67301,0,0,0,N,0,0,0,2,67301,0,,1,1,,N,N,N,0,,0,0,1,3,2,,2130,0,2,0,0,0,0,1,3,4,0,2,3,,N,,,,,,,,,,,
2021120646,1335.0,1,0,0,0,0,0,0,0,0,4,0,,67,12,2021,7,40.0021,-75.1326,1335.0,6,0,0,0,1,0,0,0,0,,0,0,0,12,1,0,1,,0,40 00:07.592,,0,75 07:57.262,0,0,0,0,67301,0,0,0,N,0,0,0,2,67301,0,,1,1,,N,N,N,0,,0,0,2,3,2,,1228,0,3,0,0,1,0,0,3,4,0,3,3,3.0,N,,,,,,,,,,,
2021119390,33.0,1,0,0,0,0,0,0,0,0,7,0,,67,12,2021,5,39.9717,-75.1933,25.0,6,0,0,0,0,0,0,0,0,,0,0,0,0,3,0,7,,0,39 58:18.224,,2,75 11:35.996,0,0,0,0,67301,0,0,0,N,0,0,0,1,68K01,0,,7,9,,N,N,N,0,,0,0,0,0,0,,24,0,1,0,0,1,0,0,3,4,0,1,7,,N,,,,,,,,,,,
2021121686,1325.0,1,0,0,0,0,0,0,0,0,3,0,,67,11,2021,2,39.9443,-75.1918,1325.0,6,0,0,0,0,0,0,0,0,,0,0,0,13,1,0,0,N,1,39 56:39.322,3.0,0,75 11:30.614,0,0,0,0,67301,0,0,0,N,0,0,0,4,68K01,0,,1,1,1325.0,N,N,Y,2,,0,0,0,0,0,N,1318,0,3,0,0,0,0,0,3,4,0,3,3,,N,,,,,,,,,,,
2021118887,1900.0,0,0,0,1,0,0,0,0,0,4,0,,67,12,2021,6,39.9426,-75.149,1900.0,6,0,0,0,0,0,0,0,0,,0,0,0,16,3,1,1,,0,39 56:33.482,,0,75 08:56.248,8,0,0,0,67301,1,0,0,N,0,0,0,2,67301,0,,1,99,,N,N,N,0,,0,0,1,3,2,,1645,1,3,0,0,0,1,0,3,4,0,2,99,3.0,N,,,,,,,,,,,
2021120636,1425.0,2,0,0,0,0,0,0,0,0,4,0,,67,12,2021,2,40.0301,-75.0352,1420.0,6,0,0,1,0,0,0,0,0,,0,0,0,14,1,2,1,,0,40 01:48.464,,0,75 02:06.579,3,0,0,0,67301,0,0,0,N,0,0,0,2,67301,0,,1,1,,N,N,N,0,,2,0,0,3,2,,1414,2,2,0,0,0,0,0,3,4,0,2,3,3.0,N,,,,,,,,,,,
2021118136,1804.0,1,0,0,0,0,0,0,0,0,1,0,,67,11,2021,3,39.9972,-75.0819,1755.0,6,0,0,1,0,0,0,1,1,,0,0,0,17,3,1,0,N,1,39 59:49.958,1.0,0,75 04:54.796,8,0,0,0,67301,0,0,0,N,0,0,0,3,68K01,0,,1,1,1810.0,N,N,N,0,,0,0,2,0,0,N,1750,1,3,0,0,0,1,0,3,4,0,3,4,4.0,N,,,,,,,,,,,
2021119421,2004.0,0,0,0,1,0,0,0,0,0,4,0,,67,12,2021,1,39.9503,-75.1994,2000.0,6,0,0,0,0,0,0,0,0,,0,0,0,9,1,1,0,N,0,39 57:01.263,,0,75 11:57.785,3,0,0,0,67301,1,0,0,N,0,0,0,2,67301,0,,1,1,,N,N,N,0,,1,0,0,3,2,,940,1,2,0,0,0,0,1,3,4,1,1,3,,N,,,,,,,,,,,
2021117942,254.0,2,0,0,0,0,0,0,0,0,6,0,,67,12,2021,5,39.9831,-75.1188,252.0,6,0,0,0,0,0,0,0,0,,0,0,0,2,3,0,0,N,1,39 58:59.148,3.0,0,75 07:07.843,9,0,0,0,67301,0,0,0,N,0,0,0,1,67301,0,,3,9,400.0,N,N,N,0,,0,0,0,0,0,N,249,0,2,0,0,0,0,1,3,4,0,2,7,7.0,N,,,,,,,,,,,
2021120647,1020.0,1,0,0,0,0,0,0,0,0,5,0,,67,12,2021,1,40.0179,-75.1159,1016.0,6,0,0,0,0,0,0,0,0,,0,0,0,4,3,1,0,N,0,40 01:04.412,,0,75 06:57.078,8,0,0,0,67301,0,0,0,N,0,0,0,1,67301,0,,6,1,,N,N,N,0,,0,0,1,0,0,,435,1,3,0,0,0,1,0,3,4,1,3,3,,N,,,,,,,,,,,
2021118172,1740.0,2,0,0,0,0,0,0,0,0,4,0,,67,12,2021,4,40.0131,-75.1569,1730.0,6,0,0,0,0,0,0,0,0,,0,0,0,17,4,4,1,,0,40 00:47.289,,0,75 09:24.926,3,0,0,0,67301,0,0,0,N,0,0,0,7,67301,0,,1,1,,N,Y,N,1,,4,0,0,3,2,,1700,4,3,0,0,0,0,0,3,4,0,3,3,3.0,N,,,,,,,,,,,
2021124401,2112.0,1,0,0,0,0,0,0,0,0,4,0,,67,12,2021,2,39.963,-75.2365,2111.0,6,0,0,0,0,0,1,0,0,,0,0,0,19,3,0,1,,0,39 57:46.951,,0,75 14:11.457,0,0,0,0,67301,0,0,0,N,0,0,0,2,67301,0,,1,9,,N,N,N,0,,0,0,1,3,3,,1904,0,2,0,0,0,0,0,3,4,0,2,7,4.0,N,,,,,,,,,,,
2021117367,,1,0,0,0,0,0,0,0,0,5,0,,67,8,2021,4,39.884,-75.2414,,6,0,0,0,0,0,1,0,0,,0,0,0,16,1,1,0,N,0,39 53:02.470,,2,75 14:28.920,3,0,0,0,67301,0,0,0,N,0,0,0,2,00000,0,,1,1,,N,N,N,0,,1,0,1,0,0,,1645,1,2,0,0,0,0,0,3,4,0,2,3,,N,,,,,,,,,,,
2021092675,902.0,2,0,0,0,0,0,0,0,0,1,0,,67,9,2021,3,39.9532,-75.1617,902.0,6,0,0,0,0,0,0,0,0,,0,0,0,10,1,1,0,N,0,39 57:11.500,,0,75 09:42.200,3,0,0,0,67301,0,0,0,N,0,0,0,2,67301,0,,1,1,,N,N,N,0,,1,0,0,0,0,,1000,1,2,0,0,1,0,1,3,4,0,2,3,3.0,N,,,,,,,,,,,
2021086701,1040.0,0,0,0,1,0,0,0,0,0,5,0,25.0,67,9,2021,3,39.963,-75.1612,1031.0,6,0,0,0,0,0,1,0,0,,0,0,0,10,1,1,0,N,0,39 57:46.691,,0,75 09:40.352,4,0,0,0,67301,1,0,0,N,0,0,0,2,67301,1,,1,1,,N,N,N,0,,0,0,1,0,0,,1011,1,2,0,0,0,0,0,3,4,0,1,3,3.0,Y,8.0,1.0,N,,,N,,,,Y,N
2021089844,1618.0,0,0,0,0,0,0,0,0,0,4,0,,67,9,2021,6,39.9888,-75.187,1557.0,6,0,0,1,0,0,0,0,0,,0,0,0,14,1,1,1,,0,39 59:19.164,,0,75 11:13.413,2,0,0,0,67301,0,0,0,N,0,0,0,2,67301,0,,1,1,,N,N,N,0,,0,1,1,3,2,,1437,1,2,0,0,0,0,0,3,4,0,2,4,4.0,N,,,,,,,,,,,
2021085980,1945.0,2,0,0,0,0,0,0,0,0,1,0,,67,9,2021,1,39.9715,-75.2119,1930.0,6,0,0,0,0,0,1,0,0,,0,0,0,18,1,1,2,,0,39 58:17.414,,0,75 12:42.731,3,0,0,0,67301,0,0,0,N,0,0,0,2,67301,0,,1,1,,N,N,N,0,,1,0,0,3,2,,1800,1,2,0,0,0,0,0,3,4,0,2,3,3.0,N,,,,,,,,,,,
2021095243,2325.0,1,0,0,0,0,0,0,0,0,0,0,,67,9,2021,3,39.9582,-75.1644,2324.0,6,0,0,0,0,0,0,0,0,,0,0,0,23,3,1,0,N,0,39 57:29.523,,0,75 09:51.946,3,0,0,0,67301,0,0,0,N,0,0,0,2,68K01,0,,1,1,,N,N,N,0,,1,0,1,0,0,,2316,1,2,0,0,0,0,0,3,4,0,2,3,3.0,N,,,,,,,,,,,
2021088539,1925.0,0,0,0,0,0,0,0,0,0,7,0,,67,9,2021,7,39.9315,-75.2428,1917.0,6,0,0,0,0,0,0,0,0,,0,0,0,16,1,1,0,N,0,39 55:53.307,,0,75 14:34.035,4,0,0,0,67301,0,0,0,N,0,0,0,1,67301,1,,4,1,,N,N,N,0,,0,0,1,0,0,,1645,1,1,0,0,0,0,0,3,4,0,1,3,3.0,N,,,,,,,,,,,
2021101007,152.0,1,0,0,0,0,0,0,0,0,7,0,,67,9,2021,6,39.9942,-75.1545,142.0,6,0,0,0,0,1,0,0,0,,0,0,0,1,3,1,0,N,1,39 59:39.266,1.0,0,75 09:16.377,3,0,0,0,67301,0,0,0,N,0,0,0,1,67301,0,,4,1,315.0,N,N,N,0,,1,0,0,0,0,N,131,1,1,0,0,0,0,0,3,4,0,1,3,3.0,N,,,,,,,,,,,
2021088596,1725.0,1,0,0,0,0,0,0,0,0,4,0,,67,9,2021,6,40.04,-75.0276,1719.0,6,0,0,0,0,0,1,0,0,,0,0,0,17,1,1,1,,0,40 02:24.144,,0,75 01:39.268,4,0,0,0,67301,0,0,0,N,0,0,0,2,67301,1,,1,1,,N,N,N,0,,0,0,1,3,3,,1714,1,2,0,0,0,0,0,3,4,0,2,4,,N,,,,,,,,,,,
2021088733,1240.0,2,0,0,0,0,0,0,0,0,4,0,,67,9,2021,2,40.0257,-75.1725,1240.0,6,0,0,0,0,1,0,0,0,,0,0,0,15,1,0,1,,0,40 01:32.689,,0,75 10:21.050,0,0,0,0,67301,0,0,0,N,0,0,0,2,67301,0,,1,1,,N,N,N,0,,0,0,0,3,2,,1545,0,2,0,0,0,0,0,3,4,0,2,3,3.0,N,,,,,,,,,,,
2021087740,951.0,1,0,0,0,0,0,0,0,0,4,0,,67,9,2021,4,40.0122,-75.1505,951.0,6,0,1,0,0,0,0,0,0,,0,0,0,9,1,0,1,,0,40 00:44.064,,0,75 09:01.733,0,0,0,0,67301,0,0,0,N,0,0,0,2,67301,0,,1,1,,N,N,N,0,,0,0,1,3,2,,940,0,2,0,0,0,0,0,3,4,0,2,3,3.0,N,,,,,,,,,,,
2021118426,1730.0,2,0,0,0,0,0,0,0,0,4,0,,67,12,2021,6,40.0092,-75.0821,1726.0,6,0,0,1,0,0,0,0,0,,0,0,0,17,4,1,1,,0,40 00:33.098,,0,75 04:55.700,3,0,0,0,67301,0,0,0,N,0,0,0,3,67301,0,,1,1,,N,N,N,0,,1,0,0,3,3,,1708,1,2,0,0,0,0,0,3,4,0,2,3,3.0,N,,,,,,,,,,,
2021119674,1840.0,1,0,0,0,0,0,0,0,0,5,0,,67,12,2021,1,40.0616,-75.1415,1840.0,6,0,0,0,0,0,0,0,0,,0,0,0,22,6,0,0,N,0,40 03:41.900,,0,75 08:29.300,9,0,0,0,67301,0,0,0,N,0,0,0,1,67301,0,,6,99,,N,N,N,0,,0,0,0,0,0,,2230,0,2,0,0,0,0,1,3,4,0,2,99,,N,,,,,,,,,,,
2021118263,2227.0,2,0,0,0,0,0,0,0,0,4,0,,67,12,2021,6,39.9845,-75.16,2225.0,6,0,0,0,0,0,0,0,0,,0,0,0,22,3,0,1,,0,39 59:04.221,,0,75 09:35.845,0,0,0,0,67301,0,0,0,N,0,0,0,2,67505,0,,1,1,,N,N,N,0,,0,0,0,3,3,,2223,0,2,0,0,0,0,0,3,4,0,2,3,3.0,N,,,,,,,,,,,
2021118255,1730.0,1,0,0,0,0,0,0,0,0,4,0,,67,12,2021,5,39.9566,-75.2098,1730.0,6,0,0,0,0,0,1,0,0,,0,0,0,15,1,2,1,,0,39 57:23.634,,0,75 12:35.056,3,0,0,0,67301,0,0,0,N,0,0,0,3,67301,0,,1,1,,N,N,N,0,,2,0,1,3,2,,1530,2,2,0,0,2,0,1,3,4,0,2,3,3.0,N,,,,,,,,,,,
2021119321,750.0,1,0,0,0,0,0,0,0,0,4,0,,67,11,2021,2,40.0547,-75.1513,750.0,6,0,0,0,0,0,0,0,0,,0,0,0,17,1,1,1,,0,40 03:17.085,,0,75 09:04.662,8,0,0,0,67301,0,0,0,N,0,0,0,5,67301,0,,1,1,,N,N,N,0,,0,0,1,3,3,,1700,1,2,0,0,0,1,4,3,4,0,2,3,3.0,N,,,,,,,,,,,
2021123467,46.0,2,0,0,0,0,0,0,0,0,4,0,,67,12,2021,2,40.0115,-75.108,45.0,6,0,0,1,1,0,0,0,0,,0,0,0,23,3,0,1,,0,40 00:41.562,,0,75 06:28.950,9,0,0,0,67301,0,0,0,N,0,0,0,2,67301,0,,1,1,,N,N,N,0,,0,0,0,3,2,,2350,0,2,0,0,2,0,1,3,4,0,2,3,3.0,N,,,,,,,,,,,
2021116177,1741.0,1,0,0,0,0,0,0,0,0,1,0,,67,11,2021,1,40.0581,-75.0782,1738.0,6,0,0,1,0,0,1,0,0,,0,0,0,17,3,2,2,,1,40 03:29.225,4.0,0,75 04:41.355,4,0,0,0,67301,0,0,0,N,0,0,0,2,67301,2,,1,1,1948.0,N,N,N,0,,0,0,1,0,0,N,1735,2,2,0,0,0,0,0,3,4,0,2,3,3.0,N,,,,,,,,,,,
2021085876,1105.0,1,0,0,0,0,0,0,0,0,6,0,,67,9,2021,1,40.0135,-75.0688,1105.0,6,0,0,0,0,0,0,0,0,,0,0,0,3,3,0,0,N,0,40 00:48.739,,0,75 04:07.562,0,0,0,0,67301,0,0,0,N,0,0,0,1,67301,0,,6,1,,N,N,N,0,,0,0,0,0,0,,300,0,3,0,0,0,0,0,3,4,2,3,3,3.0,N,,,,,,,,,,,
2021087476,115.0,0,0,0,0,0,0,0,0,0,5,0,,67,9,2021,4,40.05,-75.0424,110.0,6,0,0,0,0,0,0,0,0,,0,0,0,0,3,0,0,N,0,40 02:59.860,,0,75 02:32.630,0,0,0,0,67301,0,0,0,N,0,0,0,1,67301,0,,6,1,,N,N,N,0,,0,0,2,0,0,,26,0,2,0,0,0,0,0,3,4,0,2,3,3.0,N,,,,,,,,,,,
2021092881,2322.0,1,0,0,0,0,0,0,0,0,1,0,,67,9,2021,6,39.9654,-75.186,2319.0,6,0,0,0,0,0,0,0,0,,0,0,0,23,3,0,0,N,0,39 57:55.455,,0,75 11:09.693,0,0,0,0,67301,0,0,0,N,0,0,0,5,68K01,0,,1,1,,N,N,N,0,,0,0,1,0,0,,2309,0,2,0,0,0,0,0,3,4,0,2,3,,N,,,,,,,,,,,
2021085316,115.0,1,0,0,0,0,0,0,0,0,7,0,,67,9,2021,6,39.9711,-75.1587,110.0,6,0,0,0,0,0,0,0,0,,0,0,0,0,3,0,0,N,0,39 58:15.900,,0,75 09:31.200,0,0,0,0,67301,0,0,0,N,0,0,0,1,67301,0,,4,1,,N,N,Y,0,,0,0,0,0,0,,52,0,1,0,0,0,0,0,3,4,0,1,3,3.0,N,,,,,,,,,,,
2021085983,1224.0,2,0,0,0,0,0,0,0,0,4,0,,67,9,2021,7,39.9602,-75.1372,1222.0,6,0,0,0,0,0,0,0,0,,0,0,0,0,3,2,2,,2,39 57:36.624,2.0,0,75 08:13.909,4,0,0,0,67301,0,0,0,N,0,0,0,4,67301,2,,1,1,1250.0,N,N,N,0,,0,0,0,3,2,Y,20,2,2,0,0,1,0,1,3,4,0,2,3,3.0,N,,,,,,,,,,,
2021085930,509.0,0,0,0,0,0,0,0,0,0,1,0,,67,9,2021,1,39.9491,-75.1849,505.0,6,0,0,0,0,0,0,0,0,,0,0,0,4,3,2,0,N,2,39 56:56.923,3.0,0,75 11:05.615,8,0,0,0,67301,0,0,0,N,0,0,0,4,68K01,0,,1,1,515.0,N,N,N,0,,0,0,2,0,0,N,452,2,2,0,0,2,2,0,3,4,0,2,3,3.0,N,,,,,,,,,,,
2021085870,2020.0,2,0,0,0,0,0,0,0,0,1,0,,67,9,2021,7,39.9555,-75.1481,2020.0,6,0,0,0,0,0,0,0,0,,0,0,0,20,3,0,0,N,0,39 57:19.680,,2,75 08:53.089,0,0,0,0,67301,0,0,0,N,0,0,0,2,67501,0,,1,1,,N,N,Y,0,,0,0,0,0,0,,2020,0,2,0,0,0,0,0,3,4,0,2,3,,N,,,,,,,,,,,
2021087989,727.0,1,0,0,0,0,0,0,0,0,7,0,,67,9,2021,6,39.9124,-75.1739,727.0,6,0,0,0,0,0,0,0,0,,0,0,0,7,1,0,7,,2,39 54:44.700,2.0,8,75 10:26.000,0,0,0,0,67301,0,0,0,N,0,0,0,4,67501,0,,7,9,750.0,N,N,N,0,,0,0,0,0,0,Y,727,0,1,0,0,0,0,0,3,4,0,1,4,,N,,,,,,,,,,,
2021117920,2350.0,3,0,0,0,0,0,0,0,0,4,0,,67,12,2021,5,40.0374,-75.1818,2346.0,6,0,0,0,0,0,0,0,0,,0,0,0,23,3,2,1,,2,40 02:14.686,5.0,0,75 10:54.569,3,0,0,0,67301,0,0,0,N,0,0,0,2,67301,0,,1,1,100.0,N,N,N,0,,2,0,0,3,2,Y,2334,2,3,0,0,2,0,0,3,4,0,3,3,3.0,N,,,,,,,,,,,
2021126787,1108.0,1,0,0,0,0,0,0,0,0,8,0,,67,12,2021,1,40.0228,-75.0775,1107.0,6,0,0,0,0,0,1,0,0,,0,0,0,11,1,1,2,,0,40 01:22.284,,0,75 04:38.996,4,0,0,0,67301,1,0,0,N,1,0,0,2,67301,1,,1,1,,N,N,N,0,,0,0,0,0,0,,1107,1,2,0,0,0,0,0,3,4,0,1,3,,N,,,,,,,,,,,
2021115804,900.0,1,0,0,0,0,0,0,0,0,4,0,,67,11,2021,1,39.9748,-75.2608,858.0,6,0,0,0,0,1,0,0,0,,0,0,0,8,1,0,2,,0,39 58:29.264,,0,75 15:38.864,0,0,0,0,67301,0,0,0,N,0,0,0,2,67301,0,,1,1,,N,N,N,0,,0,0,1,3,3,,843,0,2,0,0,0,0,0,3,4,0,2,3,3.0,N,,,,,,,,,,,
2021118248,1845.0,1,0,0,0,0,0,0,0,0,4,0,,67,12,2021,5,40.006,-75.0915,1823.0,6,0,0,0,0,0,0,0,0,,0,0,0,18,3,1,0,N,0,40 00:21.690,,7,75 05:29.453,3,0,0,0,67301,0,0,0,N,0,0,0,2,67301,0,,1,1,,N,N,N,0,,1,0,1,0,0,,1823,1,2,0,0,1,0,1,3,4,0,2,3,3.0,N,,,,,,,,,,,
2021118702,1735.0,0,0,0,0,0,0,0,0,0,8,0,,67,12,2021,5,39.9565,-75.2215,1727.0,6,0,0,0,0,0,0,0,0,,0,0,0,17,3,1,1,,0,39 57:23.323,,0,75 13:17.703,3,0,0,0,67301,1,0,0,N,1,0,0,2,67301,0,,1,1,,N,N,N,1,,1,0,0,3,2,,1710,1,2,0,0,0,0,0,3,4,0,1,3,,N,,,,,,,,,,,
2021118958,2020.0,3,0,0,0,0,0,0,0,0,4,0,,67,12,2021,1,40.0409,-75.1873,2020.0,6,0,0,0,0,0,0,1,0,,0,0,0,19,3,1,1,,1,40 02:27.297,3.0,0,75 11:14.370,3,0,0,0,67301,0,0,0,N,0,0,0,2,67301,0,,1,1,2100.0,N,N,Y,0,,1,0,1,3,2,N,1950,1,4,0,0,0,0,0,3,4,0,4,3,,N,,,,,,,,,,,
2021119671,816.0,1,0,0,0,0,0,0,0,0,4,0,,67,12,2021,2,39.9447,-75.2172,725.0,6,0,0,0,0,0,0,0,0,,0,0,0,6,3,1,2,,0,39 56:40.948,,0,75 13:01.840,3,0,0,1,67301,0,0,0,N,0,0,0,2,67301,0,,1,9,,N,N,N,0,,1,0,0,3,3,,645,1,2,0,0,0,0,0,3,4,0,2,7,7.0,N,,,,,,,,,,,
2021116571,1005.0,0,0,0,0,0,0,0,0,0,4,0,,67,11,2021,2,39.9137,-75.1477,1000.0,6,0,0,0,0,0,1,0,0,,0,0,0,9,1,1,2,,0,39 54:49.359,,0,75 08:51.599,3,0,0,0,67301,0,0,0,N,0,0,0,2,67301,0,,1,1,,N,N,N,0,,1,0,2,0,0,,943,1,2,0,0,0,0,0,3,4,0,2,3,,N,,,,,,,,,,,
2021118960,1645.0,1,0,0,0,0,0,0,0,0,4,0,,67,12,2021,2,40.0259,-75.1338,1645.0,6,0,0,0,0,0,0,1,0,,0,0,0,15,1,0,1,,0,40 01:33.279,,0,75 08:01.827,9,0,0,0,67301,0,0,0,N,0,0,0,2,67301,0,,1,99,,N,N,N,0,,0,0,1,3,3,,1530,0,2,0,0,2,0,2,3,4,0,2,99,,N,,,,,,,,,,,
2021117629,37.0,2,0,0,0,0,0,0,0,0,6,0,,67,12,2021,5,39.9398,-75.2386,31.0,6,0,0,0,0,0,0,1,0,,0,0,0,0,3,0,0,N,0,39 56:23.230,,0,75 14:18.900,0,0,0,0,67301,0,0,0,N,0,0,0,2,67301,0,,1,9,,N,N,N,0,,0,0,0,0,0,,20,0,2,0,0,0,0,0,3,4,0,2,7,7.0,N,,,,,,,,,,,
2021119307,655.0,1,0,0,0,0,0,0,0,0,4,0,,67,11,2021,2,40.0373,-75.1251,655.0,6,0,0,0,0,0,1,0,0,,0,0,0,20,3,1,1,,0,40 02:14.391,,0,75 07:30.237,8,0,0,0,67301,0,0,0,N,0,0,0,2,67301,0,,1,1,,N,N,N,1,,0,0,0,3,3,,2000,1,2,0,0,0,1,1,3,4,0,2,3,3.0,N,,,,,,,,,,,
2021120197,850.0,2,0,0,0,0,0,0,0,0,1,0,,67,12,2021,2,39.9049,-75.1955,840.0,6,0,0,0,0,0,1,0,0,,0,0,0,8,1,1,0,N,0,39 54:17.673,,0,75 11:43.894,4,0,0,0,67301,0,0,0,N,0,0,0,3,67301,1,,1,1,,N,N,N,0,,0,0,1,0,0,,810,1,3,0,0,0,0,0,3,4,0,3,4,4.0,N,,,,,,,,,,,
2021089921,2155.0,0,0,0,0,0,0,0,0,0,1,0,,67,9,2021,7,40.0524,-75.1577,2155.0,6,0,0,0,0,0,0,0,0,,0,0,0,17,1,1,5,,0,40 03:08.503,,0,75 09:27.892,3,0,0,0,67301,0,0,0,N,0,0,0,2,67301,0,,1,1,,N,N,N,0,,1,0,2,3,2,,1730,1,2,0,0,0,0,0,3,4,0,2,3,3.0,N,,,,,,,,,,,
2021088536,1820.0,1,0,0,0,0,0,0,0,0,8,0,,67,9,2021,5,39.9299,-75.2411,1816.0,6,0,0,0,0,0,0,0,0,,0,0,0,18,1,1,0,N,2,39 55:47.700,3.0,0,75 14:28.090,3,0,0,0,67301,1,0,0,N,1,0,0,2,67301,0,,1,1,2003.0,N,N,N,0,,1,0,0,0,0,N,1804,1,2,0,0,0,0,0,3,4,0,1,3,3.0,N,,,,,,,,,,,
2021085944,1750.0,2,0,0,0,0,0,0,0,0,4,0,,67,9,2021,1,39.974,-75.1622,1745.0,6,0,0,0,0,0,0,0,0,,0,0,0,17,1,1,1,,0,39 58:26.450,,0,75 09:44.053,3,0,0,0,67301,0,0,0,N,0,0,0,4,67301,0,,1,1,,N,N,N,0,,1,0,0,3,3,,1730,1,2,0,0,0,0,1,3,4,0,2,3,3.0,N,,,,,,,,,,,
2021085968,2301.0,0,0,0,0,0,0,0,0,0,4,0,,67,9,2021,1,40.0045,-75.1504,2257.0,6,0,0,0,0,0,0,0,0,,0,0,0,22,3,1,0,N,1,40 00:16.200,4.0,7,75 09:01.600,2,0,1,1,67301,0,0,0,N,0,0,0,2,67505,0,,1,1,200.0,N,N,N,0,,0,1,0,0,0,N,2257,1,2,0,0,0,0,0,3,4,1,2,3,,N,,,,,,,,,,,
2021086785,1425.0,1,0,0,0,0,0,0,0,0,4,0,,67,9,2021,2,39.9752,-75.1882,1417.0,6,0,0,0,0,0,0,1,0,,0,0,0,14,1,2,1,,0,39 58:30.584,,0,75 11:17.385,3,0,0,0,67301,0,0,0,N,0,0,0,3,67301,0,,1,1,,N,N,N,1,,2,0,0,3,2,,1416,2,2,0,0,0,0,0,3,4,0,2,3,3.0,N,,,,,,,,,,,
2021117377,,1,0,0,0,0,0,0,0,0,4,0,,67,8,2021,1,39.9826,-75.1881,,6,0,0,0,0,0,0,0,0,,0,0,0,7,1,2,0,N,0,39 58:57.300,,7,75 11:17.100,8,0,0,0,67301,0,0,0,N,0,0,0,2,00000,0,,1,1,,N,N,N,0,,0,0,1,0,0,,730,2,2,0,0,0,2,0,3,4,0,2,3,,N,,,,,,,,,,,
2021087905,1326.0,1,0,0,0,0,0,0,0,0,7,0,,67,9,2021,6,39.9862,-75.2098,1324.0,6,0,0,0,0,0,0,0,0,,0,0,0,13,1,1,0,N,2,39 59:10.450,5.0,0,75 12:35.370,3,0,0,0,67301,0,0,0,N,0,0,0,1,67301,0,,4,1,1530.0,N,N,N,0,,1,0,0,0,0,Y,1321,1,1,0,0,0,0,0,3,4,0,1,4,,N,,,,,,,,,,,