CRN,ARRIVAL_TM,AUTOMOBILE_COUNT,BELTED_DEATH_COUNT,BELTED_SUSP_SERIOUS_INJ_COUNT,BICYCLE_COUNT,BICYCLE_DEATH_COUNT,BICYCLE_SUSP_SERIOUS_INJ_COUNT,BUS_COUNT,CHLDPAS_DEATH_COUNT,CHLDPAS_SUSP_SERIOUS_INJ_COUNT,COLLISION_TYPE,COMM_VEH_COUNT,CONS_ZONE_SPD_LIM,COUNTY,CRASH_MONTH,CRASH_YEAR,DAY_OF_WEEK,DEC_LAT,DEC_LONG,DISPATCH_TM,DISTRICT,DRIVER_COUNT_16YR,DRIVER_COUNT_17YR,DRIVER_COUNT_18YR,DRIVER_COUNT_19YR,DRIVER_COUNT_20YR,DRIVER_COUNT_50_64YR,DRIVER_COUNT_65_74YR,DRIVER_COUNT_75PLUS,EST_HRS_CLOSED,FATAL_COUNT,HEAVY_TRUCK_COUNT,HORSE_BUGGY_COUNT,HOUR_OF_DAY,ILLUMINATION,INJURY_COUNT,INTERSECT_TYPE,INTERSECTION_RELATED,LANE_CLOSED,LATITUDE,LN_CLOSE_DIR,LOCATION_TYPE,LONGITUDE,MAX_SEVERITY_LEVEL,MCYCLE_DEATH_COUNT,MCYCLE_SUSP_SERIOUS_INJ_COUNT,MOTORCYCLE_COUNT,MUNICIPALITY,NONMOTR_COUNT,NONMOTR_DEATH_COUNT,NONMOTR_SUSP_SERIOUS_INJ_COUNT,NTFY_HIWY_MAINT,PED_COUNT,PED_DEATH_COUNT,PED_SUSP_SERIOUS_INJ_COUNT,PERSON_COUNT,POLICE_AGCY,POSSIBLE_INJ_COUNT,RDWY_SURF_TYPE_CD,RELATION_TO_ROAD,ROAD_CONDITION,ROADWAY_CLEARED,SCH_BUS_IND,SCH_ZONE_IND,SECONDARY_CRASH,SMALL_TRUCK_COUNT,SPEC_JURIS_CD,SUSP_MINOR_INJ_COUNT,SUSP_SERIOUS_INJ_COUNT,SUV_COUNT,TCD_FUNC_CD,TCD_TYPE,TFC_DETOUR_IND,TIME_OF_DAY,TOT_INJ_COUNT,TOTAL_UNITS,UNB_DEATH_COUNT,UNB_SUSP_SERIOUS_INJ_COUNT,UNBELTED_OCC_COUNT,UNK_INJ_DEG_COUNT,UNK_INJ_PER_COUNT,URBAN_AREA,URBAN_RURAL,VAN_COUNT,VEHICLE_COUNT,WEATHER1,WEATHER2,WORK_ZONE_IND,WORK_ZONE_LOC,WORK_ZONE_TYPE,WORKERS_PRES,WZ_CLOSE_DETOUR,WZ_FLAGGER,WZ_LAW_OFFCR_IND,WZ_LN_CLOSURE,WZ_MOVING,WZ_OTHER,WZ_SHLDER_MDN,WZ_WORKERS_INJ_KILLED
2021085494,1018.0,0,0,0,0,0,0,0,0,0,1,0,,67,9,2021,5,40.0266,-75.068,1018.0,6,0,0,0,0,0,0,1,0,,0,0,0,10,1,0,3,,0,40 01:35.682,,0,75 04:04.802,0,0,0,0,67301,0,0,0,N,0,0,0,2,67301,0,,1,9,,N,N,N,0,,0,0,1,3,2,,1002,0,2,0,0,0,0,0,3,4,1,2,7,4.0,N,,,,,,,,,,,
2021086677,232.0,2,0,0,0,0,0,0,0,0,5,0,,67,9,2021,2,39.9777,-75.129,224.0,6,0,0,0,0,0,0,0,0,,0,0,0,2,3,0,0,N,0,39 58:39.860,,0,75 07:44.320,0,0,0,0,67301,0,0,0,N,0,0,0,1,67301,0,,6,1,,N,N,N,0,,0,0,1,0,0,,210,0,3,0,0,0,0,0,3,4,0,3,3,3.0,N,,,,,,,,,,,
2021089594,1256.0,1,0,0,0,0,0,0,0,0,4,0,,67,9,2021,4,40.0345,-75.0481,1242.0,6,0,0,0,0,0,0,0,0,,0,0,0,12,1,0,1,,0,40 02:04.146,,0,75 02:53.325,0,0,0,0,67301,0,0,0,N,0,0,0,3,67301,0,,1,1,,N,N,N,0,,0,0,1,3,3,,1230,0,2,0,0,0,0,0,3,4,0,2,3,3.0,N,,,,,,,,,,,
2021087437,1610.0,1,0,0,0,0,0,0,0,0,4,0,,67,9,2021,4,39.9397,-75.2255,1610.0,6,1,0,0,0,0,0,0,0,,0,0,0,15,1,2,1,,0,39 56:23.027,,0,75 13:31.850,3,0,0,0,67301,0,0,0,N,0,0,0,4,67301,0,,1,1,,N,N,N,0,,2,0,1,3,2,,1550,2,2,0,0,0,0,0,3,4,0,2,3,3.0,N,,,,,,,,,,,
2021087513,2010.0,2,0,0,0,0,0,0,0,0,5,0,,67,9,2021,1,39.9416,-75.1494,2000.0,6,0,0,0,0,0,0,0,0,,0,0,0,18,2,3,0,N,0,39 56:29.920,,0,75 08:57.690,3,0,0,0,67301,0,0,0,N,0,0,0,4,67301,0,,1,1,,N,N,N,0,,3,0,0,0,0,,1859,3,2,0,0,0,0,0,3,4,0,2,3,3.0,N,,,,,,,,,,,
2021085514,144.0,1,0,0,0,0,0,0,0,0,8,0,,67,9,2021,5,39.928,-75.2193,140.0,6,0,0,0,0,0,0,0,0,,0,0,0,1,3,1,1,,0,39 55:41.296,,0,75 13:09.742,8,0,0,0,67301,1,0,0,N,1,0,0,2,67301,0,,1,9,,N,N,N,0,,0,0,0,3,2,,139,1,2,0,0,0,1,0,3,4,0,1,7,7.0,N,,,,,,,,,,,
2021085689,1750.0,1,0,0,0,0,0,0,0,0,4,0,,67,9,2021,6,40.0523,-75.008,1745.0,6,0,1,0,0,0,0,0,0,,0,0,0,17,3,2,1,,1,40 03:08.339,2.0,0,75 00:28.750,3,0,0,0,67301,0,0,0,N,0,0,0,3,67301,0,,1,1,2200.0,N,N,N,0,,2,0,1,3,2,N,1730,2,2,0,0,0,0,0,3,4,0,2,3,3.0,N,,,,,,,,,,,
2021091439,1555.0,1,0,0,0,0,0,0,0,0,1,0,,67,9,2021,5,40.0075,-75.2005,1547.0,6,0,0,0,0,0,0,0,0,,0,0,0,15,1,0,0,N,0,40 00:27.131,,0,75 12:01.642,0,0,0,0,67301,0,0,0,N,0,0,0,2,68K01,0,,1,1,,N,N,N,0,,0,0,1,0,0,,1544,0,2,0,0,0,0,0,3,4,0,2,3,3.0,N,,,,,,,,,,,
2021093417,1736.0,1,0,0,0,0,0,0,0,0,5,0,,67,9,2021,1,40.0357,-75.0168,1730.0,6,0,0,0,0,0,0,0,0,,0,0,0,17,1,1,0,N,1,40 02:08.374,1.0,0,75 01:00.476,4,0,0,0,67301,0,0,0,N,0,0,0,6,68K01,1,,1,1,1800.0,N,N,N,0,,0,0,0,0,0,N,1729,1,2,0,0,0,0,0,3,4,1,2,3,,N,,,,,,,,,,,
2021085461,2101.0,1,0,0,0,0,0,0,0,0,5,0,,67,9,2021,5,39.9275,-75.2298,2056.0,6,0,0,0,0,0,0,0,0,,0,0,0,19,3,1,0,N,0,39 55:39.060,,0,75 13:47.360,3,0,0,0,67301,1,0,0,N,1,0,0,2,67301,0,,6,1,,N,N,N,0,,1,0,1,0,0,,1945,1,3,0,0,0,0,1,3,4,0,2,3,3.0,N,,,,,,,,,,,
2021116799,2200.0,1,0,0,0,0,0,0,0,0,4,0,,67,11,2021,2,39.9093,-75.173,2200.0,6,0,0,1,0,0,0,0,0,,0,0,0,21,3,0,2,,0,39 54:33.377,,0,75 10:22.671,0,0,0,0,67301,0,0,0,N,0,0,0,3,67301,0,,1,1,,N,N,N,0,,0,0,1,3,2,,2130,0,2,0,0,0,0,0,3,4,0,2,3,3.0,N,,,,,,,,,,,
2021118721,2231.0,2,0,0,0,0,0,0,0,0,1,0,,67,12,2021,7,39.9545,-75.1439,2227.0,6,0,0,0,0,0,0,0,0,,0,0,0,22,3,0,0,N,2,39 57:16.300,3.0,3,75 08:37.900,0,0,0,0,67301,0,0,0,N,0,0,0,4,67501,0,,1,1,2324.0,N,N,N,0,,0,0,0,0,0,N,2227,0,2,0,0,0,0,0,3,4,0,2,3,3.0,N,,,,,,,,,,,
2021105731,,1,0,1,0,0,0,0,0,0,1,0,,67,9,2021,1,39.9189,-75.1402,,6,0,0,0,0,0,0,0,0,,0,0,0,1,3,5,0,N,0,39 55:08.134,,7,75 08:24.776,2,0,0,0,67301,0,0,0,N,0,0,0,6,00000,0,,1,1,,N,N,N,0,,0,1,1,3,2,,130,5,2,0,0,0,4,0,3,4,0,2,3,,N,,,,,,,,,,,
2021087750,1531.0,2,0,0,0,0,0,0,0,0,5,0,,67,9,2021,7,39.9819,-75.239,1530.0,6,0,0,0,0,0,0,0,0,,0,0,0,1,6,1,1,,0,39 58:55.028,,0,75 14:20.537,4,0,0,0,67301,0,0,0,N,0,0,0,2,67301,1,,1,1,,N,N,N,0,,0,0,0,3,2,,100,1,2,0,0,0,0,0,3,4,0,2,3,3.0,N,,,,,,,,,,,
2021087752,1440.0,1,0,0,0,0,0,0,0,0,4,0,,67,9,2021,5,39.9738,-75.2582,1434.0,6,0,0,0,0,0,0,0,0,,0,0,0,14,1,1,1,,0,39 58:25.593,,0,75 15:29.649,3,0,0,0,67301,0,0,0,N,0,0,0,2,67301,0,,1,1,,N,N,N,0,,1,0,1,3,2,,1433,1,2,0,0,0,0,0,3,4,0,2,3,3.0,N,,,,,,,,,,,
2021089595,1410.0,0,0,0,0,0,0,0,0,0,4,0,,67,9,2021,7,40.0189,-75.0495,1400.0,6,0,0,0,0,0,0,0,0,,0,0,0,13,1,2,1,,0,40 01:08.120,,0,75 02:58.216,4,0,0,0,67301,0,0,0,N,0,0,0,3,67301,1,,1,1,,N,N,N,1,,0,0,1,3,3,,1350,2,2,0,0,0,1,0,3,4,0,2,3,3.0,N,,,,,,,,,,,
2021087443,1640.0,1,0,0,0,0,0,0,0,0,4,0,,67,9,2021,5,39.9762,-75.161,1633.0,6,0,0,0,0,0,0,0,0,,0,0,0,15,1,1,1,,0,39 58:34.232,,0,75 09:39.464,3,0,0,0,67301,0,0,0,N,0,0,0,3,67301,0,,1,1,,N,N,N,0,,1,0,1,3,3,,1558,1,2,0,0,0,0,0,3,4,0,2,4,,N,,,,,,,,,,,
2021086631,2121.0,1,0,0,0,0,0,0,0,0,5,0,,67,9,2021,2,39.9913,-75.1385,2118.0,6,0,0,0,0,0,0,0,0,,0,0,0,21,3,0,0,N,0,39 59:28.650,,0,75 08:18.450,0,0,0,0,67301,0,0,0,N,0,0,0,1,67301,0,,6,1,,N,N,N,0,,0,0,2,0,0,,2109,0,3,0,0,0,0,0,3,4,0,3,3,3.0,N,,,,,,,,,,,
2021086337,1203.0,1,0,0,1,0,0,0,0,0,2,0,,67,9,2021,2,39.9893,-75.1547,1158.0,6,0,0,0,0,0,0,1,0,,0,0,0,11,1,1,0,N,2,39 59:21.340,4.0,0,75 09:16.910,3,0,0,0,67301,1,0,0,N,0,0,0,2,67301,0,,1,1,1330.0,N,N,N,0,,1,0,0,0,0,Y,1153,1,2,0,0,0,0,0,3,4,0,1,3,3.0,N,,,,,,,,,,,
2021083828,940.0,2,0,0,0,0,0,0,0,0,4,0,,67,9,2021,2,39.9442,-75.142,930.0,6,0,0,0,0,0,0,0,1,,0,0,0,9,1,1,2,,0,39 56:39.099,,0,75 08:31.902,3,0,0,0,67301,0,0,0,N,0,0,0,4,67301,0,,1,1,,N,N,N,0,,1,0,0,3,2,,920,1,2,0,0,0,0,0,3,4,0,2,3,3.0,N,,,,,,,,,,,
2021101006,312.0,2,0,0,0,0,0,0,0,0,4,0,,67,9,2021,7,40.0108,-75.1266,306.0,6,0,0,0,0,0,0,0,0,,0,0,0,3,3,0,1,,0,40 00:38.955,,0,75 07:35.936,0,0,0,0,67301,0,0,0,N,0,0,0,2,67301,0,,1,1,,N,N,N,0,,0,0,0,3,2,,306,0,2,0,0,0,0,0,3,4,0,2,3,3.0,N,,,,,,,,,,,
2021086272,1000.0,2,0,0,0,0,0,0,0,0,4,0,,67,9,2021,5,40.0311,-75.1565,1000.0,6,0,0,0,1,0,0,0,1,,0,0,0,13,1,1,2,,0,40 01:52.021,,0,75 09:23.561,4,0,0,0,67301,0,0,0,N,0,0,0,3,67301,1,,1,9,,N,N,N,0,,0,0,0,3,3,,1300,1,2,0,0,3,0,2,3,4,0,2,99,,N,,,,,,,,,,,
2021085491,922.0,0,0,0,0,0,0,0,0,0,4,0,,67,9,2021,4,40.0379,-75.0524,919.0,6,0,0,0,0,0,0,0,0,,0,0,0,8,1,1,1,,0,40 02:16.306,,0,75 03:08.636,3,0,0,0,67301,0,0,0,N,0,0,0,3,67301,0,,1,1,,N,N,N,0,,1,0,1,3,3,,845,1,2,0,0,0,0,0,3,4,1,2,3,3.0,N,,,,,,,,,,,
2021083775,1245.0,0,0,0,0,0,0,0,0,0,8,0,,67,9,2021,1,39.9908,-75.1425,1238.0,6,0,0,0,0,0,0,0,1,,0,0,0,16,1,1,1,,0,39 59:26.779,,0,75 08:33.054,3,0,0,0,67301,1,0,0,N,1,0,0,2,67301,0,,1,9,,N,N,N,0,,1,0,1,3,3,,1615,1,2,0,0,0,0,0,3,4,0,1,7,7.0,N,,,,,,,,,,,
2021084727,1429.0,2,0,0,0,0,0,0,0,0,4,0,,67,9,2021,2,39.9492,-75.2353,1427.0,6,0,0,0,0,0,0,0,0,,0,0,0,13,1,0,1,,0,39 56:57.098,,0,75 14:07.234,0,0,0,0,67301,0,0,0,N,0,0,0,2,67301,0,,1,1,,N,N,N,0,,0,0,0,3,3,,1332,0,2,0,0,2,0,0,3,4,0,2,3,3.0,N,,,,,,,,,,,
2021083803,1120.0,1,0,0,0,0,0,0,0,0,4,0,,67,9,2021,1,40.0254,-75.0364,1115.0,6,0,0,0,0,0,1,0,0,,0,0,0,10,1,0,2,,0,40 01:31.321,,0,75 02:11.225,0,0,0,0,67301,0,0,0,N,0,0,0,2,67301,0,,1,1,,N,N,N,0,,0,0,1,3,3,,1050,0,2,0,0,0,0,0,3,4,0,2,3,3.0,N,,,,,,,,,,,
2021128211,1804.0,1,0,0,0,0,0,0,0,0,5,0,,67,12,2021,5,39.9463,-75.1424,1801.0,6,0,0,0,0,0,1,0,0,,0,0,0,18,3,0,0,N,2,39 56:46.751,2.0,0,75 08:32.787,0,0,0,0,67301,0,0,0,N,0,0,0,7,68K01,0,,1,1,1910.0,N,N,N,0,,0,0,1,0,0,N,1800,0,2,0,0,1,0,0,3,4,0,2,3,3.0,N,,,,,,,,,,,
2021083196,148.0,2,0,0,0,0,0,0,0,0,4,0,,67,9,2021,7,40.0474,-75.1766,142.0,6,0,0,0,0,0,0,0,0,,0,0,0,1,3,0,2,,0,40 02:50.567,,0,75 10:35.838,0,0,0,0,67301,0,0,0,N,0,0,0,1,67301,0,,1,1,,N,N,N,0,,0,0,1,0,0,,137,0,3,0,0,0,0,0,3,4,0,3,3,,N,,,,,,,,,,,
2021083916,245.0,2,0,0,0,0,0,0,0,0,2,0,,67,9,2021,1,40.0303,-75.1318,232.0,6,0,0,0,0,0,0,0,0,,0,0,0,22,3,0,1,,0,40 01:49.195,,0,75 07:54.642,0,0,0,0,67301,0,0,0,N,0,0,0,1,67301,0,,1,9,,N,N,N,0,,0,0,1,3,2,,2209,0,3,0,0,0,0,0,3,4,0,3,7,,N,,,,,,,,,,,
2021086017,2107.0,1,0,0,0,0,0,0,0,0,4,0,,67,9,2021,2,40.0115,-75.108,2105.0,6,0,0,0,0,0,0,0,0,,0,0,0,21,3,1,1,,0,40 00:41.562,,0,75 06:28.950,2,0,1,1,67301,0,0,0,N,0,0,0,4,67301,0,,1,1,,N,N,N,0,,0,1,0,3,2,,2100,1,2,0,0,0,0,0,3,4,0,2,3,,N,,,,,,,,,,,
2021087450,600.0,1,0,0,0,0,0,0,0,0,2,0,,67,9,2021,2,39.9968,-75.1034,430.0,6,0,0,0,0,0,0,0,0,,0,0,0,4,6,1,1,,0,39 59:48.460,,0,75 06:12.128,4,0,0,0,67301,0,0,0,N,0,0,0,3,67301,1,,1,9,,N,N,N,0,,0,0,1,3,2,,418,1,2,0,0,0,0,0,3,4,0,2,7,4.0,N,,,,,,,,,,,
2021085168,846.0,2,0,0,0,0,0,0,0,0,1,0,,67,9,2021,4,39.9656,-75.2262,843.0,6,0,0,0,0,0,0,1,0,,0,0,0,8,1,2,1,,0,39 57:55.987,,0,75 13:34.237,3,0,0,0,67301,0,0,0,N,0,0,0,3,67301,0,,1,1,,N,N,N,0,,2,0,1,3,2,,827,2,3,0,0,0,0,1,3,4,0,3,3,3.0,N,,,,,,,,,,,
2021084728,1810.0,1,0,0,0,0,0,0,0,0,7,0,,67,9,2021,2,39.9688,-75.2506,1800.0,6,0,0,0,0,0,0,1,0,,0,0,0,17,1,0,0,N,0,39 58:07.800,,0,75 15:02.160,0,0,0,0,67301,0,0,0,N,0,0,0,1,67301,0,,4,1,,N,N,N,0,,0,0,0,0,0,,1757,0,1,0,0,0,0,0,3,4,0,1,3,,N,,,,,,,,,,,
2021083466,955.0,1,0,0,0,0,0,0,0,0,4,0,,67,9,2021,7,40.053,-75.0643,949.0,6,0,0,0,0,0,0,0,0,,0,0,0,9,1,3,1,,0,40 03:10.832,,0,75 03:51.487,3,0,0,0,67301,0,0,0,N,0,0,0,3,67301,0,,1,1,,N,N,N,0,,3,0,1,3,2,,948,3,2,0,0,1,0,0,3,4,0,2,3,3.0,N,,,,,,,,,,,
2021084090,2126.0,1,0,0,0,0,0,0,0,0,4,0,,67,9,2021,2,39.978,-75.1698,2126.0,6,0,0,0,0,0,0,0,0,,0,0,0,21,3,0,1,,0,39 58:40.569,,0,75 10:11.174,0,0,0,0,67301,0,0,0,N,0,0,0,2,67301,0,,1,1,,N,N,N,0,,0,0,1,3,3,,2124,0,2,0,0,0,0,0,3,4,0,2,3,,N,,,,,,,,,,,
2021084157,1925.0,2,0,0,0,0,0,0,0,0,4,0,,67,9,2021,2,40.0303,-75.1702,1922.0,6,0,0,0,0,0,0,0,0,,0,0,0,19,1,2,1,,0,40 01:48.925,,0,75 10:12.799,3,0,0,0,67301,0,0,0,N,0,0,0,3,67301,0,,1,1,,N,N,N,0,,2,0,0,3,3,,1921,2,2,0,0,0,0,1,3,4,0,2,3,3.0,N,,,,,,,,,,,
2021097443,2307.0,1,0,0,0,0,0,0,0,0,5,0,,67,9,2021,1,40.0514,-74.9894,2248.0,6,0,0,0,0,0,1,0,0,,0,0,0,22,3,0,0,N,1,40 03:05.144,1.0,0,74 59:21.980,0,0,0,0,67301,0,0,0,N,0,0,0,4,68K01,0,,1,1,2347.0,N,N,N,0,,0,0,1,0,0,N,2245,0,2,0,0,0,0,0,3,4,0,2,3,,N,,,,,,,,,,,
2021085736,1725.0,0,0,0,0,0,0,0,0,0,8,0,,67,9,2021,3,40.0126,-75.1609,1715.0,6,0,0,0,0,0,0,0,0,,0,0,0,17,4,1,1,,0,40 00:45.536,,0,75 09:39.438,3,0,0,0,67301,1,0,0,N,1,0,0,2,67301,0,,1,1,,N,N,N,0,,1,0,1,3,2,,1700,1,2,0,0,1,0,0,3,4,0,1,3,3.0,N,,,,,,,,,,,
2021083175,1650.0,0,0,0,0,0,0,0,0,0,4,0,,67,9,2021,6,40.0878,-75.0447,1640.0,6,0,0,0,0,0,1,1,0,,0,0,0,16,1,3,0,Y,1,40 05:15.900,1.0,7,75 02:40.800,3,0,0,0,67301,0,0,0,N,0,0,0,3,67301,0,,1,1,1745.0,N,N,N,0,,3,0,2,3,2,N,1635,3,2,0,0,0,0,0,3,4,0,2,3,3.0,N,,,,,,,,,,,
2021128196,817.0,0,0,0,0,0,0,0,0,0,7,0,,67,12,2021,2,40.0058,-75.0749,726.0,6,0,0,0,0,0,0,0,0,,0,0,0,7,1,0,0,N,2,40 00:20.824,1.0,0,75 04:29.599,0,0,0,0,67301,0,0,0,N,0,0,0,1,68K01,0,,2,1,838.0,N,N,N,0,,0,0,1,0,0,N,725,0,1,0,0,0,0,0,3,4,0,1,3,,N,,,,,,,,,,,
2021083760,1842.0,1,0,0,0,0,0,0,0,0,4,0,,67,9,2021,1,40.0735,-75.1582,1837.0,6,0,0,0,0,0,0,0,0,,0,0,0,18,1,0,0,N,1,40 04:24.740,2.0,0,75 09:29.560,0,0,0,0,67301,0,0,0,N,0,0,0,3,67301,0,,1,9,100.0,N,N,N,0,,0,0,1,0,0,Y,1831,0,2,0,0,3,0,0,3,4,0,2,7,4.0,N,,,,,,,,,,,
2021084830,1326.0,1,0,0,0,0,0,0,0,0,4,0,,67,9,2021,4,39.8975,-75.2525,1326.0,6,0,0,0,0,0,0,0,0,,0,0,0,13,1,1,1,,0,39 53:51.445,,0,75 15:08.556,3,0,0,0,67301,0,0,0,N,0,0,0,2,67301,0,,1,1,,N,N,N,0,,1,0,1,3,1,,1304,1,2,0,0,0,0,0,3,4,0,2,3,3.0,N,,,,,,,,,,,
2021083323,1032.0,1,0,0,1,0,0,0,0,0,5,0,,67,9,2021,7,39.9579,-75.1623,1030.0,6,0,0,0,0,0,0,0,0,,0,0,0,10,1,1,1,,0,39 57:29.007,,3,75 09:44.230,3,0,0,0,67301,1,0,0,N,0,0,0,2,67301,0,,1,1,,N,N,N,0,,1,0,0,3,2,,1020,1,2,0,0,1,0,0,3,4,0,1,3,4.0,N,,,,,,,,,,,
2021083454,2216.0,0,0,0,0,0,0,0,0,0,4,0,,67,9,2021,7,39.9806,-75.198,2211.0,6,0,0,0,1,0,0,1,0,,0,0,0,21,3,0,2,,0,39 58:49.935,,0,75 11:52.955,0,0,0,0,67301,0,0,0,N,0,0,0,2,67301,0,,1,1,,N,N,N,0,,0,0,2,3,2,,2145,0,2,0,0,0,0,0,3,4,0,2,3,3.0,N,,,,,,,,,,,
2021090251,1526.0,1,0,0,0,0,0,0,0,0,1,0,55.0,67,9,2021,3,39.9671,-75.133,1454.0,6,0,1,0,0,0,1,0,0,,0,0,0,14,1,1,0,N,0,39 58:01.586,,0,75 07:58.966,3,0,0,0,67301,0,0,0,N,0,0,0,3,68K01,0,,1,1,,N,N,N,0,,1,0,1,0,0,,1451,1,2,0,0,0,0,0,3,4,0,2,3,3.0,Y,4.0,1.0,N,,,N,,,,Y,N
2021083681,1555.0,2,0,0,0,0,0,0,0,0,4,0,,67,9,2021,1,39.982,-75.1837,1548.0,6,0,0,0,0,0,0,0,0,,0,0,0,15,1,0,5,,0,39 58:55.221,,0,75 11:01.327,0,0,0,0,67301,0,0,0,N,0,0,0,2,67301,0,,1,9,,N,N,N,0,,0,0,0,3,2,,1545,0,2,0,0,0,0,0,3,4,0,2,7,7.0,N,,,,,,,,,,,
2021083377,1307.0,1,0,0,0,0,0,0,0,0,5,0,,67,9,2021,7,40.0598,-75.1596,1307.0,6,0,0,0,0,1,0,0,0,,0,0,0,13,1,1,0,N,0,40 03:35.450,,0,75 09:34.540,3,0,0,0,67301,0,0,0,N,0,0,0,4,67301,0,,1,1,,N,N,N,0,,1,0,1,0,0,,1300,1,2,0,0,0,0,0,3,4,0,2,3,,N,,,,,,,,,,,
2021101019,1215.0,2,0,0,0,0,0,0,0,0,4,0,,67,9,2021,7,40.0123,-75.1386,1215.0,6,0,0,0,0,0,0,0,0,,0,0,0,23,3,0,1,,0,40 00:44.384,,0,75 08:19.139,0,0,0,0,67301,0,0,0,N,0,0,0,2,67301,0,,1,1,,N,N,N,0,,0,0,0,3,3,,2315,0,2,0,0,0,0,0,3,4,0,2,3,3.0,N,,,,,,,,,,,
2021127978,1734.0,0,0,0,0,0,0,0,0,0,1,0,,67,12,2021,1,39.9574,-75.1581,1731.0,6,0,0,0,0,0,0,0,0,,0,0,0,17,3,0,0,N,1,39 57:26.552,4.0,0,75 09:29.235,0,0,0,0,67301,0,0,0,N,0,0,0,4,68K01,0,,1,1,1846.0,N,N,N,0,,0,0,2,0,0,N,1731,0,2,0,0,0,0,0,3,4,0,2,3,,N,,,,,,,,,,,
2021101020,1205.0,1,0,0,0,0,0,0,0,0,4,0,,67,9,2021,7,40.0157,-75.1401,1200.0,6,0,0,0,0,0,0,0,0,,0,0,0,22,3,0,1,,0,40 00:56.437,,0,75 08:24.334,0,0,0,0,67301,0,0,0,N,0,0,0,2,67301,0,,1,1,,N,N,N,0,,0,0,2,3,2,,2245,0,4,0,0,0,0,0,3,4,0,4,3,3.0,N,,,,,,,,,,,
2021102533,1857.0,1,0,0,0,0,0,0,0,0,2,0,,67,9,2021,2,40.0174,-75.1408,1856.0,6,0,0,0,0,0,1,0,0,,0,0,0,18,1,1,2,,0,40 01:02.679,,0,75 08:26.732,4,0,0,0,67301,0,0,0,N,0,0,0,2,67301,1,,1,1,,N,N,N,0,,0,0,0,0,0,,1855,1,2,0,0,0,0,0,3,4,1,2,3,3.0,N,,,,,,,,,,,
2021084721,631.0,2,0,0,0,0,0,0,0,0,4,0,,67,9,2021,7,40.0635,-75.1698,631.0,6,0,0,0,0,0,0,0,0,,0,0,0,6,1,0,1,,0,40 03:48.682,,0,75 10:11.404,0,0,0,0,67301,0,0,0,N,0,0,0,2,67301,0,,1,1,,N,N,N,0,,0,0,0,3,2,,630,0,2,0,0,0,0,0,3,4,0,2,3,3.0,N,,,,,,,,,,,
2021085208,1318.0,1,0,0,0,0,0,0,0,0,1,0,,67,9,2021,2,40.0471,-75.098,1301.0,6,0,0,0,0,0,0,0,0,,0,0,0,12,1,1,1,,0,40 02:49.639,,0,75 05:52.794,4,0,0,0,67301,0,0,0,N,0,0,0,5,67301,1,,1,1,,N,N,N,0,,0,0,1,3,2,,1243,1,3,0,0,0,0,1,3,4,1,3,3,3.0,N,,,,,,,,,,,
2021085493,1400.0,2,0,0,0,0,0,0,0,0,3,0,,67,9,2021,4,40.0364,-75.0403,1350.0,6,0,0,0,0,0,0,0,0,,0,0,0,12,1,0,0,N,0,40 02:11.003,,7,75 02:25.201,0,0,0,0,67301,0,0,0,N,0,0,0,2,67301,0,,1,1,,N,N,N,0,,0,0,0,0,0,,1230,0,2,0,0,0,0,0,3,4,0,2,3,3.0,N,,,,,,,,,,,
2021084814,2030.0,2,0,0,0,0,0,0,0,0,4,0,,67,9,2021,2,39.9346,-75.2273,2030.0,6,0,0,0,0,0,1,0,0,,0,0,0,20,3,0,1,,1,39 56:04.800,2.0,0,75 13:38.065,0,0,0,0,67301,0,0,0,N,0,0,0,2,67301,0,,1,1,2230.0,N,N,N,0,,0,0,0,3,2,Y,2027,0,2,0,0,0,0,0,3,4,0,2,3,,N,,,,,,,,,,,
2021127195,430.0,2,0,0,0,0,0,0,0,0,5,1,,67,12,2021,1,39.988,-75.2256,429.0,6,0,0,0,0,0,0,0,0,,0,1,0,23,3,0,0,N,0,39 59:16.800,,0,75 13:32.140,9,0,0,0,67301,0,0,0,N,0,0,0,1,67301,0,,6,1,,N,N,N,0,,0,0,0,0,0,,2350,0,3,0,0,0,0,1,3,4,0,3,3,3.0,N,,,,,,,,,,,
2021114673,601.0,0,0,0,0,0,0,0,0,0,8,0,,67,9,2021,1,40.0079,-75.1723,600.0,6,0,0,0,0,0,0,0,0,,0,0,0,14,1,1,1,,0,40 00:28.592,,0,75 10:20.286,3,0,0,0,67301,1,0,0,N,1,0,0,2,67301,0,,1,1,,N,N,N,0,,1,0,1,3,2,,1400,1,2,0,0,0,0,0,3,4,0,1,3,3.0,N,,,,,,,,,,,
2021083739,1630.0,1,0,0,0,0,0,0,0,0,4,0,,67,9,2021,1,40.0651,-75.1549,1627.0,6,0,0,0,0,0,1,0,0,,0,0,0,15,1,0,2,,0,40 03:54.262,,0,75 09:17.625,0,0,0,0,67301,0,0,0,N,0,0,0,1,67301,0,,1,9,,N,N,N,0,,0,0,2,3,2,,1558,0,3,0,0,0,0,0,3,4,0,3,7,7.0,N,,,,,,,,,,,