CRN,ARRIVAL_TM,AUTOMOBILE_COUNT,BELTED_DEATH_COUNT,BELTED_SUSP_SERIOUS_INJ_COUNT,BICYCLE_COUNT,BICYCLE_DEATH_COUNT,BICYCLE_SUSP_SERIOUS_INJ_COUNT,BUS_COUNT,CHLDPAS_DEATH_COUNT,CHLDPAS_SUSP_SERIOUS_INJ_COUNT,COLLISION_TYPE,COMM_VEH_COUNT,CONS_ZONE_SPD_LIM,COUNTY,CRASH_MONTH,CRASH_YEAR,DAY_OF_WEEK,DEC_LAT,DEC_LONG,DISPATCH_TM,DISTRICT,DRIVER_COUNT_16YR,DRIVER_COUNT_17YR,DRIVER_COUNT_18YR,DRIVER_COUNT_19YR,DRIVER_COUNT_20YR,DRIVER_COUNT_50_64YR,DRIVER_COUNT_65_74YR,DRIVER_COUNT_75PLUS,EST_HRS_CLOSED,FATAL_COUNT,HEAVY_TRUCK_COUNT,HORSE_BUGGY_COUNT,HOUR_OF_DAY,ILLUMINATION,INJURY_COUNT,INTERSECT_TYPE,INTERSECTION_RELATED,LANE_CLOSED,LATITUDE,LN_CLOSE_DIR,LOCATION_TYPE,LONGITUDE,MAX_SEVERITY_LEVEL,MCYCLE_DEATH_COUNT,MCYCLE_SUSP_SERIOUS_INJ_COUNT,MOTORCYCLE_COUNT,MUNICIPALITY,NONMOTR_COUNT,NONMOTR_DEATH_COUNT,NONMOTR_SUSP_SERIOUS_INJ_COUNT,NTFY_HIWY_MAINT,PED_COUNT,PED_DEATH_COUNT,PED_SUSP_SERIOUS_INJ_COUNT,PERSON_COUNT,POLICE_AGCY,POSSIBLE_INJ_COUNT,RDWY_SURF_TYPE_CD,RELATION_TO_ROAD,ROAD_CONDITION,ROADWAY_CLEARED,SCH_BUS_IND,SCH_ZONE_IND,SECONDARY_CRASH,SMALL_TRUCK_COUNT,SPEC_JURIS_CD,SUSP_MINOR_INJ_COUNT,SUSP_SERIOUS_INJ_COUNT,SUV_COUNT,TCD_FUNC_CD,TCD_TYPE,TFC_DETOUR_IND,TIME_OF_DAY,TOT_INJ_COUNT,TOTAL_UNITS,UNB_DEATH_COUNT,UNB_SUSP_SERIOUS_INJ_COUNT,UNBELTED_OCC_COUNT,UNK_INJ_DEG_COUNT,UNK_INJ_PER_COUNT,URBAN_AREA,URBAN_RURAL,VAN_COUNT,VEHICLE_COUNT,WEATHER1,WEATHER2,WORK_ZONE_IND,WORK_ZONE_LOC,WORK_ZONE_TYPE,WORKERS_PRES,WZ_CLOSE_DETOUR,WZ_FLAGGER,WZ_LAW_OFFCR_IND,WZ_LN_CLOSURE,WZ_MOVING,WZ_OTHER,WZ_SHLDER_MDN,WZ_WORKERS_INJ_KILLED
2021084729,1836.0,0,0,0,0,0,0,0,0,0,4,0,,67,9,2021,2,39.9804,-75.2394,1836.0,6,0,0,0,0,0,0,0,0,,0,0,0,18,1,1,1,,0,39 58:49.468,,0,75 14:21.760,4,0,0,0,67301,0,0,0,N,0,0,0,3,67301,1,,1,1,,N,Y,N,0,,0,0,2,3,2,,1836,1,2,0,0,0,0,0,3,4,0,2,3,3.0,N,,,,,,,,,,,
2021101021,210.0,2,0,0,0,0,0,0,0,0,1,0,,67,9,2021,3,40.0262,-75.1176,210.0,6,0,0,0,0,0,0,0,0,,0,0,0,0,3,1,0,N,0,40 01:34.380,,0,75 07:03.195,3,0,0,0,67301,0,0,0,N,0,0,0,1,67301,0,,6,1,,N,N,N,0,,1,0,0,0,0,,55,1,3,0,0,0,0,0,3,4,1,3,3,,N,,,,,,,,,,,
2021085693,1836.0,3,0,0,0,0,0,0,0,0,4,0,,67,9,2021,4,40.0373,-75.048,1831.0,6,0,0,0,0,0,0,0,0,,0,0,0,18,1,1,1,,0,40 02:14.258,,0,75 02:52.702,3,0,0,0,67301,0,0,0,N,0,0,0,2,67301,0,,1,1,,N,N,N,0,,1,0,0,3,3,,1825,1,3,0,0,0,0,0,3,4,0,3,3,3.0,N,,,,,,,,,,,
2021086343,526.0,2,0,0,0,0,0,0,0,0,2,0,,67,9,2021,3,39.9914,-75.1671,525.0,6,0,0,0,0,0,0,0,0,,0,0,0,5,3,1,0,N,0,39 59:28.890,,0,75 10:01.530,2,0,0,0,67301,0,0,0,N,0,0,0,2,67301,0,,1,1,,N,N,N,0,,0,1,0,0,0,,524,1,2,0,0,0,0,0,3,4,0,2,3,4.0,N,,,,,,,,,,,
2021069815,1000.0,1,0,0,0,0,0,0,0,0,1,0,,67,7,2021,4,39.9553,-75.1747,945.0,6,0,0,0,0,0,0,0,0,,0,0,0,9,1,0,2,,0,39 57:19.100,,0,75 10:29.086,0,0,0,0,67301,0,0,0,N,0,0,0,1,67301,0,,1,1,,N,N,N,1,,0,0,0,0,0,,916,0,2,0,0,0,0,0,3,4,0,2,3,,N,,,,,,,,,,,
2021076516,29.0,2,0,0,0,0,0,0,0,0,5,1,,67,5,2021,7,39.9801,-75.1059,20.0,6,0,0,0,0,0,0,0,0,,0,1,0,0,3,2,0,N,1,39 58:48.290,2.0,0,75 06:21.216,8,0,0,0,67301,0,0,0,N,0,0,0,4,68K01,0,,1,9,47.0,N,N,N,0,,0,0,0,0,0,N,19,2,3,0,0,1,2,0,3,4,0,3,7,,N,,,,,,,,,,,
2021049066,1622.0,1,0,0,0,0,0,0,0,0,1,0,,67,5,2021,2,40.0378,-75.1092,1616.0,6,0,0,0,0,0,0,0,0,,0,0,0,16,1,1,0,N,0,40 02:16.181,,0,75 06:33.245,3,0,0,0,67301,0,0,0,N,0,0,0,2,67301,0,,1,1,,N,N,N,0,,1,0,1,0,0,,1608,1,2,0,0,0,0,0,3,4,0,2,3,,N,,,,,,,,,,,
2021050837,1232.0,2,0,0,0,0,0,0,0,0,4,0,,67,5,2021,2,40.0077,-75.1028,1227.0,6,0,0,0,0,0,0,0,0,,0,0,0,11,1,2,1,,0,40 00:27.781,,0,75 06:10.196,8,0,0,0,67301,0,0,0,N,0,0,0,4,67301,0,,1,1,,N,N,N,0,,0,0,0,3,2,,1140,2,2,0,0,0,2,2,3,4,0,2,3,3.0,N,,,,,,,,,,,
2021075045,2315.0,2,0,0,0,0,0,0,0,0,4,0,,67,8,2021,4,40.0139,-75.1391,2315.0,6,0,0,0,0,0,0,0,0,,0,0,0,23,3,1,1,,0,40 00:50.119,,0,75 08:20.936,3,0,0,0,67301,0,0,0,N,0,0,0,2,67301,0,,1,1,,N,N,N,0,,1,0,0,3,3,,2312,1,2,0,0,0,0,0,3,4,0,2,3,,N,,,,,,,,,,,
2021075164,758.0,1,0,0,0,0,0,0,0,0,1,0,,67,8,2021,4,39.9586,-75.169,758.0,6,0,0,0,0,0,0,0,0,,0,0,0,7,1,0,0,N,1,39 57:31.122,3.0,0,75 10:08.403,0,0,0,0,67301,0,0,0,N,0,0,0,3,68K01,0,,1,1,800.0,N,N,N,0,,0,0,2,0,0,N,756,0,3,0,0,0,0,0,3,4,0,3,3,,N,,,,,,,,,,,
2021075118,630.0,1,0,0,0,0,0,0,0,0,8,0,,67,7,2021,1,40.0159,-75.1538,627.0,6,0,0,0,0,0,0,0,0,,1,0,0,6,5,0,1,,0,40 00:57.350,,0,75 09:13.935,1,0,0,0,67301,1,1,0,N,1,1,0,2,67301,0,2.0,1,1,,N,N,N,0,0.0,0,0,0,3,2,,611,0,2,0,0,0,0,0,3,4,0,1,4,4.0,N,,,,,,,,,,,
2021045953,1650.0,1,0,0,0,0,0,0,0,0,4,0,,67,5,2021,4,40.0498,-75.1423,1650.0,6,0,0,0,0,0,0,0,0,,0,0,0,15,1,2,0,N,0,40 02:59.135,,7,75 08:32.237,4,0,0,0,67301,0,0,0,N,0,0,0,3,67301,2,,1,99,,N,N,N,0,,0,0,1,0,0,,1500,2,2,0,0,3,0,1,3,4,0,2,3,,N,,,,,,,,,,,
2021073695,719.0,1,0,0,0,0,0,0,0,0,4,1,,67,7,2021,2,39.958,-75.1407,708.0,6,0,0,0,0,0,1,0,0,,0,0,0,7,1,0,0,N,1,39 57:28.673,1.0,0,75 08:26.694,9,0,0,0,67301,0,0,0,N,0,0,0,3,68K01,0,,1,1,740.0,N,N,N,1,,0,0,0,0,0,Y,706,0,2,0,0,0,0,1,3,4,0,2,3,,N,,,,,,,,,,,
2021048223,923.0,1,0,0,0,0,0,0,0,0,4,0,,67,5,2021,6,39.9917,-75.1856,920.0,6,0,0,0,0,0,1,0,0,,0,0,0,9,1,2,1,,0,39 59:30.115,,0,75 11:08.190,3,0,0,0,67301,0,0,0,N,0,0,0,3,67301,0,,1,1,,N,N,N,0,,2,0,1,3,2,,919,2,2,0,0,0,0,1,3,4,0,2,3,3.0,N,,,,,,,,,,,
2021045230,2320.0,1,0,0,0,0,0,0,0,0,4,0,,67,5,2021,3,39.9732,-75.1838,2318.0,6,0,0,0,0,0,0,0,0,,0,0,0,22,3,1,1,,0,39 58:23.520,,0,75 11:01.568,4,0,0,0,67301,0,0,0,N,0,0,0,2,67301,1,,1,1,,N,N,N,1,,0,0,0,3,2,,2230,1,2,0,0,0,0,1,3,4,0,2,3,3.0,N,,,,,,,,,,,
2021050847,2148.0,1,0,0,0,0,0,0,0,0,6,0,,67,5,2021,1,40.0188,-75.1901,2144.0,6,0,0,0,0,0,0,0,0,,0,0,0,12,1,4,0,N,0,40 01:07.588,,0,75 11:24.503,3,0,0,0,67301,0,0,0,N,0,0,0,5,67301,0,,1,9,,N,N,N,0,,4,0,1,0,0,,1230,4,2,0,0,0,0,1,3,4,0,2,7,4.0,N,,,,,,,,,,,
2021075899,1244.0,1,0,0,0,0,0,0,0,0,1,0,,67,7,2021,1,39.9768,-75.1977,1218.0,6,0,0,0,0,0,0,0,0,,0,0,0,12,1,0,0,N,0,39 58:36.373,,0,75 11:51.757,0,0,0,0,67301,0,0,0,N,0,0,0,2,68K01,0,,1,1,,N,N,N,0,,0,0,1,0,0,,1217,0,2,0,0,0,0,0,3,4,0,2,3,,N,,,,,,,,,,,
2021077514,1100.0,1,0,0,0,0,0,0,0,0,4,0,,67,8,2021,1,40.0171,-75.1586,1100.0,6,0,0,0,0,0,1,0,0,,0,0,0,10,1,0,2,,0,40 01:01.405,,0,75 09:30.794,9,0,0,0,67301,0,0,0,N,0,0,0,3,67301,0,,1,1,,N,N,N,0,,0,0,0,3,3,,1030,0,2,0,0,0,0,1,3,4,0,2,4,4.0,N,,,,,,,,,,,
2021047390,900.0,1,0,0,0,0,0,0,0,0,1,0,,67,5,2021,2,39.9546,-75.1813,849.0,6,0,0,0,0,0,1,0,1,,0,0,0,7,1,0,1,,0,39 57:16.399,,0,75 10:52.674,9,0,0,0,67301,0,0,0,N,0,0,0,2,67301,0,,1,1,,N,N,N,0,,0,0,1,3,2,,747,0,2,0,0,0,0,2,3,4,0,2,4,4.0,N,,,,,,,,,,,
2021073839,2152.0,4,0,0,0,0,0,0,0,0,5,1,,67,8,2021,6,39.9761,-75.18,2150.0,6,0,0,0,0,0,0,0,0,,0,1,0,21,3,0,0,N,0,39 58:34.130,,0,75 10:48.020,9,0,0,0,67301,0,0,0,N,0,0,0,1,67301,0,,6,1,,N,N,Y,0,,0,0,4,0,0,,2145,0,9,0,0,0,0,1,3,4,0,9,3,,N,,,,,,,,,,,
2021046141,1610.0,0,0,0,1,0,0,0,0,0,4,0,,67,5,2021,5,39.9427,-75.2364,1542.0,6,0,0,0,0,0,1,0,0,,0,0,0,14,1,1,1,,0,39 56:33.543,,0,75 14:11.115,3,0,0,0,67301,1,0,0,N,0,0,0,2,67301,0,,1,1,,N,N,N,0,,1,0,1,3,2,,1430,1,2,0,0,0,0,0,3,4,0,1,3,3.0,N,,,,,,,,,,,
2021075376,520.0,1,0,0,0,0,0,0,0,0,4,0,,67,8,2021,4,39.9732,-75.2122,520.0,6,0,0,0,0,0,0,0,0,,0,0,0,5,5,0,1,,0,39 58:23.644,,0,75 12:44.010,0,0,0,0,67301,0,0,0,N,0,0,0,3,67301,0,,1,1,,N,N,N,0,,0,0,1,3,2,,520,0,2,0,0,0,0,0,3,4,0,2,3,,N,,,,,,,,,,,
2021073840,2105.0,0,0,0,0,0,0,0,0,0,8,1,,67,8,2021,7,39.977,-75.1656,2101.0,6,0,0,0,0,0,0,0,0,,0,1,0,21,3,2,0,N,0,39 58:37.310,,0,75 09:56.290,2,0,0,0,67301,2,0,1,N,2,0,1,3,67301,0,,1,1,,N,N,N,0,,1,1,1,0,0,,2101,2,4,0,0,0,0,0,3,4,0,2,3,,N,,,,,,,,,,,
2021075099,1248.0,1,0,0,0,0,0,0,0,0,4,0,,67,8,2021,3,40.0294,-75.2127,1245.0,6,0,0,0,0,0,0,0,0,,0,0,0,12,1,1,0,N,0,40 01:45.750,,0,75 12:45.570,4,0,0,0,67301,0,0,0,N,0,0,0,3,67301,1,,1,1,,N,N,N,0,,0,0,1,0,0,,1243,1,2,0,0,0,0,1,3,4,0,2,3,3.0,N,,,,,,,,,,,
2021064339,1337.0,2,0,0,0,0,0,0,0,0,1,0,,67,6,2021,3,40.0098,-75.1127,1253.0,6,0,0,0,0,0,0,0,0,,0,0,0,12,1,1,0,N,0,40 00:35.350,,0,75 06:45.550,8,0,0,0,67301,0,0,0,N,0,0,0,3,67301,0,,1,9,,N,N,N,0,,0,0,0,0,0,,1234,1,2,0,0,0,1,0,3,4,0,2,7,4.0,N,,,,,,,,,,,
2021077264,843.0,1,0,0,0,0,0,0,0,0,7,0,,67,8,2021,3,39.9072,-75.228,843.0,6,0,0,0,0,0,0,0,0,,0,0,0,6,3,0,1,Y,0,39 54:26.074,,0,75 13:40.897,9,0,0,0,67301,0,0,0,N,0,0,0,1,67301,0,,5,1,,N,N,N,0,,0,0,0,3,3,,612,0,1,0,0,0,0,1,3,4,0,1,3,3.0,N,,,,,,,,,,,
2021048870,1816.0,0,0,0,0,0,0,0,0,0,4,0,,67,5,2021,5,39.9438,-75.2379,1816.0,6,0,0,0,0,0,0,0,0,,0,1,0,18,1,1,1,,2,39 56:37.812,7.0,0,75 14:16.207,3,0,0,1,67301,0,0,0,N,0,0,0,2,67301,0,,1,1,1900.0,N,N,N,0,,1,0,0,3,2,Y,1815,1,2,0,0,0,0,0,3,4,0,2,3,3.0,N,,,,,,,,,,,
2021048106,1749.0,0,0,0,0,0,0,0,0,0,7,0,,67,5,2021,3,40.0016,-75.0813,1741.0,6,0,0,0,0,0,0,0,0,,0,0,0,17,1,2,0,N,2,40 00:05.631,1.0,0,75 04:52.529,3,0,0,0,67301,0,0,0,N,0,0,0,2,67301,0,,4,1,1818.0,N,N,N,0,,1,0,1,0,0,N,1740,2,1,0,0,2,1,0,3,4,0,1,3,3.0,N,,,,,,,,,,,
2021049073,849.0,1,0,0,0,0,0,0,0,0,4,0,,67,5,2021,7,39.9745,-75.1587,845.0,6,0,0,0,0,0,1,0,0,,0,0,0,8,1,2,1,,0,39 58:28.024,,0,75 09:31.424,4,0,0,0,67301,0,0,0,N,0,0,0,2,67301,2,,1,9,,N,N,N,0,,0,0,1,3,2,,840,2,2,0,0,0,0,0,3,4,0,2,7,7.0,N,,,,,,,,,,,
2021048222,2010.0,1,0,0,0,0,0,0,0,0,2,0,,67,5,2021,4,39.9924,-75.1688,2001.0,6,0,0,0,0,0,0,0,0,,0,0,0,19,4,0,0,N,0,39 59:32.500,,0,75 10:07.700,9,0,0,0,67301,0,0,0,N,0,0,0,1,67301,0,,6,1,,N,N,N,1,,0,0,2,0,0,,1920,0,4,0,0,0,0,1,3,4,0,4,3,3.0,N,,,,,,,,,,,
2021048045,1618.0,0,0,0,0,0,0,0,0,0,0,0,,67,5,2021,5,40.0388,-75.0093,1558.0,6,0,0,0,0,0,0,0,0,,0,0,0,15,1,1,0,N,1,40 02:19.504,2.0,0,75 00:33.584,2,0,1,1,67301,0,0,0,N,0,0,0,1,68K01,0,,1,1,30.0,N,N,N,0,,0,1,0,0,0,N,1556,1,1,0,0,0,0,0,3,4,0,1,3,,N,,,,,,,,,,,
2021045424,1019.0,1,0,0,0,0,0,0,0,0,8,0,,67,5,2021,3,39.9291,-75.2205,1018.0,6,0,0,0,0,0,0,0,0,,0,0,0,10,1,2,1,,0,39 55:44.592,,0,75 13:14.099,3,0,0,0,67301,2,0,0,N,2,0,0,3,67301,1,,1,1,,N,N,N,0,,1,0,0,3,2,,1016,2,3,0,0,0,0,0,3,4,0,1,3,3.0,N,,,,,,,,,,,
2021046914,2112.0,2,0,0,0,0,0,0,0,0,5,0,,67,5,2021,6,40.0495,-74.9885,2055.0,6,0,0,0,0,0,0,1,0,,0,0,0,19,1,1,0,N,0,40 02:58.306,,0,74 59:18.740,8,0,0,0,67301,0,0,0,N,0,0,0,1,67301,0,,6,1,,N,N,N,2,,0,0,0,0,0,,1945,1,4,0,0,0,1,0,3,4,0,4,3,3.0,N,,,,,,,,,,,
2021073809,2144.0,1,0,0,0,0,0,0,0,0,7,0,,67,8,2021,7,40.0036,-75.1905,2139.0,6,0,0,1,0,0,0,0,0,,0,0,0,21,3,4,0,N,1,40 00:12.931,2.0,0,75 11:25.822,3,0,0,0,67301,0,0,0,N,0,0,0,4,67301,0,,4,1,1030.0,N,N,Y,0,,4,0,0,0,0,N,2135,4,1,0,0,0,0,0,3,4,0,1,3,,N,,,,,,,,,,,
2021051897,1830.0,0,0,0,0,0,0,0,0,0,8,0,,67,5,2021,5,39.9254,-75.2258,1820.0,6,0,0,0,0,0,0,0,0,,0,0,0,18,1,1,2,,0,39 55:31.362,,0,75 13:32.927,8,0,0,0,67301,1,0,0,N,1,0,0,2,67508,0,,1,1,,N,N,Y,0,,0,0,0,0,0,,1820,1,2,0,0,0,1,0,3,4,0,1,3,3.0,N,,,,,,,,,,,
2021045678,17.0,2,0,0,0,0,0,0,0,0,4,0,,67,5,2021,5,39.9484,-75.1762,15.0,6,0,0,0,0,0,1,0,0,,0,0,0,0,3,0,1,,0,39 56:54.321,,0,75 10:34.422,0,0,0,0,67301,0,0,0,N,0,0,0,4,67301,0,,1,1,,N,N,N,0,,0,0,0,3,2,,14,0,2,0,0,1,0,0,3,4,0,2,3,3.0,N,,,,,,,,,,,
2021045984,133.0,1,0,0,0,0,0,0,0,0,7,0,,67,5,2021,5,39.9723,-75.2172,130.0,6,0,0,0,0,0,0,0,0,,0,0,0,1,3,1,0,N,2,39 58:20.132,7.0,0,75 13:01.777,3,0,0,0,67301,0,0,0,N,0,0,0,1,67301,0,,4,1,230.0,N,N,N,0,,1,0,0,0,0,N,127,1,1,0,0,0,0,0,3,4,0,1,3,,N,,,,,,,,,,,
2021045836,1038.0,0,0,0,0,0,0,0,0,0,4,0,,67,5,2021,5,39.9704,-75.15,1038.0,6,0,0,0,0,0,0,0,0,,0,0,0,10,1,0,1,,0,39 58:14.003,,0,75 08:59.563,0,0,0,0,67301,0,0,0,N,0,0,0,2,67301,0,,1,1,,N,N,N,0,,0,0,1,3,2,,1038,0,2,0,0,1,0,0,3,4,1,2,3,3.0,N,,,,,,,,,,,
2021057499,2346.0,0,0,0,0,0,0,0,0,0,5,0,,67,6,2021,5,40.0558,-75.084,2343.0,6,0,0,0,0,0,1,0,0,,0,0,0,23,3,0,0,N,0,40 03:20.950,,0,75 05:02.430,0,0,0,0,67301,0,0,0,N,0,0,0,1,67301,0,,6,1,,N,N,N,1,,0,0,0,0,0,,2326,0,2,0,0,0,0,0,3,4,1,2,3,3.0,N,,,,,,,,,,,
2021054715,838.0,0,0,0,0,0,0,0,0,0,8,0,,67,6,2021,5,39.9466,-75.246,837.0,6,0,0,0,0,0,0,0,0,,0,0,0,8,1,1,1,,0,39 56:47.623,,0,75 14:45.625,3,0,0,0,67301,1,0,0,N,1,0,0,2,67301,0,,1,1,,N,N,N,1,,1,0,0,3,2,,817,1,2,0,0,0,0,0,3,4,0,1,3,3.0,N,,,,,,,,,,,
2021081325,1039.0,2,0,0,0,0,0,0,0,0,4,0,,67,8,2021,1,40.0403,-75.0585,1035.0,6,0,0,0,0,0,0,0,0,,0,0,0,10,1,1,1,N,0,40 02:25.101,,0,75 03:30.855,8,0,0,0,67301,0,0,0,N,0,0,0,2,67301,0,,1,1,,N,N,N,0,,0,0,0,3,2,,1033,1,2,0,0,0,1,0,3,4,0,2,3,,N,,,,,,,,,,,
2021054110,2335.0,0,0,0,0,0,0,0,0,0,8,0,,67,6,2021,3,40.0092,-75.1511,2330.0,6,0,0,0,0,0,0,0,0,,0,0,0,22,3,1,1,,0,40 00:33.277,,0,75 09:04.079,8,0,0,0,67301,1,0,0,N,1,0,0,2,67301,0,,1,1,,N,N,N,0,,0,0,0,3,2,,2212,1,2,0,0,0,1,1,3,4,0,1,3,,N,,,,,,,,,,,
2021073935,1505.0,2,0,0,0,0,0,0,0,0,5,0,,67,8,2021,6,39.9851,-75.2387,1450.0,6,0,0,0,0,0,0,0,0,,0,0,0,12,1,0,0,N,0,39 59:06.230,,0,75 14:19.170,0,0,0,0,67301,0,0,0,N,0,0,0,1,67301,0,,6,1,,N,N,N,0,,0,0,0,0,0,,1246,0,2,0,0,0,0,0,3,4,0,2,3,98.0,N,,,,,,,,,,,
2021049746,1839.0,1,0,0,0,0,0,0,0,0,4,0,,67,5,2021,6,40.0381,-75.0382,1834.0,6,0,0,1,0,0,0,0,0,,0,0,0,18,1,1,0,N,0,40 02:17.000,,0,75 02:17.400,3,0,0,1,67301,0,0,0,N,0,0,0,2,67301,0,,1,1,,N,N,N,0,,1,0,0,0,0,,1832,1,2,0,0,0,0,0,3,4,0,2,3,3.0,N,,,,,,,,,,,
2021046913,1541.0,0,0,0,0,0,0,0,0,0,8,0,,67,5,2021,6,40.0649,-75.0203,1536.0,6,0,0,0,0,0,0,1,0,,0,0,0,15,1,1,2,,2,40 03:53.472,5.0,0,75 01:12.976,3,0,0,0,67301,1,0,0,N,1,0,0,3,67301,0,,1,1,1616.0,N,N,N,0,,1,0,1,9,3,N,1533,1,2,0,0,0,0,0,3,4,0,1,3,3.0,N,,,,,,,,,,,
2021047523,2000.0,1,0,0,0,0,0,0,0,0,4,0,,67,5,2021,6,39.9942,-75.1114,2000.0,6,0,0,0,0,0,0,0,0,,0,0,0,20,1,0,1,,0,39 59:39.104,,0,75 06:40.879,0,0,0,0,67301,0,0,0,N,0,0,0,2,67301,0,,1,1,,N,N,N,0,,0,0,1,3,2,,2000,0,2,0,0,1,0,0,3,4,0,2,3,3.0,N,,,,,,,,,,,
2021045586,2110.0,0,0,0,0,0,0,0,0,0,8,0,,67,5,2021,3,40.0271,-75.1235,2110.0,6,0,0,0,0,0,0,0,0,,0,0,0,20,3,1,0,N,0,40 01:37.470,,0,75 07:24.470,3,0,0,0,67301,1,0,0,N,1,0,0,2,67301,0,,1,1,,N,N,N,1,,1,0,0,0,0,,2016,1,2,0,0,0,0,0,3,4,0,1,3,3.0,N,,,,,,,,,,,
2021045447,1725.0,0,0,0,0,0,0,0,0,0,7,0,,67,5,2021,3,39.9702,-75.2286,1715.0,6,0,0,0,0,0,1,0,0,,0,0,0,17,1,2,1,,0,39 58:12.547,,0,75 13:42.780,3,0,0,0,67301,0,0,0,N,0,0,0,2,67301,0,,4,1,,N,N,N,0,,2,0,0,3,3,,1700,2,2,0,0,0,0,0,3,4,1,1,3,,N,,,,,,,,,,,
2021045947,2130.0,1,0,0,0,0,0,0,0,0,4,0,,67,5,2021,4,39.9788,-75.2301,2123.0,6,0,0,0,0,0,0,0,0,,0,0,0,21,3,2,3,,0,39 58:43.568,,0,75 13:48.350,3,0,0,2,67301,0,0,0,N,0,0,0,3,67301,0,,1,1,,N,N,N,0,,2,0,0,0,0,,2109,2,3,0,0,0,0,0,3,4,0,3,3,,N,,,,,,,,,,,
2021080763,253.0,1,0,0,0,0,0,0,0,0,8,0,,67,8,2021,7,40.0317,-75.1682,251.0,6,0,0,0,0,0,0,0,0,,0,0,0,2,3,1,0,N,0,40 01:54.256,,0,75 10:05.399,3,0,0,0,67301,1,0,0,N,1,0,0,2,67301,0,,1,9,,N,N,N,0,,1,0,0,0,0,,245,1,2,0,0,0,0,1,3,4,0,1,7,,N,,,,,,,,,,,
2021056199,344.0,3,0,0,0,0,0,0,0,0,6,0,,67,6,2021,5,39.9558,-75.2296,344.0,6,0,0,0,0,0,0,0,0,,0,0,0,3,3,0,0,N,0,39 57:21.040,,0,75 13:46.570,0,0,0,0,67301,0,0,0,N,0,0,0,2,67301,0,,6,1,,N,N,N,0,,0,0,0,0,0,,344,0,3,0,0,0,0,0,3,4,0,3,3,3.0,N,,,,,,,,,,,
2021081945,2334.0,0,0,0,0,0,0,0,0,0,8,0,,67,8,2021,7,39.9145,-75.1538,2333.0,6,0,0,0,0,0,0,0,0,,0,0,0,22,3,1,0,N,0,39 54:52.264,,0,75 09:13.691,3,0,0,0,67301,1,0,0,N,1,0,0,1,67301,0,,1,1,,N,N,N,0,,1,0,0,3,2,,2230,1,2,0,0,0,0,0,3,4,0,1,3,3.0,N,,,,,,,,,,,
2021073451,2019.0,1,0,0,0,0,0,0,0,0,8,0,,67,8,2021,6,39.9832,-75.172,2018.0,6,0,0,0,0,0,0,0,0,,0,0,0,19,4,1,0,N,0,39 58:59.610,,0,75 10:19.040,2,0,0,0,67301,1,0,1,N,1,0,1,1,67301,0,,1,1,,N,N,N,0,,0,1,0,0,0,,1932,1,2,0,0,0,0,0,3,4,0,1,3,3.0,N,,,,,,,,,,,
2021045607,720.0,1,0,0,0,0,0,0,0,0,7,0,,67,5,2021,3,40.0482,-74.9973,720.0,6,0,0,0,0,0,0,0,0,,0,0,0,7,1,0,3,,0,40 02:53.500,,2,74 59:50.100,0,0,0,0,67301,0,0,0,N,0,0,0,1,67301,0,,4,1,,N,N,N,0,,0,0,0,0,0,,717,0,1,0,0,0,0,0,3,4,0,1,3,3.0,N,,,,,,,,,,,
2021074390,901.0,0,0,0,0,0,0,0,0,0,7,0,,67,7,2021,7,39.8879,-75.217,901.0,6,0,0,0,0,0,0,0,0,,0,0,0,8,1,1,0,N,1,39 53:16.592,1.0,0,75 13:01.240,8,0,0,0,67301,0,0,0,N,0,0,0,1,68K01,0,,2,1,945.0,N,N,N,0,,0,0,1,0,0,N,845,1,1,0,0,1,1,0,3,4,0,1,3,,N,,,,,,,,,,,
2021050984,935.0,2,0,0,0,0,0,0,0,0,4,0,,67,5,2021,5,39.9915,-75.1361,935.0,6,0,0,0,0,0,0,0,0,,0,0,0,17,1,1,1,,0,39 59:29.442,,0,75 08:10.101,3,0,0,0,67301,0,0,0,N,0,0,0,5,67301,0,,1,1,,N,N,N,0,,1,0,0,3,2,,1717,1,2,0,0,0,0,2,3,4,0,2,3,3.0,N,,,,,,,,,,,
2021045428,1810.0,0,0,0,0,0,0,0,0,0,4,0,,67,5,2021,3,40.0074,-75.0781,1807.0,6,0,0,0,0,0,1,0,0,,0,0,0,18,1,0,1,,1,40 00:26.614,2.0,0,75 04:41.477,0,0,0,0,67301,0,0,0,N,0,0,0,4,67301,0,,1,1,1925.0,N,N,N,0,,0,0,2,3,2,N,1800,0,2,0,0,3,0,0,3,4,0,2,3,3.0,N,,,,,,,,,,,
2021047837,23.0,3,0,0,0,0,0,0,0,0,2,0,,67,5,2021,5,40.0226,-75.1307,21.0,6,0,0,0,0,0,0,0,0,,0,0,0,0,3,0,0,N,0,40 01:21.190,,0,75 07:50.410,0,0,0,0,67301,0,0,0,N,0,0,0,1,67301,0,,6,1,,N,N,N,0,,0,0,0,0,0,,10,0,3,0,0,0,0,0,3,4,0,3,3,3.0,N,,,,,,,,,,,
2021045583,33.0,2,0,0,0,0,0,0,0,0,5,0,,67,5,2021,3,40.0253,-75.0445,29.0,6,0,0,0,0,0,0,0,0,,0,0,0,0,3,2,0,N,2,40 01:31.090,5.0,0,75 02:40.134,3,0,0,0,67301,2,0,0,N,0,0,0,4,67301,0,,1,1,100.0,N,N,N,1,,2,0,2,0,0,N,21,2,5,0,0,0,0,0,3,4,0,5,3,3.0,N,,,,,,,,,,,