CRN,ARRIVAL_TM,AUTOMOBILE_COUNT,BELTED_DEATH_COUNT,BELTED_SUSP_SERIOUS_INJ_COUNT,BICYCLE_COUNT,BICYCLE_DEATH_COUNT,BICYCLE_SUSP_SERIOUS_INJ_COUNT,BUS_COUNT,CHLDPAS_DEATH_COUNT,CHLDPAS_SUSP_SERIOUS_INJ_COUNT,COLLISION_TYPE,COMM_VEH_COUNT,CONS_ZONE_SPD_LIM,COUNTY,CRASH_MONTH,CRASH_YEAR,DAY_OF_WEEK,DEC_LAT,DEC_LONG,DISPATCH_TM,DISTRICT,DRIVER_COUNT_16YR,DRIVER_COUNT_17YR,DRIVER_COUNT_18YR,DRIVER_COUNT_19YR,DRIVER_COUNT_20YR,DRIVER_COUNT_50_64YR,DRIVER_COUNT_65_74YR,DRIVER_COUNT_75PLUS,EST_HRS_CLOSED,FATAL_COUNT,HEAVY_TRUCK_COUNT,HORSE_BUGGY_COUNT,HOUR_OF_DAY,ILLUMINATION,INJURY_COUNT,INTERSECT_TYPE,INTERSECTION_RELATED,LANE_CLOSED,LATITUDE,LN_CLOSE_DIR,LOCATION_TYPE,LONGITUDE,MAX_SEVERITY_LEVEL,MCYCLE_DEATH_COUNT,MCYCLE_SUSP_SERIOUS_INJ_COUNT,MOTORCYCLE_COUNT,MUNICIPALITY,NONMOTR_COUNT,NONMOTR_DEATH_COUNT,NONMOTR_SUSP_SERIOUS_INJ_COUNT,NTFY_HIWY_MAINT,PED_COUNT,PED_DEATH_COUNT,PED_SUSP_SERIOUS_INJ_COUNT,PERSON_COUNT,POLICE_AGCY,POSSIBLE_INJ_COUNT,RDWY_SURF_TYPE_CD,RELATION_TO_ROAD,ROAD_CONDITION,ROADWAY_CLEARED,SCH_BUS_IND,SCH_ZONE_IND,SECONDARY_CRASH,SMALL_TRUCK_COUNT,SPEC_JURIS_CD,SUSP_MINOR_INJ_COUNT,SUSP_SERIOUS_INJ_COUNT,SUV_COUNT,TCD_FUNC_CD,TCD_TYPE,TFC_DETOUR_IND,TIME_OF_DAY,TOT_INJ_COUNT,TOTAL_UNITS,UNB_DEATH_COUNT,UNB_SUSP_SERIOUS_INJ_COUNT,UNBELTED_OCC_COUNT,UNK_INJ_DEG_COUNT,UNK_INJ_PER_COUNT,URBAN_AREA,URBAN_RURAL,VAN_COUNT,VEHICLE_COUNT,WEATHER1,WEATHER2,WORK_ZONE_IND,WORK_ZONE_LOC,WORK_ZONE_TYPE,WORKERS_PRES,WZ_CLOSE_DETOUR,WZ_FLAGGER,WZ_LAW_OFFCR_IND,WZ_LN_CLOSURE,WZ_MOVING,WZ_OTHER,WZ_SHLDER_MDN,WZ_WORKERS_INJ_KILLED
2021047257,247.0,2,0,0,0,0,0,0,0,0,1,0,,67,5,2021,5,39.9097,-75.1544,245.0,6,0,0,0,0,0,0,0,0,,0,0,0,2,3,0,0,N,2,39 54:34.900,4.0,5,75 09:15.900,0,0,0,0,67301,0,0,0,N,0,0,0,3,67501,0,,1,1,335.0,N,N,N,0,,0,0,0,0,0,N,244,0,2,0,0,0,0,0,3,4,0,2,3,,N,,,,,,,,,,,
2021044893,205.0,2,0,0,0,0,0,0,0,0,4,0,,67,5,2021,3,40.0765,-75.1949,157.0,6,0,0,0,0,0,0,0,0,,0,0,0,1,3,0,1,,0,40 04:35.501,,0,75 11:41.783,9,0,0,0,67301,0,0,0,N,0,0,0,3,67301,0,,1,1,,N,N,N,0,,0,0,0,3,2,,157,0,2,0,0,0,0,1,3,4,0,2,3,3.0,N,,,,,,,,,,,
2021046062,2149.0,1,0,0,0,0,0,0,0,0,5,0,,67,5,2021,4,40.0299,-75.1533,2146.0,6,0,0,0,1,0,0,0,0,,0,0,0,21,3,1,5,,0,40 01:47.773,,0,75 09:11.764,3,0,0,0,67301,0,0,0,N,0,0,0,2,67301,0,,1,1,,N,N,Y,0,,1,0,1,3,2,,2128,1,2,0,0,0,0,0,3,4,0,2,3,,N,,,,,,,,,,,
2021076467,1938.0,2,0,0,0,0,0,0,0,0,1,0,,67,8,2021,5,39.9583,-75.1661,1918.0,6,0,0,0,0,1,0,0,0,,0,0,0,19,1,0,0,N,0,39 57:29.869,,0,75 09:57.934,0,0,0,0,67301,0,0,0,N,0,0,0,4,68K01,0,,3,1,,N,N,N,0,,0,0,1,0,0,,1916,0,3,0,0,0,0,0,3,4,0,3,3,,N,,,,,,,,,,,
2021077891,1758.0,1,0,0,0,0,0,0,0,0,1,0,,67,8,2021,4,39.971,-75.1563,1721.0,6,0,0,0,0,0,0,0,0,,0,0,0,17,1,0,0,N,0,39 58:15.543,,0,75 09:22.590,0,0,0,0,67301,0,0,0,N,0,0,0,2,67301,0,,1,1,,N,N,N,0,,0,0,0,3,2,,1715,0,2,0,0,0,0,0,3,4,0,2,3,3.0,N,,,,,,,,,,,
2021050832,402.0,1,0,0,0,0,0,0,0,0,1,0,,67,5,2021,1,39.9622,-75.2468,402.0,6,0,0,0,0,0,1,0,0,,0,0,0,4,3,1,0,N,0,39 57:44.075,,0,75 14:48.497,4,0,0,0,67301,0,0,0,N,0,0,0,2,67301,1,,1,1,,N,N,N,0,,0,0,0,0,0,,402,1,2,0,0,0,0,0,3,4,0,2,3,3.0,N,,,,,,,,,,,
2021048560,2226.0,2,0,0,0,0,0,0,0,0,4,0,,67,5,2021,4,39.917,-75.173,2126.0,6,0,0,0,0,0,0,0,0,,0,0,0,21,3,2,1,,0,39 55:01.171,,7,75 10:22.890,3,0,0,0,67301,0,0,0,N,0,0,0,3,67301,0,,1,9,,N,N,N,0,,2,0,0,3,2,,2119,2,2,0,0,1,0,0,3,4,0,2,7,4.0,N,,,,,,,,,,,
2021049074,1800.0,0,0,0,0,0,0,0,0,0,1,0,,67,5,2021,6,39.9863,-75.1044,1800.0,6,0,0,0,0,0,1,0,0,,0,0,0,16,1,2,1,,0,39 59:10.608,,0,75 06:15.736,8,0,0,0,67301,0,0,0,N,0,0,0,3,67301,0,,1,9,,N,N,N,0,,0,0,2,3,2,,1635,2,2,0,0,0,2,0,3,4,0,2,7,4.0,N,,,,,,,,,,,
2021051569,815.0,2,0,0,0,0,0,0,0,0,6,0,,67,5,2021,7,39.9991,-75.1341,810.0,6,0,0,0,0,0,0,0,0,,0,0,0,8,1,1,0,N,0,39 59:56.916,,0,75 08:02.933,3,0,0,0,67301,0,0,0,N,0,0,0,1,67301,0,,6,1,,N,N,N,0,,1,0,2,0,0,,805,1,4,0,0,0,0,0,3,4,0,4,3,3.0,N,,,,,,,,,,,
2021052664,417.0,1,0,0,0,0,0,0,0,0,7,0,,67,5,2021,4,39.9555,-75.1481,417.0,6,0,0,0,0,0,0,0,0,,0,0,0,4,3,1,0,N,1,39 57:19.762,4.0,2,75 08:53.200,4,0,0,0,67301,0,0,0,N,0,0,0,1,67501,1,,4,1,19.0,N,N,N,0,,0,0,0,0,0,N,417,1,1,0,0,0,0,0,3,4,0,1,3,,N,,,,,,,,,,,
2021047659,218.0,2,0,0,0,0,0,0,0,0,1,0,,67,5,2021,7,39.9307,-75.1989,214.0,6,0,0,0,0,0,0,0,0,,0,0,0,2,3,4,0,N,1,39 55:50.450,3.0,0,75 11:55.964,3,0,0,0,67301,0,0,0,N,0,0,0,4,68K01,0,,1,1,305.0,N,N,N,0,,4,0,0,0,0,N,214,4,2,0,0,3,0,0,3,4,0,2,3,3.0,N,,,,,,,,,,,
2021071345,1920.0,2,0,0,0,0,0,0,0,0,2,0,,67,7,2021,7,40.0721,-75.033,1914.0,6,0,0,0,0,0,0,0,0,,0,0,0,19,1,1,2,,0,40 04:19.712,,0,75 01:58.660,8,0,0,0,67301,0,0,0,N,0,0,0,3,67301,0,,1,1,,N,N,N,0,,0,0,0,3,2,,1900,1,2,0,0,2,1,0,3,4,0,2,3,3.0,N,,,,,,,,,,,
2021077369,716.0,0,0,0,0,0,0,0,0,0,1,0,,67,8,2021,1,39.9274,-75.1467,716.0,6,0,0,0,0,0,0,0,0,,0,0,0,7,1,2,0,N,0,39 55:38.501,,0,75 08:48.178,3,0,0,0,67301,0,0,0,N,0,0,0,3,68K01,0,,1,1,,N,N,N,0,,1,0,2,0,0,,715,2,2,0,0,0,1,0,3,4,0,2,3,,N,,,,,,,,,,,
2021046910,2034.0,0,0,0,0,0,0,0,0,0,8,0,,67,5,2021,6,40.1226,-75.0238,2027.0,6,0,0,0,0,0,0,1,0,,0,0,0,20,3,1,0,N,1,40 07:21.240,4.0,0,75 01:25.620,3,0,0,0,67301,1,0,0,N,1,0,0,2,67301,0,,1,1,2100.0,N,N,N,0,,1,0,1,0,0,Y,2026,1,2,0,0,0,0,0,3,4,0,1,3,,N,,,,,,,,,,,
2021073496,1602.0,0,0,0,0,0,0,0,0,0,1,0,,67,7,2021,7,39.9242,-75.1925,1555.0,6,0,0,0,0,0,0,0,0,,0,0,0,15,1,1,0,N,2,39 55:27.052,4.0,0,75 11:32.857,2,0,0,0,67301,1,0,1,N,1,0,1,3,68K01,0,,1,1,1635.0,N,N,N,0,,0,1,0,0,0,Y,1551,1,3,0,0,1,0,0,3,4,2,2,3,,N,,,,,,,,,,,
2021062677,1215.0,1,0,0,0,0,0,0,0,0,4,0,,67,7,2021,4,39.9756,-75.1563,1204.0,6,0,0,0,0,0,0,1,0,,0,0,0,12,1,1,1,,0,39 58:32.062,,0,75 09:22.744,8,0,0,0,67301,0,0,0,N,0,0,0,2,67509,0,,1,1,,N,N,N,1,,0,0,0,3,2,,1204,1,2,0,0,0,1,0,3,4,0,2,3,3.0,N,,,,,,,,,,,
2021075143,952.0,1,0,0,0,0,0,0,0,0,4,0,,67,8,2021,4,39.9731,-75.1937,938.0,6,0,0,0,0,0,0,0,0,,0,0,0,9,1,0,0,N,2,39 58:23.013,4.0,0,75 11:37.415,9,0,0,0,67301,0,0,0,N,0,0,0,2,68K01,0,,1,1,1000.0,N,N,N,0,,0,0,0,0,0,N,935,0,2,0,0,0,0,1,3,4,0,2,3,,N,,,,,,,,,,,
2021048104,2135.0,2,0,0,0,0,0,0,0,0,1,0,,67,5,2021,6,40.0276,-75.0871,2125.0,6,0,0,0,0,0,0,0,0,,0,0,0,21,3,1,1,,0,40 01:39.316,,0,75 05:13.570,3,0,0,0,67301,0,0,0,N,0,0,0,4,67301,0,,1,1,,N,N,N,0,,1,0,1,3,3,,2114,1,3,0,0,0,0,0,3,4,0,3,3,,N,,,,,,,,,,,
2021073832,640.0,1,0,0,0,0,0,0,0,0,7,0,,67,8,2021,1,40.0062,-75.197,636.0,6,0,0,0,0,0,0,0,0,,0,0,0,6,1,0,0,N,0,40 00:22.394,,0,75 11:49.204,0,0,0,0,67301,0,0,0,N,0,0,0,1,68K01,0,,5,9,,N,N,N,0,,0,0,0,0,0,,620,0,1,0,0,0,0,0,3,4,0,1,4,4.0,N,,,,,,,,,,,
2021046927,750.0,2,0,0,0,0,0,0,0,0,5,0,,67,5,2021,4,40.021,-75.0817,742.0,6,0,0,0,0,0,0,0,0,,0,0,0,6,1,0,0,N,2,40 01:15.590,3.0,0,75 04:54.200,0,0,0,0,67301,0,0,0,N,0,0,0,1,67301,0,,6,1,910.0,N,N,N,0,,0,0,1,0,0,Y,649,0,3,0,0,0,0,0,3,4,0,3,3,3.0,N,,,,,,,,,,,
2021045612,901.0,2,0,0,0,0,0,0,0,0,5,0,,67,5,2021,4,40.0501,-75.1601,900.0,6,0,0,0,0,0,0,0,0,,0,0,0,8,1,0,0,N,0,40 03:00.330,,0,75 09:36.330,0,0,0,0,67301,0,0,0,N,0,0,0,1,67301,0,,6,1,,N,N,N,0,,0,0,2,0,0,,830,0,4,0,0,0,0,0,3,4,0,4,3,3.0,N,,,,,,,,,,,
2021074234,1020.0,1,0,0,0,0,0,0,0,0,5,1,,67,7,2021,4,40.0169,-75.0508,930.0,6,0,0,0,0,0,0,0,0,,0,1,0,9,1,0,0,N,0,40 01:00.742,,0,75 03:02.751,9,0,0,0,67301,0,0,0,N,0,0,0,3,68K01,0,,1,1,,N,N,N,1,,0,0,0,0,0,,911,0,3,0,0,0,0,1,3,4,0,3,3,,N,,,,,,,,,,,
2021075629,1643.0,2,0,0,0,0,0,0,0,0,2,0,,67,8,2021,6,40.0939,-74.9797,1634.0,6,0,0,0,0,1,0,0,0,,0,0,0,16,1,0,1,,0,40 05:37.912,,0,74 58:46.898,0,0,0,0,67301,0,0,0,N,0,0,0,2,67301,0,,1,1,,N,N,N,0,,0,0,0,3,2,,1634,0,2,0,0,0,0,0,3,4,0,2,3,3.0,N,,,,,,,,,,,
2021048109,217.0,1,0,0,0,0,0,0,0,0,4,0,,67,5,2021,5,39.9509,-75.2307,215.0,6,0,0,0,0,0,0,0,0,,0,0,0,2,3,1,1,,0,39 57:03.330,,0,75 13:50.354,3,0,0,0,67301,0,0,0,N,0,0,0,2,67301,0,,1,1,,N,N,N,0,,1,0,0,3,2,,215,1,2,0,0,0,0,0,3,4,0,2,3,3.0,N,,,,,,,,,,,
2021045778,1635.0,2,0,0,0,0,0,0,0,0,5,0,,67,5,2021,4,39.9419,-75.1511,1613.0,6,0,0,0,0,0,0,0,0,,0,0,0,16,1,1,0,N,0,39 56:30.700,,0,75 09:04.030,4,0,0,0,67301,0,0,0,N,0,0,0,2,67301,1,,1,1,,N,N,N,0,,0,0,0,0,0,,1608,1,2,0,0,1,0,0,3,4,0,2,3,3.0,N,,,,,,,,,,,
2021054020,928.0,0,0,0,1,0,0,0,0,0,4,0,,67,6,2021,6,39.9585,-75.1487,925.0,6,0,0,0,0,0,0,1,0,,0,0,0,9,1,1,1,,0,39 57:30.611,,0,75 08:55.408,3,0,0,0,67301,1,0,0,N,0,0,0,2,67301,0,,1,9,,N,N,N,0,,1,0,0,3,3,,920,1,2,0,0,0,0,0,3,4,1,1,7,4.0,N,,,,,,,,,,,
2021053664,918.0,2,0,0,0,0,0,0,0,0,4,0,,67,6,2021,3,39.9792,-75.1375,911.0,6,0,0,0,0,0,0,0,0,,0,0,0,9,1,1,1,,0,39 58:44.957,,0,75 08:14.888,4,0,0,0,67301,0,0,0,N,0,0,0,2,67301,1,,1,1,,N,N,N,0,,0,0,0,3,2,,908,1,2,0,0,2,0,0,3,4,0,2,3,3.0,N,,,,,,,,,,,
2021055084,728.0,1,0,0,0,0,0,0,0,0,4,0,,67,6,2021,2,40.0242,-75.0955,723.0,6,0,0,0,0,0,1,0,0,,0,0,0,7,1,0,1,,0,40 01:26.990,,0,75 05:43.929,0,0,0,0,67301,0,0,0,N,0,0,0,2,67301,0,,1,1,,N,N,N,0,,0,0,1,3,2,,722,0,2,0,0,0,0,0,3,4,0,2,3,,N,,,,,,,,,,,
2021055087,1530.0,1,0,0,0,0,0,0,0,0,4,0,,67,6,2021,4,39.9566,-75.2419,1530.0,6,0,0,0,0,0,0,0,0,,0,0,0,23,3,1,1,,0,39 57:23.616,,0,75 14:30.782,3,0,0,0,67301,0,0,0,N,0,0,0,2,67301,0,,1,1,,N,N,N,0,,1,0,0,3,2,,2350,1,2,0,0,0,0,0,3,4,0,2,4,,N,,,,,,,,,,,
2021054211,1625.0,0,0,0,0,0,0,0,0,0,1,0,,67,6,2021,7,39.962,-75.1481,1625.0,6,0,0,0,0,0,0,0,0,,0,0,0,16,1,1,0,N,0,39 57:43.200,,0,75 08:53.000,3,0,0,0,67301,0,0,0,N,0,0,0,1,67301,0,,6,1,,N,N,N,0,,1,0,1,0,0,,1625,1,2,0,0,0,0,0,3,4,0,2,3,,N,,,,,,,,,,,
2021075490,959.0,0,0,0,0,0,0,0,0,0,1,0,,67,8,2021,5,39.9636,-75.184,949.0,6,0,0,0,0,0,1,0,0,,0,0,0,9,1,0,0,N,2,39 57:49.054,4.0,0,75 11:02.558,0,0,0,0,67301,0,0,0,N,0,0,0,5,68K01,0,,1,1,20.0,N,N,N,0,,0,0,1,0,0,Y,940,0,3,0,0,0,0,0,3,4,2,3,3,3.0,N,,,,,,,,,,,
2021047642,1524.0,1,0,0,0,0,0,0,0,0,1,0,,67,5,2021,4,40.0097,-75.0653,1436.0,6,0,0,0,1,0,0,0,0,,0,0,0,14,1,0,0,N,0,40 00:34.792,,0,75 03:55.198,0,0,0,0,67301,0,0,0,N,0,0,0,2,68K01,0,,1,1,,N,N,N,0,,0,0,1,3,8,,1432,0,2,0,0,0,0,0,3,4,0,2,3,,N,,,,,,,,,,,
2021048480,2017.0,1,0,0,0,0,0,0,0,0,0,0,,67,5,2021,4,40.0029,-75.0777,2015.0,6,0,0,0,0,0,0,0,0,,0,0,0,20,1,1,0,N,0,40 00:10.413,,3,75 04:39.639,8,0,0,0,67301,0,0,0,N,0,0,0,1,68K01,0,,1,1,,N,N,N,0,,0,0,0,1,8,,2013,1,1,0,0,0,1,0,3,4,0,1,99,,N,,,,,,,,,,,
2021075158,1259.0,0,0,0,0,0,0,0,0,0,1,1,,67,8,2021,3,39.9593,-75.1735,1259.0,6,0,0,0,0,0,0,0,0,,0,1,0,12,1,0,0,N,0,39 57:33.607,,0,75 10:24.606,0,0,0,0,67301,0,0,0,N,0,0,0,4,68K01,0,,1,1,,N,N,N,0,,0,0,1,0,0,,1259,0,2,0,0,0,0,0,3,4,0,2,3,,N,,,,,,,,,,,
2021053644,47.0,2,0,0,0,0,0,0,0,0,4,0,,67,5,2021,5,40.013,-75.1191,29.0,6,0,0,1,0,1,0,0,0,,0,0,0,0,3,1,0,N,0,40 00:46.640,,7,75 07:08.590,3,0,0,0,67301,0,0,0,N,0,0,0,2,67301,0,,1,1,,N,N,N,0,,1,0,0,0,0,,25,1,2,0,0,0,0,0,3,4,0,2,3,3.0,N,,,,,,,,,,,
2021073441,1630.0,2,0,0,0,0,0,0,0,0,4,0,,67,8,2021,6,39.9588,-75.1621,1630.0,6,0,0,0,0,1,0,0,0,,0,0,0,16,1,2,1,,1,39 57:31.716,2.0,0,75 09:43.635,3,0,0,0,67301,0,0,0,N,0,0,0,2,67301,0,,1,1,1710.0,N,N,N,0,,2,0,0,0,0,N,1615,2,2,0,0,0,0,0,3,4,0,2,3,3.0,N,,,,,,,,,,,
2021045622,1710.0,0,0,0,0,0,0,0,0,0,4,0,,67,5,2021,4,39.9959,-75.1697,1707.0,6,0,0,0,0,0,1,0,0,,0,0,0,16,1,1,2,,0,39 59:45.224,,0,75 10:10.961,3,0,0,1,67301,0,0,0,N,0,0,0,2,67301,0,,1,1,,N,N,N,1,,1,0,0,3,3,,1658,1,2,0,0,0,0,0,3,4,0,2,3,3.0,N,,,,,,,,,,,
2021033968,107.0,4,0,0,0,0,0,0,0,0,1,0,,67,4,2021,1,39.9922,-75.2457,107.0,6,0,0,0,0,0,1,0,0,,0,0,0,1,3,2,1,N,1,39 59:32.062,2.0,0,75 14:44.509,3,0,0,0,67301,0,0,0,N,0,0,0,4,46104,0,,1,1,100.0,N,N,N,0,,2,0,0,3,2,N,107,2,4,0,0,0,0,0,3,4,0,4,3,,N,,,,,,,,,,,
2021054109,1811.0,0,0,0,0,0,0,0,0,0,4,0,,67,6,2021,3,40.0092,-75.1578,1809.0,6,0,0,0,0,0,0,0,0,,0,0,0,18,2,3,1,,0,40 00:33.235,,0,75 09:28.008,3,0,0,0,67301,0,0,0,N,0,0,0,6,67301,1,,1,9,,N,N,N,0,,2,0,2,3,3,,1804,3,2,0,0,0,0,1,3,4,0,2,7,,N,,,,,,,,,,,
2021081633,304.0,0,0,0,0,0,0,0,0,0,5,0,,67,8,2021,3,39.969,-75.1271,301.0,6,0,0,0,0,0,0,0,0,,0,0,0,2,3,0,0,N,2,39 58:08.237,1.0,0,75 07:37.483,0,0,0,0,67301,0,0,0,N,0,0,0,1,68K01,0,,4,1,310.0,N,N,N,0,,0,0,0,0,0,N,259,0,1,0,0,0,0,0,3,4,1,1,3,,N,,,,,,,,,,,
2021055079,1541.0,2,0,0,0,0,0,0,0,0,5,0,,67,6,2021,2,39.9157,-75.1522,1540.0,6,0,0,0,0,0,0,0,0,,0,0,0,15,1,0,0,N,0,39 54:56.600,,0,75 09:07.900,9,0,0,0,67301,0,0,0,N,0,0,0,1,67301,0,,6,1,,N,N,N,0,,0,0,1,0,0,,1530,0,3,0,0,0,0,1,3,4,0,3,3,,N,,,,,,,,,,,
2021055240,2135.0,1,0,0,0,0,0,0,0,0,8,0,,67,6,2021,2,39.9952,-75.1122,2130.0,6,0,0,0,0,0,0,0,0,,0,0,0,21,3,1,1,,0,39 59:42.604,,0,75 06:43.950,2,0,0,0,67301,1,0,1,N,1,0,1,2,67301,0,,1,9,,N,N,N,0,,0,1,0,3,2,,2130,1,2,0,0,0,0,0,3,4,0,1,7,,N,,,,,,,,,,,
2021045585,1437.0,1,0,0,0,0,0,0,0,0,4,0,,67,5,2021,4,40.0582,-75.1405,1437.0,6,0,0,0,0,0,0,0,0,,0,0,0,11,1,1,1,,0,40 03:29.584,,0,75 08:25.749,8,0,0,0,67301,0,0,0,N,0,0,0,2,67301,0,,1,99,,N,N,N,1,,0,0,0,3,2,,1100,1,2,0,0,2,1,1,3,4,0,2,3,,N,,,,,,,,,,,
2021050836,830.0,1,0,0,0,0,0,0,0,0,4,0,,67,5,2021,4,39.9914,-75.1225,829.0,6,0,0,0,0,0,0,0,0,,0,0,0,8,1,0,5,,0,39 59:29.212,,1,75 07:21.025,0,0,0,0,67301,0,0,0,N,0,0,0,2,67301,0,,1,1,,N,N,N,0,,0,0,1,3,2,,829,0,2,0,0,0,0,0,3,4,0,2,3,3.0,N,,,,,,,,,,,
2021075263,211.0,5,0,0,0,0,0,0,0,0,5,0,,67,8,2021,3,39.9752,-75.1472,211.0,6,0,0,0,0,0,0,0,0,,0,0,0,2,3,0,0,N,2,39 58:30.890,1.0,0,75 08:50.080,0,0,0,0,67301,0,0,0,N,0,0,0,1,67301,0,,1,1,257.0,N,N,N,0,,0,0,0,0,0,N,211,0,5,0,0,0,0,0,3,4,0,5,3,3.0,N,,,,,,,,,,,
2021046934,1358.0,3,0,0,0,0,0,0,0,0,1,0,,67,5,2021,6,39.9703,-75.2059,1358.0,6,0,0,0,1,0,0,0,0,,0,0,0,13,1,1,1,,0,39 58:13.069,,0,75 12:21.092,3,0,0,0,67301,0,0,0,N,0,0,0,3,67301,0,,1,1,,N,N,N,0,,1,0,0,3,3,,1358,1,3,0,0,1,0,0,3,4,0,3,3,3.0,N,,,,,,,,,,,
2021045685,1152.0,1,0,0,0,0,0,0,0,0,4,0,,67,5,2021,3,39.9826,-75.1794,1147.0,6,0,0,0,0,0,1,0,0,,0,0,0,11,1,1,2,,2,39 58:57.219,1.0,0,75 10:45.732,4,0,0,0,67301,0,0,0,N,0,0,0,2,67301,1,,1,1,1215.0,N,N,N,0,,0,0,1,3,3,Y,1147,1,2,0,0,0,0,0,3,4,0,2,3,3.0,N,,,,,,,,,,,
2021075339,510.0,1,0,0,0,0,0,0,0,0,7,0,,67,8,2021,2,39.9765,-75.135,505.0,6,0,0,0,0,0,0,0,0,,0,0,0,5,3,0,2,N,0,39 58:35.284,,0,75 08:06.143,0,0,0,0,67301,0,0,0,N,0,0,0,1,67301,0,,5,1,,N,N,N,0,,0,0,0,0,0,,500,0,1,0,0,0,0,0,3,4,0,1,3,3.0,N,,,,,,,,,,,
2021073618,116.0,1,0,0,0,0,0,0,0,0,5,0,,67,8,2021,7,40.0341,-75.1289,113.0,6,0,0,0,0,0,0,0,0,,0,0,0,1,3,0,0,N,0,40 02:02.770,,0,75 07:44.200,0,0,0,0,67301,0,0,0,N,0,0,0,2,67301,0,,1,1,,N,N,N,0,,0,0,2,0,0,,108,0,3,0,0,2,0,0,3,4,0,3,3,,N,,,,,,,,,,,
2021075189,1121.0,1,0,0,0,0,0,1,0,0,4,1,,67,7,2021,4,39.9564,-75.2145,1121.0,6,0,0,0,0,0,0,0,0,,0,0,0,11,1,2,1,,0,39 57:22.874,,0,75 12:52.174,8,0,0,0,67301,0,0,0,N,0,0,0,4,67301,0,,1,1,,N,N,N,0,,0,0,1,3,3,,1102,2,3,0,0,0,2,0,3,4,0,3,3,3.0,N,,,,,,,,,,,
2021074589,1346.0,1,0,0,0,0,0,0,0,0,5,2,,67,7,2021,5,39.8827,-75.245,1331.0,6,0,1,0,0,0,0,0,0,,0,2,0,13,1,1,6,N,1,39 52:57.865,2.0,0,75 14:41.838,8,0,0,0,67301,0,0,0,N,0,0,0,4,68K01,0,,1,9,1500.0,N,N,N,0,,0,0,0,0,0,N,1330,1,3,0,0,0,1,0,3,4,0,3,7,,N,,,,,,,,,,,
2021074920,1635.0,1,0,0,0,0,0,0,0,0,1,1,,67,8,2021,2,39.9275,-75.1465,1617.0,6,0,0,0,0,0,0,0,0,,0,1,0,15,1,0,0,N,1,39 55:38.895,1.0,0,75 08:47.291,0,0,0,0,67301,0,0,0,N,0,0,0,2,68K01,0,,1,1,1645.0,N,N,N,0,,0,0,0,0,0,N,1520,0,2,0,0,0,0,0,3,4,0,2,3,,N,,,,,,,,,,,
2021047709,2055.0,1,0,0,1,0,0,0,0,0,4,0,,67,5,2021,6,39.9895,-75.1445,2053.0,6,0,0,0,0,0,0,0,0,,0,0,0,20,3,1,1,,0,39 59:22.207,,0,75 08:40.232,8,0,0,0,67301,1,0,0,N,0,0,0,2,67301,0,,1,1,,N,N,N,0,,0,0,0,3,2,,2047,1,2,0,0,0,1,0,3,4,0,1,3,3.0,N,,,,,,,,,,,
2021075146,853.0,0,0,0,0,0,0,0,0,0,5,0,,67,8,2021,6,39.8989,-75.1786,815.0,6,0,0,0,0,0,0,0,0,,0,0,0,8,1,1,0,N,0,39 53:56.178,,0,75 10:42.788,4,0,0,0,67301,0,0,0,N,0,0,0,2,68K01,1,,1,1,,N,N,N,0,,0,0,1,0,0,,813,1,2,0,0,0,0,1,3,4,0,2,3,,N,,,,,,,,,,,
2021081909,1555.0,2,0,0,0,0,0,0,0,0,5,0,,67,8,2021,5,39.9713,-75.1213,1540.0,6,0,0,0,0,0,0,0,0,,0,0,0,15,1,1,7,N,0,39 58:17.711,,2,75 07:20.181,8,0,0,0,67301,0,0,0,Y,0,0,0,2,68K01,0,,1,1,,N,N,N,0,,0,0,0,0,0,,1539,1,2,0,0,0,1,1,3,4,0,2,3,,N,,,,,,,,,,,
2021053608,1554.0,1,0,0,0,0,0,0,0,0,4,0,,67,6,2021,3,40.0372,-75.053,1545.0,6,0,0,0,0,0,1,0,0,,0,0,0,15,1,1,1,,1,40 02:13.930,1.0,0,75 03:10.828,3,0,0,0,67301,0,0,0,N,0,0,0,3,67301,0,,1,9,1625.0,N,N,N,1,,1,0,0,3,2,Y,1515,1,2,0,0,0,0,1,3,4,0,2,7,7.0,N,,,,,,,,,,,
2021064221,630.0,2,0,0,0,0,0,0,0,0,4,0,,67,6,2021,7,39.8975,-75.2525,1040.0,6,0,0,0,0,0,0,1,0,,0,0,0,22,3,1,1,,0,39 53:51.445,,0,75 15:08.556,3,0,0,0,67301,0,0,0,N,0,0,0,2,67301,0,,1,1,,N,N,N,0,,1,0,0,3,2,,2230,1,2,0,0,0,0,1,3,4,0,2,3,3.0,N,,,,,,,,,,,
2021057465,2044.0,2,0,0,0,0,0,0,0,0,1,0,,67,6,2021,6,40.0366,-75.0645,2044.0,6,0,0,0,0,0,0,0,0,,0,0,0,19,1,2,1,,0,40 02:11.789,,0,75 03:52.061,3,0,0,0,67301,0,0,0,N,0,0,0,4,67301,0,,1,1,,N,N,N,0,,2,0,1,3,2,,1930,2,3,0,0,0,0,0,3,4,0,3,3,3.0,N,,,,,,,,,,,