CRN,ARRIVAL_TM,AUTOMOBILE_COUNT,BELTED_DEATH_COUNT,BELTED_SUSP_SERIOUS_INJ_COUNT,BICYCLE_COUNT,BICYCLE_DEATH_COUNT,BICYCLE_SUSP_SERIOUS_INJ_COUNT,BUS_COUNT,CHLDPAS_DEATH_COUNT,CHLDPAS_SUSP_SERIOUS_INJ_COUNT,COLLISION_TYPE,COMM_VEH_COUNT,CONS_ZONE_SPD_LIM,COUNTY,CRASH_MONTH,CRASH_YEAR,DAY_OF_WEEK,DEC_LAT,DEC_LONG,DISPATCH_TM,DISTRICT,DRIVER_COUNT_16YR,DRIVER_COUNT_17YR,DRIVER_COUNT_18YR,DRIVER_COUNT_19YR,DRIVER_COUNT_20YR,DRIVER_COUNT_50_64YR,DRIVER_COUNT_65_74YR,DRIVER_COUNT_75PLUS,EST_HRS_CLOSED,FATAL_COUNT,HEAVY_TRUCK_COUNT,HORSE_BUGGY_COUNT,HOUR_OF_DAY,ILLUMINATION,INJURY_COUNT,INTERSECT_TYPE,INTERSECTION_RELATED,LANE_CLOSED,LATITUDE,LN_CLOSE_DIR,LOCATION_TYPE,LONGITUDE,MAX_SEVERITY_LEVEL,MCYCLE_DEATH_COUNT,MCYCLE_SUSP_SERIOUS_INJ_COUNT,MOTORCYCLE_COUNT,MUNICIPALITY,NONMOTR_COUNT,NONMOTR_DEATH_COUNT,NONMOTR_SUSP_SERIOUS_INJ_COUNT,NTFY_HIWY_MAINT,PED_COUNT,PED_DEATH_COUNT,PED_SUSP_SERIOUS_INJ_COUNT,PERSON_COUNT,POLICE_AGCY,POSSIBLE_INJ_COUNT,RDWY_SURF_TYPE_CD,RELATION_TO_ROAD,ROAD_CONDITION,ROADWAY_CLEARED,SCH_BUS_IND,SCH_ZONE_IND,SECONDARY_CRASH,SMALL_TRUCK_COUNT,SPEC_JURIS_CD,SUSP_MINOR_INJ_COUNT,SUSP_SERIOUS_INJ_COUNT,SUV_COUNT,TCD_FUNC_CD,TCD_TYPE,TFC_DETOUR_IND,TIME_OF_DAY,TOT_INJ_COUNT,TOTAL_UNITS,UNB_DEATH_COUNT,UNB_SUSP_SERIOUS_INJ_COUNT,UNBELTED_OCC_COUNT,UNK_INJ_DEG_COUNT,UNK_INJ_PER_COUNT,URBAN_AREA,URBAN_RURAL,VAN_COUNT,VEHICLE_COUNT,WEATHER1,WEATHER2,WORK_ZONE_IND,WORK_ZONE_LOC,WORK_ZONE_TYPE,WORKERS_PRES,WZ_CLOSE_DETOUR,WZ_FLAGGER,WZ_LAW_OFFCR_IND,WZ_LN_CLOSURE,WZ_MOVING,WZ_OTHER,WZ_SHLDER_MDN,WZ_WORKERS_INJ_KILLED
2021051933,240.0,2,0,0,0,0,0,0,0,0,1,0,,67,6,2021,2,39.9546,-75.2066,240.0,6,0,0,0,0,0,0,0,0,,0,0,0,2,3,0,0,N,2,39 57:16.633,4.0,0,75 12:23.891,0,0,0,0,67301,0,0,0,N,0,0,0,1,67301,0,,6,1,345.0,N,N,N,0,,0,0,2,0,0,Y,240,0,5,0,0,0,0,0,3,4,1,5,3,3.0,N,,,,,,,,,,,
2021053594,2355.0,2,0,0,0,0,0,0,0,0,4,0,,67,6,2021,3,40.0303,-75.1655,2350.0,6,0,0,0,0,0,0,0,0,,0,0,0,23,3,0,2,,0,40 01:48.932,,0,75 09:55.843,9,0,0,0,67301,0,0,0,N,0,0,0,1,67301,0,,1,9,,N,N,N,0,,0,0,0,3,3,,2311,0,2,0,0,0,0,1,3,4,0,2,4,4.0,N,,,,,,,,,,,
2021057158,1729.0,2,0,0,0,0,0,0,0,0,1,0,,67,6,2021,4,40.0104,-75.0994,1729.0,6,0,0,0,0,0,0,1,0,,0,0,0,19,4,2,1,,0,40 00:37.472,,0,75 05:57.735,8,0,0,0,67301,0,0,0,N,0,0,0,3,67301,0,,1,1,,N,N,N,0,,0,0,0,0,0,,1915,2,2,0,0,0,2,1,3,4,0,2,3,3.0,N,,,,,,,,,,,
2021081279,519.0,1,0,0,0,0,0,0,0,0,7,0,,67,8,2021,1,40.0156,-75.0847,514.0,6,0,0,0,0,0,0,0,0,,0,0,0,5,3,1,0,N,0,40 00:56.019,,0,75 05:05.051,8,0,0,0,67301,0,0,0,N,0,0,0,1,67301,0,,2,1,,N,N,N,0,,0,0,0,9,9,,514,1,1,0,0,0,1,0,3,4,0,1,3,,N,,,,,,,,,,,
2021059123,2010.0,3,0,0,0,0,0,0,0,0,6,0,,67,6,2021,3,40.02,-75.1184,2007.0,6,0,0,0,0,0,0,0,0,,0,0,0,20,3,0,0,N,0,40 01:12.070,,0,75 07:06.390,0,0,0,0,67301,0,0,0,N,0,0,0,1,67301,0,,1,1,,N,N,N,0,,0,0,0,0,0,,2000,0,3,0,0,0,0,0,3,4,0,3,3,3.0,N,,,,,,,,,,,
2021082111,2304.0,1,0,0,0,0,0,0,0,0,5,0,,67,8,2021,1,39.8977,-75.1858,2240.0,6,0,0,0,0,0,0,0,0,,0,0,0,22,3,1,0,N,2,39 53:51.620,1.0,3,75 11:08.803,3,0,0,0,67301,0,0,0,N,0,0,0,2,68K01,0,,1,1,2330.0,N,N,N,0,,1,0,0,0,0,N,2221,1,2,0,0,0,0,1,3,4,0,2,3,3.0,N,,,,,,,,,,,
2021046135,1930.0,2,0,0,0,0,0,0,0,0,5,0,,67,5,2021,3,40.0236,-75.2115,1924.0,6,0,0,0,0,0,0,0,0,,0,0,0,19,1,0,0,N,2,40 01:25.110,2.0,0,75 12:41.350,9,0,0,0,67301,0,0,0,N,0,0,0,1,67301,0,,6,1,2035.0,N,N,N,0,,0,0,1,0,0,Y,1907,0,3,0,0,0,0,1,3,4,0,3,3,3.0,N,,,,,,,,,,,
2021075600,2335.0,2,0,0,0,0,0,0,0,0,1,0,,67,8,2021,7,39.9368,-75.1993,2327.0,6,0,0,0,0,0,1,0,0,,0,0,0,23,3,0,0,N,0,39 56:12.426,,0,75 11:57.443,0,0,0,0,67301,0,0,0,N,0,0,0,5,68K01,0,,1,9,,N,N,N,0,,0,0,1,0,0,,2312,0,3,0,0,0,0,0,3,4,0,3,7,,N,,,,,,,,,,,
2021073825,144.0,2,0,0,0,0,0,0,0,0,5,0,,67,8,2021,6,39.9594,-75.1743,106.0,6,0,0,0,0,0,0,0,0,,0,0,0,0,3,0,0,N,0,39 57:33.981,,0,75 10:27.626,0,0,0,0,67301,0,0,0,N,0,0,0,2,68K01,0,,1,1,,N,N,N,0,,0,0,0,0,0,,53,0,2,0,0,0,0,0,3,4,0,2,3,,N,,,,,,,,,,,
2021073492,744.0,0,0,0,0,0,0,0,0,0,7,0,,67,8,2021,6,40.0486,-74.9986,723.0,6,0,0,0,0,0,1,0,0,,0,0,0,7,1,0,6,N,0,40 02:55.073,,2,74 59:54.825,0,0,0,0,67301,0,0,0,Y,0,0,0,1,68K01,0,,2,1,,N,N,N,1,,0,0,0,0,0,,720,0,1,0,0,0,0,0,3,4,0,1,3,,N,,,,,,,,,,,
2021045934,2112.0,2,0,0,0,0,0,0,0,0,4,0,,67,5,2021,5,39.9787,-75.1578,2112.0,6,0,0,0,0,0,0,0,0,,0,0,0,21,3,0,1,,1,39 58:43.293,5.0,0,75 09:28.577,0,0,0,0,67301,0,0,0,N,0,0,0,3,67505,0,,1,1,2118.0,N,N,N,0,,0,0,0,3,2,N,2110,0,2,0,0,0,0,0,3,4,0,2,3,,N,,,,,,,,,,,
2021074765,1814.0,0,0,0,0,0,0,0,0,0,4,0,,67,7,2021,5,39.9568,-75.1535,1757.0,6,0,0,0,0,0,0,0,0,,0,0,0,17,1,0,0,N,1,39 57:24.528,3.0,0,75 09:12.544,0,0,0,0,67301,0,0,0,N,0,0,0,3,68K01,0,,1,9,1820.0,N,N,N,0,,0,0,2,0,0,Y,1750,0,2,0,0,0,0,0,3,4,0,2,3,,N,,,,,,,,,,,
2021074578,1056.0,4,0,0,0,0,0,0,0,0,1,0,,67,8,2021,2,39.9583,-75.1655,1044.0,6,0,0,0,0,0,1,3,0,,0,0,0,10,1,1,0,N,2,39 57:29.987,4.0,0,75 09:55.623,8,0,0,0,67301,0,0,0,N,0,0,0,5,68K01,0,,1,1,20.0,N,N,N,0,,0,0,0,0,0,Y,1041,1,4,0,0,0,1,0,3,4,0,4,3,3.0,N,,,,,,,,,,,
2021074352,807.0,0,0,0,0,0,0,0,0,0,1,0,,67,8,2021,3,40.0595,-75.0694,803.0,6,0,0,0,0,0,0,1,0,,0,0,0,7,1,1,0,N,0,40 03:34.070,,0,75 04:09.660,3,0,0,0,67301,0,0,0,N,0,0,0,1,67301,0,,1,1,,N,N,N,0,,1,0,2,0,0,,734,1,2,0,0,0,0,0,3,4,0,2,3,3.0,N,,,,,,,,,,,
2021055483,1936.0,2,0,0,0,0,0,0,0,0,6,0,,67,6,2021,3,39.9719,-75.2234,1936.0,6,0,0,0,0,0,0,0,0,,0,0,0,19,1,3,0,N,0,39 58:18.990,,0,75 13:24.360,3,0,0,0,67301,0,0,0,N,0,0,0,4,67301,0,,1,1,,N,N,N,0,,3,0,0,0,0,,1935,3,2,0,0,3,0,0,3,4,0,2,3,3.0,N,,,,,,,,,,,
2021056727,2344.0,0,0,0,0,0,0,0,0,0,7,0,,67,6,2021,4,39.9516,-75.141,2338.0,6,0,0,0,0,0,0,0,0,,0,0,0,23,3,0,0,N,2,39 57:05.820,1.0,0,75 08:27.615,0,0,0,0,67301,0,0,0,N,0,0,0,1,68K01,0,,4,1,10.0,N,N,N,0,,0,0,1,0,0,N,2331,0,1,0,0,0,0,0,3,4,0,1,3,,N,,,,,,,,,,,
2021081600,1147.0,1,0,0,0,0,0,0,0,0,1,0,,67,8,2021,5,39.9767,-75.1965,1140.0,6,0,0,0,0,0,1,0,0,,0,0,0,11,1,0,0,N,0,39 58:36.126,,0,75 11:47.230,0,0,0,0,67301,0,0,0,N,0,0,0,2,68K01,0,,1,1,,N,N,N,0,,0,0,1,3,8,,1138,0,2,0,0,0,0,0,3,4,0,2,3,,N,,,,,,,,,,,
2021053562,1657.0,1,0,0,0,0,0,0,0,0,4,0,,67,6,2021,3,40.0382,-75.0809,1651.0,6,0,0,1,0,0,0,0,0,,0,0,0,16,1,1,1,,0,40 02:17.620,,0,75 04:51.106,8,0,0,0,67301,0,0,0,N,0,0,0,2,67301,0,,1,9,,N,N,N,0,,0,0,1,3,3,,1651,1,2,0,0,0,1,0,3,4,0,2,7,,N,,,,,,,,,,,
2021081877,248.0,1,0,0,0,0,0,0,0,0,7,0,,67,8,2021,7,39.9949,-75.1983,241.0,6,0,0,0,0,0,0,0,0,,0,0,0,2,3,1,0,N,0,39 59:41.652,,0,75 11:53.752,4,0,0,0,67301,0,0,0,N,0,0,0,3,68K01,1,,4,1,,N,N,N,0,,0,0,0,0,0,,239,1,1,0,0,2,0,0,3,4,0,1,3,,N,,,,,,,,,,,
2021060030,1157.0,0,0,0,0,0,0,0,0,0,8,0,,67,6,2021,6,39.9964,-75.1135,1147.0,6,0,0,0,0,0,0,0,0,,0,0,0,11,1,1,5,,0,39 59:47.175,,1,75 06:48.425,8,0,0,0,67301,1,0,0,N,1,0,0,2,67508,0,,1,1,,N,N,Y,0,,0,0,0,3,2,,1147,1,2,0,0,0,1,0,3,4,0,1,3,3.0,N,,,,,,,,,,,
2021073838,2259.0,1,0,0,0,0,0,0,0,0,8,0,,67,8,2021,5,39.957,-75.2255,2257.0,6,0,0,0,0,0,0,0,0,,0,0,0,22,3,1,1,,0,39 57:25.067,,0,75 13:31.807,3,0,0,0,67301,1,0,0,N,1,0,0,2,67301,0,,1,1,,N,N,N,0,,1,0,0,3,2,,2255,1,2,0,0,0,0,0,3,4,0,1,3,3.0,N,,,,,,,,,,,
2021074393,1526.0,1,0,0,0,0,0,0,0,0,1,0,,67,8,2021,3,39.9426,-75.1935,1509.0,6,0,0,1,0,0,0,0,0,,0,0,0,15,1,0,0,N,1,39 56:33.377,3.0,0,75 11:36.500,0,0,0,0,67301,0,0,0,N,0,0,0,3,68K01,0,,1,1,1545.0,N,N,N,0,,0,0,2,0,0,N,1507,0,3,0,0,1,0,0,3,4,0,3,3,,N,,,,,,,,,,,
2021045943,1051.0,2,0,0,0,0,0,0,0,0,1,0,,67,5,2021,3,39.9579,-75.1623,1051.0,6,0,0,0,0,0,0,0,0,,0,0,0,10,1,0,1,,0,39 57:29.007,,3,75 09:44.230,0,0,0,0,67301,0,0,0,N,0,0,0,4,67301,0,,1,1,,N,N,N,0,,0,0,0,3,2,,1051,0,2,0,0,3,0,0,3,4,0,2,3,3.0,N,,,,,,,,,,,
2021046054,1805.0,1,0,0,0,0,0,0,0,0,4,0,,67,5,2021,3,40.0148,-75.2064,1754.0,6,0,0,0,0,1,0,0,0,,0,0,0,17,1,2,1,,0,40 00:53.458,,2,75 12:23.372,8,0,0,0,67301,0,0,0,N,0,0,0,3,67301,0,,1,1,,N,N,N,0,,0,0,1,3,3,,1745,2,2,0,0,0,2,0,3,4,0,2,3,3.0,N,,,,,,,,,,,
2021073583,1834.0,0,0,0,0,0,0,0,0,0,0,0,,67,8,2021,6,39.9678,-75.1898,1827.0,6,0,0,0,0,0,0,0,0,,0,0,0,18,1,0,0,N,2,39 58:04.184,4.0,0,75 11:23.336,0,0,0,0,67301,0,0,0,N,0,0,0,1,68K01,0,,1,1,743.0,N,N,N,0,,0,0,1,0,0,N,1823,0,1,0,0,0,0,0,3,4,0,1,3,,N,,,,,,,,,,,
2021073552,2000.0,1,0,0,0,0,0,0,0,0,4,1,,67,7,2021,5,39.9882,-75.2327,1945.0,6,0,0,0,0,0,1,0,0,,0,1,0,18,6,1,0,N,0,39 59:17.350,,7,75 13:57.690,3,0,0,0,67301,0,0,0,N,0,0,0,2,67301,0,,1,1,,N,N,N,0,,1,0,0,3,2,,1827,1,2,0,0,0,0,0,3,4,0,2,3,98.0,N,,,,,,,,,,,
2021075380,18.0,2,0,0,0,0,0,0,0,0,4,0,,67,8,2021,6,40.0299,-75.1031,14.0,6,0,0,0,0,0,0,0,0,,0,0,0,0,3,0,2,,0,40 01:47.679,,0,75 06:11.073,9,0,0,0,67301,0,0,0,N,0,0,0,2,67301,0,,1,1,,N,N,N,0,,0,0,0,3,2,,9,0,2,0,0,0,0,1,3,4,0,2,3,3.0,N,,,,,,,,,,,
2021075613,1213.0,1,0,0,0,0,0,0,0,0,1,1,,67,8,2021,5,40.0035,-75.1952,1204.0,6,0,0,0,0,0,1,0,0,,0,0,0,12,1,1,6,N,2,40 00:12.779,3.0,2,75 11:42.771,8,0,0,0,67301,0,0,0,N,0,0,0,2,68K01,0,,1,1,15.0,N,N,N,1,,0,0,0,0,0,Y,1202,1,2,0,0,0,1,0,3,4,0,2,3,3.0,N,,,,,,,,,,,
2021074831,1203.0,1,0,0,0,0,0,0,0,0,7,0,,67,8,2021,3,40.0564,-75.1971,2350.0,6,0,0,0,0,0,0,0,0,,0,0,0,23,3,0,3,,0,40 03:22.927,,0,75 11:49.613,0,0,0,0,67301,0,0,0,N,0,0,0,0,67301,0,,4,9,,N,N,N,0,,0,0,0,0,0,,2348,0,1,0,0,0,0,0,3,4,0,1,3,,N,,,,,,,,,,,
2021045548,1525.0,0,0,0,0,0,0,0,0,0,1,0,,67,5,2021,3,39.9579,-75.1625,1500.0,6,0,0,0,0,0,0,0,0,,0,0,0,14,1,3,0,N,0,39 57:28.316,,0,75 09:44.918,8,0,0,0,67301,0,0,0,N,0,0,0,6,68K01,0,,1,1,,N,N,N,0,,0,0,2,0,0,,1432,3,2,0,0,0,3,0,3,4,0,2,3,3.0,N,,,,,,,,,,,
2021075654,1740.0,1,0,0,0,0,0,0,0,0,5,0,,67,8,2021,4,39.9197,-75.1789,1735.0,6,0,0,0,0,0,0,0,0,,0,0,0,17,1,1,0,N,0,39 55:10.760,,0,75 10:44.090,3,0,0,0,67301,1,0,0,N,0,0,0,2,67301,0,,1,1,,N,N,N,0,,1,0,1,3,3,,1730,1,2,0,0,0,0,0,3,4,0,2,3,3.0,N,,,,,,,,,,,
2021046142,1652.0,1,0,0,0,0,0,0,0,0,5,0,,67,5,2021,5,39.9136,-75.227,1645.0,6,0,0,0,0,0,0,0,0,,0,0,0,8,1,1,0,N,0,39 54:49.000,,0,75 13:37.300,3,0,0,0,67301,0,0,0,N,0,0,0,2,67301,0,,1,1,,N,N,N,0,,1,0,1,0,0,,830,1,2,0,0,0,0,0,3,4,0,2,3,3.0,N,,,,,,,,,,,
2021047707,5.0,0,0,0,0,0,0,0,0,0,8,0,,67,5,2021,3,39.9487,-75.2272,5.0,6,0,0,0,0,0,0,0,0,,0,0,0,21,3,1,0,N,0,39 56:55.295,,0,75 13:38.002,2,0,0,0,67301,1,0,1,N,1,0,1,3,67301,0,,1,1,,N,N,N,0,,0,1,0,0,0,,2141,1,3,0,0,0,0,2,3,4,0,2,3,3.0,N,,,,,,,,,,,
2021074019,2040.0,1,0,0,0,0,0,0,0,0,4,0,,67,8,2021,1,40.0564,-75.0128,2035.0,6,0,0,0,0,0,1,0,0,,0,0,0,20,4,1,1,,0,40 03:23.098,,0,75 00:46.082,3,0,0,0,67301,0,0,0,N,0,0,0,4,67301,0,,1,1,,N,N,N,0,,1,0,1,3,2,,2032,1,2,0,0,0,0,0,3,4,0,2,3,3.0,N,,,,,,,,,,,
2021075353,310.0,2,0,0,0,0,0,0,0,0,1,0,,67,8,2021,1,40.028,-75.1102,310.0,6,0,0,0,0,0,1,0,0,,0,0,0,5,5,2,0,N,9,40 01:40.744,,0,75 06:36.833,3,0,0,0,67301,0,0,0,N,0,0,0,2,67301,0,,1,1,,N,N,N,0,,2,0,0,0,0,U,500,2,2,0,0,0,0,0,3,4,0,2,3,,N,,,,,,,,,,,
2021046954,40.0,1,0,0,0,0,0,0,0,0,7,0,,67,5,2021,3,39.9653,-75.1344,32.0,6,0,0,0,0,0,0,0,0,,0,0,0,18,3,0,3,,0,39 57:55.194,,0,75 08:03.835,0,0,0,0,67301,0,0,0,N,0,0,0,1,67301,0,,4,1,,N,N,N,0,,0,0,0,0,0,,1813,0,1,0,0,0,0,0,3,4,0,1,3,3.0,N,,,,,,,,,,,
2021073395,107.0,1,0,0,0,0,0,0,0,0,8,0,,67,8,2021,7,40.0231,-75.158,107.0,6,0,0,0,0,0,0,0,0,,0,0,0,1,3,1,0,N,0,40 01:23.220,,0,75 09:28.840,3,0,0,0,67301,1,0,0,N,1,0,0,1,67301,0,,5,1,,N,N,N,0,,1,0,0,0,0,,104,1,2,0,0,0,0,0,3,4,0,1,3,3.0,N,,,,,,,,,,,
2021045952,1910.0,2,0,0,0,0,0,0,0,0,1,0,,67,5,2021,5,40.0299,-75.1533,1910.0,6,0,0,0,0,0,1,0,0,,0,0,0,14,1,1,5,,0,40 01:47.773,,0,75 09:11.764,4,0,0,0,67301,0,0,0,N,0,0,0,2,67301,1,,1,99,,N,N,N,0,,0,0,0,3,2,,1440,1,2,0,0,2,0,1,3,4,0,2,3,,N,,,,,,,,,,,
2021046063,616.0,1,0,0,0,0,0,0,0,0,4,0,,67,5,2021,5,40.0272,-75.1512,612.0,6,0,0,0,0,0,0,0,0,,0,0,0,6,1,0,1,,0,40 01:37.898,,0,75 09:04.471,9,0,0,0,67301,0,0,0,N,0,0,0,3,67301,0,,1,1,,N,N,N,0,,0,0,1,3,2,,602,0,2,0,0,0,0,3,3,4,0,2,3,3.0,N,,,,,,,,,,,
2021046284,2015.0,1,0,0,0,0,0,0,0,0,4,0,,67,5,2021,5,39.9226,-75.1852,2002.0,6,0,0,0,0,0,0,0,0,,0,0,0,19,4,0,1,,0,39 55:21.529,,0,75 11:06.627,0,0,0,0,67301,0,0,0,N,0,0,0,2,67301,0,,1,1,,N,N,N,0,,0,0,1,3,2,,1955,0,2,0,0,0,0,0,3,4,0,2,3,,N,,,,,,,,,,,
2021074703,1140.0,1,0,0,0,0,0,0,0,0,4,0,,67,8,2021,1,40.0492,-75.1458,1140.0,6,0,0,0,0,0,0,0,1,,0,0,0,9,1,0,2,,9,40 02:56.947,,0,75 08:44.966,9,0,0,0,67301,0,0,0,N,0,0,0,2,67301,0,,1,99,,N,N,N,0,,0,0,1,0,0,U,900,0,2,0,0,0,0,1,3,4,0,2,3,98.0,N,,,,,,,,,,,
2021050367,2008.0,2,0,0,0,0,0,0,0,0,4,0,,67,5,2021,3,40.0163,-75.0778,2007.0,6,0,0,0,0,0,0,0,0,,0,0,0,20,3,1,1,,0,40 00:58.525,,0,75 04:40.206,4,0,0,0,67301,0,0,0,N,0,0,0,4,67301,1,,1,1,,N,N,N,0,,0,0,0,3,3,,2005,1,2,0,0,0,0,0,3,4,0,2,3,3.0,N,,,,,,,,,,,
2021048484,942.0,0,0,0,0,0,0,0,0,0,1,0,,67,5,2021,5,39.9601,-75.1794,941.0,6,0,0,0,0,0,0,0,0,,0,0,0,9,1,0,0,N,1,39 57:36.245,4.0,0,75 10:45.819,0,0,0,0,67301,0,0,0,N,0,0,0,3,68K01,0,,1,1,1030.0,N,N,N,0,,0,0,1,0,0,N,937,0,2,0,0,0,0,0,3,4,1,2,3,,N,,,,,,,,,,,
2021074304,124.0,0,0,0,0,0,0,0,0,0,1,1,,67,8,2021,3,39.9825,-75.2469,119.0,6,0,0,0,0,0,1,0,0,,0,1,0,1,3,2,0,N,1,39 58:57.164,1.0,0,75 14:48.660,3,0,0,0,67301,0,0,0,N,0,0,0,2,67301,0,,6,1,226.0,N,N,N,0,,2,0,1,0,0,N,117,2,2,0,0,0,0,0,3,4,0,2,3,3.0,N,,,,,,,,,,,
2021047244,2206.0,0,0,0,0,0,0,0,0,0,5,0,,67,5,2021,6,40.0912,-74.9768,2200.0,6,0,0,0,0,1,1,0,0,,0,0,0,22,3,0,0,N,1,40 05:28.418,4.0,0,74 58:36.562,0,0,0,0,67301,0,0,0,N,0,0,0,2,67301,0,,1,1,2320.0,N,N,N,1,,0,0,1,0,0,N,2200,0,2,0,0,0,0,0,3,4,0,2,3,3.0,N,,,,,,,,,,,
2021046180,2045.0,0,0,0,1,0,0,0,0,0,4,0,,67,5,2021,4,40.0051,-75.1826,2033.0,6,0,0,0,0,0,0,0,0,,0,0,0,20,3,1,1,,0,40 00:18.260,,0,75 10:57.380,3,0,0,0,67301,1,0,0,N,0,0,0,2,67301,0,,1,1,,N,N,N,0,,1,0,1,0,0,,2020,1,2,0,0,0,0,0,3,4,0,1,3,3.0,N,,,,,,,,,,,
2021050211,235.0,1,0,0,0,0,0,0,0,0,4,0,,67,5,2021,6,40.0537,-75.1414,225.0,6,0,0,0,0,0,0,0,0,,0,0,0,2,3,0,1,,0,40 03:12.905,,0,75 08:29.228,9,0,0,0,67301,0,0,0,N,0,0,0,2,67301,0,,1,1,,N,N,N,0,,0,0,1,3,2,,218,0,2,0,0,1,0,1,3,4,0,2,3,,N,,,,,,,,,,,
2021076626,3.0,1,0,0,0,0,0,0,0,0,1,0,,67,8,2021,2,40.0574,-75.1747,3.0,6,0,0,0,1,0,1,0,0,,0,0,0,23,3,2,0,N,0,40 03:26.608,,0,75 10:28.900,3,0,0,0,67301,0,0,0,N,0,0,0,4,67301,0,,1,1,,N,N,N,0,,2,0,1,0,0,,2300,2,3,0,0,0,0,1,3,4,0,3,3,,N,,,,,,,,,,,
2021046061,530.0,2,0,0,0,0,0,0,0,0,4,0,,67,5,2021,3,40.0575,-75.1493,528.0,6,0,0,0,0,0,0,0,1,,0,0,0,5,1,1,1,,0,40 03:27.090,,0,75 08:57.418,3,0,0,0,67301,0,0,0,N,0,0,0,3,67301,0,,1,1,,N,N,N,0,,1,0,0,3,2,,528,1,2,0,0,1,0,0,3,4,0,2,3,,N,,,,,,,,,,,
2021045422,1747.0,2,0,0,0,0,0,0,0,0,1,0,,67,5,2021,3,40.0842,-75.048,1747.0,6,0,0,0,0,0,0,0,0,,0,0,0,17,1,1,0,N,0,40 05:03.150,,0,75 02:52.970,3,0,0,0,67301,0,0,0,N,0,0,0,1,67301,0,,6,1,,N,N,N,1,,1,0,1,0,0,,1745,1,4,0,0,0,0,0,3,4,0,4,3,,N,,,,,,,,,,,
2021075354,1805.0,1,0,0,0,0,0,0,0,0,8,0,,67,8,2021,5,40.0808,-75.0286,1804.0,6,0,0,0,0,0,0,0,0,,0,0,0,18,1,1,1,N,0,40 04:51.077,,0,75 01:43.585,3,0,0,0,67301,1,0,0,N,1,0,0,2,67301,0,,1,1,,N,N,N,0,,1,0,0,9,2,,1803,1,2,0,0,0,0,0,3,4,0,1,3,3.0,N,,,,,,,,,,,
2021045300,1148.0,1,0,0,0,0,0,0,0,0,1,0,,67,5,2021,4,39.9556,-75.1895,1147.0,6,0,0,0,0,0,1,1,0,,0,0,0,11,1,1,1,,0,39 57:20.049,,0,75 11:22.152,3,0,0,0,67301,0,0,0,N,0,0,0,4,67507,0,,1,1,,N,N,N,0,,1,0,2,3,2,,1145,1,3,0,0,1,0,0,3,4,0,3,3,3.0,N,,,,,,,,,,,
2021053643,1720.0,2,0,0,0,0,0,0,0,0,4,0,,67,5,2021,3,40.0,-75.1531,1704.0,6,0,0,0,0,0,0,0,0,,0,0,0,17,1,2,1,,1,39 59:59.964,1.0,0,75 09:11.322,4,0,0,0,67301,0,0,0,N,0,0,0,2,67301,2,,1,1,1935.0,N,N,N,0,,0,0,0,3,2,Y,1703,2,2,0,0,0,0,0,3,4,0,2,3,,N,,,,,,,,,,,
2021075117,1437.0,0,0,0,0,0,0,0,0,0,8,1,,67,8,2021,5,40.0787,-74.9985,1433.0,6,0,0,0,0,0,1,0,0,,1,1,0,14,1,0,2,,2,40 04:43.744,2.0,0,74 59:54.869,1,0,0,0,67301,1,1,0,N,1,1,0,2,67301,0,2.0,1,1,1622.0,N,N,N,0,0.0,0,0,0,3,2,Y,1430,0,2,0,0,1,0,0,3,4,0,1,3,3.0,N,,,,,,,,,,,
2021046652,2327.0,0,0,0,0,0,0,0,0,0,1,0,,67,5,2021,5,39.9595,-75.1744,2316.0,6,0,0,0,0,0,1,0,0,,0,0,0,22,3,0,0,N,1,39 57:34.021,4.0,0,75 10:27.943,0,0,0,0,67301,0,0,0,N,0,0,0,2,68K01,0,,1,1,2340.0,N,N,N,0,,0,0,1,0,0,N,2258,0,2,0,0,0,0,0,3,4,1,2,3,3.0,N,,,,,,,,,,,
2021075492,1635.0,0,0,0,0,0,0,0,0,0,7,0,,67,8,2021,5,40.0459,-75.0018,1600.0,6,0,0,0,0,0,0,0,0,,0,0,0,15,1,0,7,N,0,40 02:45.339,,2,75 00:06.539,9,0,0,0,67301,0,0,0,Y,0,0,0,1,68K01,0,,2,1,,N,N,N,0,,0,0,1,0,0,,1556,0,1,0,0,0,0,1,3,4,0,1,3,,N,,,,,,,,,,,
2021074376,1951.0,1,0,0,0,0,0,0,0,0,4,0,,67,7,2021,6,39.9577,-75.1606,1933.0,6,0,0,0,0,0,0,0,0,,0,0,0,19,1,1,0,N,1,39 57:27.761,4.0,0,75 09:38.324,8,0,0,0,67301,0,0,0,N,0,0,0,5,68K01,0,,1,1,2000.0,N,N,N,0,,0,0,1,0,0,N,1929,1,2,0,0,0,1,0,3,4,0,2,3,3.0,N,,,,,,,,,,,
2021075144,1210.0,1,0,0,0,0,0,0,0,0,4,0,,67,8,2021,4,39.9731,-75.1937,1210.0,6,0,0,0,0,0,0,0,0,,0,0,0,12,1,0,0,N,0,39 58:23.023,,0,75 11:37.418,9,0,0,0,67301,0,0,0,N,0,0,0,2,68K01,0,,1,1,,N,N,N,0,,0,0,0,0,0,,1210,0,2,0,0,0,0,1,3,4,0,2,3,,N,,,,,,,,,,,
2021050208,632.0,0,0,0,0,0,0,0,0,0,4,0,,67,5,2021,6,39.9885,-75.1607,631.0,6,0,0,0,0,0,0,0,0,,0,0,0,6,5,2,1,,0,39 59:18.582,,0,75 09:38.617,3,0,0,0,67301,0,0,0,N,0,0,0,2,67301,0,,1,1,,N,N,N,0,,2,0,2,3,2,,629,2,2,0,0,1,0,0,3,4,0,2,3,4.0,N,,,,,,,,,,,