CRN,ARRIVAL_TM,AUTOMOBILE_COUNT,BELTED_DEATH_COUNT,BELTED_SUSP_SERIOUS_INJ_COUNT,BICYCLE_COUNT,BICYCLE_DEATH_COUNT,BICYCLE_SUSP_SERIOUS_INJ_COUNT,BUS_COUNT,CHLDPAS_DEATH_COUNT,CHLDPAS_SUSP_SERIOUS_INJ_COUNT,COLLISION_TYPE,COMM_VEH_COUNT,CONS_ZONE_SPD_LIM,COUNTY,CRASH_MONTH,CRASH_YEAR,DAY_OF_WEEK,DEC_LAT,DEC_LONG,DISPATCH_TM,DISTRICT,DRIVER_COUNT_16YR,DRIVER_COUNT_17YR,DRIVER_COUNT_18YR,DRIVER_COUNT_19YR,DRIVER_COUNT_20YR,DRIVER_COUNT_50_64YR,DRIVER_COUNT_65_74YR,DRIVER_COUNT_75PLUS,EST_HRS_CLOSED,FATAL_COUNT,HEAVY_TRUCK_COUNT,HORSE_BUGGY_COUNT,HOUR_OF_DAY,ILLUMINATION,INJURY_COUNT,INTERSECT_TYPE,INTERSECTION_RELATED,LANE_CLOSED,LATITUDE,LN_CLOSE_DIR,LOCATION_TYPE,LONGITUDE,MAX_SEVERITY_LEVEL,MCYCLE_DEATH_COUNT,MCYCLE_SUSP_SERIOUS_INJ_COUNT,MOTORCYCLE_COUNT,MUNICIPALITY,NONMOTR_COUNT,NONMOTR_DEATH_COUNT,NONMOTR_SUSP_SERIOUS_INJ_COUNT,NTFY_HIWY_MAINT,PED_COUNT,PED_DEATH_COUNT,PED_SUSP_SERIOUS_INJ_COUNT,PERSON_COUNT,POLICE_AGCY,POSSIBLE_INJ_COUNT,RDWY_SURF_TYPE_CD,RELATION_TO_ROAD,ROAD_CONDITION,ROADWAY_CLEARED,SCH_BUS_IND,SCH_ZONE_IND,SECONDARY_CRASH,SMALL_TRUCK_COUNT,SPEC_JURIS_CD,SUSP_MINOR_INJ_COUNT,SUSP_SERIOUS_INJ_COUNT,SUV_COUNT,TCD_FUNC_CD,TCD_TYPE,TFC_DETOUR_IND,TIME_OF_DAY,TOT_INJ_COUNT,TOTAL_UNITS,UNB_DEATH_COUNT,UNB_SUSP_SERIOUS_INJ_COUNT,UNBELTED_OCC_COUNT,UNK_INJ_DEG_COUNT,UNK_INJ_PER_COUNT,URBAN_AREA,URBAN_RURAL,VAN_COUNT,VEHICLE_COUNT,WEATHER1,WEATHER2,WORK_ZONE_IND,WORK_ZONE_LOC,WORK_ZONE_TYPE,WORKERS_PRES,WZ_CLOSE_DETOUR,WZ_FLAGGER,WZ_LAW_OFFCR_IND,WZ_LN_CLOSURE,WZ_MOVING,WZ_OTHER,WZ_SHLDER_MDN,WZ_WORKERS_INJ_KILLED
2021047527,836.0,1,0,0,0,0,0,0,0,0,4,0,,67,5,2021,2,40.0226,-75.1573,836.0,6,0,0,0,0,0,1,0,0,,0,0,0,8,1,0,2,,2,40 01:21.357,3.0,0,75 09:26.231,0,0,0,0,67301,0,0,0,N,0,0,0,2,67301,0,,1,1,901.0,N,N,N,0,,0,0,1,3,3,N,835,0,2,0,0,0,0,0,3,4,0,2,3,,N,,,,,,,,,,,
2021049342,1649.0,2,0,0,0,0,0,0,0,0,4,0,,67,5,2021,7,40.0517,-75.153,1649.0,6,0,0,0,1,0,0,0,0,,0,0,0,16,1,0,1,,0,40 03:06.267,,0,75 09:10.785,9,0,0,0,67301,0,0,0,N,0,0,0,3,67301,0,,1,9,,N,N,N,0,,0,0,0,3,2,,1600,0,2,0,0,0,0,1,3,4,0,2,7,7.0,N,,,,,,,,,,,
2021047833,835.0,2,0,0,0,0,0,0,0,0,4,0,,67,5,2021,3,39.972,-75.2411,833.0,6,0,0,0,0,1,0,0,0,,0,0,0,6,1,1,2,,0,39 58:19.037,,0,75 14:28.003,3,0,0,0,67301,0,0,0,N,0,0,0,2,67301,0,,1,1,,N,N,N,0,,1,0,0,3,3,,640,1,2,0,0,1,0,0,3,4,0,2,4,3.0,N,,,,,,,,,,,
2021048654,749.0,0,0,0,0,0,0,0,0,0,8,0,,67,5,2021,5,40.0301,-75.0352,739.0,6,0,0,0,0,0,0,0,0,,0,0,0,7,1,1,1,,0,40 01:48.464,,0,75 02:06.579,3,0,0,0,67301,1,0,0,N,1,0,0,2,67301,0,,1,1,,N,Y,N,0,,1,0,1,3,2,,732,1,2,0,0,1,0,0,3,4,0,1,3,3.0,N,,,,,,,,,,,
2021049178,815.0,0,0,0,0,0,0,0,0,0,4,0,,67,5,2021,1,40.0229,-75.137,804.0,6,0,0,0,0,0,2,0,0,,0,0,0,7,1,0,1,,0,40 01:22.558,,0,75 08:13.196,0,0,0,0,67301,0,0,0,N,0,0,0,2,67301,0,,1,1,,N,N,N,1,,0,0,1,3,2,,721,0,2,0,0,2,0,0,3,4,0,2,3,,N,,,,,,,,,,,
2021048871,1750.0,1,0,0,0,0,0,0,0,0,4,0,,67,5,2021,5,39.9405,-75.2264,1742.0,6,0,0,0,0,0,0,0,0,,0,0,0,17,1,1,1,,0,39 56:25.681,,0,75 13:34.975,8,0,0,1,67301,0,0,0,N,0,0,0,3,67301,0,,1,1,,N,N,N,0,,0,0,0,0,0,,1740,1,2,0,0,0,1,0,3,4,0,2,3,3.0,N,,,,,,,,,,,
2021077890,1542.0,0,0,0,0,0,0,0,0,0,0,1,,67,8,2021,5,40.0181,-75.0472,1522.0,6,0,0,0,0,0,0,0,0,,0,1,0,15,1,0,0,N,2,40 01:05.164,5.0,0,75 02:50.043,0,0,0,0,67301,0,0,0,N,0,0,0,1,67301,0,,1,1,1900.0,N,N,N,0,,0,0,0,0,0,Y,1520,0,1,0,0,0,0,0,3,4,0,1,3,3.0,N,,,,,,,,,,,
2021046931,1118.0,0,0,0,0,0,0,0,0,0,5,0,,67,5,2021,7,40.0014,-75.0655,1111.0,6,0,0,0,0,0,0,0,0,,0,0,0,11,1,0,0,N,0,40 00:04.978,,0,75 03:55.798,0,0,0,0,67301,0,0,0,N,0,0,0,1,67301,0,,6,1,,N,N,N,1,,0,0,0,0,0,,1105,0,2,0,0,0,0,0,3,4,1,2,3,3.0,N,,,,,,,,,,,
2021073599,25.0,1,0,0,0,0,0,0,0,0,1,0,,67,7,2021,5,39.9553,-75.212,10.0,6,0,0,1,0,0,1,0,0,,0,0,0,23,3,0,0,N,1,39 57:19.057,4.0,0,75 12:43.233,0,0,0,0,67301,0,0,0,N,0,0,0,2,67301,0,,1,9,100.0,N,N,N,0,,0,0,1,0,0,N,2330,0,2,0,0,0,0,0,3,4,0,2,7,7.0,N,,,,,,,,,,,
2021046947,1945.0,1,0,0,0,0,0,0,0,0,4,0,,67,5,2021,4,39.9894,-75.1802,1945.0,6,0,0,0,0,0,1,0,0,,0,0,0,19,1,1,1,,0,39 59:21.798,,0,75 10:48.872,3,0,0,0,67301,0,0,0,N,0,0,0,3,67301,0,,1,1,,N,N,N,1,,1,0,0,3,2,,1945,1,2,0,0,0,0,0,3,4,0,2,3,3.0,N,,,,,,,,,,,
2021048103,945.0,1,0,0,0,0,0,0,0,0,4,0,,67,5,2021,3,40.0149,-75.0802,933.0,6,0,0,1,0,0,1,0,0,,0,0,0,9,1,1,1,,2,40 00:53.534,4.0,0,75 04:48.745,3,0,0,0,67301,0,0,0,N,0,0,0,2,67301,0,,1,1,952.0,N,N,N,0,,1,0,1,3,3,Y,930,1,2,0,0,0,0,0,3,4,0,2,3,,N,,,,,,,,,,,
2021074999,1719.0,2,0,0,0,0,0,0,0,0,2,0,,67,8,2021,4,40.0189,-75.0726,1716.0,6,0,0,0,0,0,0,0,0,,0,0,0,17,1,0,2,,0,40 01:08.034,,0,75 04:21.383,0,0,0,0,67301,0,0,0,N,0,0,0,2,67301,0,,1,1,,N,N,N,1,,0,0,0,3,3,,1702,0,3,0,0,0,0,0,3,4,0,3,3,,N,,,,,,,,,,,
2021046916,1523.0,0,0,0,0,0,0,0,0,0,4,0,,67,5,2021,6,39.9644,-75.1764,1523.0,6,0,0,0,0,0,1,0,0,,0,0,0,15,1,0,5,,0,39 57:51.864,,0,75 10:34.539,0,0,0,0,67301,0,0,0,N,0,0,0,3,67301,0,,1,1,,N,N,N,0,,0,0,2,3,2,,1503,0,2,0,0,0,0,0,3,4,0,2,3,3.0,N,,,,,,,,,,,
2021047245,1630.0,1,0,0,0,0,0,0,0,0,5,0,,67,5,2021,2,40.0493,-75.0145,1623.0,6,0,0,0,0,0,1,0,1,,0,0,0,16,1,1,0,N,1,40 02:57.610,4.0,0,75 00:52.340,4,0,0,0,67301,0,0,0,N,0,0,0,2,67301,1,,1,1,20.0,N,N,N,1,,0,0,2,0,0,Y,1623,1,4,0,0,0,0,0,3,4,0,4,3,3.0,N,,,,,,,,,,,
2021047520,1900.0,2,0,1,0,0,0,0,0,0,6,0,,67,5,2021,2,39.9092,-75.2448,1857.0,6,0,0,0,0,0,1,0,0,,0,0,0,18,1,2,0,N,0,39 54:32.960,,0,75 14:41.310,2,0,0,0,67301,0,0,0,N,0,0,0,2,67301,1,,6,1,,N,N,N,0,,0,1,0,0,0,,1825,2,2,0,0,0,0,0,3,4,0,2,3,3.0,N,,,,,,,,,,,
2021049070,713.0,0,0,0,0,0,0,0,0,0,5,0,,67,5,2021,6,40.0679,-75.0401,711.0,6,0,0,0,0,0,1,0,0,,0,0,0,7,1,2,0,N,0,40 04:04.392,,6,75 02:24.388,4,0,0,0,67301,0,0,0,N,0,0,0,3,67301,2,,1,1,,N,N,N,0,,0,0,2,0,0,,710,2,2,0,0,0,0,0,3,4,0,2,3,3.0,N,,,,,,,,,,,
2021066087,1158.0,2,0,0,0,0,0,0,0,0,1,0,,67,5,2021,7,39.9585,-75.1678,1146.0,6,0,0,0,0,0,1,0,0,,0,0,0,11,1,1,0,N,0,39 57:30.590,,0,75 10:03.978,4,0,0,0,67301,0,0,0,N,0,0,0,2,68K01,1,,1,9,,N,N,N,0,,0,0,0,0,0,,1145,1,2,0,0,0,0,0,3,4,0,2,7,7.0,N,,,,,,,,,,,
2021049071,900.0,1,0,0,0,0,0,0,0,0,4,0,,67,5,2021,7,40.0459,-75.1822,846.0,6,0,0,0,0,0,0,0,0,,0,0,0,8,1,0,1,,0,40 02:45.100,,0,75 10:55.887,9,0,0,0,67301,0,0,0,N,0,0,0,2,67301,0,,1,9,,N,N,N,0,,0,0,0,2,2,,835,0,2,0,0,2,0,1,3,4,1,2,7,7.0,N,,,,,,,,,,,
2021074121,1603.0,0,0,0,0,0,0,0,0,0,4,0,,67,8,2021,1,39.9213,-75.1461,1600.0,6,0,0,0,0,0,0,1,0,,0,0,0,15,1,0,1,,1,39 55:16.788,4.0,0,75 08:46.059,0,0,0,0,67301,0,0,0,N,0,0,0,2,67301,0,,1,1,1630.0,N,N,N,2,,0,0,0,3,3,N,1524,0,2,0,0,0,0,0,3,4,0,2,3,,N,,,,,,,,,,,
2021044251,1222.0,0,0,0,0,0,0,0,0,0,1,0,,67,5,2021,7,39.9842,-75.2182,1216.0,6,0,0,0,0,0,0,0,0,,0,0,0,11,1,2,0,N,0,39 59:03.020,,0,75 13:05.420,2,0,2,1,67301,0,0,0,N,0,0,0,3,67301,0,,1,1,,N,N,N,0,,0,2,0,0,0,,1114,2,2,0,0,0,0,0,3,4,0,2,3,3.0,N,,,,,,,,,,,
2021044060,352.0,1,0,0,0,0,0,0,0,0,6,0,,67,5,2021,7,39.9707,-75.2406,351.0,6,0,0,0,0,0,1,0,0,,0,0,0,3,3,0,0,N,2,39 58:14.484,3.0,0,75 14:25.984,0,0,0,0,67301,0,0,0,N,0,0,0,2,67301,0,,6,1,500.0,N,N,N,0,,0,0,1,0,0,N,351,0,2,0,0,0,0,0,3,4,0,2,3,,N,,,,,,,,,,,
2021041594,317.0,1,0,0,0,0,0,0,0,0,7,0,,67,5,2021,7,40.0404,-75.1459,311.0,6,0,0,0,0,0,0,0,0,,0,0,0,2,2,0,0,N,0,40 02:25.300,,0,75 08:45.200,0,0,0,0,67301,0,0,0,N,0,0,0,1,67301,0,,5,9,,N,N,N,0,,0,0,0,0,0,,215,0,1,0,0,0,0,0,3,4,0,1,4,7.0,N,,,,,,,,,,,
2021071909,630.0,0,0,0,0,0,0,0,0,0,0,1,,67,8,2021,2,39.9182,-75.2088,620.0,6,0,0,0,0,0,1,0,0,,0,1,0,6,1,1,1,N,2,39 55:05.610,1.0,0,75 12:31.544,3,0,0,0,67301,0,0,0,N,0,0,0,1,67301,0,,1,1,950.0,N,N,N,0,,1,0,0,3,2,Y,620,1,1,0,0,0,0,0,3,4,0,1,3,3.0,N,,,,,,,,,,,
2021071026,224.0,1,0,0,0,0,0,0,0,0,1,0,,67,7,2021,4,39.9447,-75.1652,220.0,6,0,0,0,0,0,0,0,0,,0,0,0,2,3,1,1,,1,39 56:40.784,4.0,0,75 09:54.813,3,0,0,1,67301,0,0,0,N,0,0,0,3,67301,0,,1,1,500.0,N,N,Y,0,,1,0,0,3,2,N,211,1,2,0,0,0,0,1,3,4,0,2,3,,N,,,,,,,,,,,
2021045426,2148.0,1,0,0,0,0,0,0,0,0,4,0,,67,5,2021,6,40.0327,-75.0722,2143.0,6,0,0,0,0,0,0,0,0,,0,0,0,21,3,3,1,,0,40 01:58.001,,0,75 04:20.252,3,0,0,0,67301,0,0,0,N,0,0,0,7,67301,0,,1,1,,N,N,N,0,,3,0,1,3,2,,2132,3,2,0,0,0,0,0,3,4,0,2,3,,N,,,,,,,,,,,
2021044614,730.0,0,0,0,0,0,0,0,0,0,7,0,,67,5,2021,7,40.0149,-75.2066,711.0,6,0,0,0,0,0,1,0,0,,0,0,0,5,1,1,0,N,2,40 00:53.580,7.0,3,75 12:23.843,3,0,0,0,67301,0,0,0,N,0,0,0,1,67301,0,,4,1,913.0,N,N,N,0,,1,0,1,0,0,N,500,1,1,0,0,1,0,0,3,4,0,1,3,3.0,N,,,,,,,,,,,
2021041595,222.0,1,0,0,0,0,0,0,0,0,4,0,,67,5,2021,1,40.0229,-75.1482,217.0,6,0,0,0,0,0,0,0,0,,0,0,0,2,3,0,5,,1,40 01:22.470,2.0,0,75 08:53.760,0,0,0,0,67301,0,0,0,N,0,0,0,2,67301,0,,1,1,315.0,N,N,Y,0,,0,0,1,3,2,N,210,0,2,0,0,0,0,0,3,4,0,2,3,3.0,N,,,,,,,,,,,
2021044437,2340.0,1,0,0,0,0,0,0,0,0,2,0,,67,5,2021,1,39.9809,-75.1862,2341.0,6,0,0,0,0,0,0,0,0,,0,0,0,23,3,0,0,N,0,39 58:51.140,,0,75 11:10.210,9,0,0,0,67301,0,0,0,N,0,0,0,1,67301,0,,6,1,,N,N,N,0,,0,0,2,0,0,,2340,0,3,0,0,0,0,1,3,4,0,3,3,3.0,N,,,,,,,,,,,
2021061845,311.0,1,0,0,0,0,0,0,0,0,7,0,,67,5,2021,6,39.9558,-75.1416,311.0,6,0,0,0,0,0,0,0,0,,0,0,0,3,3,0,0,N,1,39 57:20.766,2.0,8,75 08:29.765,0,0,0,0,67301,0,0,0,N,0,0,0,4,68K01,0,,4,1,334.0,N,N,N,0,,0,0,0,0,0,N,311,0,1,0,0,2,0,0,3,4,0,1,3,3.0,N,,,,,,,,,,,
2021051168,1310.0,0,0,0,0,0,0,0,0,0,4,0,,67,6,2021,5,40.0291,-75.0899,1305.0,6,0,0,0,0,0,0,0,0,,0,0,0,13,1,1,2,,0,40 01:45.310,,0,75 05:23.878,3,0,0,0,67301,0,0,0,N,0,0,0,2,67301,0,,1,1,,N,N,N,0,,1,0,2,3,2,,1303,1,2,0,0,0,0,0,3,4,0,2,3,3.0,N,,,,,,,,,,,
2021044429,1055.0,2,0,0,0,0,0,0,0,0,4,0,,67,5,2021,7,40.0456,-75.0714,1053.0,6,0,0,0,1,0,1,1,0,,0,0,0,10,1,1,1,,1,40 02:44.136,5.0,0,75 04:17.168,4,0,0,0,67301,0,0,0,N,0,0,0,3,67301,1,,1,1,1200.0,N,N,N,0,,0,0,1,3,2,N,1050,1,3,0,0,2,0,0,3,4,0,3,3,3.0,N,,,,,,,,,,,
2021044798,310.0,1,0,0,0,0,0,0,0,0,1,0,,67,5,2021,2,40.0133,-75.0699,300.0,6,0,0,0,0,0,0,0,0,,0,0,0,2,3,0,0,N,0,40 00:47.817,,0,75 04:11.809,0,0,0,0,67301,0,0,0,N,0,0,0,1,67301,0,,6,1,,N,N,N,0,,0,0,2,0,0,,258,0,3,0,0,0,0,0,3,4,0,3,3,3.0,N,,,,,,,,,,,
2021049280,1655.0,1,0,0,0,0,0,0,0,0,4,0,,67,5,2021,2,40.0217,-75.1257,1655.0,6,0,0,0,0,0,1,0,0,,0,0,0,15,1,2,1,,0,40 01:18.202,,0,75 07:32.404,3,0,0,0,67301,0,0,0,N,0,0,0,4,67301,0,,1,1,,N,N,N,0,,2,0,1,3,2,,1554,2,2,0,0,3,0,0,3,4,0,2,3,3.0,N,,,,,,,,,,,
2021055974,2121.0,0,0,0,0,0,0,0,0,0,8,0,,67,6,2021,7,40.0695,-75.0597,2019.0,6,0,0,0,0,0,0,0,0,,0,0,0,20,4,1,2,,0,40 04:10.232,,0,75 03:34.963,4,0,0,0,67301,1,0,0,N,1,0,0,2,67301,1,,1,1,,N,N,N,0,,0,0,0,3,3,,2000,1,2,0,0,1,0,0,3,4,1,1,3,,N,,,,,,,,,,,
2021071671,239.0,1,0,0,0,0,0,0,0,0,1,0,,67,7,2021,7,39.9791,-75.1093,230.0,6,0,0,0,0,0,1,0,0,,0,0,0,2,3,0,0,N,0,39 58:44.717,,0,75 06:33.538,0,0,0,0,67301,0,0,0,N,0,0,0,2,68K01,0,,1,1,,N,N,N,0,,0,0,1,0,0,,228,0,2,0,0,0,0,0,3,4,0,2,3,3.0,N,,,,,,,,,,,
2021043121,1710.0,2,0,0,0,0,0,0,0,0,4,0,,67,5,2021,4,39.9783,-75.13,1710.0,6,0,0,0,0,0,0,1,0,,0,0,0,16,1,0,1,,2,39 58:41.894,3.0,0,75 07:47.827,0,0,0,0,67301,0,0,0,N,0,0,0,2,67301,0,,1,1,1716.0,N,N,N,0,,0,0,0,9,3,Y,1650,0,2,0,0,2,0,0,3,4,0,2,3,,N,,,,,,,,,,,
2021067884,115.0,0,0,0,0,0,0,1,0,0,4,1,,67,6,2021,1,39.9847,-75.1323,107.0,6,0,0,0,0,0,1,0,0,,0,0,0,1,3,1,5,,0,39 59:04.943,,0,75 07:56.154,3,0,0,0,67301,0,0,0,N,0,0,0,2,67508,0,,1,1,,N,N,Y,0,,1,0,0,3,2,,107,1,2,0,0,0,0,0,3,4,0,2,3,3.0,N,,,,,,,,,,,
2021043170,100.0,3,0,0,0,0,0,0,0,0,2,0,,67,5,2021,3,39.9995,-75.1251,58.0,6,0,0,0,0,0,0,0,0,,0,0,0,0,3,1,0,N,0,39 59:58.083,,0,75 07:30.338,8,0,0,0,67301,0,0,0,N,0,0,0,2,67301,0,,1,1,,N,N,N,0,,0,0,0,0,0,,53,1,3,0,0,0,1,0,3,4,0,3,3,3.0,N,,,,,,,,,,,
2021045450,1554.0,3,0,0,0,0,0,0,0,0,1,0,,67,5,2021,2,40.0586,-75.1314,1550.0,6,0,0,0,0,0,0,1,0,,0,0,0,15,1,1,0,N,1,40 03:31.139,4.0,0,75 07:53.049,3,0,0,0,67301,0,0,0,N,0,0,0,4,46102,0,,1,1,1618.0,N,N,N,0,,1,0,0,0,0,N,1545,1,3,0,0,0,0,0,3,4,0,3,3,,N,,,,,,,,,,,
2021042618,752.0,3,0,0,0,0,0,0,0,0,1,0,,67,5,2021,3,40.0068,-75.1567,746.0,6,0,0,0,0,0,0,0,0,,0,0,0,6,1,2,1,,0,40 00:24.404,,0,75 09:24.159,3,0,0,0,67301,0,0,0,N,0,0,0,3,67301,0,,1,1,,N,N,N,0,,2,0,0,3,3,,648,2,3,0,0,0,0,1,3,4,0,3,3,3.0,N,,,,,,,,,,,
2021043150,1500.0,1,0,0,0,0,0,0,0,0,8,0,,67,5,2021,4,40.0569,-75.1881,1453.0,6,0,0,0,0,0,1,0,0,,0,0,0,14,1,1,1,,0,40 03:24.795,,0,75 11:17.028,3,0,0,0,67301,1,0,0,N,1,0,0,2,67301,0,,1,1,,N,N,N,0,,1,0,0,3,2,,1452,1,2,0,0,1,0,0,3,4,0,1,3,3.0,N,,,,,,,,,,,
2021044021,1840.0,2,0,0,0,0,0,0,0,0,7,0,,67,5,2021,4,39.9976,-75.1364,1830.0,6,0,0,0,0,0,1,0,0,,0,0,0,16,1,0,0,N,0,39 59:51.300,,0,75 08:10.900,9,0,0,0,67301,0,0,0,N,0,0,0,2,67301,0,,5,1,,N,N,N,0,,0,0,0,0,0,,1615,0,2,0,0,0,0,2,3,4,0,2,3,3.0,N,,,,,,,,,,,
2021044227,2140.0,1,0,0,0,0,0,0,0,0,7,0,,67,5,2021,7,40.0086,-75.0722,2140.0,6,0,0,0,0,0,0,0,0,,0,0,0,21,3,0,0,N,0,40 00:31.025,,0,75 04:20.051,0,0,0,0,67301,0,0,0,N,0,0,0,1,67301,0,,4,1,,N,N,N,0,,0,0,0,0,0,,2131,0,1,0,0,0,0,0,3,4,0,1,3,,N,,,,,,,,,,,
2021043235,2310.0,2,0,0,0,0,0,0,0,0,4,0,,67,5,2021,4,40.0628,-75.0577,2308.0,6,0,0,0,1,0,0,0,0,,0,0,0,23,3,2,1,,0,40 03:45.914,,0,75 03:27.576,3,0,0,0,67301,0,0,0,N,0,0,0,5,67301,0,,1,1,,N,N,N,0,,2,0,0,3,2,,2305,2,2,0,0,0,0,0,3,4,0,2,3,3.0,N,,,,,,,,,,,
2021044882,735.0,2,0,2,0,0,0,0,0,0,4,0,,67,5,2021,3,40.0678,-75.0291,727.0,6,0,0,0,0,0,0,0,0,,0,0,0,7,1,2,0,N,0,40 04:04.210,,7,75 01:44.837,2,0,0,0,67301,0,0,0,N,0,0,0,2,67301,0,,1,1,,N,N,N,0,,0,2,0,0,0,,708,2,2,0,0,0,0,0,3,4,0,2,3,,N,,,,,,,,,,,
2021043240,910.0,1,0,0,0,0,0,0,0,0,6,0,,67,5,2021,2,40.0546,-75.1497,910.0,6,0,0,0,0,0,0,0,0,,0,0,0,17,1,2,1,,0,40 03:16.736,,0,75 08:58.941,8,0,0,0,67301,0,0,0,N,0,0,0,4,67301,0,,1,1,,N,N,N,0,,0,0,2,3,2,,1710,2,3,0,0,0,2,0,3,4,0,3,4,4.0,N,,,,,,,,,,,
2021044328,1827.0,1,0,0,0,0,0,0,0,0,4,0,,67,5,2021,5,40.0903,-75.0466,1813.0,6,0,0,0,0,0,0,1,0,,0,0,0,17,1,0,0,N,0,40 05:25.192,,0,75 02:47.680,9,0,0,0,67301,0,0,0,N,0,0,0,2,67301,0,,1,1,,N,N,N,0,,0,0,1,0,0,,1757,0,2,0,0,0,0,2,3,4,0,2,3,,N,,,,,,,,,,,
2021044049,359.0,3,0,0,0,0,0,0,0,0,4,0,,67,5,2021,7,40.0269,-75.0972,354.0,6,0,0,0,0,0,0,0,0,,0,0,0,3,3,1,1,,1,40 01:36.832,2.0,0,75 05:50.065,3,0,0,0,67301,0,0,0,N,0,0,0,3,67301,0,,1,1,359.0,N,N,N,0,,1,0,0,3,2,N,350,1,3,0,0,0,0,0,3,4,0,3,3,,N,,,,,,,,,,,
2021044886,456.0,1,0,0,0,0,0,0,0,0,7,0,,67,5,2021,7,39.8858,-75.2316,448.0,6,0,0,0,0,0,0,0,0,,0,0,0,4,3,0,0,N,1,39 53:08.900,2.0,0,75 13:53.800,0,0,0,0,67301,0,0,0,N,0,0,0,1,67301,0,,4,1,554.0,N,N,N,0,,0,0,0,0,0,N,448,0,1,0,0,0,0,0,3,4,0,1,3,,N,,,,,,,,,,,
2021044723,1422.0,3,0,0,0,0,0,0,0,0,1,0,,67,5,2021,1,39.9585,-75.1675,1422.0,6,0,0,0,0,0,1,0,0,,0,0,0,13,1,1,0,N,0,39 57:30.493,,0,75 10:03.160,4,0,0,0,67301,0,0,0,N,0,0,0,4,68K01,1,,1,1,,N,N,N,0,,0,0,1,3,8,,1353,1,4,0,0,0,0,0,3,4,0,4,3,3.0,N,,,,,,,,,,,
2021041849,458.0,0,0,0,0,0,0,0,0,0,5,0,,67,5,2021,1,40.0438,-75.0593,448.0,6,0,0,0,0,0,0,0,0,,0,0,0,4,3,0,0,N,0,40 02:37.590,,0,75 03:33.650,9,0,0,0,67301,0,0,0,N,0,0,0,1,67301,0,,6,1,,N,N,N,1,,0,0,1,0,0,,442,0,2,0,0,0,0,1,3,4,0,2,3,3.0,N,,,,,,,,,,,
2021043096,1725.0,3,0,0,0,0,0,0,0,0,1,0,,67,5,2021,4,39.9865,-75.1706,1720.0,6,0,0,0,0,0,0,0,0,,0,0,0,17,1,1,0,N,0,39 59:11.500,,0,75 10:14.000,3,0,0,0,67301,0,0,0,N,0,0,0,2,67509,0,,1,1,,N,N,Y,0,,1,0,1,0,0,,1715,1,5,0,0,0,0,0,3,4,0,5,3,3.0,N,,,,,,,,,,,
2021044019,2145.0,1,0,0,0,0,0,0,0,0,4,0,,67,5,2021,5,40.0074,-75.1007,2143.0,6,0,0,0,0,0,1,0,0,,0,0,0,21,3,2,1,,0,40 00:26.778,,0,75 06:02.514,3,0,0,0,67301,0,0,0,N,0,0,0,4,67301,0,,1,1,,N,N,N,0,,2,0,1,3,2,,2138,2,2,0,0,3,0,0,3,4,0,2,3,,N,,,,,,,,,,,
2021045418,2318.0,1,0,0,0,0,0,0,0,0,4,0,,67,5,2021,1,40.1093,-75.0256,2315.0,6,0,0,0,0,2,0,0,0,,0,0,0,22,3,1,2,,0,40 06:33.384,,0,75 01:31.999,4,0,0,0,67301,0,0,0,N,0,0,0,2,67301,1,,1,1,,N,N,N,0,,0,0,1,0,0,,2235,1,2,0,0,0,0,0,3,4,0,2,3,,N,,,,,,,,,,,
2021071455,555.0,0,0,0,0,0,0,1,0,0,1,1,,67,7,2021,2,40.0487,-75.0516,534.0,6,0,0,0,0,0,0,0,0,,0,0,0,5,1,2,2,,0,40 02:55.345,,0,75 03:05.828,4,0,0,0,67301,0,0,0,N,0,0,0,3,67508,2,,1,1,,N,N,Y,0,,0,0,0,3,2,,528,2,2,0,0,0,0,0,3,4,1,2,3,3.0,N,,,,,,,,,,,
2021043175,132.0,2,0,0,0,0,0,0,0,0,1,0,,67,5,2021,4,40.0521,-75.1418,129.0,6,0,0,0,0,0,1,0,0,,0,0,0,1,3,2,1,,1,40 03:07.613,1.0,0,75 08:30.382,3,0,0,0,67301,0,0,0,N,0,0,0,2,67301,0,,1,1,200.0,N,N,N,0,,2,0,1,3,2,N,126,2,3,0,0,0,0,0,3,4,0,3,3,3.0,N,,,,,,,,,,,
2021043493,1821.0,1,0,0,0,0,0,0,0,0,4,0,,67,5,2021,3,39.9966,-75.1627,1813.0,6,0,0,0,0,0,1,0,0,,0,0,0,17,4,0,2,,0,39 59:47.875,,0,75 09:45.806,9,0,0,0,67301,0,0,0,N,0,0,0,3,67301,0,,1,1,,N,N,N,0,,0,0,1,3,3,,1730,0,2,0,0,0,0,3,3,4,0,2,3,,N,,,,,,,,,,,
2021071001,1011.0,1,0,0,0,0,0,0,0,0,2,0,,67,7,2021,6,40.0808,-75.0286,1010.0,6,0,0,0,0,0,0,0,0,,0,0,0,10,1,1,1,,0,40 04:51.077,,0,75 01:43.585,3,0,0,1,67301,0,0,0,N,0,0,0,2,67301,0,,1,1,,N,N,N,0,,1,0,0,3,2,,1001,1,2,0,0,1,0,0,3,4,0,2,3,3.0,N,,,,,,,,,,,