CRN,ARRIVAL_TM,AUTOMOBILE_COUNT,BELTED_DEATH_COUNT,BELTED_SUSP_SERIOUS_INJ_COUNT,BICYCLE_COUNT,BICYCLE_DEATH_COUNT,BICYCLE_SUSP_SERIOUS_INJ_COUNT,BUS_COUNT,CHLDPAS_DEATH_COUNT,CHLDPAS_SUSP_SERIOUS_INJ_COUNT,COLLISION_TYPE,COMM_VEH_COUNT,CONS_ZONE_SPD_LIM,COUNTY,CRASH_MONTH,CRASH_YEAR,DAY_OF_WEEK,DEC_LAT,DEC_LONG,DISPATCH_TM,DISTRICT,DRIVER_COUNT_16YR,DRIVER_COUNT_17YR,DRIVER_COUNT_18YR,DRIVER_COUNT_19YR,DRIVER_COUNT_20YR,DRIVER_COUNT_50_64YR,DRIVER_COUNT_65_74YR,DRIVER_COUNT_75PLUS,EST_HRS_CLOSED,FATAL_COUNT,HEAVY_TRUCK_COUNT,HORSE_BUGGY_COUNT,HOUR_OF_DAY,ILLUMINATION,INJURY_COUNT,INTERSECT_TYPE,INTERSECTION_RELATED,LANE_CLOSED,LATITUDE,LN_CLOSE_DIR,LOCATION_TYPE,LONGITUDE,MAX_SEVERITY_LEVEL,MCYCLE_DEATH_COUNT,MCYCLE_SUSP_SERIOUS_INJ_COUNT,MOTORCYCLE_COUNT,MUNICIPALITY,NONMOTR_COUNT,NONMOTR_DEATH_COUNT,NONMOTR_SUSP_SERIOUS_INJ_COUNT,NTFY_HIWY_MAINT,PED_COUNT,PED_DEATH_COUNT,PED_SUSP_SERIOUS_INJ_COUNT,PERSON_COUNT,POLICE_AGCY,POSSIBLE_INJ_COUNT,RDWY_SURF_TYPE_CD,RELATION_TO_ROAD,ROAD_CONDITION,ROADWAY_CLEARED,SCH_BUS_IND,SCH_ZONE_IND,SECONDARY_CRASH,SMALL_TRUCK_COUNT,SPEC_JURIS_CD,SUSP_MINOR_INJ_COUNT,SUSP_SERIOUS_INJ_COUNT,SUV_COUNT,TCD_FUNC_CD,TCD_TYPE,TFC_DETOUR_IND,TIME_OF_DAY,TOT_INJ_COUNT,TOTAL_UNITS,UNB_DEATH_COUNT,UNB_SUSP_SERIOUS_INJ_COUNT,UNBELTED_OCC_COUNT,UNK_INJ_DEG_COUNT,UNK_INJ_PER_COUNT,URBAN_AREA,URBAN_RURAL,VAN_COUNT,VEHICLE_COUNT,WEATHER1,WEATHER2,WORK_ZONE_IND,WORK_ZONE_LOC,WORK_ZONE_TYPE,WORKERS_PRES,WZ_CLOSE_DETOUR,WZ_FLAGGER,WZ_LAW_OFFCR_IND,WZ_LN_CLOSURE,WZ_MOVING,WZ_OTHER,WZ_SHLDER_MDN,WZ_WORKERS_INJ_KILLED
2021042329,2129.0,2,0,0,0,0,0,0,0,0,4,0,,67,5,2021,1,40.0232,-75.0617,2127.0,6,0,0,0,0,1,0,0,0,,0,0,0,21,3,2,1,,0,40 01:23.401,,0,75 03:42.217,3,0,0,0,67301,0,0,0,N,0,0,0,4,67301,0,,1,9,,N,Y,N,0,,2,0,2,3,3,,2127,2,4,0,0,2,0,0,3,4,0,4,7,4.0,N,,,,,,,,,,,
2021044112,520.0,1,0,0,0,0,0,0,0,0,1,0,,67,5,2021,5,39.9383,-75.1986,514.0,6,0,0,0,0,0,2,0,0,,0,0,0,5,1,1,1,,0,39 56:17.808,,0,75 11:55.304,3,0,0,0,67301,0,0,0,N,0,0,0,2,67301,0,,1,1,,N,N,N,0,,1,0,1,3,2,,500,1,2,0,0,0,0,0,3,4,0,2,3,,N,,,,,,,,,,,
2021072023,1858.0,2,0,0,0,0,0,0,0,0,4,0,,67,4,2021,1,39.9556,-75.234,1858.0,6,0,0,0,0,0,1,0,0,,0,0,0,18,1,2,1,,0,39 57:20.080,,0,75 14:02.342,3,0,0,0,67301,0,0,0,N,0,0,0,3,67301,1,,1,1,,N,N,N,0,,1,0,0,3,2,,1817,2,2,0,0,0,0,1,3,4,0,2,3,3.0,N,,,,,,,,,,,
2021045582,1220.0,1,0,0,0,0,0,0,0,0,8,0,,67,5,2021,2,40.0742,-75.2035,1213.0,6,0,0,0,0,0,0,0,0,,0,0,0,11,1,1,1,,0,40 04:27.062,,0,75 12:12.380,3,0,0,0,67301,1,0,0,N,1,0,0,2,67301,0,,1,1,,N,N,N,0,,1,0,0,3,2,,1144,1,2,0,0,0,0,0,3,4,0,1,3,98.0,N,,,,,,,,,,,
2021063873,2107.0,1,0,0,0,0,0,0,0,0,7,0,,67,7,2021,7,39.9524,-75.1886,1935.0,6,0,0,0,0,0,0,0,0,,0,0,0,19,1,1,0,N,1,39 57:08.614,4.0,0,75 11:19.028,3,0,0,0,67301,0,0,0,N,0,0,0,1,67504,0,,5,1,2107.0,N,N,N,0,,1,0,0,0,0,N,1933,1,1,0,0,1,0,0,3,4,0,1,3,3.0,N,,,,,,,,,,,
2021041847,436.0,0,0,0,0,0,0,0,0,0,7,0,,67,5,2021,1,40.0334,-75.0906,427.0,6,0,0,0,0,0,0,0,0,,0,0,0,4,3,0,1,,0,40 02:00.267,,0,75 05:26.196,9,0,0,0,67301,0,0,0,N,0,0,0,1,67301,0,,5,1,,N,N,N,0,,0,0,1,3,2,,426,0,1,0,0,0,0,1,3,4,0,1,3,,N,,,,,,,,,,,
2021044541,1835.0,1,0,0,0,0,0,0,0,0,4,0,,67,5,2021,1,40.0296,-75.0868,1831.0,6,0,0,0,0,0,0,0,0,,0,0,0,18,1,1,1,,0,40 01:46.034,,0,75 05:13.128,8,0,0,1,67301,0,0,0,N,0,0,0,3,67301,0,,1,1,,N,N,N,1,,0,0,0,3,2,,1829,1,3,0,0,0,1,1,3,4,0,3,3,,N,,,,,,,,,,,
2021046943,1301.0,0,0,0,0,0,0,0,0,0,2,0,,67,5,2021,3,39.9513,-75.2389,1301.0,6,0,0,0,0,0,1,0,0,,0,0,0,13,1,1,0,N,0,39 57:04.600,,0,75 14:20.200,8,0,0,0,67301,0,0,0,N,0,0,0,2,67301,0,,1,1,,N,N,N,0,,0,0,2,0,0,,1301,1,2,0,0,0,1,0,3,4,0,2,3,3.0,N,,,,,,,,,,,
2021046899,1743.0,1,0,0,0,0,0,0,0,0,1,0,,67,5,2021,6,39.9029,-75.2001,1736.0,6,0,0,0,0,0,0,1,0,,0,0,0,17,1,2,0,N,1,39 54:10.315,3.0,3,75 12:00.508,4,0,0,0,67301,0,0,0,N,0,0,0,7,67301,2,,1,1,1816.0,N,N,N,0,,0,0,2,0,0,N,1734,2,3,0,0,1,0,0,3,4,0,3,3,3.0,N,,,,,,,,,,,
2021043490,1355.0,1,0,0,0,0,0,0,0,0,7,0,,67,5,2021,5,39.9341,-75.1685,1354.0,6,0,0,0,0,0,0,0,1,,0,0,0,13,1,1,0,N,0,39 56:02.780,,0,75 10:06.670,3,0,0,0,67301,0,0,0,N,0,0,0,1,67301,0,,5,1,,N,N,N,0,,1,0,1,0,0,,1353,1,2,0,0,0,0,0,3,4,0,2,3,3.0,N,,,,,,,,,,,
2021044003,1716.0,2,0,0,0,0,0,0,0,0,4,0,,67,5,2021,6,40.0597,-75.1907,1713.0,6,0,0,0,0,0,0,0,0,,0,0,0,16,1,0,0,N,0,40 03:34.977,,7,75 11:26.375,0,0,0,0,67301,0,0,0,N,0,0,0,1,67301,0,,1,1,,N,N,N,0,,0,0,0,0,0,,1652,0,2,0,0,0,0,0,3,4,0,2,3,3.0,N,,,,,,,,,,,
2021044000,1543.0,1,0,0,0,0,0,0,0,0,1,0,,67,5,2021,5,40.0921,-74.9648,1539.0,6,0,0,0,0,0,0,0,0,,0,0,0,15,1,1,0,N,1,40 05:31.662,2.0,0,74 57:53.251,4,0,0,0,67301,0,0,0,N,0,0,0,3,67301,1,,1,1,1631.0,N,N,N,0,,0,0,3,0,0,N,1523,1,4,0,0,0,0,0,3,4,0,4,3,3.0,N,,,,,,,,,,,
2021049077,2155.0,1,0,0,0,0,0,0,0,0,4,0,,67,5,2021,7,39.9977,-75.1232,2145.0,6,0,0,0,0,0,0,0,0,,0,0,0,21,3,1,1,,1,39 59:51.782,4.0,0,75 07:23.643,3,0,0,0,67301,0,0,0,N,0,0,0,2,67301,0,,1,1,2210.0,N,N,N,0,,1,0,1,3,2,N,2125,1,3,0,0,1,0,0,3,4,1,3,3,,N,,,,,,,,,,,
2021048995,1539.0,0,0,0,0,0,0,0,0,0,8,0,,67,5,2021,6,39.997,-75.1174,1534.0,6,0,0,0,0,0,0,0,0,,0,0,0,15,1,1,1,,0,39 59:49.080,,0,75 07:02.645,3,0,0,0,67301,1,0,0,N,1,0,0,2,67301,0,,1,1,,N,N,N,0,,1,0,0,3,2,,1523,1,2,0,0,1,0,0,3,4,1,1,3,,N,,,,,,,,,,,
2021044828,350.0,3,0,0,0,0,0,0,0,0,5,0,,67,5,2021,2,39.9979,-75.1274,338.0,6,0,0,0,0,1,0,0,0,,0,0,0,3,3,0,0,N,0,39 59:52.500,,0,75 07:38.730,0,0,0,0,67301,0,0,0,N,0,0,0,1,67301,0,,6,1,,N,N,N,0,,0,0,2,0,0,,335,0,5,0,0,0,0,0,3,4,0,5,3,,N,,,,,,,,,,,
2021071482,2344.0,1,0,0,0,0,0,0,0,0,2,0,,67,8,2021,1,39.9891,-75.1537,2338.0,6,0,0,0,0,0,1,0,0,,0,0,0,23,3,0,0,N,2,39 59:20.890,3.0,0,75 09:13.490,9,0,0,0,67301,0,0,0,N,0,0,0,1,67301,0,,1,9,24.0,N,N,N,0,,0,0,1,0,0,Y,2326,0,2,0,0,0,0,1,3,4,0,2,3,3.0,N,,,,,,,,,,,
2021050845,1927.0,2,0,0,0,0,0,0,0,0,1,0,,67,5,2021,6,40.0158,-75.1411,1927.0,6,0,0,0,0,0,1,0,0,,0,0,0,19,4,2,1,,0,40 00:56.908,,0,75 08:28.024,3,0,0,2,67301,0,0,0,N,0,0,0,4,67301,0,,1,1,,N,N,N,0,,1,0,2,3,2,,1927,2,6,0,0,0,1,0,3,4,0,6,3,3.0,N,,,,,,,,,,,
2021043323,945.0,0,0,0,0,0,0,0,0,0,8,0,,67,5,2021,5,39.9536,-75.1732,936.0,6,0,0,0,0,0,1,0,0,,0,0,0,9,1,1,1,,0,39 57:12.805,,0,75 10:23.496,3,0,0,0,67301,1,0,0,N,1,0,0,2,67301,0,,1,1,,N,N,N,0,,1,0,1,3,2,,900,1,2,0,0,0,0,0,3,4,0,1,3,3.0,N,,,,,,,,,,,
2021071868,735.0,2,0,0,0,0,0,0,0,0,5,0,,67,5,2021,6,39.905,-75.1956,730.0,6,0,0,0,0,0,1,0,0,,0,0,0,7,1,1,0,N,1,39 54:18.098,6.0,3,75 11:44.153,3,0,0,0,67301,0,0,0,N,0,0,0,2,67301,0,,1,1,800.0,N,N,N,0,,1,0,0,0,0,N,710,1,2,0,0,0,0,0,3,4,0,2,3,3.0,N,,,,,,,,,,,
2021042483,800.0,1,0,0,0,0,0,0,0,0,4,0,,67,5,2021,3,40.0688,-75.178,756.0,6,0,0,0,1,0,0,0,0,,0,0,0,7,1,0,1,,0,40 04:07.805,,0,75 10:40.836,0,0,0,0,67301,0,0,0,N,0,0,0,2,67301,0,,1,1,,N,N,N,0,,0,0,1,3,3,,750,0,2,0,0,0,0,0,3,4,0,2,3,3.0,N,,,,,,,,,,,
2021044105,1443.0,1,0,0,0,0,0,0,0,0,4,0,,67,5,2021,4,40.0318,-75.0853,1443.0,6,0,0,0,0,0,0,0,0,,0,0,0,14,1,1,1,,0,40 01:54.427,,0,75 05:07.225,4,0,0,0,67301,0,0,0,N,0,0,0,2,67301,1,,1,1,,N,N,N,0,,0,0,1,3,2,,1400,1,2,0,0,1,0,0,3,4,0,2,3,3.0,N,,,,,,,,,,,
2021043158,50.0,1,0,0,0,0,0,0,0,0,7,0,,67,5,2021,1,40.0167,-75.1495,46.0,6,0,0,0,0,0,0,0,0,,0,0,0,0,3,0,0,N,1,40 01:00.259,1.0,0,75 08:58.211,0,0,0,0,67301,0,0,0,N,0,0,0,1,67301,0,,3,1,150.0,N,N,N,0,,0,0,0,0,0,N,46,0,1,0,0,0,0,0,3,4,0,1,3,3.0,N,,,,,,,,,,,
2021043998,1820.0,1,0,0,0,0,0,0,0,0,2,0,,67,5,2021,6,39.9225,-75.1701,1815.0,6,0,0,0,0,0,0,0,0,,0,0,0,18,1,2,0,N,0,39 55:21.043,,0,75 10:12.538,8,0,0,0,67301,2,0,0,N,0,0,0,3,67301,0,,6,1,,N,N,N,0,,0,0,1,0,0,,1800,2,3,0,0,0,2,0,3,4,1,3,3,3.0,N,,,,,,,,,,,
2021044073,56.0,2,0,0,0,0,0,0,0,0,4,0,,67,5,2021,1,40.0504,-75.1579,56.0,6,0,0,0,0,0,0,0,0,,0,0,0,0,3,0,1,,0,40 03:01.465,,0,75 09:28.393,9,0,0,0,67301,0,0,0,N,0,0,0,2,67301,0,,1,1,,N,N,N,0,,0,0,0,3,3,,51,0,2,0,0,0,0,1,3,4,0,2,3,3.0,N,,,,,,,,,,,
2021041959,1945.0,0,0,0,0,0,0,0,0,0,4,0,,67,5,2021,1,39.989,-75.173,1934.0,6,0,0,0,0,0,0,0,0,,0,0,0,18,1,0,0,N,0,39 59:20.340,,0,75 10:22.850,0,0,0,0,67301,0,0,0,N,0,0,0,1,67301,0,,4,9,,N,N,N,0,,0,0,2,0,0,,1850,0,3,0,0,0,0,0,3,4,1,3,7,7.0,N,,,,,,,,,,,
2021073460,1352.0,1,0,0,0,0,0,0,0,0,8,0,,67,8,2021,6,40.0745,-75.035,1345.0,6,0,0,0,0,1,0,0,0,,0,0,0,13,1,2,1,,1,40 04:28.594,2.0,0,75 02:06.267,2,0,0,0,67301,2,0,2,N,2,0,2,3,67301,0,,1,1,1455.0,N,N,N,0,,0,2,0,3,2,Y,1345,2,3,0,0,0,0,0,3,4,0,1,3,,N,,,,,,,,,,,
2021072128,849.0,2,0,0,0,0,0,0,0,0,7,0,,67,7,2021,7,40.0372,-75.0128,838.0,6,0,0,1,0,0,0,0,0,,0,0,0,8,1,1,0,N,2,40 02:14.022,1.0,0,75 00:46.089,8,0,0,0,67301,0,0,0,N,0,0,0,2,68K01,0,,4,1,929.0,N,N,N,0,,0,0,0,0,0,N,838,1,2,0,0,0,1,0,3,4,0,2,3,,N,,,,,,,,,,,
2021044250,830.0,2,0,0,0,0,0,0,0,0,1,0,,67,5,2021,6,40.0011,-75.2154,830.0,6,0,0,0,0,0,1,0,0,,0,0,0,11,1,0,5,,0,40 00:03.902,,0,75 12:55.382,9,0,0,0,67301,0,0,0,N,0,0,0,4,67301,0,,1,1,,N,N,N,0,,0,0,1,3,2,,1152,0,4,0,0,0,0,3,3,4,0,4,3,3.0,N,,,,,,,,,,,
2021044222,1042.0,2,0,0,0,0,0,0,0,0,5,0,,67,5,2021,6,40.0003,-75.0675,1030.0,6,0,0,0,0,0,2,0,0,,0,0,0,10,1,1,0,N,2,40 00:01.233,7.0,0,75 04:03.142,3,0,0,0,67301,0,0,0,N,0,0,0,4,67301,0,,1,1,1333.0,N,Y,Y,1,,1,0,1,0,0,N,1029,1,4,0,0,0,0,1,3,4,0,4,3,,N,,,,,,,,,,,
2021073084,1948.0,1,0,1,0,0,0,0,0,0,1,0,,67,8,2021,4,40.0262,-75.0971,1947.0,6,0,0,0,0,0,1,0,0,,0,0,0,8,1,2,0,Y,0,40 01:34.777,,0,75 05:50.597,2,0,0,0,67301,0,0,0,N,0,0,0,2,67301,0,,1,1,,N,N,N,0,,0,1,0,3,2,,800,2,2,0,0,0,1,0,3,4,0,2,3,3.0,N,,,,,,,,,,,
2021044776,1636.0,1,0,0,0,0,0,0,0,0,4,0,,67,5,2021,7,40.0272,-75.1145,1629.0,6,0,0,0,0,0,0,0,0,,0,0,0,16,1,0,1,,0,40 01:37.955,,0,75 06:52.779,0,0,0,0,67301,0,0,0,N,0,0,0,1,67301,0,,1,1,,N,N,N,0,,0,0,0,0,0,,1614,0,2,0,0,0,0,0,3,4,1,2,3,3.0,N,,,,,,,,,,,
2021044688,701.0,2,0,0,0,0,0,0,0,0,7,0,,67,5,2021,4,39.9699,-75.1255,649.0,6,0,0,0,0,0,1,0,0,,0,0,0,6,1,2,7,,1,39 58:11.804,1.0,2,75 07:31.625,8,0,0,0,67301,0,0,0,N,0,0,0,3,68K01,0,,7,1,750.0,N,N,N,1,,0,0,0,0,0,N,645,2,3,0,0,0,2,0,3,4,0,3,3,,N,,,,,,,,,,,
2021072477,1822.0,1,0,0,0,0,0,0,0,0,4,1,,67,8,2021,1,39.917,-75.2316,1820.0,6,0,0,0,0,0,0,0,0,,0,1,0,18,1,1,1,,0,39 55:01.170,,0,75 13:53.842,3,0,0,0,67301,0,0,0,N,0,0,0,1,67301,0,,1,99,,N,N,N,0,,1,0,0,0,0,,1818,1,3,0,0,0,0,0,3,4,1,3,99,4.0,N,,,,,,,,,,,
2021044016,1907.0,1,0,0,0,0,0,0,0,0,4,0,,67,5,2021,5,39.9766,-75.1583,1903.0,6,0,0,0,0,0,2,0,0,,0,0,0,18,1,3,0,N,0,39 58:35.593,,7,75 09:29.721,4,0,0,1,67301,0,0,0,N,0,0,0,3,67301,1,,1,1,,N,N,Y,0,,0,0,1,3,3,,1855,3,3,0,0,2,2,0,3,4,0,3,3,3.0,N,,,,,,,,,,,
2021042616,912.0,0,0,0,0,0,0,0,0,0,8,0,,67,5,2021,3,39.9939,-75.1545,911.0,6,0,0,0,0,0,0,0,0,,0,0,0,9,1,1,1,,0,39 59:38.214,,0,75 09:16.608,3,0,0,0,67301,1,0,0,N,1,0,0,2,67301,0,,1,1,,N,N,N,0,,1,0,0,3,2,,905,1,2,0,0,0,0,0,3,4,0,1,3,3.0,N,,,,,,,,,,,
2021043117,1610.0,0,0,0,0,0,0,0,0,0,4,0,,67,5,2021,4,40.0595,-75.1904,1605.0,6,0,0,0,0,0,0,0,1,,0,0,0,16,1,1,0,N,0,40 03:34.050,,7,75 11:25.569,3,0,0,0,67301,1,0,0,N,0,0,0,2,67301,0,,6,1,,N,N,N,0,,1,0,2,0,0,,1600,1,2,0,0,0,0,0,3,4,0,2,3,,N,,,,,,,,,,,
2021045255,430.0,1,0,0,0,0,0,0,0,0,7,0,,67,5,2021,2,40.0329,-75.1576,426.0,6,0,0,0,0,0,0,0,0,,0,0,0,4,3,1,2,,0,40 01:58.285,,0,75 09:27.503,4,0,0,0,67301,0,0,0,N,0,0,0,1,67301,1,,4,1,,N,N,N,0,,0,0,0,3,3,,425,1,1,0,0,0,0,0,3,4,0,1,3,3.0,N,,,,,,,,,,,
2021073977,1312.0,1,0,0,0,0,0,0,0,0,1,1,,67,7,2021,4,39.9614,-75.1398,1302.0,6,0,0,0,0,0,0,0,0,,0,1,0,12,1,0,0,N,1,39 57:41.197,1.0,0,75 08:23.436,0,0,0,0,67301,0,0,0,N,0,0,0,2,68K01,0,,4,1,1315.0,N,N,N,0,,0,0,0,0,0,Y,1259,0,2,0,0,0,0,0,3,4,0,2,3,,N,,,,,,,,,,,
2021045579,2011.0,0,0,0,0,0,0,0,0,0,1,0,,67,5,2021,3,40.0972,-75.0304,2010.0,6,0,0,0,0,0,0,0,0,,0,0,0,20,4,1,0,N,2,40 05:50.070,1.0,0,75 01:49.557,2,0,1,1,67301,0,0,0,N,0,0,0,1,67301,0,,6,1,2015.0,N,N,N,1,,0,1,0,0,0,Y,2009,1,2,0,0,0,0,0,3,4,0,2,3,,N,,,,,,,,,,,
2021074698,2020.0,0,0,0,0,0,0,0,0,0,4,1,,67,8,2021,2,40.0339,-75.0743,2012.0,6,0,0,0,0,0,0,0,0,,0,1,0,20,3,1,1,,0,40 02:02.069,,0,75 04:27.384,3,0,0,0,67301,0,0,0,N,0,0,0,2,67301,0,,1,1,,N,N,N,0,,1,0,1,3,2,,2000,1,2,0,0,0,0,0,3,4,0,2,3,3.0,N,,,,,,,,,,,
2021074570,105.0,0,0,0,0,0,0,0,0,0,7,0,,67,8,2021,1,40.0372,-75.0129,47.0,6,0,0,0,0,0,0,0,0,,0,0,0,0,3,0,0,N,0,40 02:13.863,,0,75 00:46.500,0,0,0,0,67301,0,0,0,N,0,0,0,1,68K01,0,,2,9,,N,N,N,1,,0,0,0,0,0,,42,0,1,0,0,0,0,0,3,4,0,1,7,,N,,,,,,,,,,,
2021048566,255.0,2,0,0,0,0,0,0,0,0,1,0,,67,5,2021,7,39.9499,-75.2345,250.0,6,0,0,0,0,0,0,0,0,,0,0,0,2,3,1,0,N,0,39 56:59.500,,0,75 14:04.040,4,0,0,0,67301,0,0,0,N,0,0,0,1,67301,1,,1,1,,N,N,N,0,,0,0,0,0,0,,249,1,2,0,0,0,0,0,3,4,0,2,3,3.0,N,,,,,,,,,,,
2021045203,1903.0,2,0,0,0,0,0,0,0,0,4,0,,67,5,2021,2,40.0883,-74.9674,1900.0,6,0,0,0,0,0,0,0,0,,0,0,0,18,1,1,0,N,1,40 05:17.750,3.0,7,74 58:02.640,3,0,0,0,67301,0,0,0,N,0,0,0,3,67301,0,,1,1,2035.0,N,N,N,0,,1,0,0,3,3,N,1855,1,2,0,0,0,0,1,3,4,0,2,3,3.0,N,,,,,,,,,,,
2021042341,640.0,3,0,0,0,0,0,0,0,0,2,0,,67,5,2021,1,39.9945,-75.1593,635.0,6,0,0,0,0,0,2,0,0,,0,0,0,6,1,1,1,,2,39 59:40.362,5.0,0,75 09:33.546,8,0,0,0,67301,0,0,0,N,0,0,0,4,67301,0,,1,1,755.0,N,N,N,0,,0,0,1,3,2,Y,630,1,4,0,0,0,1,1,3,4,0,4,3,3.0,N,,,,,,,,,,,
2021071630,1116.0,1,0,0,0,0,0,0,0,0,8,0,,67,8,2021,2,39.9606,-75.2268,1116.0,6,0,0,0,0,0,0,0,0,,0,0,0,10,1,1,0,N,2,39 57:38.030,1.0,0,75 13:36.460,3,0,0,0,67301,1,0,0,N,1,0,0,2,67301,0,,1,1,1200.0,N,N,N,0,,1,0,0,0,0,Y,1056,1,2,0,0,0,0,0,3,4,0,1,3,3.0,N,,,,,,,,,,,
2021042287,714.0,2,0,0,0,0,0,0,0,0,5,0,45.0,67,5,2021,1,39.9956,-75.0833,709.0,6,0,0,0,0,0,1,0,0,,0,0,0,7,1,2,0,N,1,39 59:44.338,2.0,1,75 04:59.944,8,0,0,0,67301,0,0,0,N,0,0,0,3,68K01,0,,1,1,750.0,N,N,N,0,,0,0,0,0,0,N,706,2,2,0,0,0,2,0,3,4,0,2,3,3.0,Y,4.0,1.0,N,,,N,,,,Y,N
2021070777,1240.0,1,0,0,0,0,0,0,0,0,5,1,,67,7,2021,5,39.9255,-75.1938,1130.0,6,0,0,1,0,0,1,0,0,,0,1,0,11,1,2,0,N,0,39 55:31.827,,0,75 11:37.782,4,0,0,0,67301,0,0,0,N,0,0,0,5,67301,1,,1,1,,N,N,N,0,,0,0,0,0,0,,1120,2,2,0,0,2,1,0,3,4,0,2,3,,N,,,,,,,,,,,
2021044767,913.0,0,0,0,0,0,0,0,0,0,8,0,,67,5,2021,2,39.9602,-75.2391,911.0,6,0,0,0,0,0,0,0,0,,0,0,0,9,8,1,1,,0,39 57:36.714,,0,75 14:20.695,8,0,0,0,67301,1,0,0,N,1,0,0,2,67301,0,,1,1,,N,N,N,0,,0,0,0,3,1,,911,1,2,0,0,0,1,0,3,4,0,1,3,3.0,N,,,,,,,,,,,
2021044543,2046.0,1,0,0,0,0,0,0,0,0,6,0,,67,5,2021,7,39.9621,-75.2214,2047.0,6,0,0,0,0,0,0,1,0,,0,0,0,20,3,1,0,N,0,39 57:43.520,,0,75 13:17.080,8,0,0,0,67301,0,0,0,N,0,0,0,1,67301,0,,6,1,,N,N,N,0,,0,0,1,0,0,,2045,1,2,0,0,0,1,0,3,4,0,2,3,3.0,N,,,,,,,,,,,
2021072148,2016.0,0,0,0,0,0,0,0,0,0,7,0,,67,7,2021,4,39.9223,-75.1478,2009.0,6,0,0,0,0,0,0,0,0,,0,0,0,20,3,1,0,N,2,39 55:20.331,1.0,0,75 08:52.218,8,0,0,0,67301,0,0,0,N,0,0,0,1,68K01,0,,3,1,2100.0,N,N,N,0,,0,0,1,0,0,N,2005,1,1,0,0,0,1,0,3,4,0,1,3,,N,,,,,,,,,,,
2021046134,1522.0,1,0,0,0,0,0,0,0,0,4,0,,67,5,2021,2,40.0306,-75.207,1520.0,6,0,0,0,0,0,0,0,0,,0,0,0,15,1,3,1,,0,40 01:50.134,,0,75 12:25.063,3,0,0,1,67301,0,0,0,N,0,0,0,4,67301,0,,1,1,,N,N,N,0,,1,0,0,0,0,,1515,3,2,0,0,1,2,1,3,4,0,2,3,3.0,N,,,,,,,,,,,
2021044891,2340.0,1,0,0,0,0,0,0,0,0,7,0,,67,5,2021,2,39.9291,-75.2205,2340.0,6,0,0,0,0,0,0,0,0,,0,0,0,23,3,0,1,,0,39 55:44.592,,0,75 13:14.099,0,0,0,0,67301,0,0,0,N,0,0,0,1,67301,0,,4,1,,N,N,N,0,,0,0,0,3,2,,2340,0,1,0,0,0,0,0,3,4,0,1,3,3.0,N,,,,,,,,,,,
2021072195,2350.0,1,0,1,0,0,0,0,0,0,1,0,,67,7,2021,7,39.9471,-75.142,2346.0,6,0,0,0,0,0,0,0,0,,0,0,0,23,3,1,0,N,0,39 56:49.540,,0,75 08:31.218,2,0,0,0,67301,0,0,0,N,0,0,0,3,68K01,0,,1,9,,N,N,N,0,,0,1,0,0,0,,2341,1,2,0,0,0,0,1,3,4,0,2,3,7.0,N,,,,,,,,,,,
2021043333,750.0,0,0,0,0,0,0,0,0,0,4,0,,67,5,2021,5,40.0709,-75.1798,735.0,6,0,0,0,0,0,0,0,0,,0,0,0,7,1,1,2,,0,40 04:15.148,,0,75 10:47.310,3,0,0,0,67301,0,0,0,N,0,0,0,2,67301,0,,1,1,,N,N,N,0,,1,0,2,3,3,,730,1,2,0,0,0,0,1,3,4,0,2,3,3.0,N,,,,,,,,,,,
2021074699,340.0,1,0,0,0,0,0,0,0,0,7,0,,67,8,2021,2,39.9382,-75.2341,340.0,6,0,0,0,0,0,0,0,0,,0,0,0,3,3,0,0,N,0,39 56:17.406,,0,75 14:02.624,9,0,0,0,67301,0,0,0,N,0,0,0,1,67301,0,,9,1,,N,N,N,0,,0,0,0,3,2,,339,0,1,0,0,0,0,1,3,4,0,1,3,3.0,N,,,,,,,,,,,
2021048488,2040.0,0,0,0,0,0,0,0,0,0,0,0,,67,5,2021,5,39.9774,-75.2,2035.0,6,0,0,0,0,0,0,0,0,,0,0,0,20,3,1,0,N,2,39 58:38.612,4.0,0,75 12:00.164,8,0,0,1,67301,0,0,0,N,0,0,0,1,68K01,0,,1,1,30.0,N,N,N,0,,0,0,0,0,0,N,2034,1,1,0,0,0,1,0,3,4,0,1,3,,N,,,,,,,,,,,
2021074611,2029.0,1,0,0,0,0,0,1,0,0,4,1,,67,8,2021,7,40.059,-75.0441,2022.0,6,0,0,0,0,0,1,0,0,,0,0,0,19,3,3,1,,0,40 03:32.389,,0,75 02:38.685,3,0,0,0,67301,0,0,0,N,0,0,0,7,67301,0,,1,1,,N,N,N,1,,3,0,0,3,2,,1948,3,3,0,0,0,0,0,3,4,0,3,3,3.0,N,,,,,,,,,,,
2021074965,1832.0,1,0,0,0,0,0,0,0,0,1,0,,67,8,2021,3,39.958,-75.1626,1806.0,6,0,0,1,0,0,1,0,0,,0,0,0,17,1,0,0,N,2,39 57:28.691,4.0,0,75 09:45.360,0,0,0,0,67301,0,0,0,N,0,0,0,3,68K01,0,,1,1,1822.0,N,N,N,0,,0,0,1,0,0,N,1759,0,2,0,0,0,0,0,3,4,0,2,3,,N,,,,,,,,,,,