CRN,ARRIVAL_TM,AUTOMOBILE_COUNT,BELTED_DEATH_COUNT,BELTED_SUSP_SERIOUS_INJ_COUNT,BICYCLE_COUNT,BICYCLE_DEATH_COUNT,BICYCLE_SUSP_SERIOUS_INJ_COUNT,BUS_COUNT,CHLDPAS_DEATH_COUNT,CHLDPAS_SUSP_SERIOUS_INJ_COUNT,COLLISION_TYPE,COMM_VEH_COUNT,CONS_ZONE_SPD_LIM,COUNTY,CRASH_MONTH,CRASH_YEAR,DAY_OF_WEEK,DEC_LAT,DEC_LONG,DISPATCH_TM,DISTRICT,DRIVER_COUNT_16YR,DRIVER_COUNT_17YR,DRIVER_COUNT_18YR,DRIVER_COUNT_19YR,DRIVER_COUNT_20YR,DRIVER_COUNT_50_64YR,DRIVER_COUNT_65_74YR,DRIVER_COUNT_75PLUS,EST_HRS_CLOSED,FATAL_COUNT,HEAVY_TRUCK_COUNT,HORSE_BUGGY_COUNT,HOUR_OF_DAY,ILLUMINATION,INJURY_COUNT,INTERSECT_TYPE,INTERSECTION_RELATED,LANE_CLOSED,LATITUDE,LN_CLOSE_DIR,LOCATION_TYPE,LONGITUDE,MAX_SEVERITY_LEVEL,MCYCLE_DEATH_COUNT,MCYCLE_SUSP_SERIOUS_INJ_COUNT,MOTORCYCLE_COUNT,MUNICIPALITY,NONMOTR_COUNT,NONMOTR_DEATH_COUNT,NONMOTR_SUSP_SERIOUS_INJ_COUNT,NTFY_HIWY_MAINT,PED_COUNT,PED_DEATH_COUNT,PED_SUSP_SERIOUS_INJ_COUNT,PERSON_COUNT,POLICE_AGCY,POSSIBLE_INJ_COUNT,RDWY_SURF_TYPE_CD,RELATION_TO_ROAD,ROAD_CONDITION,ROADWAY_CLEARED,SCH_BUS_IND,SCH_ZONE_IND,SECONDARY_CRASH,SMALL_TRUCK_COUNT,SPEC_JURIS_CD,SUSP_MINOR_INJ_COUNT,SUSP_SERIOUS_INJ_COUNT,SUV_COUNT,TCD_FUNC_CD,TCD_TYPE,TFC_DETOUR_IND,TIME_OF_DAY,TOT_INJ_COUNT,TOTAL_UNITS,UNB_DEATH_COUNT,UNB_SUSP_SERIOUS_INJ_COUNT,UNBELTED_OCC_COUNT,UNK_INJ_DEG_COUNT,UNK_INJ_PER_COUNT,URBAN_AREA,URBAN_RURAL,VAN_COUNT,VEHICLE_COUNT,WEATHER1,WEATHER2,WORK_ZONE_IND,WORK_ZONE_LOC,WORK_ZONE_TYPE,WORKERS_PRES,WZ_CLOSE_DETOUR,WZ_FLAGGER,WZ_LAW_OFFCR_IND,WZ_LN_CLOSURE,WZ_MOVING,WZ_OTHER,WZ_SHLDER_MDN,WZ_WORKERS_INJ_KILLED
2021059054,1420.0,0,0,0,0,0,0,0,0,0,4,0,,67,6,2021,2,40.0181,-75.0643,1415.0,6,0,0,0,0,0,0,0,0,,0,0,0,14,1,1,0,N,0,40 01:05.051,,0,75 03:51.351,8,0,0,0,67301,0,0,0,N,0,0,0,2,67301,0,,1,1,,N,N,Y,0,,0,0,3,0,0,,1412,1,3,0,0,0,1,0,3,4,0,3,3,3.0,N,,,,,,,,,,,
2021072532,27.0,2,0,0,0,0,0,0,0,0,1,0,,67,8,2021,1,39.9821,-75.101,27.0,6,0,0,0,0,0,0,0,0,,0,0,0,0,3,1,0,N,1,39 58:55.709,2.0,0,75 06:03.535,8,0,0,0,67301,0,0,0,N,0,0,0,3,68K01,0,,1,1,45.0,Y,N,N,0,,0,0,0,0,0,N,27,1,2,0,0,0,1,0,3,4,0,2,3,,N,,,,,,,,,,,
2021044217,1607.0,0,0,0,0,0,0,0,0,0,1,0,,67,5,2021,4,40.0505,-75.0354,1547.0,6,0,0,0,0,0,0,0,0,,0,0,0,15,1,1,0,Y,1,40 03:01.833,4.0,0,75 02:07.286,3,0,0,0,67301,0,0,0,N,0,0,0,4,67301,0,,1,1,0.0,N,N,N,1,,1,0,1,3,2,N,1521,1,2,0,0,0,0,0,3,4,0,2,3,3.0,N,,,,,,,,,,,
2021045693,619.0,1,0,0,0,0,0,0,0,0,4,0,,67,5,2021,2,40.012,-75.176,619.0,6,0,0,0,0,0,0,0,0,,0,0,0,5,1,2,1,,0,40 00:43.164,,0,75 10:33.422,3,0,0,0,67301,0,0,0,N,0,0,0,3,67301,0,,1,1,,N,N,N,0,,2,0,1,3,2,,540,2,2,0,0,0,0,0,3,4,0,2,3,3.0,N,,,,,,,,,,,
2021072664,57.0,1,0,0,0,0,0,0,0,0,5,0,,67,8,2021,3,40.0277,-75.11,57.0,6,0,0,0,0,0,0,0,0,,0,0,0,0,3,0,5,,1,40 01:39.827,3.0,0,75 06:35.893,0,0,0,0,67301,0,0,0,N,0,0,0,3,67301,0,,1,1,145.0,N,N,N,0,,0,0,1,3,2,N,57,0,2,0,0,0,0,0,3,4,0,2,3,3.0,N,,,,,,,,,,,
2021073032,223.0,1,0,0,0,0,0,0,0,0,7,0,,67,8,2021,6,39.8941,-75.2365,222.0,6,0,0,0,0,0,0,0,0,,0,0,0,2,3,1,0,N,0,39 53:38.878,,0,75 14:11.543,3,0,0,0,67301,0,0,0,N,0,0,0,1,67301,0,,4,1,,N,N,N,0,,1,0,0,0,0,,210,1,1,0,0,0,0,0,3,4,0,1,3,3.0,N,,,,,,,,,,,
2021044613,500.0,2,0,0,0,0,0,0,0,0,4,0,,67,5,2021,6,39.9971,-75.1664,458.0,6,0,0,0,0,0,0,0,0,,0,0,0,4,5,0,2,,0,39 59:49.577,,0,75 09:59.083,9,0,0,0,67301,0,0,0,N,0,0,0,2,67301,0,,1,1,,N,N,N,0,,0,0,1,0,0,,444,0,3,0,0,0,0,2,3,4,0,3,3,3.0,N,,,,,,,,,,,
2021071716,1611.0,1,0,0,0,0,0,0,0,0,7,0,,67,7,2021,5,39.9407,-75.1435,1549.0,6,0,0,0,0,0,1,0,0,,0,0,0,15,1,1,6,N,0,39 56:21.493,,0,75 08:37.679,3,0,0,0,67301,0,0,0,N,0,0,0,1,68K01,0,,4,1,,N,N,N,0,,1,0,0,0,0,,1545,1,1,0,0,1,0,0,3,4,0,1,3,,N,,,,,,,,,,,
2021044051,57.0,1,0,0,0,0,0,0,0,0,6,0,,67,5,2021,7,40.0343,-75.0607,57.0,6,0,0,0,0,0,0,0,0,,0,0,0,0,3,1,0,N,0,40 02:03.470,,0,75 03:38.490,4,0,0,0,67301,0,0,0,N,0,0,0,1,67301,1,,6,1,,N,N,N,0,,0,0,1,0,0,,15,1,2,0,0,1,0,0,3,4,0,2,3,3.0,N,,,,,,,,,,,
2021071434,1832.0,2,0,0,0,0,0,0,0,0,4,0,,67,8,2021,1,40.0102,-75.0798,1827.0,6,0,0,0,0,0,0,0,0,,0,0,0,18,1,3,0,N,2,40 00:36.625,5.0,0,75 04:47.339,3,0,0,0,67301,0,0,0,N,0,0,0,6,67301,0,,1,1,2000.0,N,N,Y,0,,3,0,1,0,0,Y,1827,3,3,0,0,1,0,0,3,4,0,3,3,,N,,,,,,,,,,,
2021042344,225.0,1,0,0,0,0,0,0,0,0,4,0,,67,5,2021,1,40.0216,-75.1651,219.0,6,0,0,0,0,0,0,0,0,,0,0,0,1,3,1,1,,0,40 01:17.857,,0,75 09:54.435,3,0,0,0,67301,0,0,0,N,0,0,0,4,67301,0,,1,1,,N,N,N,0,,1,0,1,0,0,,149,1,3,0,0,0,0,0,3,4,1,3,3,3.0,N,,,,,,,,,,,
2021044017,2153.0,3,0,0,0,0,0,0,0,0,1,0,,67,5,2021,4,39.9955,-75.1182,2153.0,6,0,0,0,0,0,0,0,0,,0,0,0,21,2,0,0,N,0,39 59:43.670,,0,75 07:05.350,0,0,0,0,67301,0,0,0,N,0,0,0,1,67301,0,,6,1,,N,N,N,1,,0,0,2,0,0,,2153,0,8,0,0,1,0,0,3,4,2,8,3,3.0,N,,,,,,,,,,,
2021071021,503.0,2,0,0,0,0,0,0,0,0,5,0,,67,7,2021,7,39.971,-75.1565,500.0,6,0,0,0,0,0,0,0,0,,0,0,0,4,3,0,0,N,0,39 58:15.664,,0,75 09:23.524,0,0,0,0,67301,0,0,0,N,0,0,0,2,67301,0,,1,1,,N,N,N,0,,0,0,0,9,9,,458,0,2,0,0,0,0,0,3,4,0,2,3,3.0,N,,,,,,,,,,,
2021041592,33.0,0,0,0,0,0,0,0,0,0,1,0,,67,5,2021,1,40.0115,-75.1359,30.0,6,0,0,0,0,0,1,0,0,,0,0,0,0,3,0,0,N,0,40 00:41.430,,0,75 08:09.410,0,0,0,0,67301,0,0,0,N,0,0,0,3,67301,0,,1,1,,N,N,N,0,,0,0,3,0,0,,29,0,3,0,0,0,0,0,3,4,0,3,3,3.0,N,,,,,,,,,,,
2021074714,1205.0,1,0,0,0,0,0,0,0,0,4,0,,67,8,2021,2,40.073,-75.0476,1158.0,6,0,0,0,0,0,0,1,0,,0,0,0,11,1,0,2,,0,40 04:23.244,,0,75 02:51.460,0,0,0,0,67301,0,0,0,N,0,0,0,3,67301,0,,1,1,,N,N,N,0,,0,0,2,0,0,,1153,0,3,0,0,0,0,0,3,4,0,3,3,3.0,N,,,,,,,,,,,
2021073448,1615.0,0,0,0,0,0,0,0,0,0,0,0,,67,8,2021,4,40.0848,-74.9691,1610.0,6,0,0,0,0,0,1,0,0,,0,0,0,16,1,1,0,N,0,40 05:05.234,,0,74 58:08.653,8,0,0,1,67301,0,0,0,N,0,0,0,1,67301,0,,1,1,,N,N,N,0,,0,0,0,0,0,,1606,1,1,0,0,0,1,0,3,4,0,1,3,3.0,N,,,,,,,,,,,
2021073707,2126.0,0,0,0,0,0,0,0,0,0,1,0,,67,8,2021,4,39.9984,-75.081,2116.0,6,0,0,0,0,0,0,0,0,,0,0,0,21,3,0,0,N,1,39 59:54.333,1.0,0,75 04:51.610,9,0,0,0,67301,0,0,0,N,0,0,0,2,68K01,0,,4,1,2128.0,N,N,N,0,,0,0,1,0,0,N,2114,0,2,0,0,0,0,1,3,4,0,2,3,,N,,,,,,,,,,,
2021046933,1155.0,1,0,0,0,0,0,0,0,0,4,0,,67,5,2021,3,39.9645,-75.2045,1150.0,6,0,0,0,0,0,0,0,0,,0,0,0,11,1,0,2,,0,39 57:52.244,,0,75 12:16.279,0,0,0,0,67301,0,0,0,N,0,0,0,2,67301,0,,1,1,,N,N,N,0,,0,0,1,0,0,,1145,0,2,0,0,1,0,0,3,4,0,2,3,3.0,N,,,,,,,,,,,
2021073826,817.0,0,0,0,0,0,0,0,0,0,5,1,,67,8,2021,6,39.9609,-75.1819,752.0,6,0,0,0,0,0,0,0,0,,0,1,0,7,1,1,0,N,0,39 57:39.359,,0,75 10:54.861,4,0,0,0,67301,0,0,0,N,0,0,0,2,68K01,1,,1,1,,N,N,N,0,,0,0,0,0,0,,712,1,2,0,0,0,0,1,3,4,0,2,3,,N,,,,,,,,,,,
2021046144,202.0,0,0,0,0,0,0,0,0,0,8,0,,67,5,2021,6,39.9247,-75.2356,156.0,6,0,0,0,0,0,0,0,0,,0,0,0,0,3,1,1,,0,39 55:28.966,,0,75 14:08.026,3,0,0,0,67301,1,0,0,N,1,0,0,2,67301,0,,1,1,,N,N,N,0,,1,0,0,0,0,,51,1,2,0,0,0,0,0,3,4,0,1,3,,N,,,,,,,,,,,
2021071925,951.0,3,0,0,0,0,0,0,0,0,5,0,,67,7,2021,7,39.9665,-75.1459,947.0,6,0,0,0,0,0,0,0,0,,0,0,0,5,3,0,0,N,0,39 57:59.240,,0,75 08:45.300,9,0,0,0,67301,0,0,0,N,0,0,0,1,67301,0,,1,1,,N,N,N,0,,0,0,0,0,0,,525,0,3,0,0,0,0,1,3,4,0,3,3,3.0,N,,,,,,,,,,,
2021071931,1916.0,2,0,0,0,0,0,0,0,0,5,0,,67,8,2021,2,39.9963,-75.1494,1914.0,6,0,0,0,0,0,1,0,0,,0,0,0,19,1,0,0,N,0,39 59:46.850,,0,75 08:57.790,9,0,0,0,67301,0,0,0,N,0,0,0,1,67301,0,,6,1,,N,N,Y,0,,0,0,1,0,0,,1912,0,3,0,0,0,0,1,3,4,0,3,3,3.0,N,,,,,,,,,,,
2021071048,1736.0,1,0,0,0,0,0,0,0,0,8,0,,67,4,2021,3,39.9624,-75.2294,1736.0,6,0,0,0,0,0,0,0,0,,0,0,0,14,1,1,0,N,0,39 57:44.500,,0,75 13:45.800,3,0,0,0,67301,1,0,0,N,1,0,0,2,67301,0,,1,1,,N,N,N,0,,1,0,0,0,0,,1445,1,2,0,0,0,0,0,3,4,0,1,3,3.0,N,,,,,,,,,,,
2021072479,1635.0,0,0,0,0,0,0,0,0,0,1,1,,67,8,2021,3,39.9182,-75.2088,1632.0,6,0,0,0,0,0,0,0,0,,0,1,0,13,1,1,2,,0,39 55:05.610,,0,75 12:31.544,3,0,0,0,67301,0,0,0,N,0,0,0,2,67301,0,,1,1,,N,N,N,1,,1,0,0,3,2,,1340,1,2,0,0,0,0,0,3,4,0,2,3,3.0,N,,,,,,,,,,,
2021044133,840.0,1,0,0,1,0,1,0,0,0,4,0,,67,5,2021,6,40.0297,-75.1857,834.0,6,0,0,0,0,0,0,0,0,,0,0,0,22,3,1,0,N,0,40 01:46.910,,0,75 11:08.340,2,0,0,0,67301,1,0,1,N,0,0,0,2,67301,0,,1,1,,N,N,N,0,,0,1,0,0,0,,2232,1,2,0,0,0,0,0,3,4,0,1,3,3.0,N,,,,,,,,,,,
2021045756,1547.0,1,0,0,0,0,0,0,0,0,1,0,25.0,67,5,2021,2,39.9921,-75.0774,1547.0,6,0,0,0,0,0,0,1,0,,0,0,0,15,1,1,7,,0,39 59:31.600,,8,75 04:38.800,3,0,0,0,67301,0,0,0,N,0,0,0,6,67501,0,,7,1,,N,N,N,0,,1,0,0,0,0,,1547,1,2,0,0,0,0,0,3,4,1,2,3,3.0,Y,3.0,1.0,N,Y,,N,,,,,N
2021043173,17.0,2,0,0,0,0,0,0,0,0,4,0,,67,5,2021,4,40.0267,-75.1173,13.0,6,0,0,0,0,0,0,0,0,,0,0,0,0,3,2,1,,0,40 01:36.101,,0,75 07:02.125,4,0,0,0,67301,0,0,0,N,0,0,0,3,67301,2,,1,1,,N,N,N,0,,0,0,0,3,2,,6,2,2,0,0,0,0,1,3,4,0,2,3,3.0,N,,,,,,,,,,,
2021071053,1415.0,2,0,0,0,0,0,0,0,0,6,0,,67,6,2021,7,39.968,-75.2337,1415.0,6,0,0,1,0,0,0,0,0,,0,0,0,14,1,0,1,,0,39 58:04.746,,0,75 14:01.412,0,0,0,0,67301,0,0,0,N,0,0,0,3,67301,0,,2,1,,N,N,N,0,,0,0,0,9,2,,1415,0,2,0,0,1,0,0,3,4,0,2,3,,N,,,,,,,,,,,
2021044325,336.0,1,0,0,0,0,0,0,0,0,1,0,,67,5,2021,1,40.0491,-75.0529,335.0,6,0,0,0,0,0,0,0,0,,0,0,0,3,3,0,0,N,0,40 02:56.760,,0,75 03:10.610,0,0,0,0,67301,0,0,0,N,0,0,0,1,67301,0,,6,1,,N,N,N,0,,0,0,1,0,0,,334,0,2,0,0,0,0,0,3,4,0,2,3,3.0,N,,,,,,,,,,,
2021071002,248.0,1,0,0,0,0,0,0,0,0,4,0,,67,7,2021,7,40.0775,-75.1795,243.0,6,0,0,0,0,0,0,0,0,,0,0,0,2,3,1,0,N,0,40 04:39.110,,0,75 10:46.340,3,0,0,0,67301,0,0,0,N,0,0,0,1,67301,0,,1,1,,N,N,N,0,,1,0,2,0,0,,219,1,3,0,0,0,0,0,3,4,0,3,3,3.0,N,,,,,,,,,,,
2021042863,1644.0,1,0,0,0,0,0,0,0,0,1,0,35.0,67,5,2021,1,39.9118,-75.1676,1644.0,6,0,0,0,0,0,1,0,0,,0,0,0,16,1,1,0,N,2,39 54:42.600,4.0,3,75 10:03.500,4,0,0,0,67301,0,0,0,N,0,0,0,3,67501,1,,1,1,1730.0,N,N,N,0,,0,0,1,3,7,N,1644,1,2,0,0,0,0,0,3,4,0,2,3,3.0,Y,2.0,1.0,Y,,,Y,Y,,,,N
2021045287,54.0,1,0,0,0,0,0,0,0,0,4,0,,67,5,2021,2,40.0441,-75.1605,49.0,6,0,0,0,0,0,0,0,0,,0,0,0,0,3,0,2,,0,40 02:38.677,,0,75 09:37.800,9,0,0,0,67301,0,0,0,N,0,0,0,1,67301,0,,1,1,,N,N,N,0,,0,0,3,3,3,,45,0,4,0,0,0,0,1,3,4,0,4,3,,N,,,,,,,,,,,
2021046901,1607.0,1,0,0,0,0,0,0,0,0,4,0,,67,5,2021,1,40.0278,-75.0986,1602.0,6,0,0,0,0,0,0,0,0,,0,0,0,16,1,1,1,,0,40 01:40.095,,0,75 05:55.134,3,0,0,0,67301,0,0,0,N,0,0,0,2,67301,0,,1,1,,N,N,N,1,,1,0,0,3,2,,1602,1,2,0,0,0,0,0,3,4,0,2,3,3.0,N,,,,,,,,,,,
2021071328,1951.0,2,0,0,0,0,0,0,0,0,1,0,,67,7,2021,7,40.0227,-75.1482,1951.0,6,0,0,0,0,0,0,0,0,,0,0,0,17,1,0,1,,9,40 01:21.790,,0,75 08:53.512,9,0,0,0,67301,0,0,0,N,0,0,0,3,67301,0,,1,99,,N,N,N,0,,0,0,1,9,2,U,1730,0,3,0,0,0,0,2,3,4,0,3,3,98.0,N,,,,,,,,,,,
2021043745,1800.0,1,0,0,0,0,0,0,0,0,7,0,,67,5,2021,4,39.9583,-75.1412,1721.0,6,0,0,0,0,0,0,0,0,,0,0,0,17,1,0,0,N,1,39 57:29.900,2.0,0,75 08:28.332,0,0,0,0,67301,0,0,0,N,0,0,0,2,68K01,0,,2,1,1805.0,N,N,N,0,,0,0,0,0,0,N,1720,0,2,0,0,0,0,0,3,4,0,1,3,3.0,N,,,,,,,,,,,
2021074001,1547.0,0,0,0,0,0,0,0,0,0,5,1,,67,8,2021,6,39.9302,-75.1984,1527.0,6,0,0,0,0,0,1,0,0,,0,1,0,15,1,0,0,N,0,39 55:48.800,,0,75 11:54.385,9,0,0,0,67301,0,0,0,N,0,0,0,2,68K01,0,,1,1,,N,N,N,0,,0,0,1,0,0,,1515,0,2,0,0,0,0,1,3,4,0,2,3,,N,,,,,,,,,,,
2021073512,1135.0,2,0,0,0,0,0,0,0,0,4,0,,67,8,2021,7,39.9325,-75.1935,1132.0,6,0,0,0,0,0,0,0,0,,0,0,0,11,1,0,0,N,0,39 55:56.890,,0,75 11:36.740,0,0,0,0,67301,0,0,0,N,0,0,0,2,67301,0,,1,1,,N,N,N,0,,0,0,0,0,0,,1120,0,2,0,0,0,0,0,3,4,0,2,3,,N,,,,,,,,,,,
2021075192,1750.0,1,0,0,0,0,0,0,0,0,7,0,,67,8,2021,1,40.0036,-75.1905,1739.0,6,0,0,0,0,0,0,0,0,,1,0,0,17,1,1,0,N,2,40 00:13.086,5.0,0,75 11:25.859,1,1,0,1,67301,0,0,0,N,0,0,0,3,67301,1,2.0,4,1,2125.0,N,N,N,0,0.0,0,0,0,0,0,Y,1725,1,2,0,0,0,0,0,3,4,0,2,3,3.0,N,,,,,,,,,,,
2021075043,107.0,1,0,0,0,0,0,0,0,0,8,0,,67,8,2021,3,40.0108,-75.1508,105.0,6,0,0,1,0,0,0,0,0,,0,0,0,0,3,1,0,N,0,40 00:38.770,,0,75 09:02.883,2,0,0,0,67301,1,0,1,N,1,0,1,2,67301,0,,1,1,,N,N,N,0,,0,1,0,3,2,,48,1,2,0,0,0,0,0,3,4,0,1,3,3.0,N,,,,,,,,,,,
2021056157,2054.0,0,0,0,0,0,0,0,0,0,1,0,,67,6,2021,4,39.941,-75.2048,2054.0,6,0,0,0,0,0,1,0,0,,0,0,0,9,1,1,0,N,0,39 56:27.659,,3,75 12:17.244,8,0,0,0,67301,0,0,0,N,0,0,0,3,67301,0,,1,1,,N,N,N,0,,0,0,1,0,0,,900,1,2,0,0,0,1,0,3,4,1,2,3,,N,,,,,,,,,,,
2021044384,1215.0,1,0,0,0,0,0,0,0,0,5,0,,67,5,2021,1,39.9708,-75.1465,1203.0,6,0,0,0,0,0,0,0,0,,0,0,0,23,3,0,0,N,2,39 58:14.930,2.0,0,75 08:47.250,0,0,0,0,67301,0,0,0,N,0,0,0,1,67301,0,,6,1,140.0,N,N,N,0,,0,0,1,0,0,Y,2320,0,3,0,0,0,0,0,3,4,1,3,3,,N,,,,,,,,,,,
2021053642,2057.0,0,0,0,0,0,0,0,0,0,4,0,,67,5,2021,5,39.9945,-75.1465,2052.0,6,0,0,0,0,0,0,0,0,,0,0,0,20,3,1,1,,0,39 59:40.336,,0,75 08:47.551,8,0,0,0,67301,0,0,0,N,0,0,0,3,67301,0,,1,1,,N,N,N,1,,0,0,1,3,3,,2043,1,2,0,0,0,1,0,3,4,0,2,3,3.0,N,,,,,,,,,,,
2021071433,1104.0,1,0,0,0,0,0,0,0,0,4,0,,67,7,2021,7,40.0182,-75.0723,1053.0,6,0,0,0,0,0,0,0,0,,0,0,0,10,1,0,0,N,0,40 01:05.378,,0,75 04:20.242,0,0,0,0,67301,0,0,0,N,0,0,0,1,67301,0,,5,1,,N,N,N,1,,0,0,0,0,0,,1030,0,2,0,0,0,0,0,3,4,0,2,3,3.0,N,,,,,,,,,,,
2021043997,1642.0,0,0,0,1,0,0,0,0,0,4,0,,67,5,2021,6,39.9378,-75.1516,1638.0,6,0,0,0,0,0,0,0,0,,0,0,0,7,1,1,1,,0,39 56:16.193,,0,75 09:05.937,3,0,0,0,67301,1,0,0,N,0,0,0,2,67301,0,,1,1,,N,N,N,0,,1,0,0,3,3,,730,1,2,0,0,0,0,0,3,4,1,1,3,,N,,,,,,,,,,,
2021044052,2348.0,1,0,0,0,0,0,0,0,0,4,0,,67,5,2021,7,40.0422,-75.0392,2343.0,6,0,0,0,1,0,0,0,0,,0,0,0,23,3,0,2,,1,40 02:31.750,1.0,0,75 02:21.004,0,0,0,0,67301,0,0,0,N,0,0,0,3,67301,0,,1,1,12.0,N,N,N,1,,0,0,0,3,3,N,2340,0,2,0,0,0,0,0,3,4,0,2,3,,N,,,,,,,,,,,
2021071431,1340.0,0,0,0,0,0,0,0,0,0,7,0,,67,7,2021,4,40.0225,-75.0699,1340.0,6,0,0,0,0,0,0,0,0,,0,0,0,13,1,1,0,N,0,40 01:20.900,,0,75 04:11.460,8,0,0,0,67301,0,0,0,N,0,0,0,1,67301,0,,5,1,,N,N,N,0,,0,0,1,0,0,,1340,1,1,0,0,0,1,0,3,4,0,1,3,3.0,N,,,,,,,,,,,
2021044611,32.0,0,0,0,1,0,0,0,0,0,5,0,,67,5,2021,4,40.0243,-75.1597,28.0,6,0,0,0,0,0,0,0,0,,0,0,0,0,3,1,0,N,0,40 01:27.562,,0,75 09:35.054,3,0,0,0,67301,1,0,0,N,0,0,0,2,67301,0,,1,1,,N,N,N,0,,1,0,1,0,0,,24,1,2,0,0,1,0,1,3,4,0,1,3,3.0,N,,,,,,,,,,,
2021042610,1120.0,1,0,0,0,0,0,0,0,0,4,0,,67,5,2021,2,40.089,-74.9964,1115.0,6,0,0,0,0,0,1,0,0,,0,0,0,10,1,2,2,,1,40 05:20.374,1.0,0,74 59:47.119,3,0,0,0,67301,0,0,0,N,0,0,0,4,67301,0,,1,1,1240.0,N,N,N,0,,2,0,1,3,3,N,1059,2,2,0,0,0,0,0,3,4,0,2,4,,N,,,,,,,,,,,
2021071432,846.0,1,0,0,0,0,0,0,0,0,4,0,,67,7,2021,7,40.016,-75.0755,843.0,6,0,0,0,0,0,0,0,0,,0,0,0,1,3,0,0,N,0,40 00:57.450,,0,75 04:31.800,9,0,0,0,67301,0,0,0,N,0,0,0,1,67301,0,,1,1,,N,N,N,0,,0,0,1,0,0,,134,0,2,0,0,0,0,1,3,4,0,2,3,3.0,N,,,,,,,,,,,
2021043488,301.0,1,0,0,0,0,0,0,0,0,1,0,,67,5,2021,2,39.9291,-75.2293,301.0,6,0,0,1,0,0,0,0,0,,0,0,0,3,3,1,0,N,0,39 55:44.720,,0,75 13:45.610,8,0,0,0,67301,0,0,0,N,0,0,0,2,67301,0,,1,1,,N,N,N,0,,0,0,1,0,0,,300,1,2,0,0,1,1,1,3,4,0,2,3,3.0,N,,,,,,,,,,,
2021072032,2049.0,1,0,0,0,0,0,0,0,0,4,0,,67,8,2021,2,40.0257,-75.0872,2044.0,6,0,0,0,0,0,0,0,0,,0,0,0,20,3,1,1,,0,40 01:32.534,,0,75 05:13.851,3,0,0,0,67301,0,0,0,N,0,0,0,2,67301,0,,1,1,,N,N,N,0,,1,0,0,3,3,,2036,1,2,0,0,0,0,0,3,4,0,2,3,3.0,N,,,,,,,,,,,
2021042492,1921.0,2,0,0,0,0,0,0,0,0,1,0,,67,5,2021,2,40.0026,-75.1608,1921.0,6,0,0,0,0,0,0,0,0,,0,0,0,18,1,1,2,,0,40 00:09.402,,0,75 09:38.871,4,0,0,0,67301,0,0,0,N,0,0,0,2,67301,1,,1,1,,N,N,N,0,,0,0,0,3,2,,1845,1,2,0,0,0,0,1,3,4,0,2,3,,N,,,,,,,,,,,
2021044213,1602.0,1,0,0,0,0,0,0,0,0,4,0,,67,5,2021,3,40.0397,-75.0574,1554.0,6,0,0,0,0,0,1,0,0,,0,0,0,15,1,1,0,N,0,40 02:22.760,,7,75 03:26.660,3,0,0,0,67301,0,0,0,N,0,0,0,2,67301,0,,1,1,,N,N,N,0,,1,0,1,0,0,,1552,1,2,0,0,0,0,0,3,4,0,2,3,3.0,N,,,,,,,,,,,
2021044542,720.0,1,0,0,0,0,0,0,0,0,4,0,,67,5,2021,7,39.9737,-75.2081,710.0,6,0,0,0,0,0,1,0,0,,0,0,0,7,1,1,0,N,0,39 58:25.488,,0,75 12:29.142,3,0,0,0,67301,0,0,0,N,0,0,0,3,67301,0,,1,1,,N,N,N,0,,1,0,2,0,0,,701,1,3,0,0,0,0,0,3,4,0,3,3,3.0,N,,,,,,,,,,,
2021075412,1750.0,2,0,0,0,0,0,0,0,0,2,0,,67,8,2021,5,40.0613,-75.1721,1744.0,6,0,0,0,0,0,1,0,0,,0,0,0,17,1,0,2,,0,40 03:40.652,,0,75 10:19.404,0,0,0,0,67301,0,0,0,N,0,0,0,3,67301,0,,1,1,,N,N,N,0,,0,0,0,3,3,,1729,0,2,0,0,0,0,0,3,4,0,2,3,3.0,N,,,,,,,,,,,
2021045826,1740.0,2,0,0,0,0,0,0,0,0,5,0,,67,5,2021,3,39.9797,-75.1759,1731.0,6,0,0,0,0,0,0,0,0,,0,0,0,17,4,0,0,N,0,39 58:47.030,,0,75 10:33.410,0,0,0,0,67301,0,0,0,N,0,0,0,1,67301,0,,6,1,,N,N,N,0,,0,0,0,0,0,,1706,0,2,0,0,0,0,0,3,4,0,2,3,3.0,N,,,,,,,,,,,
2021073307,1224.0,0,0,0,0,0,0,0,0,0,1,0,45.0,67,8,2021,4,39.8865,-75.2145,1212.0,6,0,0,0,0,0,0,0,0,,0,0,0,12,1,1,0,N,1,39 53:11.266,1.0,0,75 12:52.171,4,0,0,0,67301,0,0,0,N,0,0,0,5,68K01,1,,1,1,1240.0,N,N,N,0,,0,0,1,0,0,N,1207,1,2,0,0,0,0,0,3,4,1,2,3,,Y,4.0,2.0,Y,N,N,N,Y,N,N,N,N
2021044207,815.0,1,0,0,0,0,0,0,0,0,8,0,,67,5,2021,7,40.0777,-75.071,809.0,6,0,0,0,0,0,1,0,0,,0,0,0,8,1,1,1,,0,40 04:39.728,,0,75 04:15.550,3,0,0,0,67301,1,0,0,N,1,0,0,2,67301,0,,1,1,,N,N,N,0,,1,0,0,3,2,,800,1,2,0,0,0,0,0,3,4,0,1,3,3.0,N,,,,,,,,,,,
2021072770,836.0,2,0,0,0,0,0,1,0,0,5,1,,67,8,2021,1,39.9492,-75.1634,836.0,6,0,0,0,0,1,1,0,0,,0,0,0,8,3,1,0,N,0,39 56:57.239,,0,75 09:48.120,4,0,0,0,67301,0,0,0,N,0,0,0,3,67301,1,,1,1,,N,N,N,0,,0,0,0,0,0,,835,1,3,0,0,0,0,0,3,4,0,3,3,,N,,,,,,,,,,,