CRN,ARRIVAL_TM,AUTOMOBILE_COUNT,BELTED_DEATH_COUNT,BELTED_SUSP_SERIOUS_INJ_COUNT,BICYCLE_COUNT,BICYCLE_DEATH_COUNT,BICYCLE_SUSP_SERIOUS_INJ_COUNT,BUS_COUNT,CHLDPAS_DEATH_COUNT,CHLDPAS_SUSP_SERIOUS_INJ_COUNT,COLLISION_TYPE,COMM_VEH_COUNT,CONS_ZONE_SPD_LIM,COUNTY,CRASH_MONTH,CRASH_YEAR,DAY_OF_WEEK,DEC_LAT,DEC_LONG,DISPATCH_TM,DISTRICT,DRIVER_COUNT_16YR,DRIVER_COUNT_17YR,DRIVER_COUNT_18YR,DRIVER_COUNT_19YR,DRIVER_COUNT_20YR,DRIVER_COUNT_50_64YR,DRIVER_COUNT_65_74YR,DRIVER_COUNT_75PLUS,EST_HRS_CLOSED,FATAL_COUNT,HEAVY_TRUCK_COUNT,HORSE_BUGGY_COUNT,HOUR_OF_DAY,ILLUMINATION,INJURY_COUNT,INTERSECT_TYPE,INTERSECTION_RELATED,LANE_CLOSED,LATITUDE,LN_CLOSE_DIR,LOCATION_TYPE,LONGITUDE,MAX_SEVERITY_LEVEL,MCYCLE_DEATH_COUNT,MCYCLE_SUSP_SERIOUS_INJ_COUNT,MOTORCYCLE_COUNT,MUNICIPALITY,NONMOTR_COUNT,NONMOTR_DEATH_COUNT,NONMOTR_SUSP_SERIOUS_INJ_COUNT,NTFY_HIWY_MAINT,PED_COUNT,PED_DEATH_COUNT,PED_SUSP_SERIOUS_INJ_COUNT,PERSON_COUNT,POLICE_AGCY,POSSIBLE_INJ_COUNT,RDWY_SURF_TYPE_CD,RELATION_TO_ROAD,ROAD_CONDITION,ROADWAY_CLEARED,SCH_BUS_IND,SCH_ZONE_IND,SECONDARY_CRASH,SMALL_TRUCK_COUNT,SPEC_JURIS_CD,SUSP_MINOR_INJ_COUNT,SUSP_SERIOUS_INJ_COUNT,SUV_COUNT,TCD_FUNC_CD,TCD_TYPE,TFC_DETOUR_IND,TIME_OF_DAY,TOT_INJ_COUNT,TOTAL_UNITS,UNB_DEATH_COUNT,UNB_SUSP_SERIOUS_INJ_COUNT,UNBELTED_OCC_COUNT,UNK_INJ_DEG_COUNT,UNK_INJ_PER_COUNT,URBAN_AREA,URBAN_RURAL,VAN_COUNT,VEHICLE_COUNT,WEATHER1,WEATHER2,WORK_ZONE_IND,WORK_ZONE_LOC,WORK_ZONE_TYPE,WORKERS_PRES,WZ_CLOSE_DETOUR,WZ_FLAGGER,WZ_LAW_OFFCR_IND,WZ_LN_CLOSURE,WZ_MOVING,WZ_OTHER,WZ_SHLDER_MDN,WZ_WORKERS_INJ_KILLED
2021045229,216.0,1,0,0,0,0,0,0,0,0,8,0,,67,5,2021,2,39.9617,-75.1561,214.0,6,0,0,0,0,0,0,0,0,,0,0,0,2,3,1,1,,2,39 57:42.361,6.0,0,75 09:22.036,8,0,0,0,67301,1,0,0,N,1,0,0,2,67301,0,,1,1,220.0,N,N,N,0,,0,0,0,3,2,Y,213,1,2,0,0,0,1,0,3,4,0,1,3,3.0,N,,,,,,,,,,,
2021043338,952.0,2,0,0,0,0,0,0,0,0,1,0,,67,5,2021,5,39.9828,-75.1883,951.0,6,0,0,0,0,0,1,0,0,,0,0,0,9,5,0,2,,0,39 58:57.424,,0,75 11:18.175,0,0,0,0,67301,0,0,0,N,0,0,0,4,67301,0,,1,1,,N,N,N,1,,0,0,0,3,2,,950,0,4,0,0,3,0,0,3,4,1,4,3,4.0,N,,,,,,,,,,,
2021072780,1539.0,1,0,0,0,0,0,0,0,0,8,0,,67,8,2021,4,40.0181,-75.0573,1535.0,6,0,0,0,0,0,0,0,0,,0,0,0,15,1,1,0,N,1,40 01:05.240,3.0,0,75 03:26.310,4,0,0,0,67301,1,0,0,N,1,0,0,1,67301,1,,1,1,1603.0,Y,N,N,0,,0,0,0,0,0,N,1523,1,2,0,0,0,0,0,3,4,0,1,3,,N,,,,,,,,,,,
2021045202,1745.0,1,0,0,1,0,0,0,0,0,4,0,,67,5,2021,2,39.9358,-75.1618,1735.0,6,0,0,0,0,0,0,0,0,,0,0,0,17,1,1,1,,0,39 56:09.016,,0,75 09:42.382,4,0,0,0,67301,1,0,0,N,0,0,0,2,67301,1,,1,1,,N,N,N,0,,0,0,0,3,2,,1700,1,2,0,0,0,0,0,3,4,0,1,3,3.0,N,,,,,,,,,,,
2021043168,2215.0,1,0,0,0,0,0,0,0,0,4,0,,67,5,2021,2,40.0223,-75.1307,2215.0,6,0,0,0,0,0,0,0,0,,0,0,0,20,3,1,1,,9,40 01:20.395,,0,75 07:50.408,3,0,0,0,67301,0,0,0,N,0,0,0,3,67301,0,,1,1,,N,N,N,0,,1,0,1,3,3,,2030,1,2,0,0,0,0,0,3,4,0,2,3,,N,,,,,,,,,,,
2021044024,1945.0,1,0,0,0,0,0,0,0,0,1,0,,67,5,2021,4,39.9756,-75.1208,1945.0,6,0,0,1,0,0,0,0,0,,0,0,0,19,1,0,0,N,0,39 58:32.003,,0,75 07:14.816,0,0,0,0,67301,0,0,0,N,0,0,0,2,67301,0,,1,1,,N,N,N,0,,0,0,1,0,0,,1940,0,2,0,0,0,0,0,3,4,0,2,3,,N,,,,,,,,,,,
2021044025,1305.0,0,0,0,0,0,0,0,0,0,8,0,,67,5,2021,5,39.9757,-75.1205,1301.0,6,0,0,0,0,0,0,0,0,,0,0,0,13,1,1,0,N,0,39 58:32.551,,0,75 07:13.760,4,0,0,0,67301,1,0,0,N,1,0,0,2,67301,1,,1,1,,N,N,N,0,,0,0,1,0,0,,1300,1,2,0,0,0,0,0,3,4,0,1,3,3.0,N,,,,,,,,,,,
2021043116,2015.0,1,0,0,0,0,0,0,0,0,4,0,,67,5,2021,3,39.9179,-75.1587,2009.0,6,0,0,0,0,1,0,0,0,,0,0,0,20,6,3,1,,2,39 55:04.321,3.0,0,75 09:31.460,8,0,0,0,67301,0,0,0,N,0,0,0,4,67301,0,,1,99,2015.0,N,N,N,0,,0,0,0,3,3,Y,2009,3,2,0,0,0,3,0,3,4,1,2,3,,N,,,,,,,,,,,
2021049075,1920.0,0,0,0,0,0,0,0,0,0,8,0,,67,5,2021,7,40.0077,-75.1392,1915.0,6,0,0,0,0,0,0,0,0,,0,0,0,19,1,1,0,N,1,40 00:27.781,4.0,0,75 08:21.072,3,0,0,0,67301,1,0,0,N,1,0,0,2,67301,0,,1,1,1940.0,N,N,N,0,,1,0,0,0,0,Y,1915,1,2,0,0,0,0,0,3,4,1,1,3,3.0,N,,,,,,,,,,,
2021044879,424.0,2,0,0,0,0,0,0,0,0,2,0,,67,5,2021,2,40.0406,-75.1079,404.0,6,0,0,0,0,0,0,0,0,,0,0,0,3,3,1,0,N,2,40 02:26.010,2.0,0,75 06:28.345,3,0,0,0,67301,0,0,0,N,0,0,0,1,67301,0,,6,1,605.0,N,N,N,0,,1,0,1,0,0,N,356,1,3,0,0,0,0,0,3,4,0,3,3,3.0,N,,,,,,,,,,,
2021071363,1213.0,1,0,0,0,0,0,0,0,0,1,0,,67,7,2021,2,39.9597,-75.1764,1204.0,6,0,0,0,0,0,0,0,0,,0,0,0,12,1,1,0,N,0,39 57:34.926,,0,75 10:35.187,3,0,0,0,67301,0,0,0,N,0,0,0,3,68K01,0,,1,1,,N,N,N,0,,1,0,2,0,0,,1200,1,3,0,0,0,0,0,3,4,0,3,3,3.0,N,,,,,,,,,,,
2021072783,1750.0,1,0,0,0,0,0,0,0,0,7,0,,67,8,2021,4,40.0213,-75.0516,1750.0,6,0,0,0,0,0,0,0,0,,0,0,0,17,1,0,0,N,0,40 01:16.629,,0,75 03:05.619,0,0,0,0,67301,0,0,0,N,0,0,0,1,67301,0,,2,1,,N,N,N,0,,0,0,0,0,0,,1745,0,1,0,0,0,0,0,3,4,0,1,3,3.0,N,,,,,,,,,,,
2021042931,2200.0,0,0,0,0,0,0,0,0,0,1,0,,67,5,2021,3,40.0371,-75.1584,2200.0,6,0,0,0,0,0,0,0,0,,0,0,0,21,3,1,0,Y,0,40 02:13.460,,0,75 09:30.210,3,0,0,0,67301,0,0,0,N,0,0,0,2,67301,0,,1,1,,N,N,N,1,,1,0,1,3,2,,2120,1,2,0,0,0,0,0,3,4,0,2,3,,N,,,,,,,,,,,
2021044890,1748.0,2,0,0,0,0,0,0,0,0,4,0,,67,5,2021,1,39.9403,-75.2336,1748.0,6,0,0,0,0,0,1,1,0,,0,0,0,17,1,0,1,,0,39 56:25.170,,0,75 14:01.024,0,0,0,0,67301,0,0,0,N,0,0,0,2,67301,0,,1,1,,N,Y,N,0,,0,0,0,3,2,,1731,0,2,0,0,1,0,0,3,4,0,2,3,,N,,,,,,,,,,,
2021071277,2150.0,2,0,0,0,0,0,0,0,0,5,0,,67,7,2021,7,39.9757,-75.1918,2148.0,6,0,0,0,0,0,0,0,0,,0,0,0,21,3,1,0,N,0,39 58:32.610,,99,75 11:30.530,3,0,0,0,67301,0,0,0,N,0,0,0,3,67301,0,,5,1,,N,N,N,0,,1,0,0,0,0,,2108,1,2,0,0,0,0,2,3,4,0,2,3,3.0,N,,,,,,,,,,,
2021073355,1811.0,1,0,0,0,0,0,0,0,0,8,0,,67,8,2021,3,39.9614,-75.1616,1811.0,6,0,0,0,0,0,0,1,0,,0,0,0,10,1,1,2,,9,39 57:40.899,,0,75 09:41.618,3,0,0,0,67301,1,0,0,N,1,0,0,2,67301,0,,1,1,,N,N,N,0,,1,0,0,0,0,U,1000,1,2,0,0,0,0,0,3,4,0,1,3,3.0,N,,,,,,,,,,,
2021044367,11.0,2,0,0,0,0,0,0,0,0,5,0,,67,5,2021,1,40.0387,-75.0387,10.0,6,0,0,0,0,0,0,0,0,,0,0,0,23,3,0,0,N,1,40 02:19.310,4.0,0,75 02:19.240,0,0,0,0,67301,0,0,0,N,0,0,0,2,67301,0,,6,1,130.0,N,N,N,0,,0,0,0,0,0,N,2353,0,3,0,0,0,0,0,3,4,1,3,3,,N,,,,,,,,,,,
2021072502,1324.0,1,0,0,0,0,0,0,0,0,1,0,,67,7,2021,6,39.9769,-75.1985,1324.0,6,0,0,0,0,0,2,0,0,,0,0,0,13,1,0,0,N,1,39 58:36.892,4.0,0,75 11:54.547,0,0,0,0,67301,0,0,0,N,0,0,0,4,68K01,0,,1,1,10.0,N,N,N,0,,0,0,2,0,0,N,1324,0,3,0,0,0,0,0,3,4,0,3,3,,N,,,,,,,,,,,
2021044027,347.0,1,0,0,0,0,0,0,0,0,5,0,,67,5,2021,6,39.9904,-75.1393,323.0,6,0,0,0,0,0,0,0,0,,0,0,0,2,3,1,0,N,0,39 59:25.270,,0,75 08:21.600,4,0,0,0,67301,1,0,0,N,0,0,0,2,67301,1,,6,1,,N,N,N,0,,0,0,3,0,0,,221,1,4,0,0,0,0,0,3,4,0,4,3,3.0,N,,,,,,,,,,,
2021072904,844.0,1,0,0,0,0,0,0,0,0,5,0,,67,8,2021,5,40.0432,-75.122,844.0,6,0,0,0,0,0,0,0,0,,0,0,0,6,1,2,0,N,9,40 02:35.560,,0,75 07:19.110,4,0,0,0,67301,0,0,0,N,0,0,0,3,67301,2,,1,99,,N,N,N,0,,0,0,1,0,0,U,645,2,2,0,0,2,0,1,3,4,0,2,3,98.0,N,,,,,,,,,,,
2021072209,1857.0,1,0,0,0,0,0,0,0,0,4,0,,67,8,2021,1,39.9546,-75.1447,1850.0,6,0,0,0,0,0,1,0,0,,0,0,0,18,1,0,1,,0,39 57:16.437,,0,75 08:40.992,0,0,0,0,67301,0,0,0,N,0,0,0,2,67301,0,,1,1,,N,N,N,0,,0,0,1,3,3,,1847,0,2,0,0,0,0,0,3,4,0,2,4,4.0,N,,,,,,,,,,,
2021042620,1250.0,0,0,0,0,0,0,0,0,0,4,0,,67,5,2021,3,40.008,-75.1916,1242.0,6,0,0,0,0,0,0,0,0,,0,0,0,11,1,0,1,,0,40 00:28.881,,2,75 11:30.784,0,0,0,0,67301,0,0,0,N,0,0,0,2,67301,0,,1,1,,N,N,N,0,,0,0,2,3,2,,1145,0,2,0,0,0,0,0,3,4,0,2,3,,N,,,,,,,,,,,
2021043317,1534.0,2,0,0,0,0,0,0,0,0,4,0,,67,5,2021,5,39.9841,-75.1601,1533.0,6,0,0,0,1,0,0,0,0,,0,0,0,15,1,1,1,,1,39 59:02.710,1.0,0,75 09:36.190,8,0,0,0,67301,0,0,0,N,0,0,0,2,67505,0,,1,1,1600.0,N,N,N,0,,0,0,1,3,3,Y,1530,1,3,0,0,0,1,0,3,4,0,3,3,3.0,N,,,,,,,,,,,
2021041740,100.0,1,0,0,0,0,0,1,0,0,5,1,,67,5,2021,1,40.0876,-75.0584,0.0,6,0,0,0,0,0,0,0,0,,0,0,0,0,3,1,0,N,0,40 05:15.399,,0,75 03:30.243,8,0,0,0,67301,0,0,0,N,0,0,0,3,67301,0,,1,1,,N,N,Y,0,,0,0,1,0,0,,0,1,3,0,0,0,1,0,3,4,0,3,3,,N,,,,,,,,,,,
2021041963,1925.0,2,0,0,0,0,0,0,0,0,4,0,,67,5,2021,1,39.9892,-75.1051,1920.0,6,0,0,0,0,0,1,0,0,,0,0,0,18,4,0,2,,1,39 59:21.037,5.0,0,75 06:18.262,0,0,0,0,67301,0,0,0,N,0,0,0,2,67301,0,,1,9,1850.0,N,N,Y,0,,0,0,1,3,3,N,1845,0,3,0,0,0,0,0,3,4,0,3,7,7.0,N,,,,,,,,,,,
2021048718,1910.0,0,0,0,0,0,0,0,0,0,5,0,,67,5,2021,6,39.9113,-75.2427,1855.0,6,0,0,0,0,0,0,0,0,,0,0,0,18,1,2,5,,0,39 54:40.810,,0,75 14:33.592,8,0,0,0,67301,0,0,0,N,0,0,0,3,67508,0,,1,1,,,N,Y,0,,0,0,1,3,2,,1855,2,2,0,0,0,2,0,3,4,0,2,3,3.0,N,,,,,,,,,,,
2021033101,1322.0,0,0,0,0,0,0,0,0,0,7,0,,67,4,2021,2,39.9815,-75.2662,1320.0,6,0,0,0,0,0,0,0,0,,0,0,0,13,1,1,0,N,2,39 58:53.428,2.0,0,75 15:58.171,8,0,0,0,67301,0,0,0,Y,0,0,0,1,46104,0,,5,1,30.0,N,N,N,0,,0,0,1,0,0,N,1320,1,1,0,0,0,1,0,3,4,0,1,3,,N,,,,,,,,,,,
2021033487,525.0,1,0,0,0,0,0,0,0,0,7,0,,67,4,2021,6,40.0849,-75.2093,523.0,6,0,0,0,0,0,0,0,0,,0,0,0,5,3,1,0,N,0,40 05:05.672,,0,75 12:33.503,3,0,0,0,67301,0,0,0,N,0,0,0,1,46108,0,,5,1,,N,N,N,0,,1,0,0,0,0,,523,1,1,0,0,0,0,0,3,4,0,1,3,,N,,,,,,,,,,,
2021071269,902.0,1,0,0,0,0,0,0,0,0,4,0,,67,7,2021,7,39.991,-75.1247,845.0,6,0,0,0,0,0,0,0,0,,0,0,0,8,1,0,0,N,0,39 59:27.530,,0,75 07:28.740,0,0,0,0,67301,0,0,0,N,0,0,0,1,67301,0,,1,1,,N,N,N,0,,0,0,1,0,0,,843,0,2,0,0,1,0,0,3,4,0,2,3,4.0,N,,,,,,,,,,,
2021044686,2327.0,1,0,0,0,0,0,0,0,0,5,0,,67,5,2021,3,39.9629,-75.1836,2324.0,6,0,0,0,0,0,1,0,0,,0,0,0,23,3,1,0,N,0,39 57:46.337,,0,75 11:01.019,3,0,0,0,67301,0,0,0,N,0,0,0,6,68K01,0,,1,1,,N,N,N,0,,1,0,1,0,0,,2322,1,2,0,0,0,0,0,3,4,0,2,3,,N,,,,,,,,,,,
2021044889,438.0,1,0,0,0,0,0,0,0,0,5,0,,67,5,2021,1,39.9333,-75.2407,424.0,6,0,0,0,0,0,0,0,0,,0,0,0,4,3,1,0,N,1,39 55:59.730,7.0,0,75 14:26.448,4,0,0,0,67301,0,0,0,N,0,0,0,3,67301,1,,1,1,530.0,N,N,Y,0,,0,0,1,0,0,Y,424,1,2,0,0,1,0,1,3,4,0,2,3,3.0,N,,,,,,,,,,,
2021042621,1300.0,2,0,0,0,0,0,0,0,0,5,0,,67,5,2021,3,40.0284,-75.1659,1250.0,6,0,0,0,0,0,0,0,0,,0,0,0,12,1,1,2,,0,40 01:42.258,,0,75 09:57.243,3,0,0,0,67301,0,0,0,N,0,0,0,1,67301,0,,1,1,,N,N,N,0,,1,0,1,0,0,,1249,1,3,0,0,0,0,0,3,4,0,3,3,,N,,,,,,,,,,,
2021045292,1009.0,2,0,0,0,0,0,0,0,0,5,0,,67,5,2021,1,40.0359,-75.0426,1006.0,6,0,0,0,0,0,0,0,0,,0,0,0,10,1,0,0,N,0,40 02:09.361,,0,75 02:33.242,9,0,0,0,67301,0,0,0,N,0,0,0,1,67301,0,,6,1,,N,N,Y,0,,0,0,1,0,0,,1005,0,3,0,0,0,0,1,3,4,0,3,3,3.0,N,,,,,,,,,,,
2021071934,1600.0,1,0,0,0,0,0,0,0,0,4,0,,67,7,2021,5,40.0337,-75.1458,1600.0,6,0,0,0,0,0,1,0,0,,1,0,0,14,1,0,1,N,0,40 02:01.264,,0,75 08:44.868,1,1,0,1,67301,0,0,0,N,0,0,0,2,67301,0,2.0,3,1,,N,N,N,0,0.0,0,0,0,3,2,,1430,0,2,0,0,1,0,0,3,4,0,2,3,,N,,,,,,,,,,,
2021042488,1930.0,0,0,0,0,0,0,0,0,0,7,0,,67,5,2021,2,39.9721,-75.1539,1924.0,6,0,0,0,0,0,1,0,0,,0,0,0,19,4,1,0,N,0,39 58:19.470,,0,75 09:13.920,8,0,0,0,67301,0,0,0,N,0,0,0,1,67301,0,,4,1,,N,N,N,1,,0,0,0,0,0,,1922,1,1,0,0,0,1,0,3,4,0,1,3,3.0,N,,,,,,,,,,,
2021046287,1124.0,2,0,0,0,0,0,0,0,0,4,0,,67,5,2021,1,40.0002,-75.1422,1117.0,6,0,0,0,0,0,1,0,0,,0,0,0,11,1,1,1,,0,40 00:00.797,,0,75 08:31.823,3,0,0,0,67301,0,0,0,N,0,0,0,2,67301,0,,1,1,,N,N,N,0,,1,0,0,3,2,,1113,1,2,0,0,0,0,0,3,4,0,2,3,3.0,N,,,,,,,,,,,
2021044615,1225.0,1,0,0,0,0,0,0,0,0,8,0,,67,5,2021,6,40.012,-75.176,1220.0,6,0,0,0,0,0,0,0,0,,0,0,0,23,3,1,1,,0,40 00:43.041,,0,75 10:33.654,3,0,0,0,67301,1,0,0,N,1,0,0,2,67301,0,,1,1,,N,N,N,0,,1,0,0,0,0,,2315,1,2,0,0,0,0,0,3,4,0,1,3,3.0,N,,,,,,,,,,,
2021071439,1700.0,0,0,0,0,0,0,1,0,0,4,1,,67,7,2021,2,39.9976,-75.1468,1645.0,6,0,0,0,0,0,1,0,0,,0,0,0,16,1,1,1,,0,39 59:51.511,,0,75 08:48.429,4,0,0,0,67301,0,0,0,N,0,0,0,2,67508,1,,1,1,,N,N,Y,0,,0,0,1,0,0,,1645,1,2,0,0,0,0,0,3,4,0,2,3,3.0,N,,,,,,,,,,,
2021041850,1503.0,1,0,0,0,0,0,0,0,0,5,0,,67,5,2021,1,39.9578,-75.1471,1503.0,6,0,0,0,0,0,0,1,0,,0,0,0,13,8,1,2,,0,39 57:28.076,,0,75 08:49.588,3,0,0,0,67301,0,0,0,N,0,0,0,2,67301,0,,1,1,,N,N,N,0,,1,0,1,3,2,,1358,1,2,0,0,0,0,0,3,4,0,2,3,,N,,,,,,,,,,,
2021046953,47.0,1,0,0,0,0,0,0,0,0,7,0,,67,5,2021,4,39.9697,-75.1317,46.0,6,0,0,0,0,0,0,0,0,,0,0,0,0,3,0,1,,0,39 58:11.220,,0,75 07:54.607,0,0,0,0,67301,0,0,0,N,0,0,0,1,67301,0,,4,1,,N,N,N,0,,0,0,0,3,2,,43,0,1,0,0,0,0,0,3,4,0,1,3,3.0,N,,,,,,,,,,,
2021044730,855.0,1,0,0,0,0,0,0,0,0,1,0,,67,5,2021,2,39.9777,-75.201,840.0,6,0,0,0,0,0,0,0,0,,0,0,0,8,1,0,0,N,1,39 58:39.822,4.0,0,75 12:03.731,0,0,0,0,67301,0,0,0,N,0,0,0,2,68K01,0,,1,1,900.0,N,N,N,0,,0,0,1,0,0,N,832,0,2,0,0,0,0,0,3,4,0,2,3,3.0,N,,,,,,,,,,,
2021044013,839.0,2,0,0,0,0,0,0,0,0,4,0,,67,5,2021,5,39.9701,-75.2374,834.0,6,0,0,0,0,0,0,0,0,,0,0,0,8,1,1,1,,0,39 58:12.525,,0,75 14:14.801,3,0,0,0,67301,0,0,0,N,0,0,0,3,67301,0,,1,1,,N,N,N,0,,1,0,0,3,2,,823,1,2,0,0,0,0,0,3,4,0,2,3,3.0,N,,,,,,,,,,,
2021072970,2215.0,0,0,0,0,0,0,0,0,0,0,0,,67,8,2021,4,39.9733,-75.1191,2214.0,6,0,0,0,0,0,0,0,0,,0,0,0,22,3,1,0,N,0,39 58:23.941,,0,75 07:08.753,3,0,0,1,67301,0,0,0,N,0,0,0,1,67301,0,,1,1,,N,N,N,0,,1,0,0,0,0,,2210,1,1,0,0,0,0,0,3,4,0,1,3,,N,,,,,,,,,,,
2021052979,938.0,2,0,0,0,0,0,0,0,0,1,1,,67,5,2021,3,40.0035,-75.0774,917.0,6,0,0,0,0,0,1,0,0,,0,1,0,9,1,0,0,N,1,40 00:12.779,2.0,3,75 04:38.536,9,0,0,0,67301,0,0,0,N,0,0,0,4,68K01,0,,1,1,1033.0,N,N,N,0,,0,0,1,0,0,N,915,0,4,0,0,0,0,1,3,4,0,4,3,,N,,,,,,,,,,,
2021046138,920.0,1,0,0,0,0,0,0,0,0,1,0,,67,5,2021,4,39.9478,-75.2311,916.0,6,0,0,0,0,0,0,0,0,,0,0,0,9,1,2,0,N,0,39 56:52.017,,0,75 13:52.069,3,0,0,0,67301,0,0,0,N,0,0,0,4,67301,1,,1,1,,N,N,N,0,,1,0,0,0,0,,912,2,2,0,0,0,0,0,3,4,1,2,3,3.0,N,,,,,,,,,,,
2021072700,710.0,2,0,0,0,0,0,0,0,0,4,0,,67,8,2021,1,40.0157,-75.0872,700.0,6,0,0,0,0,1,0,0,0,,0,0,0,6,5,1,1,N,1,40 00:56.505,3.0,0,75 05:13.934,4,0,0,0,67301,0,0,0,N,0,0,0,2,67301,1,,1,1,100.0,N,N,N,0,,0,0,0,3,3,Y,630,1,2,0,0,0,0,0,3,4,0,2,3,,N,,,,,,,,,,,
2021048567,910.0,1,0,0,0,0,0,0,0,0,8,0,,67,5,2021,6,39.9762,-75.2267,900.0,6,0,0,0,0,0,0,0,0,,0,0,0,7,1,1,5,,0,39 58:34.019,,0,75 13:36.144,3,0,0,0,67301,1,0,0,N,1,0,0,2,67301,0,,1,1,,N,N,N,0,,1,0,0,3,2,,750,1,2,0,0,0,0,0,3,4,0,1,3,3.0,N,,,,,,,,,,,
2021043237,1323.0,0,0,0,0,0,0,0,0,0,8,0,,67,5,2021,3,39.9332,-75.1891,1319.0,6,0,0,0,0,0,0,0,0,,0,0,0,12,1,1,1,,0,39 55:59.363,,0,75 11:20.916,8,0,0,0,67301,1,0,0,N,1,0,0,2,67301,0,,1,1,,N,N,N,0,,0,0,1,0,0,,1230,1,2,0,0,0,1,0,3,4,0,1,4,4.0,N,,,,,,,,,,,
2021046940,1618.0,1,0,0,0,0,0,0,0,0,4,0,,67,5,2021,6,39.9519,-75.2388,1618.0,6,0,0,0,0,0,1,0,0,,0,0,0,16,1,0,1,,1,39 57:06.994,3.0,0,75 14:19.679,0,0,0,0,67301,0,0,0,N,0,0,0,2,67301,0,,1,1,1644.0,N,N,N,1,,0,0,0,3,2,N,1610,0,2,0,0,0,0,0,3,4,0,2,3,3.0,N,,,,,,,,,,,
2021045357,1223.0,2,0,0,0,0,0,0,0,0,1,0,,67,5,2021,2,40.0459,-75.0018,1216.0,6,0,0,0,0,0,0,0,0,,0,0,0,12,1,0,6,,1,40 02:45.339,2.0,2,75 00:06.539,0,0,0,0,67301,0,0,0,N,0,0,0,3,68K01,0,,7,1,1235.0,N,N,N,0,,0,0,0,0,0,N,1213,0,2,0,0,0,0,0,3,4,0,2,3,3.0,N,,,,,,,,,,,
2021046173,1410.0,0,0,0,0,0,0,0,0,0,8,0,,67,5,2021,4,40.0279,-75.1374,1404.0,6,0,0,0,0,0,0,0,0,,0,0,0,13,1,1,1,,0,40 01:40.479,,0,75 08:14.708,3,0,0,0,67301,1,0,0,N,1,0,0,2,67301,0,,1,1,,N,N,N,0,,1,0,1,3,3,,1357,1,2,0,0,0,0,0,3,4,0,1,3,3.0,N,,,,,,,,,,,
2021045008,1601.0,1,0,0,0,0,0,0,0,0,4,0,,67,5,2021,1,40.006,-75.0919,1553.0,6,0,0,0,0,1,0,0,0,,0,0,0,15,1,1,5,,0,40 00:21.613,,0,75 05:30.664,3,0,0,0,67301,0,0,0,N,0,0,0,3,67301,0,,1,1,,N,N,N,0,,1,0,1,3,2,,1510,1,2,0,0,0,0,0,3,4,0,2,3,3.0,N,,,,,,,,,,,
2021046902,2115.0,0,0,0,0,0,0,0,0,0,4,0,,67,5,2021,1,40.0307,-75.0932,2106.0,6,0,0,0,0,0,0,0,0,,0,0,0,21,3,1,1,,0,40 01:50.552,,0,75 05:35.559,3,0,0,1,67301,0,0,0,N,0,0,0,2,67301,0,,1,1,,N,N,N,1,,1,0,0,3,3,,2105,1,2,0,0,0,0,0,3,4,0,2,3,,N,,,,,,,,,,,
2021043123,1646.0,1,0,0,0,0,0,0,0,0,8,0,,67,5,2021,4,40.0291,-75.1468,1632.0,6,0,0,0,0,0,0,0,0,,0,0,0,15,1,1,1,,0,40 01:44.879,,6,75 08:48.456,8,0,0,0,67301,1,0,0,N,1,0,0,2,67301,0,,1,1,,N,N,N,0,,0,0,0,3,2,,1532,1,2,0,0,0,1,1,3,4,0,1,3,,N,,,,,,,,,,,
2021048026,201.0,0,0,0,0,0,0,0,0,0,7,0,,67,5,2021,7,40.0053,-75.1955,154.0,6,0,0,0,0,0,1,0,0,,0,0,0,1,3,1,7,,2,40 00:18.992,4.0,2,75 11:43.844,8,0,0,0,67301,0,0,0,Y,0,0,0,1,68K01,0,,7,1,415.0,N,N,N,1,,0,0,0,0,0,Y,153,1,1,0,0,0,1,0,3,4,0,1,3,,N,,,,,,,,,,,
2021044540,1751.0,1,0,0,0,0,0,0,0,0,4,0,,67,5,2021,1,40.0332,-75.0721,1750.0,6,0,0,0,0,0,0,0,0,,0,0,0,17,1,1,0,N,0,40 01:59.556,,7,75 04:19.388,3,0,0,0,67301,0,0,0,N,0,0,0,3,67301,0,,1,1,,N,N,N,0,,1,0,1,0,0,,1749,1,2,0,0,0,0,1,3,4,0,2,3,3.0,N,,,,,,,,,,,
2021071853,1405.0,1,0,0,0,0,0,0,0,0,1,0,,67,8,2021,1,40.0165,-75.2107,1353.0,6,0,0,0,0,1,0,0,0,,0,0,0,13,1,1,0,N,0,40 00:59.336,,0,75 12:38.409,4,0,0,0,67301,0,0,0,N,0,0,0,2,67301,1,,1,9,,N,N,N,0,,0,0,1,0,0,,1345,1,2,0,0,0,0,0,3,4,0,2,7,7.0,N,,,,,,,,,,,
2021072538,214.0,0,0,0,0,0,0,0,0,0,0,0,,67,8,2021,2,39.9629,-75.1394,203.0,6,0,0,0,0,1,0,0,0,,0,0,0,2,3,1,0,N,1,39 57:46.594,2.0,0,75 08:21.790,3,0,0,0,67301,0,0,0,N,0,0,0,1,68K01,0,,1,1,225.0,N,N,N,0,,1,0,1,0,0,N,200,1,1,0,0,0,0,0,3,4,0,1,3,3.0,N,,,,,,,,,,,