CRN,ARRIVAL_TM,AUTOMOBILE_COUNT,BELTED_DEATH_COUNT,BELTED_SUSP_SERIOUS_INJ_COUNT,BICYCLE_COUNT,BICYCLE_DEATH_COUNT,BICYCLE_SUSP_SERIOUS_INJ_COUNT,BUS_COUNT,CHLDPAS_DEATH_COUNT,CHLDPAS_SUSP_SERIOUS_INJ_COUNT,COLLISION_TYPE,COMM_VEH_COUNT,CONS_ZONE_SPD_LIM,COUNTY,CRASH_MONTH,CRASH_YEAR,DAY_OF_WEEK,DEC_LAT,DEC_LONG,DISPATCH_TM,DISTRICT,DRIVER_COUNT_16YR,DRIVER_COUNT_17YR,DRIVER_COUNT_18YR,DRIVER_COUNT_19YR,DRIVER_COUNT_20YR,DRIVER_COUNT_50_64YR,DRIVER_COUNT_65_74YR,DRIVER_COUNT_75PLUS,EST_HRS_CLOSED,FATAL_COUNT,HEAVY_TRUCK_COUNT,HORSE_BUGGY_COUNT,HOUR_OF_DAY,ILLUMINATION,INJURY_COUNT,INTERSECT_TYPE,INTERSECTION_RELATED,LANE_CLOSED,LATITUDE,LN_CLOSE_DIR,LOCATION_TYPE,LONGITUDE,MAX_SEVERITY_LEVEL,MCYCLE_DEATH_COUNT,MCYCLE_SUSP_SERIOUS_INJ_COUNT,MOTORCYCLE_COUNT,MUNICIPALITY,NONMOTR_COUNT,NONMOTR_DEATH_COUNT,NONMOTR_SUSP_SERIOUS_INJ_COUNT,NTFY_HIWY_MAINT,PED_COUNT,PED_DEATH_COUNT,PED_SUSP_SERIOUS_INJ_COUNT,PERSON_COUNT,POLICE_AGCY,POSSIBLE_INJ_COUNT,RDWY_SURF_TYPE_CD,RELATION_TO_ROAD,ROAD_CONDITION,ROADWAY_CLEARED,SCH_BUS_IND,SCH_ZONE_IND,SECONDARY_CRASH,SMALL_TRUCK_COUNT,SPEC_JURIS_CD,SUSP_MINOR_INJ_COUNT,SUSP_SERIOUS_INJ_COUNT,SUV_COUNT,TCD_FUNC_CD,TCD_TYPE,TFC_DETOUR_IND,TIME_OF_DAY,TOT_INJ_COUNT,TOTAL_UNITS,UNB_DEATH_COUNT,UNB_SUSP_SERIOUS_INJ_COUNT,UNBELTED_OCC_COUNT,UNK_INJ_DEG_COUNT,UNK_INJ_PER_COUNT,URBAN_AREA,URBAN_RURAL,VAN_COUNT,VEHICLE_COUNT,WEATHER1,WEATHER2,WORK_ZONE_IND,WORK_ZONE_LOC,WORK_ZONE_TYPE,WORKERS_PRES,WZ_CLOSE_DETOUR,WZ_FLAGGER,WZ_LAW_OFFCR_IND,WZ_LN_CLOSURE,WZ_MOVING,WZ_OTHER,WZ_SHLDER_MDN,WZ_WORKERS_INJ_KILLED
2021080493,2212.0,1,0,0,0,0,0,1,0,0,5,1,,67,8,2021,5,40.0098,-75.1556,2212.0,6,0,0,0,0,0,1,0,0,,0,0,0,22,3,0,0,N,2,40 00:35.346,6.0,0,75 09:20.295,0,0,0,0,67301,0,0,0,N,0,0,0,2,67301,0,,1,1,2330.0,N,N,N,0,,0,0,0,0,0,Y,2205,0,2,0,0,0,0,0,3,4,0,2,3,3.0,N,,,,,,,,,,,
2021079882,1415.0,1,0,0,0,0,0,0,0,0,4,0,,67,8,2021,4,39.9982,-75.1876,1352.0,6,0,0,0,0,0,2,0,0,,0,0,0,13,1,0,2,,2,39 59:53.503,1.0,0,75 11:15.437,0,0,0,0,67301,0,0,0,N,0,0,0,6,67301,0,,1,1,1435.0,N,N,N,1,,0,0,1,3,2,N,1320,0,3,0,0,0,0,0,3,4,0,3,3,3.0,N,,,,,,,,,,,
2021080352,649.0,2,0,0,0,0,0,0,0,0,5,0,,67,8,2021,1,39.9572,-75.1566,634.0,6,0,0,0,0,0,2,0,0,,0,0,0,6,5,0,0,N,0,39 57:25.848,,0,75 09:23.939,0,0,0,0,67301,0,0,0,N,0,0,0,3,68K01,0,,1,9,,N,N,N,1,,0,0,0,0,0,,624,0,3,0,0,0,0,0,3,4,0,3,7,,N,,,,,,,,,,,
2021079631,522.0,1,0,0,0,0,0,0,0,0,6,1,,67,8,2021,7,40.0499,-75.0862,515.0,6,0,0,0,0,0,0,0,0,,0,1,0,5,3,0,0,N,0,40 02:59.765,,0,75 05:10.386,0,0,0,0,67301,0,0,0,N,0,0,0,1,67301,0,,1,1,,N,N,N,0,,0,0,0,0,0,,515,0,2,0,0,0,0,0,3,4,0,2,3,3.0,N,,,,,,,,,,,
2021049764,1930.0,1,0,0,0,0,0,0,0,0,1,0,,67,5,2021,1,40.0182,-75.17,1917.0,6,0,0,0,0,0,0,0,0,,0,0,0,18,1,1,0,N,0,40 01:05.546,,0,75 10:11.960,3,0,0,0,67301,0,0,0,N,0,0,0,3,67301,0,,1,1,,N,N,N,0,,1,0,2,0,0,,1800,1,3,0,0,0,0,0,3,4,0,3,4,7.0,N,,,,,,,,,,,
2021054292,101.0,2,0,0,0,0,0,0,0,0,4,0,,67,6,2021,5,39.997,-75.1296,100.0,6,0,0,0,0,0,0,0,0,,0,0,0,6,3,2,1,,0,39 59:49.055,,0,75 07:46.603,4,0,0,0,67301,0,0,0,N,0,0,0,3,67301,1,,1,99,,N,N,N,0,,0,0,0,3,3,,600,2,2,0,0,0,1,1,3,4,0,2,99,7.0,N,,,,,,,,,,,
2021050603,226.0,2,0,0,0,0,0,0,0,0,4,0,,67,6,2021,4,39.9856,-75.1279,225.0,6,0,0,0,0,0,0,0,0,,0,0,0,2,3,1,1,,1,39 59:08.059,3.0,0,75 07:40.306,8,0,0,0,67301,0,0,0,N,0,0,0,2,67301,0,,1,1,300.0,N,N,N,0,,0,0,1,3,3,N,224,1,3,0,0,0,1,0,3,4,0,3,3,,N,,,,,,,,,,,
2021053648,1157.0,1,0,0,0,0,0,0,0,0,8,0,,67,6,2021,3,39.9937,-75.1526,1156.0,6,0,0,0,0,0,0,0,0,,0,0,0,11,1,1,0,N,0,39 59:37.267,,0,75 09:09.322,4,0,0,0,67301,1,0,0,N,1,0,0,2,67301,1,,1,1,,N,N,N,0,,0,0,0,0,0,,1155,1,2,0,0,0,0,0,3,4,0,1,3,3.0,N,,,,,,,,,,,
2021051863,1307.0,2,0,0,0,0,0,0,0,0,4,0,,67,6,2021,7,40.08,-74.9973,1305.0,6,0,0,0,0,0,1,0,0,,0,0,0,13,1,0,2,,1,40 04:48.550,2.0,0,74 59:50.104,0,0,0,0,67301,0,0,0,N,0,0,0,4,67301,0,,1,1,1400.0,N,N,N,0,,0,0,0,3,2,Y,1303,0,2,0,0,0,0,0,3,4,0,2,3,3.0,N,,,,,,,,,,,
2021051411,1025.0,0,0,0,0,0,0,0,0,0,1,0,,67,6,2021,6,40.0808,-75.0286,1015.0,6,0,0,0,0,0,0,0,0,,0,0,0,10,1,1,1,,0,40 04:50.725,,0,75 01:42.964,4,0,0,0,67301,0,0,0,N,0,0,0,2,67301,1,,1,1,,N,N,N,0,,0,0,2,3,2,,1000,1,2,0,0,0,0,0,3,4,0,2,3,3.0,N,,,,,,,,,,,
2021051069,1217.0,1,0,0,0,0,0,0,0,0,4,0,,67,6,2021,3,39.9989,-75.1685,1213.0,6,0,0,0,0,1,0,0,0,,0,0,0,12,1,0,1,,0,39 59:56.075,,0,75 10:06.560,9,0,0,0,67301,0,0,0,N,0,0,0,4,67301,0,,1,1,,N,N,N,0,,0,0,1,3,2,,1212,0,2,0,0,0,0,1,3,4,0,2,4,4.0,N,,,,,,,,,,,
2021050363,1654.0,2,0,0,0,0,0,0,0,0,4,0,,67,6,2021,3,40.038,-75.1094,1639.0,6,0,0,0,0,0,0,0,0,,0,0,0,16,1,2,0,N,0,40 02:16.976,,7,75 06:33.673,3,0,0,0,67301,0,0,0,N,0,0,0,2,67301,0,,1,1,,N,N,N,0,,2,0,0,3,3,,1638,2,2,0,0,0,0,0,3,4,0,2,3,,N,,,,,,,,,,,
2021070489,2205.0,1,0,0,0,0,0,0,0,0,7,0,,67,6,2021,7,40.0198,-75.1105,2200.0,6,0,0,0,0,0,0,0,0,,0,0,0,21,3,0,2,,0,40 01:11.359,,0,75 06:37.843,0,0,0,0,67301,0,0,0,N,0,0,0,1,67301,0,,4,1,,N,N,N,0,,0,0,0,3,2,,2135,0,1,0,0,1,0,0,3,4,0,1,3,3.0,N,,,,,,,,,,,
2021057805,122.0,1,0,0,0,0,0,0,0,0,5,0,,67,6,2021,6,39.9601,-75.1797,116.0,6,0,0,0,0,0,0,0,0,,0,0,0,1,3,3,0,N,2,39 57:36.354,4.0,3,75 10:46.785,3,0,0,0,67301,0,0,0,N,0,0,0,3,68K01,0,,1,1,20.0,N,N,N,0,,3,0,2,0,0,Y,115,3,3,0,0,0,0,0,3,4,0,3,3,3.0,N,,,,,,,,,,,
2021051338,945.0,1,0,0,0,0,0,0,0,0,8,0,,67,6,2021,5,39.9956,-75.1675,939.0,6,0,0,0,0,0,0,0,0,,0,0,0,20,4,1,1,,0,39 59:44.213,,0,75 10:03.144,3,0,0,0,67301,1,0,0,N,1,0,0,2,67301,0,,1,1,,N,N,N,0,,1,0,0,3,2,,2030,1,2,0,0,0,0,0,3,4,0,1,3,3.0,N,,,,,,,,,,,
2021053571,1330.0,0,0,0,0,0,0,0,0,0,8,0,,67,6,2021,1,39.9539,-75.1595,1325.0,6,0,0,0,0,0,0,0,0,,0,0,0,13,1,1,1,,0,39 57:14.217,,0,75 09:34.069,3,0,0,0,67301,1,0,0,N,1,0,0,2,67301,0,,1,1,,N,N,N,0,,1,0,1,3,2,,1323,1,2,0,0,0,0,0,3,4,0,1,3,3.0,N,,,,,,,,,,,
2021051745,535.0,1,0,0,0,0,0,0,0,0,7,0,99.0,67,6,2021,5,40.0206,-75.1554,528.0,6,0,0,0,0,0,0,0,0,,0,0,0,5,5,0,0,N,2,40 01:14.069,2.0,0,75 09:19.414,0,0,0,0,67301,0,0,0,N,0,0,0,1,67301,0,,1,1,755.0,N,N,N,0,,0,0,0,0,0,Y,500,0,1,0,0,0,0,0,3,4,0,1,3,3.0,Y,4.0,1.0,U,,,U,,,,,N
2021080052,1415.0,1,0,0,0,0,0,0,0,0,1,0,,67,8,2021,2,39.8981,-75.2107,1415.0,6,0,0,0,0,0,0,0,0,,0,0,0,1,3,2,0,N,0,39 53:53.225,,3,75 12:38.606,3,0,0,0,67301,0,0,0,N,0,0,0,2,67301,0,,1,1,,N,N,N,0,,1,0,0,0,0,,115,2,2,0,0,0,1,0,3,4,0,2,4,,N,,,,,,,,,,,
2021053606,1735.0,2,0,0,0,0,0,0,0,0,1,0,,67,6,2021,2,40.038,-75.0545,1730.0,6,0,0,0,0,0,0,0,0,,0,0,0,17,1,3,0,N,1,40 02:16.800,3.0,0,75 03:16.300,3,0,0,0,67301,0,0,0,N,0,0,0,3,67301,0,,6,1,1900.0,N,N,N,0,,3,0,1,0,0,Y,1729,3,3,0,0,0,0,0,3,4,0,3,3,3.0,N,,,,,,,,,,,
2021052279,1955.0,3,0,0,0,0,0,0,0,0,7,0,,67,6,2021,1,39.9496,-75.166,1954.0,6,0,0,0,0,0,0,0,0,,0,0,0,19,1,1,1,,0,39 56:58.396,,0,75 09:57.421,3,0,0,0,67301,0,0,0,N,0,0,0,1,67301,0,,5,1,,N,N,N,0,,1,0,0,3,2,,1953,1,3,0,0,1,0,0,3,4,0,3,3,3.0,N,,,,,,,,,,,
2021053656,1818.0,1,0,0,0,0,0,0,0,0,4,0,,67,6,2021,5,40.0209,-75.1191,1816.0,6,0,0,1,0,0,0,0,0,,0,0,0,18,4,1,2,,2,40 01:15.258,6.0,0,75 07:08.781,3,0,0,1,67301,0,0,0,N,0,0,0,2,67301,0,,1,9,1900.0,N,N,N,0,,1,0,0,3,3,Y,1800,1,2,0,0,0,0,0,3,4,0,2,7,,N,,,,,,,,,,,
2021050106,616.0,0,0,0,0,0,0,0,0,0,7,0,,67,6,2021,3,40.067,-75.1563,603.0,6,0,0,0,0,0,0,0,0,,0,0,0,5,3,0,1,,0,40 04:01.254,,0,75 09:22.647,9,0,0,0,67301,0,0,0,N,0,0,0,1,67301,0,,4,1,,N,N,N,0,,0,0,1,3,2,,530,0,1,0,0,0,0,1,3,4,0,1,3,3.0,N,,,,,,,,,,,
2021053770,1540.0,2,0,0,0,0,0,0,0,0,4,0,,67,6,2021,2,39.9897,-75.1347,1540.0,6,0,0,0,0,1,1,0,0,,0,0,0,22,3,0,1,,0,39 59:23.085,,0,75 08:04.804,9,0,0,0,67301,0,0,0,N,0,0,0,2,67301,0,,1,1,,N,N,N,0,,0,0,0,3,3,,2240,0,2,0,0,1,0,2,3,4,0,2,3,3.0,N,,,,,,,,,,,
2021052064,2028.0,0,0,0,0,0,0,0,0,0,1,0,,67,6,2021,1,40.0507,-75.1733,2027.0,6,0,0,0,0,0,0,0,0,,0,0,0,19,4,3,1,,0,40 03:02.401,,0,75 10:23.780,3,0,0,0,67301,0,0,0,N,0,0,0,8,67301,0,,1,1,,N,N,N,0,,1,0,1,3,2,,1920,3,2,0,0,0,2,5,3,4,1,2,3,3.0,N,,,,,,,,,,,
2021051642,2355.0,2,0,0,0,0,0,0,0,0,5,0,,67,6,2021,7,39.9416,-75.1621,2350.0,6,0,0,0,0,0,0,0,0,,0,0,0,23,3,0,0,N,1,39 56:29.840,1.0,0,75 09:43.640,0,0,0,0,67301,0,0,0,N,0,0,0,1,67301,0,,6,1,55.0,N,N,N,1,,0,0,0,0,0,N,2345,0,3,0,0,0,0,0,3,4,0,3,3,,N,,,,,,,,,,,
2021050368,1031.0,3,0,0,0,0,0,0,0,0,5,0,,67,6,2021,3,40.0288,-75.1359,1030.0,6,0,0,0,0,0,0,0,0,,0,0,0,10,1,0,0,N,2,40 01:43.710,1.0,0,75 08:09.310,0,0,0,0,67301,0,0,0,N,0,0,0,1,67301,0,,6,1,1100.0,N,N,N,0,,0,0,0,0,0,Y,1020,0,3,0,0,0,0,0,3,4,0,3,3,3.0,N,,,,,,,,,,,
2021057913,2125.0,2,0,0,0,0,0,0,0,0,4,0,,67,6,2021,5,39.956,-75.2176,2135.0,6,0,0,0,0,0,1,0,0,,0,0,0,21,3,1,1,,0,39 57:21.568,,0,75 13:03.523,3,0,0,0,67301,0,0,0,N,0,0,0,2,67301,0,,1,9,,N,N,N,0,,1,0,0,2,2,,2115,1,2,0,0,0,0,0,3,4,0,2,7,7.0,N,,,,,,,,,,,
2021051567,1515.0,1,0,0,0,0,0,0,0,0,4,0,,67,6,2021,6,40.0011,-75.2267,1515.0,6,0,0,0,0,0,0,0,0,,0,0,0,14,1,1,0,N,0,40 00:03.794,,7,75 13:36.117,3,0,0,0,67301,0,0,0,N,0,0,0,2,67301,0,,1,99,,N,N,Y,0,,1,0,1,0,0,,1431,1,2,0,0,0,0,0,3,4,0,2,4,,N,,,,,,,,,,,
2021079142,2245.0,1,0,0,0,0,0,0,0,0,1,0,,67,8,2021,1,40.0047,-75.1521,2245.0,6,0,0,0,0,0,1,0,0,,0,0,0,22,3,2,1,N,0,40 00:16.819,,0,75 09:08.094,4,0,0,0,67301,0,0,0,N,0,0,0,3,67505,2,,1,1,,N,N,N,0,,0,0,1,3,2,,2240,2,2,0,0,3,0,0,3,4,0,2,3,3.0,N,,,,,,,,,,,
2021080155,1810.0,1,0,0,0,0,0,0,0,0,4,1,,67,8,2021,4,39.9305,-75.1683,1804.0,6,0,0,0,0,0,0,0,0,,0,1,0,11,1,0,1,,0,39 55:49.827,,0,75 10:05.835,9,0,0,0,67301,1,0,0,N,0,0,0,2,67301,0,,1,1,,N,N,N,0,,0,0,0,3,2,,1100,0,2,0,0,0,0,1,3,4,0,2,3,3.0,N,,,,,,,,,,,
2021057807,245.0,1,0,0,0,0,0,0,0,0,5,0,,67,6,2021,1,39.9581,-75.1642,241.0,6,0,0,0,0,0,0,0,0,,0,0,0,2,3,1,0,N,0,39 57:29.075,,0,75 09:51.238,3,0,0,0,67301,0,0,0,N,0,0,0,4,68K01,0,,1,1,,N,N,N,0,,1,0,1,0,0,,237,1,2,0,0,0,0,0,3,4,0,2,3,,N,,,,,,,,,,,
2021074621,1725.0,1,0,0,1,0,0,0,0,0,4,0,,67,8,2021,3,39.9422,-75.1539,1708.0,6,0,0,0,0,0,0,1,0,,0,0,0,17,1,1,1,,0,39 56:31.954,,0,75 09:14.118,8,0,0,0,67301,1,0,0,N,0,0,0,2,67301,0,,1,1,,N,N,N,0,,0,0,0,3,2,,1700,1,2,0,0,0,1,0,3,4,0,1,3,,N,,,,,,,,,,,
2021080551,2045.0,0,0,0,0,0,0,0,0,0,1,0,,67,7,2021,1,39.9682,-75.129,2030.0,6,0,0,0,0,0,1,0,0,,0,0,0,19,1,2,0,N,0,39 58:05.672,,0,75 07:44.558,8,0,0,0,67301,0,0,0,N,0,0,0,3,68K01,0,,1,1,,N,N,N,0,,0,0,1,0,0,,1914,2,2,0,0,0,2,1,3,4,0,2,3,3.0,N,,,,,,,,,,,
2021080521,1315.0,0,0,0,0,0,0,0,0,0,1,1,,67,8,2021,3,39.9771,-75.1132,1251.0,6,0,0,0,0,0,1,0,0,,0,0,0,12,1,0,0,N,0,39 58:37.716,,0,75 06:47.689,0,0,0,0,67301,0,0,0,N,0,0,0,2,68K01,0,,1,9,,N,N,N,0,,0,0,1,0,0,,1249,0,2,0,0,0,0,0,3,4,1,2,7,7.0,N,,,,,,,,,,,
2021079133,1719.0,1,0,0,0,0,0,0,0,0,4,0,,67,8,2021,2,39.9847,-75.1565,1719.0,6,0,0,0,0,0,1,0,0,,0,0,0,17,1,1,1,Y,0,39 59:04.910,,0,75 09:23.867,4,0,0,0,67301,0,0,0,N,0,0,0,3,67301,1,,1,9,,N,N,N,1,,0,0,0,0,0,,1719,1,2,0,0,0,0,0,3,4,0,2,7,4.0,N,,,,,,,,,,,
2021049765,57.0,2,0,0,0,0,0,0,0,0,1,0,,67,5,2021,2,40.0206,-75.1566,53.0,6,0,0,0,0,0,0,0,0,,0,0,0,0,3,1,0,N,2,40 01:14.031,1.0,3,75 09:23.800,3,0,0,0,67301,0,0,0,N,0,0,0,3,67301,0,,1,1,155.0,N,N,N,1,,1,0,0,0,0,Y,48,1,3,0,0,0,0,1,3,4,0,3,4,4.0,N,,,,,,,,,,,
2021079769,515.0,1,0,0,0,0,0,0,0,0,4,0,,67,8,2021,6,40.0453,-75.0019,514.0,6,0,0,0,0,0,1,0,0,,0,0,0,4,3,3,0,N,0,40 02:42.922,,0,75 00:06.825,3,0,0,0,67301,0,0,0,N,0,0,0,3,68K01,1,,1,1,,N,N,N,0,,2,0,1,0,0,,445,3,2,0,0,0,0,0,3,4,0,2,3,,N,,,,,,,,,,,
2021051167,1245.0,1,0,0,1,0,0,0,0,0,5,0,,67,6,2021,5,40.0413,-75.0756,1242.0,6,0,0,0,0,0,1,0,0,,0,0,0,12,1,1,0,N,0,40 02:28.694,,0,75 04:32.043,3,0,0,0,67301,1,0,0,N,0,0,0,2,67301,0,,6,1,,N,N,N,0,,1,0,0,0,0,,1239,1,2,0,0,0,0,0,3,4,0,1,3,,N,,,,,,,,,,,
2021053578,1900.0,0,0,0,0,0,0,0,0,0,4,0,,67,6,2021,4,39.9473,-75.2269,1900.0,6,0,0,0,0,0,0,0,0,,0,0,0,16,1,0,1,,0,39 56:50.048,,0,75 13:36.599,0,0,0,0,67301,0,0,0,N,0,0,0,2,67301,0,,1,1,,N,N,N,0,,0,0,2,3,2,,1659,0,2,0,0,0,0,0,3,4,0,2,3,3.0,N,,,,,,,,,,,
2021053660,1631.0,0,0,0,0,0,0,0,0,0,1,0,,67,6,2021,5,40.0026,-75.1244,1630.0,6,0,0,0,0,0,2,0,0,,0,0,0,9,1,1,1,,0,40 00:09.455,,0,75 07:27.886,3,0,0,0,67301,0,0,0,N,0,0,0,3,67301,0,,9,1,,N,N,N,0,,1,0,3,3,2,,900,1,3,0,0,0,0,2,3,4,0,3,3,3.0,N,,,,,,,,,,,
2021051487,1130.0,0,0,0,0,0,0,0,0,0,4,0,,67,6,2021,6,39.9227,-75.2193,1115.0,6,0,0,0,0,1,0,0,0,,0,0,0,10,1,3,0,N,0,39 55:21.560,,7,75 13:09.340,3,0,0,0,67301,0,0,0,N,0,0,0,3,67301,0,,1,1,,N,N,N,0,,3,0,1,0,0,,1053,3,2,0,0,3,0,0,3,4,1,2,3,3.0,N,,,,,,,,,,,
2021053651,1915.0,1,0,0,0,0,0,0,0,0,4,0,,67,6,2021,3,40.0016,-75.1528,1910.0,6,0,0,0,0,0,0,0,0,,0,0,0,18,1,1,1,,0,40 00:05.705,,0,75 09:10.074,3,0,0,1,67301,0,0,0,N,0,0,0,2,67301,0,,1,1,,N,N,N,0,,1,0,0,3,2,,1827,1,2,0,0,0,0,0,3,4,0,2,3,,N,,,,,,,,,,,
2021050365,1650.0,0,0,0,0,0,0,0,0,0,8,0,,67,6,2021,3,39.9153,-75.1598,1646.0,6,0,0,0,0,0,1,0,0,,0,0,0,16,1,1,1,,0,39 54:55.080,,0,75 09:35.241,3,0,0,0,67301,1,0,0,N,1,0,0,2,67301,0,,1,1,,N,N,N,0,,1,0,1,3,2,,1633,1,2,0,0,0,0,0,3,4,0,1,3,3.0,N,,,,,,,,,,,
2021060662,1728.0,1,0,0,0,0,0,0,0,0,1,0,,67,6,2021,6,39.9322,-75.1454,1640.0,6,0,0,0,0,0,1,0,0,,0,0,0,16,1,1,0,N,0,39 55:55.773,,3,75 08:43.495,4,0,0,0,67301,0,0,0,N,0,0,0,2,68K01,1,,1,9,,N,N,N,0,,0,0,1,0,0,,1627,1,2,0,0,0,0,0,3,4,0,2,7,,N,,,,,,,,,,,
2021079207,1107.0,1,0,0,0,0,0,0,0,0,4,1,,67,8,2021,7,40.0523,-75.008,1104.0,6,0,0,0,0,0,0,0,0,,0,1,0,11,1,1,1,,0,40 03:08.339,,0,75 00:28.750,3,0,0,0,67301,0,0,0,N,0,0,0,4,67301,0,,1,1,,N,N,N,0,,1,0,0,9,2,,1102,1,2,0,0,0,0,0,3,4,0,2,3,3.0,N,,,,,,,,,,,
2021080538,936.0,1,0,0,0,0,0,0,0,0,7,0,,67,8,2021,1,40.0397,-75.007,932.0,6,0,1,0,0,0,0,0,0,,0,0,0,9,1,0,0,N,0,40 02:23.036,,0,75 00:25.306,0,0,0,0,67301,0,0,0,N,0,0,0,1,68K01,0,,4,9,,N,N,N,0,,0,0,0,0,0,,929,0,1,0,0,0,0,0,3,4,0,1,7,,N,,,,,,,,,,,
2021054291,2259.0,1,0,0,0,0,0,0,0,0,4,0,,67,6,2021,5,39.997,-75.1296,2258.0,6,0,0,0,0,0,0,0,0,,0,0,0,22,3,2,1,,0,39 59:49.055,,0,75 07:46.603,3,0,0,0,67301,0,0,0,N,0,0,0,4,67301,1,,1,9,,N,N,N,0,,1,0,1,3,3,,2220,2,2,0,0,2,0,2,3,4,0,2,99,7.0,N,,,,,,,,,,,
2021080535,758.0,1,0,0,0,0,0,0,0,0,7,0,,67,8,2021,1,39.908,-75.1496,738.0,6,0,0,0,0,0,0,0,0,,0,0,0,7,1,0,0,N,0,39 54:28.696,,0,75 08:58.468,0,0,0,0,67301,0,0,0,N,0,0,0,1,68K01,0,,4,9,,N,N,N,0,,0,0,0,0,0,,738,0,1,0,0,0,0,0,3,4,0,1,7,3.0,N,,,,,,,,,,,
2021049413,1541.0,0,0,0,0,0,0,0,0,0,8,0,,67,5,2021,1,40.0458,-75.1653,1541.0,6,0,0,0,0,0,0,0,0,,0,0,0,15,1,1,0,N,0,40 02:44.754,,0,75 09:55.069,4,0,0,0,67301,1,0,0,N,1,0,0,2,67301,1,,1,9,,N,N,N,0,,0,0,1,0,0,,1541,1,2,0,0,0,0,0,3,4,0,1,4,7.0,N,,,,,,,,,,,
2021053653,1250.0,1,0,0,0,0,0,0,0,0,4,0,,67,6,2021,3,40.0217,-75.1257,1239.0,6,0,0,0,0,0,0,0,0,,0,0,0,14,1,1,1,,0,40 01:18.202,,0,75 07:32.404,3,0,0,0,67301,0,0,0,N,0,0,0,2,67301,0,,1,1,,N,N,N,0,,1,0,1,3,2,,1430,1,2,0,0,0,0,1,3,4,0,2,3,3.0,N,,,,,,,,,,,
2021051300,630.0,1,0,0,0,0,0,0,0,0,7,0,,67,6,2021,4,40.0391,-75.0079,630.0,6,0,0,0,0,0,0,0,0,,0,0,0,6,1,1,0,N,1,40 02:20.642,1.0,0,75 00:28.324,3,0,0,0,67301,0,0,0,N,0,0,0,2,68K01,0,,3,1,645.0,N,N,N,0,,1,0,1,0,0,N,628,1,2,0,0,0,0,0,3,4,0,2,3,,N,,,,,,,,,,,
2021049785,1602.0,1,0,0,0,0,0,0,0,0,1,0,,67,5,2021,2,39.9097,-75.154,1602.0,6,0,0,0,0,0,0,0,0,,0,0,0,16,1,0,0,N,0,39 54:34.800,,5,75 09:14.300,0,0,0,0,67301,0,0,0,N,0,0,0,3,67501,0,,1,1,,N,N,N,0,,0,0,1,0,0,,1602,0,2,0,0,0,0,0,3,4,0,2,3,3.0,N,,,,,,,,,,,
2021053561,1210.0,1,0,0,0,0,0,0,0,0,5,0,,67,6,2021,2,40.0289,-75.1003,1203.0,6,0,0,0,0,0,0,0,0,,0,0,0,0,3,0,0,N,0,40 01:43.937,,0,75 06:00.966,0,0,0,0,67301,0,0,0,N,0,0,0,2,67301,0,,1,1,,N,N,N,0,,0,0,0,0,0,,3,0,2,0,0,0,0,0,3,4,0,2,3,3.0,N,,,,,,,,,,,
2021050566,1601.0,0,0,0,0,0,0,0,0,0,4,0,,67,6,2021,3,39.9387,-75.2243,1601.0,6,0,0,0,0,0,0,0,0,,0,0,0,16,1,1,1,,2,39 56:19.388,5.0,0,75 13:27.483,3,0,0,0,67301,0,0,0,N,0,0,0,2,67301,0,,1,1,1800.0,N,N,N,0,,1,0,3,3,2,N,1601,1,3,0,0,0,0,0,3,4,0,3,4,,N,,,,,,,,,,,
2021050680,1420.0,6,0,0,0,0,0,0,0,0,6,0,,67,6,2021,3,40.0684,-75.0515,1407.0,6,0,0,0,0,0,0,0,0,,0,0,0,14,1,1,0,N,0,40 04:06.400,,7,75 03:05.300,4,0,0,0,67301,2,0,0,N,0,0,0,4,67301,1,,1,1,,N,N,Y,0,,0,0,0,0,0,,1400,1,6,0,0,0,0,2,3,4,0,6,3,,N,,,,,,,,,,,
2021055116,840.0,1,0,0,0,0,0,0,0,0,6,0,,67,6,2021,2,39.9965,-75.1138,830.0,6,0,0,0,0,0,0,0,0,,0,0,0,8,2,1,2,,0,39 59:47.470,,0,75 06:49.828,8,0,0,0,67301,0,0,0,N,0,0,0,3,67508,0,,1,1,,N,N,Y,0,,0,0,0,0,0,,830,1,2,0,0,0,1,0,3,4,1,2,3,3.0,N,,,,,,,,,,,
2021050572,1252.0,2,0,0,0,0,0,0,0,0,6,0,,67,6,2021,4,40.0183,-75.2019,1246.0,6,0,0,0,0,0,0,0,1,,0,0,0,12,1,1,0,N,2,40 01:05.990,5.0,0,75 12:06.720,8,0,0,0,67301,0,0,0,N,0,0,0,2,67301,0,,1,1,1407.0,N,N,N,0,,0,0,0,0,0,Y,1240,1,2,0,0,0,1,0,3,4,0,2,3,3.0,N,,,,,,,,,,,
2021050133,2359.0,0,0,0,0,0,0,0,0,0,4,0,,67,6,2021,3,40.0533,-75.0698,2357.0,6,0,0,0,0,1,0,0,0,,0,0,0,23,3,0,1,,0,40 03:11.937,,0,75 04:10.789,0,0,0,0,67301,0,0,0,N,0,0,0,3,67301,0,,1,1,,N,N,N,0,,0,0,2,3,2,,2355,0,2,0,0,0,0,0,3,4,0,2,3,3.0,N,,,,,,,,,,,