CRN,ARRIVAL_TM,AUTOMOBILE_COUNT,BELTED_DEATH_COUNT,BELTED_SUSP_SERIOUS_INJ_COUNT,BICYCLE_COUNT,BICYCLE_DEATH_COUNT,BICYCLE_SUSP_SERIOUS_INJ_COUNT,BUS_COUNT,CHLDPAS_DEATH_COUNT,CHLDPAS_SUSP_SERIOUS_INJ_COUNT,COLLISION_TYPE,COMM_VEH_COUNT,CONS_ZONE_SPD_LIM,COUNTY,CRASH_MONTH,CRASH_YEAR,DAY_OF_WEEK,DEC_LAT,DEC_LONG,DISPATCH_TM,DISTRICT,DRIVER_COUNT_16YR,DRIVER_COUNT_17YR,DRIVER_COUNT_18YR,DRIVER_COUNT_19YR,DRIVER_COUNT_20YR,DRIVER_COUNT_50_64YR,DRIVER_COUNT_65_74YR,DRIVER_COUNT_75PLUS,EST_HRS_CLOSED,FATAL_COUNT,HEAVY_TRUCK_COUNT,HORSE_BUGGY_COUNT,HOUR_OF_DAY,ILLUMINATION,INJURY_COUNT,INTERSECT_TYPE,INTERSECTION_RELATED,LANE_CLOSED,LATITUDE,LN_CLOSE_DIR,LOCATION_TYPE,LONGITUDE,MAX_SEVERITY_LEVEL,MCYCLE_DEATH_COUNT,MCYCLE_SUSP_SERIOUS_INJ_COUNT,MOTORCYCLE_COUNT,MUNICIPALITY,NONMOTR_COUNT,NONMOTR_DEATH_COUNT,NONMOTR_SUSP_SERIOUS_INJ_COUNT,NTFY_HIWY_MAINT,PED_COUNT,PED_DEATH_COUNT,PED_SUSP_SERIOUS_INJ_COUNT,PERSON_COUNT,POLICE_AGCY,POSSIBLE_INJ_COUNT,RDWY_SURF_TYPE_CD,RELATION_TO_ROAD,ROAD_CONDITION,ROADWAY_CLEARED,SCH_BUS_IND,SCH_ZONE_IND,SECONDARY_CRASH,SMALL_TRUCK_COUNT,SPEC_JURIS_CD,SUSP_MINOR_INJ_COUNT,SUSP_SERIOUS_INJ_COUNT,SUV_COUNT,TCD_FUNC_CD,TCD_TYPE,TFC_DETOUR_IND,TIME_OF_DAY,TOT_INJ_COUNT,TOTAL_UNITS,UNB_DEATH_COUNT,UNB_SUSP_SERIOUS_INJ_COUNT,UNBELTED_OCC_COUNT,UNK_INJ_DEG_COUNT,UNK_INJ_PER_COUNT,URBAN_AREA,URBAN_RURAL,VAN_COUNT,VEHICLE_COUNT,WEATHER1,WEATHER2,WORK_ZONE_IND,WORK_ZONE_LOC,WORK_ZONE_TYPE,WORKERS_PRES,WZ_CLOSE_DETOUR,WZ_FLAGGER,WZ_LAW_OFFCR_IND,WZ_LN_CLOSURE,WZ_MOVING,WZ_OTHER,WZ_SHLDER_MDN,WZ_WORKERS_INJ_KILLED
2021051646,155.0,2,0,0,0,0,0,0,0,0,1,0,,67,6,2021,1,39.9632,-75.2024,155.0,6,0,0,0,0,1,0,0,0,,0,0,0,1,3,2,1,,2,39 57:47.216,6.0,0,75 12:08.151,3,0,0,0,67301,0,0,0,N,0,0,0,3,67301,0,,1,1,345.0,N,N,N,0,,2,0,0,3,2,Y,149,2,3,0,0,0,0,0,3,4,1,3,3,3.0,N,,,,,,,,,,,
2021061848,2042.0,1,0,0,0,0,0,0,0,0,5,0,,67,6,2021,1,40.003,-75.0776,2040.0,6,0,0,0,0,0,1,0,0,,0,0,0,20,3,0,0,N,0,40 00:10.830,,3,75 04:39.321,0,0,0,0,67301,0,0,0,N,0,0,0,5,68K01,0,,1,1,,N,N,N,0,,0,0,1,0,0,,2021,0,3,0,0,0,0,0,3,4,1,3,3,,N,,,,,,,,,,,
2021050364,300.0,1,0,0,0,0,0,0,0,0,1,0,,67,6,2021,3,39.9151,-75.1576,255.0,6,0,0,0,0,0,1,0,0,,0,0,0,2,3,1,0,N,0,39 54:54.354,,0,75 09:27.221,3,0,0,0,67301,0,0,0,N,0,0,0,3,67301,0,,1,1,,N,N,N,0,,1,0,1,0,0,,253,1,2,0,0,0,0,0,3,4,0,2,3,3.0,N,,,,,,,,,,,
2021050833,2117.0,2,0,0,0,0,0,0,0,0,1,0,,67,6,2021,3,39.9972,-75.1876,2116.0,6,0,0,0,0,0,0,1,0,,0,0,0,21,1,1,0,Y,0,39 59:49.956,,0,75 11:15.532,8,0,0,0,67301,0,0,0,N,0,0,0,3,67301,0,,1,1,,N,N,N,0,,0,0,1,3,2,,2115,1,3,0,0,0,1,2,3,4,0,3,3,,N,,,,,,,,,,,
2021053569,1255.0,1,0,0,0,0,0,0,0,0,4,0,,67,6,2021,2,39.9194,-75.1707,1255.0,6,0,0,0,0,0,1,0,0,,0,0,0,12,1,0,1,,1,39 55:09.827,1.0,0,75 10:15.002,0,0,0,0,67301,0,0,0,N,0,0,0,5,67301,0,,1,1,1305.0,N,N,N,0,,0,0,1,3,2,N,1254,0,2,0,0,1,0,0,3,4,0,2,3,,N,,,,,,,,,,,
2021051865,1035.0,0,0,0,0,0,0,0,0,0,4,0,,67,6,2021,3,40.0283,-75.1201,1035.0,6,0,0,0,0,0,0,0,0,,0,0,0,10,1,1,1,,1,40 01:41.935,1.0,0,75 07:12.129,8,0,0,1,67301,0,0,0,N,0,0,0,2,67301,0,,1,1,1132.0,N,N,N,1,,0,0,0,3,2,N,1032,1,2,0,0,0,1,0,3,4,0,2,3,,N,,,,,,,,,,,
2021051647,1756.0,0,0,0,0,0,0,0,0,0,7,0,,67,5,2021,2,39.9722,-75.217,1741.0,6,0,0,0,0,0,0,0,0,,0,0,0,17,1,1,0,N,0,39 58:19.774,,0,75 13:01.181,4,0,0,0,67301,0,0,0,N,0,0,0,1,67301,1,,4,1,,N,N,N,0,,0,0,0,0,0,,1734,1,1,0,0,0,0,0,3,4,1,1,3,3.0,N,,,,,,,,,,,
2021051744,1044.0,1,0,0,0,0,0,0,0,0,8,0,,67,6,2021,7,39.9932,-75.1614,1034.0,6,0,0,0,0,0,0,0,0,,0,0,0,10,1,1,0,N,0,39 59:35.500,,0,75 09:41.200,8,0,0,0,67301,1,0,0,N,1,0,0,2,67301,0,,1,1,,N,N,N,0,,0,0,0,0,0,,1034,1,2,0,0,0,1,0,3,4,0,1,3,3.0,N,,,,,,,,,,,
2021070420,1629.0,1,0,0,0,0,0,0,0,0,5,0,,67,6,2021,3,40.0147,-75.0775,1629.0,6,0,0,0,0,0,1,0,0,,0,0,0,16,1,0,0,N,0,40 00:52.960,,0,75 04:39.020,0,0,0,0,67301,0,0,0,N,0,0,0,1,67301,0,,6,1,,N,N,N,1,,0,0,0,0,0,,1629,0,2,0,0,0,0,0,3,4,0,2,3,3.0,N,,,,,,,,,,,
2021082104,2137.0,1,0,0,0,0,0,0,0,0,7,0,,67,8,2021,7,39.9077,-75.1494,2109.0,6,0,0,0,0,0,0,0,0,,0,0,0,21,3,0,0,N,0,39 54:27.757,,0,75 08:57.789,0,0,0,0,67301,0,0,0,N,0,0,0,1,68K01,0,,2,1,,N,N,N,0,,0,0,0,0,0,,2107,0,1,0,0,0,0,0,3,4,0,1,3,3.0,N,,,,,,,,,,,
2021056160,2255.0,1,0,0,0,0,0,0,0,0,4,0,,67,6,2021,5,39.9847,-75.1565,2253.0,6,0,0,0,0,0,0,0,0,,0,0,0,22,3,3,1,,1,39 59:04.910,2.0,0,75 09:23.867,4,0,0,0,67301,0,0,0,N,0,0,0,5,67505,3,,1,1,2351.0,N,N,N,0,,0,0,1,3,2,N,2253,3,2,0,0,0,0,0,3,4,0,2,3,3.0,N,,,,,,,,,,,
2021083105,825.0,2,0,0,0,0,0,0,0,0,4,0,,67,9,2021,4,39.9845,-75.1567,825.0,6,0,1,0,0,0,0,0,0,,0,0,0,8,1,2,0,N,0,39 59:04.336,,7,75 09:23.991,3,0,0,0,67301,0,0,0,N,0,0,0,3,67301,0,,1,9,,N,N,N,0,,2,0,0,0,0,,817,2,2,0,0,2,0,0,3,4,0,2,4,,N,,,,,,,,,,,
2021055090,1330.0,1,0,0,0,0,0,0,0,0,4,0,,67,6,2021,2,39.9965,-75.1869,1327.0,6,0,0,0,0,0,0,0,0,,0,0,0,12,1,2,1,,0,39 59:47.333,,0,75 11:12.836,3,0,0,0,67301,0,0,0,N,0,0,0,4,67301,0,,1,1,,N,N,N,0,,2,0,1,3,3,,1241,2,2,0,0,0,0,0,3,4,0,2,3,3.0,N,,,,,,,,,,,
2021052646,1705.0,1,0,0,0,0,0,0,0,0,8,0,,67,6,2021,3,39.9513,-75.1991,1704.0,6,0,0,0,0,0,0,0,0,,0,0,0,17,1,1,1,,0,39 57:04.584,,0,75 11:56.878,3,0,0,0,67301,1,0,0,N,1,0,0,2,67504,0,,1,9,,N,N,N,0,,1,0,0,3,2,,1701,1,2,0,0,1,0,0,3,4,0,1,7,4.0,N,,,,,,,,,,,
2021055401,2350.0,1,0,0,0,0,0,0,0,0,2,0,,67,6,2021,3,39.9614,-75.1921,2349.0,6,0,0,0,0,0,0,0,0,,0,0,0,23,3,0,0,N,2,39 57:40.900,6.0,0,75 11:31.500,0,0,0,0,67301,0,0,0,N,0,0,0,4,67507,0,,1,1,20.0,N,N,N,0,,0,0,1,0,0,Y,2345,0,2,0,0,0,0,0,3,4,0,2,3,3.0,N,,,,,,,,,,,
2021054371,352.0,1,0,0,0,0,0,0,0,0,4,0,,67,6,2021,7,39.9379,-75.1667,348.0,6,0,0,0,0,0,0,0,0,,0,0,0,3,3,1,1,,0,39 56:16.309,,0,75 10:00.119,3,0,0,0,67301,0,0,0,N,0,0,0,3,67301,0,,1,1,,N,N,N,0,,1,0,1,3,2,,315,1,2,0,0,0,0,0,3,4,0,2,3,3.0,N,,,,,,,,,,,
2021055392,2234.0,1,0,0,0,0,0,0,0,0,4,0,,67,6,2021,7,40.0213,-75.1602,2234.0,6,0,0,0,0,0,0,1,0,,0,0,0,22,3,4,1,,1,40 01:16.660,2.0,0,75 09:36.790,4,0,0,0,67301,0,0,0,N,0,0,0,5,67301,1,,1,1,130.0,N,N,N,0,,0,0,1,3,2,Y,2234,4,2,0,0,0,3,1,3,4,0,2,3,,N,,,,,,,,,,,
2021081560,2245.0,1,0,0,0,0,0,0,0,0,5,1,,67,7,2021,1,39.9943,-75.1989,2237.0,6,0,0,0,0,0,0,0,0,,0,1,0,22,3,0,0,N,0,39 59:39.416,,0,75 11:56.087,0,0,0,0,67301,0,0,0,N,0,0,0,2,68K01,0,,1,1,,N,N,N,0,,0,0,0,0,0,,2201,0,2,0,0,0,0,0,3,4,0,2,3,,N,,,,,,,,,,,
2021051336,2355.0,0,0,0,0,0,0,0,0,0,8,0,,67,6,2021,5,40.0424,-75.0569,2350.0,6,0,0,0,0,0,0,0,0,,0,0,0,22,3,1,0,N,0,40 02:32.505,,0,75 03:24.706,2,0,0,0,67301,1,0,1,N,1,0,1,2,67301,0,,1,9,,N,N,N,0,,0,1,1,3,2,,2245,1,2,0,0,0,0,0,3,4,0,1,7,7.0,N,,,,,,,,,,,
2021051172,941.0,0,0,0,0,0,0,0,0,0,1,0,,67,6,2021,3,39.965,-75.1608,941.0,6,0,0,0,0,0,1,0,0,,0,0,0,16,1,1,0,N,0,39 57:54.126,,0,75 09:38.740,8,0,0,0,67301,0,0,0,N,0,0,0,3,67301,0,,1,1,,N,N,N,0,,0,0,1,0,0,,1630,1,3,0,0,0,1,1,3,4,2,3,3,3.0,N,,,,,,,,,,,
2021051175,2128.0,1,0,0,0,0,0,0,0,0,2,0,,67,6,2021,5,40.055,-75.1576,2123.0,6,0,0,0,0,0,0,0,0,,0,0,0,21,3,1,5,,0,40 03:18.135,,0,75 09:27.265,3,0,0,0,67301,0,0,0,N,0,0,0,3,67301,0,,1,9,,N,N,N,0,,1,0,1,3,2,,2120,1,2,0,0,0,0,1,3,4,0,2,7,,N,,,,,,,,,,,
2021058816,1901.0,2,0,0,0,0,0,0,0,0,1,0,,67,6,2021,6,39.9489,-75.2171,1900.0,6,0,0,0,0,0,0,0,0,,0,0,0,17,4,2,0,N,0,39 56:55.880,,0,75 13:01.510,3,0,0,0,67301,0,0,0,N,0,0,0,4,67301,0,,1,9,,N,N,N,0,,2,0,1,0,0,,1745,2,3,0,0,0,0,0,3,4,0,3,3,3.0,N,,,,,,,,,,,
2021051653,1950.0,1,0,0,0,0,0,0,0,0,2,0,,67,6,2021,7,40.0041,-75.1726,1949.0,6,0,0,0,0,0,1,0,0,,0,0,0,19,1,3,0,N,2,40 00:14.899,6.0,0,75 10:21.431,3,0,0,0,67301,0,0,0,N,0,0,0,3,67301,1,,1,1,1005.0,N,N,N,0,,2,0,1,0,0,Y,1941,3,2,0,0,1,0,0,3,4,0,2,3,3.0,N,,,,,,,,,,,
2021053584,1615.0,1,0,0,0,0,0,0,0,0,4,0,,67,6,2021,1,39.9126,-75.2422,1557.0,6,0,0,0,0,0,1,0,0,,0,0,0,15,1,0,2,,0,39 54:45.327,,0,75 14:32.045,0,0,0,0,67301,0,0,0,N,0,0,0,2,67301,0,,1,1,,N,N,N,0,,0,0,0,3,3,,1500,0,2,0,0,0,0,0,3,4,0,2,3,3.0,N,,,,,,,,,,,
2021051298,1641.0,1,0,0,0,0,0,0,0,0,1,0,,67,6,2021,3,39.9432,-75.1929,1637.0,6,0,0,0,0,0,0,0,0,,0,0,0,16,1,1,0,N,1,39 56:35.362,3.0,0,75 11:34.537,3,0,0,0,67301,0,0,0,N,0,0,0,2,68K01,0,,1,1,1655.0,N,N,N,0,,1,0,1,0,0,N,1635,1,2,0,0,0,0,0,3,4,0,2,3,,N,,,,,,,,,,,
2021053613,2308.0,2,0,0,0,0,0,0,0,0,5,0,,67,6,2021,1,39.9666,-75.2138,2306.0,6,0,0,0,0,0,0,0,0,,0,0,0,23,3,0,0,N,0,39 57:59.800,,0,75 12:49.500,0,0,0,0,67301,0,0,0,N,0,0,0,1,67301,0,,6,1,,N,N,Y,0,,0,0,2,0,0,,2306,0,4,0,0,1,0,0,3,4,0,4,3,3.0,N,,,,,,,,,,,
2021051177,1608.0,0,0,0,0,0,0,0,0,0,8,0,,67,6,2021,5,39.9545,-75.2342,1607.0,6,0,0,0,0,0,0,0,0,,0,0,0,16,1,1,1,,0,39 57:16.318,,0,75 14:03.227,3,0,0,0,67301,1,0,0,N,1,0,0,2,67301,0,,1,1,,N,N,N,0,,1,0,1,3,2,,1606,1,2,0,0,0,0,0,3,4,0,1,3,,N,,,,,,,,,,,
2021051643,1125.0,0,0,0,0,0,0,0,0,0,4,0,,67,6,2021,6,40.0875,-74.9711,1125.0,6,0,0,0,0,0,0,1,0,,0,0,0,11,1,1,1,,0,40 05:15.133,,2,74 58:16.083,4,0,0,0,67301,0,0,0,N,0,0,0,2,67301,1,,1,1,,N,N,N,0,,0,0,2,3,1,,1105,1,2,0,0,0,0,0,3,4,0,2,4,4.0,N,,,,,,,,,,,
2021053647,1845.0,1,0,0,0,0,0,0,0,0,4,0,,67,5,2021,2,40.0029,-75.1244,1840.0,6,0,0,0,0,0,1,0,0,,0,0,0,18,1,1,0,N,0,40 00:10.426,,7,75 07:27.677,3,0,0,1,67301,0,0,0,N,0,0,0,2,67301,0,,1,1,,N,N,N,0,,1,0,0,3,2,,1830,1,2,0,0,1,0,0,3,4,0,2,3,3.0,N,,,,,,,,,,,
2021052023,2359.0,2,0,0,0,0,0,0,0,0,1,0,,67,6,2021,7,39.9595,-75.1745,2358.0,6,0,0,0,0,0,0,0,0,,0,0,0,23,3,0,0,N,0,39 57:34.058,,0,75 10:28.248,0,0,0,0,67301,0,0,0,N,0,0,0,3,68K01,0,,1,1,,N,N,N,0,,0,0,1,0,0,,2358,0,3,0,0,0,0,0,3,4,0,3,3,3.0,N,,,,,,,,,,,
2021051597,238.0,2,0,0,0,0,0,0,0,0,5,0,,67,6,2021,6,39.9738,-75.2067,238.0,6,0,0,0,0,0,0,0,0,,0,0,0,2,3,1,0,N,2,39 58:25.679,7.0,0,75 12:24.246,3,0,0,0,67301,0,0,0,N,0,0,0,2,67301,0,,1,9,600.0,N,N,N,0,,1,0,0,0,0,Y,235,1,3,0,0,0,0,0,3,4,1,3,5,7.0,N,,,,,,,,,,,
2021050105,1353.0,2,0,0,0,0,0,0,0,0,4,0,,67,6,2021,3,39.9461,-75.1768,1353.0,6,0,0,0,0,0,0,0,0,,0,0,0,13,1,0,1,,0,39 56:45.916,,0,75 10:36.344,0,0,0,0,67301,0,0,0,N,0,0,0,2,67301,0,,1,1,,N,N,N,0,,0,0,0,3,2,,1353,0,2,0,0,0,0,0,3,4,0,2,4,4.0,N,,,,,,,,,,,
2021051413,900.0,2,0,0,0,0,0,0,0,0,1,0,,67,6,2021,5,40.0005,-75.2156,852.0,6,0,0,0,0,0,0,0,0,,0,0,0,7,1,3,0,N,0,40 00:01.960,,0,75 12:56.100,3,0,0,0,67301,0,0,0,N,0,0,0,4,67301,0,,1,9,,N,N,N,0,,2,0,2,0,0,,724,3,4,0,0,0,1,1,3,4,0,4,7,4.0,N,,,,,,,,,,,
2021055975,1347.0,3,0,0,0,0,0,0,0,0,4,0,,67,6,2021,4,39.97,-75.1631,1339.0,6,0,0,0,0,0,0,0,0,,0,0,0,13,1,0,1,,0,39 58:11.995,,0,75 09:47.193,9,0,0,0,67301,0,0,0,N,0,0,0,2,67301,0,,1,1,,N,N,N,0,,0,0,0,3,3,,1300,0,3,0,0,0,0,1,3,4,0,3,3,3.0,N,,,,,,,,,,,
2021054982,2345.0,2,0,0,0,0,0,0,0,0,4,0,,67,6,2021,2,39.9524,-75.1625,2337.0,6,0,0,0,0,0,0,0,0,,0,0,0,22,3,0,3,,0,39 57:08.768,,0,75 09:45.156,0,0,0,0,67301,0,0,0,N,0,0,0,2,67301,0,,1,1,,N,N,N,0,,0,0,0,3,2,,2210,0,2,0,0,0,0,0,3,4,0,2,4,4.0,N,,,,,,,,,,,
2021054709,822.0,1,0,0,0,0,0,0,0,0,4,0,,67,6,2021,1,39.8946,-75.2367,809.0,6,0,0,0,0,0,1,0,0,,0,0,0,7,1,1,1,,0,39 53:40.603,,0,75 14:12.181,8,0,0,0,67301,0,0,0,N,0,0,0,2,67301,0,,1,1,,N,N,N,0,,0,0,1,3,2,,705,1,2,0,0,1,1,0,3,4,0,2,3,3.0,N,,,,,,,,,,,
2021052239,1532.0,2,0,0,0,0,0,0,0,0,1,0,45.0,67,6,2021,7,39.9681,-75.1296,1525.0,6,0,0,0,0,0,0,1,0,,0,0,0,15,1,1,0,N,1,39 58:05.045,1.0,0,75 07:46.717,3,0,0,0,67301,0,0,0,N,0,0,0,4,68K01,0,,1,1,1600.0,N,N,N,0,,1,0,0,0,0,N,1521,1,3,0,0,0,0,0,3,4,1,3,3,,Y,4.0,1.0,N,,,N,,,,Y,N
2021055769,1245.0,3,0,0,0,0,0,0,0,0,4,0,,67,6,2021,1,40.0003,-75.2284,1240.0,6,0,0,0,0,0,1,0,0,,0,0,0,12,1,1,2,,2,40 00:00.960,5.0,0,75 13:42.137,3,0,0,0,67301,0,0,0,N,0,0,0,4,67301,0,,1,1,1420.0,N,N,N,0,,1,0,1,3,3,Y,1235,1,4,0,0,0,0,0,3,4,0,4,3,3.0,N,,,,,,,,,,,
2021079048,1935.0,1,0,0,0,0,0,0,0,0,5,0,,67,8,2021,2,39.9829,-75.099,1927.0,6,0,0,0,0,0,0,0,0,,0,0,0,19,3,1,0,N,0,39 58:58.308,,0,75 05:56.260,4,0,0,0,67301,0,0,0,N,0,0,0,5,68K01,1,,3,1,,N,N,N,0,,0,0,2,0,0,,1908,1,3,0,0,0,0,1,3,4,0,3,3,,N,,,,,,,,,,,
2021079618,1857.0,1,0,0,0,0,0,1,0,0,4,1,,67,8,2021,2,40.0315,-75.1723,1853.0,6,0,0,0,0,0,1,0,0,,0,0,0,18,1,3,1,,2,40 01:53.284,7.0,0,75 10:20.459,3,0,0,0,67301,0,0,0,N,0,0,0,7,67301,0,,1,1,2125.0,N,N,N,0,,2,0,0,3,2,Y,1852,3,2,0,0,0,1,1,3,4,0,2,3,3.0,N,,,,,,,,,,,
2021079817,1955.0,0,0,0,0,0,0,0,0,0,5,0,,67,8,2021,7,39.899,-75.1691,1944.0,6,0,0,0,0,0,0,0,0,,0,0,0,19,3,0,0,N,0,39 53:56.279,,0,75 10:08.827,0,0,0,0,67301,0,0,0,N,0,0,0,2,68K01,0,,1,9,,N,N,N,0,,0,0,2,0,0,,1940,0,2,0,0,0,0,0,3,4,0,2,7,,N,,,,,,,,,,,
2021052000,2235.0,1,0,0,0,0,0,0,0,0,1,0,,67,6,2021,4,39.9752,-75.1163,2235.0,6,0,0,0,0,0,1,0,0,,0,0,0,22,3,2,0,N,2,39 58:30.616,1.0,0,75 06:58.500,2,0,0,0,67301,0,0,0,N,0,0,0,3,68K01,0,,1,1,2359.0,N,N,N,0,,1,1,1,0,0,Y,2223,2,2,0,1,1,0,0,3,4,0,2,3,3.0,N,,,,,,,,,,,
2021079663,1655.0,0,0,0,0,0,0,0,0,0,8,0,,67,8,2021,3,40.1149,-75.0313,1648.0,6,0,0,0,0,0,1,0,0,,0,0,0,16,1,1,1,,2,40 06:53.488,5.0,0,75 01:52.500,2,0,0,0,67301,1,0,1,N,1,0,1,2,67301,0,,1,1,2012.0,N,N,N,0,,0,1,1,3,3,Y,1647,1,2,0,0,0,0,0,3,4,0,1,3,3.0,N,,,,,,,,,,,
2021050843,150.0,1,0,0,0,0,0,0,0,0,5,0,,67,6,2021,4,40.0056,-75.1033,148.0,6,0,0,0,0,0,0,0,0,,0,0,0,21,3,1,1,,0,40 00:20.131,,0,75 06:11.812,3,0,0,0,67301,0,0,0,N,0,0,0,2,67301,0,,1,1,,N,N,N,0,,1,0,0,3,1,,2145,1,2,0,0,1,0,0,3,4,0,2,3,3.0,N,,,,,,,,,,,
2021049855,716.0,1,0,0,0,0,0,0,0,0,8,0,,67,6,2021,3,39.93,-75.1552,714.0,6,0,0,0,0,0,0,0,0,,0,0,0,7,1,1,0,N,0,39 55:48.100,,0,75 09:18.600,8,0,0,0,67301,1,0,0,N,1,0,0,2,67301,0,,1,1,,N,Y,N,0,,0,0,0,0,0,,710,1,2,0,0,0,1,0,3,4,0,1,3,,N,,,,,,,,,,,
2021051737,1334.0,2,0,0,0,0,0,0,0,0,4,0,,67,6,2021,7,39.9623,-75.156,1334.0,6,0,0,0,0,0,0,0,0,,0,0,0,13,1,0,1,,0,39 57:44.366,,0,75 09:21.589,0,0,0,0,67301,0,0,0,N,0,0,0,2,67301,0,,1,1,,N,N,N,0,,0,0,0,0,0,,1320,0,2,0,0,0,0,0,3,4,0,2,3,3.0,N,,,,,,,,,,,
2021079665,1420.0,0,0,0,0,0,0,0,0,0,8,0,,67,8,2021,2,39.9898,-75.1254,1404.0,6,0,0,0,0,0,0,0,0,,0,0,0,12,1,1,1,,0,39 59:23.441,,0,75 07:31.502,3,0,0,0,67301,1,0,0,N,1,0,0,1,67301,0,,1,1,,N,N,N,0,,1,0,0,3,2,,1213,1,2,0,0,0,0,0,3,4,0,1,3,3.0,N,,,,,,,,,,,
2021078436,50.0,2,0,0,0,0,0,0,0,0,2,0,,67,8,2021,6,40.0377,-75.0425,47.0,6,0,1,0,0,0,0,0,0,,0,0,0,0,3,2,1,,0,40 02:15.591,,0,75 02:33.078,3,0,0,0,67301,0,0,0,N,0,0,0,4,67301,0,,1,1,,N,N,N,1,,2,0,0,3,3,,46,2,3,0,0,0,0,0,3,4,0,3,3,3.0,N,,,,,,,,,,,
2021051648,955.0,0,0,0,1,0,0,0,0,0,4,0,,67,6,2021,7,39.9777,-75.2264,950.0,6,0,0,0,0,0,0,0,0,,0,0,0,9,1,1,2,,0,39 58:39.829,,0,75 13:35.313,4,0,0,0,67301,1,0,0,N,0,0,0,2,67301,1,,1,1,,N,N,N,0,,0,0,1,3,3,,937,1,2,0,0,0,0,0,3,4,0,1,3,3.0,N,,,,,,,,,,,
2021053675,225.0,1,0,0,0,0,0,0,0,0,1,0,,67,6,2021,1,39.9958,-75.1915,209.0,6,0,0,0,0,0,0,0,0,,0,0,0,1,3,1,0,N,0,39 59:44.833,,0,75 11:29.348,3,0,0,1,67301,0,0,0,N,0,0,0,2,67301,0,,1,1,,N,N,N,0,,1,0,0,0,0,,100,1,2,0,0,0,0,0,3,4,0,2,3,3.0,N,,,,,,,,,,,
2021078385,455.0,2,0,0,0,0,0,0,0,0,2,0,,67,8,2021,6,40.0042,-75.1786,448.0,6,0,0,0,0,0,0,0,0,,0,0,0,2,3,1,0,N,0,40 00:15.030,,0,75 10:43.100,3,0,0,0,67301,0,0,0,N,0,0,0,2,67301,0,,1,1,,N,N,N,0,,1,0,0,0,0,,213,1,2,0,0,0,0,1,3,4,0,2,3,3.0,N,,,,,,,,,,,
2021050212,1118.0,2,0,0,0,0,0,0,0,0,1,0,,67,5,2021,2,40.0351,-75.1321,1118.0,6,0,0,0,0,0,1,0,0,,0,0,0,23,6,1,0,N,0,40 02:06.500,,0,75 07:55.400,3,0,0,0,67301,0,0,0,N,0,0,0,2,67301,0,,1,99,,N,N,N,0,,1,0,0,0,0,,2335,1,2,0,0,2,0,1,3,4,0,2,99,,N,,,,,,,,,,,
2021078045,2304.0,2,0,0,0,0,0,0,0,0,5,1,,67,7,2021,5,39.8776,-75.2527,2302.0,6,0,0,0,0,0,0,0,0,,0,1,0,23,2,0,0,N,1,39 52:39.520,2.0,0,75 15:09.634,0,0,0,0,67301,0,0,0,N,0,0,0,3,68K02,0,,1,1,115.0,N,N,N,0,,0,0,0,0,0,N,2302,0,3,0,0,0,0,0,3,4,0,3,3,3.0,N,,,,,,,,,,,
2021078559,1035.0,0,0,0,0,0,0,0,0,0,8,0,,67,8,2021,7,40.0285,-75.0579,1035.0,6,0,0,0,0,0,0,0,0,,0,1,0,10,1,1,1,,0,40 01:42.775,,0,75 03:28.507,8,0,0,0,67301,1,0,0,N,1,0,0,1,67301,0,,1,1,,N,N,N,0,,0,0,0,3,2,,1034,1,2,0,0,0,1,0,3,4,0,1,4,4.0,N,,,,,,,,,,,
2021082358,505.0,0,0,0,0,0,0,0,0,0,5,0,,67,8,2021,1,39.9796,-75.2319,503.0,6,0,0,0,0,0,0,0,0,,0,0,0,4,3,0,0,N,0,39 58:46.648,,0,75 13:54.978,0,0,0,0,67301,0,0,0,N,0,0,0,1,67301,0,,6,1,,N,N,N,1,,0,0,1,0,0,,440,0,2,0,0,0,0,0,3,4,0,2,3,3.0,N,,,,,,,,,,,
2021053663,245.0,1,0,0,0,0,0,0,0,0,5,0,,67,6,2021,3,39.9701,-75.1443,242.0,6,0,0,0,0,0,0,0,0,,0,0,0,2,3,0,0,N,1,39 58:12.506,4.0,0,75 08:39.494,9,0,0,0,67301,0,0,0,N,0,0,0,1,67301,0,,6,1,400.0,N,N,N,0,,0,0,4,0,0,N,239,0,6,0,0,0,0,1,3,4,1,6,3,3.0,N,,,,,,,,,,,
2021049753,2215.0,1,0,0,0,0,0,0,0,0,4,0,,67,5,2021,1,39.9747,-75.1984,2210.0,6,0,0,0,0,1,0,0,0,,0,0,0,22,3,1,2,,0,39 58:29.354,,7,75 11:54.397,3,0,0,0,67301,0,0,0,N,0,0,0,2,67301,0,,1,1,,N,N,N,0,,1,0,1,3,2,,2200,1,2,0,0,0,0,0,3,4,0,2,3,3.0,N,,,,,,,,,,,
2021078168,200.0,0,0,0,0,0,0,0,0,0,4,0,,67,8,2021,7,39.9962,-75.1062,156.0,6,0,0,0,0,0,0,0,0,,0,0,0,1,3,0,1,,0,39 59:46.417,,0,75 06:22.352,9,0,0,0,67301,0,0,0,N,0,0,0,1,67301,0,,1,1,,N,N,N,0,,0,0,2,0,0,,148,0,2,0,0,0,0,1,3,4,0,2,3,3.0,N,,,,,,,,,,,
2021051166,1906.0,2,0,0,0,0,0,0,0,0,4,0,,67,6,2021,4,40.0471,-75.098,1904.0,6,0,0,0,0,0,0,0,0,,0,0,0,19,1,1,1,,1,40 02:49.639,1.0,0,75 05:52.794,3,0,0,0,67301,0,0,0,N,0,0,0,2,67301,0,,1,1,2037.0,N,N,N,0,,1,0,0,3,2,N,1900,1,2,0,0,0,0,0,3,4,0,2,3,,N,,,,,,,,,,,