CRN,ARRIVAL_TM,AUTOMOBILE_COUNT,BELTED_DEATH_COUNT,BELTED_SUSP_SERIOUS_INJ_COUNT,BICYCLE_COUNT,BICYCLE_DEATH_COUNT,BICYCLE_SUSP_SERIOUS_INJ_COUNT,BUS_COUNT,CHLDPAS_DEATH_COUNT,CHLDPAS_SUSP_SERIOUS_INJ_COUNT,COLLISION_TYPE,COMM_VEH_COUNT,CONS_ZONE_SPD_LIM,COUNTY,CRASH_MONTH,CRASH_YEAR,DAY_OF_WEEK,DEC_LAT,DEC_LONG,DISPATCH_TM,DISTRICT,DRIVER_COUNT_16YR,DRIVER_COUNT_17YR,DRIVER_COUNT_18YR,DRIVER_COUNT_19YR,DRIVER_COUNT_20YR,DRIVER_COUNT_50_64YR,DRIVER_COUNT_65_74YR,DRIVER_COUNT_75PLUS,EST_HRS_CLOSED,FATAL_COUNT,HEAVY_TRUCK_COUNT,HORSE_BUGGY_COUNT,HOUR_OF_DAY,ILLUMINATION,INJURY_COUNT,INTERSECT_TYPE,INTERSECTION_RELATED,LANE_CLOSED,LATITUDE,LN_CLOSE_DIR,LOCATION_TYPE,LONGITUDE,MAX_SEVERITY_LEVEL,MCYCLE_DEATH_COUNT,MCYCLE_SUSP_SERIOUS_INJ_COUNT,MOTORCYCLE_COUNT,MUNICIPALITY,NONMOTR_COUNT,NONMOTR_DEATH_COUNT,NONMOTR_SUSP_SERIOUS_INJ_COUNT,NTFY_HIWY_MAINT,PED_COUNT,PED_DEATH_COUNT,PED_SUSP_SERIOUS_INJ_COUNT,PERSON_COUNT,POLICE_AGCY,POSSIBLE_INJ_COUNT,RDWY_SURF_TYPE_CD,RELATION_TO_ROAD,ROAD_CONDITION,ROADWAY_CLEARED,SCH_BUS_IND,SCH_ZONE_IND,SECONDARY_CRASH,SMALL_TRUCK_COUNT,SPEC_JURIS_CD,SUSP_MINOR_INJ_COUNT,SUSP_SERIOUS_INJ_COUNT,SUV_COUNT,TCD_FUNC_CD,TCD_TYPE,TFC_DETOUR_IND,TIME_OF_DAY,TOT_INJ_COUNT,TOTAL_UNITS,UNB_DEATH_COUNT,UNB_SUSP_SERIOUS_INJ_COUNT,UNBELTED_OCC_COUNT,UNK_INJ_DEG_COUNT,UNK_INJ_PER_COUNT,URBAN_AREA,URBAN_RURAL,VAN_COUNT,VEHICLE_COUNT,WEATHER1,WEATHER2,WORK_ZONE_IND,WORK_ZONE_LOC,WORK_ZONE_TYPE,WORKERS_PRES,WZ_CLOSE_DETOUR,WZ_FLAGGER,WZ_LAW_OFFCR_IND,WZ_LN_CLOSURE,WZ_MOVING,WZ_OTHER,WZ_SHLDER_MDN,WZ_WORKERS_INJ_KILLED
2021056086,2141.0,1,0,0,0,0,0,0,0,0,7,0,,67,6,2021,7,39.8918,-75.2373,2141.0,6,0,0,0,0,0,0,0,0,,0,0,0,21,3,1,0,N,2,39 53:30.480,2.0,0,75 14:14.175,4,0,0,0,67301,0,0,0,Y,0,0,0,1,68K02,1,,4,1,2245.0,N,N,N,0,,0,0,0,0,0,N,2141,1,1,0,0,0,0,0,3,4,0,1,3,,N,,,,,,,,,,,
2021078579,1725.0,1,0,0,0,0,0,0,0,0,4,0,,67,8,2021,6,40.0417,-75.0883,1712.0,6,0,0,0,0,0,1,0,0,,0,0,0,17,1,3,1,,0,40 02:30.045,,0,75 05:17.959,4,0,0,0,67301,0,0,0,N,0,0,0,4,67301,1,,1,1,,N,N,N,0,,0,0,2,3,2,,1707,3,3,0,0,0,2,1,3,4,0,3,3,3.0,N,,,,,,,,,,,
2021053582,1612.0,2,0,0,0,0,0,0,0,0,4,0,,67,6,2021,7,39.9394,-75.2175,1612.0,6,0,0,0,0,0,0,0,0,,0,0,0,2,3,1,1,,0,39 56:21.677,,0,75 13:03.014,3,0,0,0,67301,0,0,0,N,0,0,0,2,67301,0,,1,1,,N,N,N,0,,1,0,0,3,2,,200,1,2,0,0,1,0,1,3,4,0,2,3,3.0,N,,,,,,,,,,,
2021053654,555.0,0,0,0,0,0,0,0,0,0,8,0,,67,6,2021,5,40.0088,-75.1476,550.0,6,0,0,0,0,0,0,0,0,,0,0,0,5,1,1,1,,0,40 00:31.666,,0,75 08:51.441,8,0,0,0,67301,1,0,0,N,1,0,0,2,67301,0,,1,9,,N,N,N,0,,0,0,0,3,2,,524,1,2,0,0,0,1,0,3,4,0,1,7,4.0,N,,,,,,,,,,,
2021080381,2044.0,2,0,0,0,0,0,0,0,0,4,0,,67,8,2021,7,40.0287,-75.1177,2037.0,6,0,0,0,0,0,0,0,0,,0,0,0,20,3,0,1,,1,40 01:43.257,7.0,0,75 07:03.868,9,0,0,0,67301,0,0,0,N,0,0,0,3,67301,0,,1,9,2105.0,N,N,N,0,,0,0,0,3,2,N,2033,0,2,0,0,0,0,3,3,4,0,2,7,,N,,,,,,,,,,,
2021053661,820.0,1,0,0,1,0,0,0,0,0,4,0,,67,6,2021,2,39.9754,-75.1326,815.0,6,0,0,0,0,0,0,0,0,,0,0,0,6,1,1,1,,0,39 58:31.554,,0,75 07:57.337,3,0,0,0,67301,1,0,0,N,0,0,0,2,67301,0,,1,1,,N,N,N,0,,1,0,0,3,2,,630,1,2,0,0,1,0,0,3,4,0,1,3,3.0,N,,,,,,,,,,,
2021050517,54.0,1,0,0,0,0,0,0,0,0,7,0,,67,5,2021,1,40.0378,-75.012,54.0,6,0,1,0,0,0,0,0,0,,0,0,0,0,3,0,0,N,0,40 02:15.954,,0,75 00:43.364,0,0,0,0,67301,0,0,0,N,0,0,0,1,68K01,0,,3,9,,N,N,N,0,,0,0,0,0,0,,46,0,1,0,0,0,0,0,3,4,0,1,7,,N,,,,,,,,,,,
2021053618,2126.0,1,0,0,0,0,0,0,0,0,4,0,,67,6,2021,3,39.9373,-75.1767,2125.0,6,0,0,0,0,0,0,0,0,,0,0,0,21,3,2,5,,0,39 56:14.189,,0,75 10:36.127,3,0,0,0,67301,0,0,0,N,0,0,0,2,67301,1,,1,1,,N,N,N,0,,1,0,1,3,3,,2125,2,2,0,0,0,0,0,3,4,0,2,3,3.0,N,,,,,,,,,,,
2021054290,259.0,3,0,0,0,0,0,0,0,0,1,0,,67,6,2021,1,39.9437,-75.1654,255.0,6,0,0,0,0,1,1,0,0,,0,0,0,2,3,0,1,,0,39 56:37.145,,0,75 09:55.996,0,0,0,0,67301,0,0,0,N,0,0,0,3,67301,0,,1,1,,N,N,N,0,,0,0,0,3,2,,250,0,3,0,0,0,0,0,3,4,0,3,3,,N,,,,,,,,,,,
2021055766,1723.0,1,0,0,0,0,0,0,0,0,5,0,,67,6,2021,4,40.0946,-75.0158,1719.0,6,0,0,0,0,0,0,0,0,,0,0,0,17,1,1,0,N,0,40 05:40.620,,0,75 00:56.740,8,0,0,0,67301,0,0,0,N,0,0,0,2,67301,0,,1,1,,N,N,N,0,,0,0,1,0,0,,1716,1,2,0,0,0,1,0,3,4,0,2,3,3.0,N,,,,,,,,,,,
2021053565,10.0,0,0,0,0,0,0,0,0,0,1,0,,67,6,2021,6,40.0428,-75.0631,6.0,6,0,0,0,0,0,1,0,0,,0,0,0,0,3,1,1,,1,40 02:34.252,6.0,0,75 03:47.603,3,0,0,0,67301,0,0,0,N,0,0,0,3,67301,0,,1,1,108.0,N,N,N,0,,1,0,2,3,2,Y,2,1,2,0,0,0,0,0,3,4,0,2,3,3.0,N,,,,,,,,,,,
2021060680,1328.0,1,0,0,0,0,0,0,0,0,5,0,45.0,67,6,2021,6,40.0092,-75.0668,1319.0,6,0,0,0,0,0,0,0,0,,0,0,0,13,1,0,0,N,0,40 00:33.076,,0,75 04:00.543,0,0,0,0,67301,0,0,0,N,0,0,0,2,68K01,0,,1,1,,N,N,N,1,,0,0,0,0,0,,1305,0,2,0,0,0,0,0,3,4,0,2,3,3.0,Y,2.0,1.0,N,,,N,,,,Y,N
2021058231,1915.0,2,0,0,0,0,0,0,0,0,1,0,,67,6,2021,5,39.9483,-75.1421,1915.0,6,0,0,0,0,0,1,0,0,,0,0,0,19,1,1,0,N,2,39 56:54.011,2.0,0,75 08:31.468,8,0,0,0,67301,0,0,0,N,0,0,0,3,68K01,0,,1,1,2034.0,N,N,N,0,,0,0,1,0,0,N,1915,1,3,0,0,0,1,0,3,4,0,3,3,,N,,,,,,,,,,,
2021080986,35.0,2,0,0,0,0,0,0,0,0,4,0,,67,3,2021,1,40.0189,-75.0495,33.0,6,0,0,0,0,0,0,1,0,,0,0,0,0,3,0,1,,0,40 01:08.120,,0,75 02:58.216,0,0,0,0,67301,0,0,0,N,0,0,0,3,67301,0,,1,1,,N,N,N,0,,0,0,0,3,3,,5,0,2,0,0,0,0,0,3,4,0,2,3,3.0,N,,,,,,,,,,,
2021057136,1821.0,1,0,0,0,0,0,0,0,0,4,0,,67,6,2021,3,39.9383,-75.1986,1815.0,6,0,0,0,0,0,1,0,0,,0,0,0,18,1,1,1,,0,39 56:17.808,,0,75 11:55.304,3,0,0,0,67301,0,0,0,N,0,0,0,3,67301,0,,1,1,,N,N,N,1,,1,0,0,3,2,,1813,1,3,0,0,0,0,0,3,4,1,3,3,,N,,,,,,,,,,,
2021049744,1926.0,1,0,0,0,0,0,0,0,0,1,0,,67,5,2021,2,39.9449,-75.2216,1924.0,6,0,0,0,0,0,0,0,0,,0,0,0,19,1,1,11,,0,39 56:41.589,,0,75 13:17.590,8,0,0,0,67301,0,0,0,N,0,0,0,1,67301,0,,1,1,,N,N,N,0,,0,0,0,0,0,,1922,1,2,0,0,0,1,0,3,4,1,2,3,3.0,N,,,,,,,,,,,
2021049431,30.0,1,0,0,0,0,0,0,0,0,5,0,,67,5,2021,2,39.9849,-75.1582,29.0,6,0,0,0,0,0,0,0,0,,0,0,0,0,3,0,1,,1,39 59:05.816,2.0,0,75 09:29.666,0,0,0,0,67301,0,0,0,N,0,0,0,2,67505,0,,1,1,100.0,N,N,N,0,,0,0,1,3,2,Y,20,0,2,0,0,2,0,0,3,4,0,2,3,4.0,N,,,,,,,,,,,
2021049756,1945.0,2,0,0,0,0,0,0,0,0,4,0,,67,5,2021,1,39.9723,-75.2488,1938.0,6,0,0,0,0,0,0,0,0,,0,0,0,19,1,3,1,,0,39 58:20.364,,0,75 14:55.925,3,0,0,0,67301,0,0,0,N,0,0,0,3,67301,0,,1,1,,N,N,N,0,,2,0,0,3,2,,1938,3,3,0,0,0,1,0,3,4,1,3,4,4.0,N,,,,,,,,,,,
2021053580,2147.0,0,0,0,0,0,0,0,0,0,4,0,,67,6,2021,6,39.9185,-75.2259,2146.0,6,0,0,0,0,0,0,1,0,,0,0,0,21,3,1,1,,0,39 55:06.796,,0,75 13:33.067,3,0,0,1,67301,0,0,0,N,0,0,0,3,67301,0,,1,1,,N,N,N,0,,1,0,1,3,2,,2144,1,2,0,0,0,0,0,3,4,0,2,3,3.0,N,,,,,,,,,,,
2021080705,2059.0,2,0,0,0,0,0,0,0,0,4,0,,67,8,2021,5,39.9959,-75.1821,2050.0,6,0,0,0,0,0,0,0,0,,0,0,0,20,3,0,1,,0,39 59:45.196,,0,75 10:55.556,9,0,0,0,67301,0,0,0,N,0,0,0,2,67301,0,,1,1,,N,N,N,0,,0,0,0,3,3,,2023,0,2,0,0,0,0,1,3,4,0,2,3,3.0,N,,,,,,,,,,,
2021052066,922.0,3,0,0,0,0,0,0,0,0,5,0,,67,6,2021,2,39.9511,-75.241,914.0,6,0,0,1,0,0,0,0,0,,0,0,0,9,1,0,0,N,0,39 57:03.830,,0,75 14:27.710,0,0,0,0,67301,0,0,0,N,0,0,0,1,67301,0,,6,1,,N,N,N,0,,0,0,0,0,0,,903,0,4,0,0,0,0,0,3,4,1,4,3,3.0,N,,,,,,,,,,,
2021053566,1951.0,0,0,0,1,0,0,0,0,0,1,0,,67,6,2021,5,39.9417,-75.1494,1949.0,6,0,0,0,0,0,0,0,0,,0,0,0,19,4,1,0,N,0,39 56:30.000,,0,75 08:57.800,8,0,0,0,67301,1,0,0,N,0,0,0,2,67301,0,,1,9,,N,N,N,0,,0,0,1,0,0,,1930,1,2,0,0,0,1,0,3,4,0,1,7,7.0,N,,,,,,,,,,,
2021053583,2209.0,1,0,0,0,0,0,0,0,0,4,0,,67,6,2021,6,39.9142,-75.2417,2214.0,6,0,0,0,0,0,1,0,0,,0,0,0,18,1,1,1,,0,39 54:51.063,,0,75 14:30.218,2,0,0,0,67301,0,0,0,N,0,0,0,3,67301,0,,1,9,,N,N,N,0,,0,1,1,3,2,,1812,1,2,0,0,0,0,0,3,4,0,2,7,7.0,N,,,,,,,,,,,
2021051864,1201.0,0,0,0,0,0,0,0,0,0,5,0,,67,6,2021,1,40.0567,-75.0117,1154.0,6,0,0,0,1,0,0,0,0,,0,0,0,11,1,1,0,N,1,40 03:24.147,4.0,0,75 00:42.132,3,0,0,0,67301,0,0,0,N,0,0,0,2,67301,0,,1,1,1315.0,N,N,N,0,,1,0,3,0,0,Y,1152,1,4,0,0,0,0,0,3,4,1,4,3,3.0,N,,,,,,,,,,,
2021053576,952.0,0,0,0,0,0,0,0,0,0,4,0,,67,6,2021,1,39.9583,-75.1641,942.0,6,0,1,0,0,0,0,0,0,,0,0,0,9,1,1,1,,0,39 57:29.829,,3,75 09:50.647,3,0,0,0,67301,0,0,0,N,0,0,0,2,67301,0,,1,1,,N,N,N,1,,1,0,1,3,2,,935,1,2,0,0,1,0,0,3,4,0,2,3,3.0,N,,,,,,,,,,,
2021051932,1629.0,1,0,0,0,0,0,0,0,0,4,0,,67,6,2021,6,39.971,-75.185,1621.0,6,0,0,0,0,0,0,0,0,,0,0,0,16,1,0,0,N,1,39 58:15.760,1.0,0,75 11:05.950,0,0,0,0,67301,0,0,0,N,0,0,0,2,67301,0,,1,9,1840.0,N,N,N,0,,0,0,1,0,0,N,1617,0,2,0,0,0,0,0,3,4,0,2,7,,N,,,,,,,,,,,
2021069765,2000.0,1,0,0,0,0,0,0,0,0,7,0,,67,5,2021,2,39.9621,-75.1614,1951.0,6,0,0,0,0,0,0,0,0,,0,0,0,19,1,1,0,N,0,39 57:43.406,,0,75 09:41.067,3,0,0,0,67301,0,0,0,N,0,0,0,2,67301,0,,4,1,,N,N,N,0,,1,0,0,0,0,,1940,1,1,0,0,0,0,0,3,4,0,1,3,3.0,N,,,,,,,,,,,
2021050571,1935.0,2,0,0,0,0,0,0,0,0,5,0,,67,6,2021,3,40.0457,-75.1566,1913.0,6,0,0,0,0,0,0,0,0,,0,0,0,18,1,1,0,N,0,40 02:44.420,,0,75 09:23.740,3,0,0,0,67301,0,0,0,N,0,0,0,2,67301,0,,1,1,,N,N,N,0,,1,0,0,0,0,,1813,1,2,0,0,0,0,0,3,4,0,2,3,3.0,N,,,,,,,,,,,
2021054294,225.0,1,0,0,0,0,0,0,0,0,5,0,,67,6,2021,6,39.9948,-75.1083,225.0,6,0,0,0,0,0,0,0,0,,0,0,0,21,3,0,0,N,1,39 59:41.380,3.0,0,75 06:30.030,9,0,0,0,67301,0,0,0,N,0,0,0,1,67301,0,,6,1,320.0,N,N,N,0,,0,0,2,0,0,Y,2130,0,3,0,0,0,0,1,3,4,0,3,3,3.0,N,,,,,,,,,,,
2021055083,1749.0,1,0,0,0,0,0,0,0,0,4,0,,67,6,2021,1,40.031,-75.0631,1749.0,6,0,0,0,0,0,0,0,0,,0,0,0,17,1,0,3,,1,40 01:51.607,1.0,0,75 03:47.058,0,0,0,0,67301,0,0,0,N,0,0,0,2,67301,0,,1,1,100.0,N,N,N,0,,0,0,1,0,0,N,1749,0,2,0,0,0,0,0,3,4,0,2,4,,N,,,,,,,,,,,
2021055484,1443.0,1,0,0,0,0,0,0,0,0,4,0,,67,6,2021,3,39.9862,-75.1596,1440.0,6,0,0,0,0,0,0,0,0,,0,0,0,14,1,2,2,,2,39 59:10.255,1.0,0,75 09:34.585,2,0,2,1,67301,0,0,0,N,0,0,0,2,67301,0,,1,1,1545.0,N,N,N,0,,0,2,0,3,3,Y,1440,2,2,0,0,0,0,0,3,4,0,2,3,,N,,,,,,,,,,,
2021057094,1133.0,1,0,0,0,0,0,0,0,0,4,0,,67,6,2021,1,40.0471,-75.0591,1120.0,6,0,0,0,0,0,0,0,0,,0,0,0,11,1,1,0,N,0,40 02:49.682,,7,75 03:32.595,8,0,0,1,67301,0,0,0,N,0,0,0,2,67301,0,,1,1,,N,N,N,0,,0,0,0,3,3,,1118,1,2,0,0,0,1,0,3,4,0,2,3,3.0,N,,,,,,,,,,,
2021081369,21.0,2,0,0,0,0,0,0,0,0,5,1,,67,8,2021,6,39.9551,-75.2304,20.0,6,0,0,0,0,0,0,0,0,,0,1,0,0,3,0,0,N,1,39 57:18.470,6.0,0,75 13:49.310,0,0,0,0,67301,0,0,0,N,0,0,0,1,67301,0,,6,1,130.0,N,N,N,0,,0,0,1,0,0,Y,15,0,4,0,0,0,0,0,3,4,0,4,3,3.0,N,,,,,,,,,,,
2021055772,1815.0,1,0,0,0,0,0,0,0,0,1,0,,67,6,2021,3,39.9803,-75.1816,1812.0,6,0,0,0,0,0,0,0,0,,0,0,0,15,1,1,1,,0,39 58:49.015,,0,75 10:53.799,3,0,0,0,67301,0,0,0,N,0,0,0,2,67301,0,,1,1,,N,N,N,1,,1,0,0,0,0,,1505,1,2,0,0,0,0,1,3,4,0,2,3,3.0,N,,,,,,,,,,,
2021054372,947.0,0,0,0,1,0,0,0,0,0,4,0,,67,6,2021,6,39.9617,-75.1575,945.0,6,0,0,0,0,0,0,0,0,,0,0,0,9,1,1,5,,2,39 57:42.623,4.0,0,75 09:27.136,3,0,0,0,67301,1,0,0,N,0,0,0,2,67301,0,,1,1,1005.0,N,N,N,0,,1,0,0,3,2,N,944,1,2,0,0,0,0,0,3,4,1,1,4,4.0,N,,,,,,,,,,,
2021050602,148.0,1,0,0,0,0,0,0,0,0,4,0,,67,6,2021,4,39.9738,-75.2064,148.0,6,0,0,0,0,0,1,0,0,,0,0,0,1,3,1,1,,0,39 58:25.808,,0,75 12:23.108,3,0,0,0,67301,0,0,0,N,0,0,0,3,67301,0,,1,1,,N,N,N,0,,1,0,0,3,2,,112,1,2,0,0,0,0,0,3,4,0,2,3,,N,,,,,,,,,,,
2021052065,2221.0,1,0,0,0,0,0,0,0,0,2,0,,67,6,2021,1,40.0336,-75.1821,2221.0,6,0,0,0,0,0,0,0,0,,0,0,0,22,3,0,2,,1,40 02:00.881,5.0,0,75 10:55.445,0,0,0,0,67301,0,0,0,N,0,0,0,2,67301,0,,1,1,2245.0,N,N,N,0,,0,0,1,0,0,Y,2220,0,2,0,0,0,0,0,3,4,0,2,3,3.0,N,,,,,,,,,,,
2021049751,1621.0,1,0,0,0,0,0,0,0,0,4,0,,67,5,2021,1,40.0081,-75.0849,1602.0,6,0,0,0,0,0,0,0,0,,0,0,0,15,1,1,2,,0,40 00:28.472,,0,75 05:06.719,3,0,0,0,67301,0,0,0,N,0,0,0,2,67301,0,,1,9,,N,N,N,0,,1,0,0,3,3,,1533,1,2,0,0,0,0,0,3,4,1,2,4,7.0,N,,,,,,,,,,,
2021051596,200.0,3,0,0,0,0,0,0,0,0,4,0,,67,6,2021,7,39.9461,-75.1579,159.0,6,0,0,0,0,0,0,0,0,,0,0,0,1,3,2,1,,2,39 56:46.042,3.0,0,75 09:28.479,3,0,0,0,67301,0,0,0,N,0,0,0,2,67301,0,,1,1,159.0,N,N,N,0,,2,0,2,3,2,Y,147,2,5,0,0,0,0,0,3,4,0,5,3,3.0,N,,,,,,,,,,,
2021051068,1912.0,0,0,0,0,0,0,0,0,0,8,0,,67,6,2021,3,40.028,-75.1497,1911.0,6,0,0,0,0,0,0,0,0,,0,0,0,19,4,1,1,,0,40 01:40.749,,0,75 08:58.977,3,0,0,0,67301,1,0,0,N,1,0,0,2,67301,0,,1,1,,N,N,N,0,,1,0,0,0,0,,1910,1,2,0,0,0,0,0,3,4,1,1,99,3.0,N,,,,,,,,,,,
2021051415,2028.0,0,0,0,0,0,0,0,0,0,4,0,,67,6,2021,4,40.0211,-75.1399,2028.0,6,0,0,0,0,0,0,0,0,,0,0,0,19,4,0,1,,0,40 01:16.051,,0,75 08:23.731,9,0,0,0,67301,0,0,0,N,0,0,0,3,67301,0,,1,1,,N,N,N,0,,0,0,3,3,2,,1911,0,3,0,0,0,0,1,3,4,0,3,3,3.0,N,,,,,,,,,,,
2021050107,1405.0,2,0,0,0,0,0,0,0,0,4,0,,67,6,2021,3,40.0656,-75.1792,1400.0,6,0,0,0,0,0,0,1,0,,0,0,0,13,1,1,1,,0,40 03:56.012,,0,75 10:45.123,3,0,0,0,67301,0,0,0,N,0,0,0,3,67301,0,,1,1,,N,N,N,0,,1,0,0,3,3,,1345,1,2,0,0,0,0,0,3,4,0,2,3,,N,,,,,,,,,,,
2021050109,1030.0,1,0,0,0,0,0,0,0,0,8,0,,67,5,2021,2,39.9959,-75.0957,1000.0,6,0,0,0,0,0,0,0,0,,0,0,0,10,1,1,0,N,0,39 59:45.257,,0,75 05:44.362,8,0,0,0,67301,1,0,0,N,1,0,0,2,67301,0,,1,1,,N,N,N,0,,0,0,0,0,0,,1000,1,2,0,0,1,1,0,3,4,0,1,3,3.0,N,,,,,,,,,,,
2021080569,1415.0,1,0,0,0,0,0,0,0,0,7,0,,67,8,2021,2,39.9964,-75.1135,1400.0,6,0,0,0,0,0,0,0,0,,0,0,0,13,1,1,1,,0,39 59:47.175,,0,75 06:48.425,3,0,0,0,67301,0,0,0,N,0,0,0,1,67301,0,,5,1,,N,N,N,0,,1,0,0,0,0,,1338,1,1,0,0,1,0,0,3,4,0,1,3,3.0,N,,,,,,,,,,,
2021079932,2207.0,1,0,0,0,0,0,0,0,0,2,0,,67,8,2021,3,39.9345,-75.233,2205.0,6,0,0,0,0,0,0,0,0,,0,0,0,22,3,1,0,N,0,39 56:04.070,,0,75 13:58.880,4,0,0,0,67301,0,0,0,N,0,0,0,1,67301,1,,1,1,,N,N,N,0,,0,0,1,3,2,,2205,1,2,0,0,0,0,0,3,4,0,2,3,,N,,,,,,,,,,,
2021078174,135.0,2,0,0,0,0,0,0,0,0,7,0,,67,8,2021,6,40.0105,-75.1036,134.0,6,0,0,0,0,0,0,0,0,,0,0,0,1,3,0,0,N,0,40 00:37.620,,0,75 06:12.970,9,0,0,0,67301,0,0,0,N,0,0,0,1,67301,0,,2,1,,N,N,N,0,,0,0,0,0,0,,134,0,2,0,0,1,0,1,3,4,0,2,3,3.0,N,,,,,,,,,,,
2021049343,758.0,0,0,0,0,0,0,0,0,0,4,0,,67,5,2021,1,40.0272,-75.1512,758.0,6,0,0,0,0,0,2,0,0,,0,0,0,7,1,2,1,,0,40 01:37.898,,0,75 09:04.471,4,0,0,0,67301,0,0,0,N,0,0,0,2,67301,2,,1,9,,N,N,N,0,,0,0,2,3,2,,758,2,2,0,0,0,0,0,3,4,0,2,7,7.0,N,,,,,,,,,,,
2021057165,1217.0,1,0,0,0,0,0,0,0,0,4,0,,67,6,2021,1,40.0488,-75.1145,1217.0,6,0,0,0,0,0,1,0,0,,0,0,0,13,1,1,2,,0,40 02:55.597,,0,75 06:52.362,8,0,0,0,67301,0,0,0,N,0,0,0,2,67301,0,,1,1,,N,N,N,0,,0,0,1,3,3,,1330,1,2,0,0,0,1,1,3,4,0,2,3,3.0,N,,,,,,,,,,,
2021050213,1939.0,1,0,0,1,0,0,0,0,0,4,0,,67,6,2021,3,40.0276,-75.1471,1939.0,6,0,0,1,0,0,0,0,0,,0,0,0,14,1,1,1,,0,40 01:39.286,,0,75 08:50.079,3,0,0,0,67301,1,0,0,N,0,0,0,2,67301,0,,1,1,,N,N,N,0,,1,0,0,3,2,,1400,1,2,0,0,0,0,0,3,4,0,1,3,,N,,,,,,,,,,,
2021049860,2155.0,2,0,0,0,0,0,0,0,0,1,0,,67,5,2021,1,39.9553,-75.2319,2154.0,6,0,0,0,0,0,0,0,0,,0,0,0,14,1,4,1,,0,39 57:19.191,,0,75 13:55.012,3,0,0,0,67301,0,0,0,N,0,0,0,4,67301,0,,1,1,,N,N,N,0,,4,0,1,3,1,,1454,4,3,0,0,0,0,0,3,4,0,3,4,4.0,N,,,,,,,,,,,
2021052299,438.0,4,0,0,0,0,0,0,0,0,6,0,,67,6,2021,2,40.0277,-75.1433,436.0,6,0,0,0,0,0,0,0,0,,0,0,0,4,3,0,0,N,1,40 01:39.550,1.0,0,75 08:36.030,0,0,0,0,67301,0,0,0,N,0,0,0,1,67301,0,,6,1,545.0,N,N,N,0,,0,0,0,0,0,N,430,0,4,0,0,0,0,0,3,4,0,4,3,,N,,,,,,,,,,,
2021055236,1105.0,0,0,0,0,0,0,0,0,0,1,0,,67,6,2021,3,40.0419,-75.1889,1104.0,6,0,0,0,0,0,0,0,0,,0,0,0,10,1,0,0,N,0,40 02:30.970,,0,75 11:19.900,0,0,0,0,67301,0,0,0,N,0,0,0,2,67301,0,,1,1,,N,N,N,0,,0,0,2,0,0,,1036,0,2,0,0,0,0,0,3,4,0,2,3,3.0,N,,,,,,,,,,,
2021058676,16.0,1,0,0,0,0,0,0,0,0,1,0,,67,6,2021,6,40.0975,-74.9703,9.0,6,0,0,0,0,0,1,0,0,,0,0,0,23,3,0,0,N,0,40 05:51.130,,0,74 58:13.230,0,0,0,0,67301,0,0,0,N,0,0,0,1,67301,0,,6,1,,N,N,N,0,,0,0,2,0,0,,2300,0,3,0,0,0,0,0,3,4,0,3,3,3.0,N,,,,,,,,,,,
2021054644,1717.0,1,0,0,0,0,0,0,0,0,7,0,35.0,67,6,2021,5,39.9118,-75.167,1710.0,6,0,0,0,0,0,0,0,0,,0,0,0,17,1,1,0,N,1,39 54:42.300,4.0,3,75 10:01.100,3,0,0,0,67301,0,0,0,N,0,0,0,1,67501,0,,4,1,1739.0,N,N,N,0,,1,0,0,0,0,N,1710,1,1,0,0,0,0,0,3,4,0,1,3,3.0,Y,2.0,1.0,N,,,N,Y,,,,N
2021081589,1845.0,1,0,0,0,0,0,0,0,0,5,0,,67,8,2021,1,39.9237,-75.1918,1838.0,6,0,0,0,0,0,0,0,0,,0,0,0,18,1,0,5,N,1,39 55:25.328,3.0,0,75 11:30.606,0,0,0,0,67301,0,0,0,Y,0,0,0,1,68K01,0,,1,1,1915.0,N,N,N,0,,0,0,1,3,8,N,1832,0,2,0,0,0,0,0,3,4,0,2,3,3.0,N,,,,,,,,,,,
2021057095,1035.0,0,0,0,0,0,0,0,0,0,5,0,,67,6,2021,4,40.0299,-75.1035,1030.0,6,0,0,0,0,0,0,0,0,,0,0,0,6,1,2,0,N,0,40 01:47.727,,0,75 06:12.631,4,0,0,0,67301,0,0,0,N,0,0,0,3,67301,2,,1,1,,N,N,N,1,,0,0,1,0,0,,600,2,2,0,0,0,0,0,3,4,0,2,3,3.0,N,,,,,,,,,,,
2021050564,1649.0,0,0,0,0,0,0,0,0,0,5,0,,67,5,2021,2,39.9241,-75.2277,1649.0,6,0,0,0,0,0,0,0,0,,0,0,0,16,1,1,1,,1,39 55:26.552,6.0,0,75 13:39.745,3,0,0,1,67301,0,0,0,N,0,0,0,2,67301,0,,1,1,1700.0,N,N,N,0,,1,0,0,3,2,Y,1645,1,2,0,0,0,0,0,3,4,0,2,3,3.0,N,,,,,,,,,,,
2021050601,4.0,1,0,0,0,0,0,0,0,0,5,0,,67,6,2021,3,39.9749,-75.1977,0.0,6,0,0,0,0,0,0,0,0,,0,0,0,23,3,1,0,N,0,39 58:29.641,,0,75 11:51.843,3,0,0,1,67301,0,0,0,N,0,0,0,2,67301,0,,1,1,,N,N,N,0,,1,0,0,0,0,,2342,1,2,0,0,0,0,0,3,4,0,2,3,,N,,,,,,,,,,,