CRN,ARRIVAL_TM,AUTOMOBILE_COUNT,BELTED_DEATH_COUNT,BELTED_SUSP_SERIOUS_INJ_COUNT,BICYCLE_COUNT,BICYCLE_DEATH_COUNT,BICYCLE_SUSP_SERIOUS_INJ_COUNT,BUS_COUNT,CHLDPAS_DEATH_COUNT,CHLDPAS_SUSP_SERIOUS_INJ_COUNT,COLLISION_TYPE,COMM_VEH_COUNT,CONS_ZONE_SPD_LIM,COUNTY,CRASH_MONTH,CRASH_YEAR,DAY_OF_WEEK,DEC_LAT,DEC_LONG,DISPATCH_TM,DISTRICT,DRIVER_COUNT_16YR,DRIVER_COUNT_17YR,DRIVER_COUNT_18YR,DRIVER_COUNT_19YR,DRIVER_COUNT_20YR,DRIVER_COUNT_50_64YR,DRIVER_COUNT_65_74YR,DRIVER_COUNT_75PLUS,EST_HRS_CLOSED,FATAL_COUNT,HEAVY_TRUCK_COUNT,HORSE_BUGGY_COUNT,HOUR_OF_DAY,ILLUMINATION,INJURY_COUNT,INTERSECT_TYPE,INTERSECTION_RELATED,LANE_CLOSED,LATITUDE,LN_CLOSE_DIR,LOCATION_TYPE,LONGITUDE,MAX_SEVERITY_LEVEL,MCYCLE_DEATH_COUNT,MCYCLE_SUSP_SERIOUS_INJ_COUNT,MOTORCYCLE_COUNT,MUNICIPALITY,NONMOTR_COUNT,NONMOTR_DEATH_COUNT,NONMOTR_SUSP_SERIOUS_INJ_COUNT,NTFY_HIWY_MAINT,PED_COUNT,PED_DEATH_COUNT,PED_SUSP_SERIOUS_INJ_COUNT,PERSON_COUNT,POLICE_AGCY,POSSIBLE_INJ_COUNT,RDWY_SURF_TYPE_CD,RELATION_TO_ROAD,ROAD_CONDITION,ROADWAY_CLEARED,SCH_BUS_IND,SCH_ZONE_IND,SECONDARY_CRASH,SMALL_TRUCK_COUNT,SPEC_JURIS_CD,SUSP_MINOR_INJ_COUNT,SUSP_SERIOUS_INJ_COUNT,SUV_COUNT,TCD_FUNC_CD,TCD_TYPE,TFC_DETOUR_IND,TIME_OF_DAY,TOT_INJ_COUNT,TOTAL_UNITS,UNB_DEATH_COUNT,UNB_SUSP_SERIOUS_INJ_COUNT,UNBELTED_OCC_COUNT,UNK_INJ_DEG_COUNT,UNK_INJ_PER_COUNT,URBAN_AREA,URBAN_RURAL,VAN_COUNT,VEHICLE_COUNT,WEATHER1,WEATHER2,WORK_ZONE_IND,WORK_ZONE_LOC,WORK_ZONE_TYPE,WORKERS_PRES,WZ_CLOSE_DETOUR,WZ_FLAGGER,WZ_LAW_OFFCR_IND,WZ_LN_CLOSURE,WZ_MOVING,WZ_OTHER,WZ_SHLDER_MDN,WZ_WORKERS_INJ_KILLED
2021080534,716.0,0,0,0,0,0,0,0,0,0,7,0,,67,8,2021,1,39.9573,-75.1519,714.0,6,0,0,0,0,0,0,0,0,,0,0,0,7,1,1,0,N,1,39 57:26.128,4.0,0,75 09:06.839,8,0,0,0,67301,0,0,0,N,0,0,0,1,68K01,0,,2,9,720.0,N,N,N,0,,0,0,1,0,0,N,713,1,1,0,0,0,1,0,3,4,0,1,7,7.0,N,,,,,,,,,,,
2021050828,945.0,2,0,0,0,0,0,0,0,0,4,0,,67,6,2021,5,40.0972,-75.0181,943.0,6,0,0,0,0,0,1,0,0,,0,0,0,9,1,1,1,,1,40 05:49.760,6.0,0,75 01:05.283,3,0,0,0,67301,0,0,0,N,0,0,0,4,67301,0,,1,9,15.0,N,N,N,0,,1,0,2,3,2,N,940,1,4,0,0,0,0,0,3,4,0,4,7,4.0,N,,,,,,,,,,,
2021080515,1952.0,1,0,0,0,0,0,0,0,0,1,0,,67,8,2021,2,39.9944,-75.0843,1937.0,6,0,0,0,0,0,0,0,0,,0,0,0,19,1,0,0,N,2,39 59:39.706,2.0,0,75 05:03.387,0,0,0,0,67301,0,0,0,N,0,0,0,2,68K01,0,,1,1,30.0,N,N,N,0,,0,0,1,0,0,N,1929,0,2,0,0,0,0,0,3,4,0,2,3,3.0,N,,,,,,,,,,,
2021057167,1544.0,2,0,0,0,0,0,0,0,0,4,0,,67,6,2021,7,40.0215,-75.1398,1544.0,6,0,0,0,0,0,0,0,0,,0,0,0,19,4,2,1,,0,40 01:17.537,,0,75 08:23.331,8,0,0,0,67301,0,0,0,N,0,0,0,2,67301,0,,1,1,,N,N,N,0,,0,0,0,3,2,,1930,2,2,0,0,0,2,0,3,4,0,2,3,3.0,N,,,,,,,,,,,
2021053587,1944.0,0,0,0,0,0,0,0,0,0,8,0,,67,6,2021,2,39.9194,-75.2344,1944.0,6,0,0,0,0,0,0,0,0,,0,0,0,19,1,1,2,,0,39 55:09.583,,0,75 14:03.880,8,0,0,0,67301,1,0,0,N,1,0,0,2,67301,0,,1,1,,N,N,N,1,,0,0,0,0,0,,1935,1,2,0,0,0,1,0,3,4,0,1,3,3.0,N,,,,,,,,,,,
2021079694,21.0,1,0,0,0,0,0,0,0,0,1,0,,67,8,2021,4,39.9918,-75.1403,20.0,6,0,0,0,0,0,0,0,0,,0,0,0,0,3,1,0,N,0,39 59:30.300,,0,75 08:25.010,4,0,0,0,67301,0,0,0,N,0,0,0,1,67301,1,,6,1,,N,N,N,1,,0,0,0,0,0,,0,1,2,0,0,0,0,0,3,4,0,2,3,3.0,N,,,,,,,,,,,
2021081133,2155.0,1,0,0,0,0,0,0,0,0,1,0,,67,8,2021,5,39.9619,-75.2407,2155.0,6,0,0,0,0,0,1,0,0,,0,0,0,21,3,2,1,,0,39 57:43.192,,0,75 14:26.610,8,0,0,0,67301,0,0,0,N,0,0,0,3,67301,0,,1,1,,N,N,N,1,,0,0,0,3,2,,2155,2,2,0,0,0,2,0,3,4,0,2,3,,N,,,,,,,,,,,
2021080109,1305.0,0,0,0,0,0,0,0,0,0,4,0,,67,8,2021,4,40.0589,-75.0475,1159.0,6,0,0,0,0,0,1,0,0,,0,0,0,11,1,1,1,,0,40 03:31.874,,0,75 02:50.852,8,0,0,0,67301,0,0,0,N,0,0,0,3,67301,0,,1,1,,N,N,N,1,,0,0,1,3,3,,1137,1,2,0,0,0,1,0,3,4,0,2,3,,N,,,,,,,,,,,
2021058739,933.0,0,0,0,0,0,0,0,0,0,4,0,,67,6,2021,1,40.017,-75.1883,930.0,6,0,0,0,0,0,0,1,0,,0,0,0,9,1,1,1,,1,40 01:01.180,1.0,0,75 11:17.957,3,0,0,0,67301,0,0,0,N,0,0,0,2,67301,0,,1,1,45.0,N,N,N,0,,1,0,1,3,2,N,929,1,2,0,0,0,0,0,3,4,1,2,3,,N,,,,,,,,,,,
2021068199,1740.0,1,0,0,0,0,0,0,0,0,5,0,,67,6,2021,1,39.9654,-75.186,1733.0,6,0,0,0,0,0,1,0,0,,0,0,0,17,1,1,7,,1,39 57:55.435,3.0,2,75 11:09.669,2,0,1,1,67301,0,0,0,N,0,0,0,2,68K01,0,,7,1,1830.0,N,N,N,0,,0,1,0,0,0,N,1731,1,2,0,0,0,0,0,3,4,0,2,3,,N,,,,,,,,,,,
2021052486,1550.0,1,0,0,0,0,0,0,0,0,8,0,,67,6,2021,3,39.9543,-75.1986,1548.0,6,0,0,0,0,1,0,0,0,,0,0,0,15,1,1,0,N,0,39 57:15.570,,0,75 11:55.062,8,0,0,0,67301,1,0,0,N,1,0,0,2,67504,0,,1,1,,N,N,N,0,,0,0,0,0,0,,1546,1,2,0,0,1,1,0,3,4,0,1,4,4.0,N,,,,,,,,,,,
2021051846,101.0,1,0,0,0,0,0,0,0,0,5,0,,67,6,2021,2,39.9773,-75.1581,110.0,6,0,0,0,0,0,0,1,0,,0,0,0,1,3,0,1,,0,39 58:38.118,,0,75 09:29.146,0,0,0,0,67301,0,0,0,N,0,0,0,2,67505,0,,1,1,,N,N,N,0,,0,0,1,3,2,,100,0,2,0,0,0,0,0,3,4,0,2,3,3.0,N,,,,,,,,,,,
2021051650,805.0,0,0,0,0,0,0,0,0,0,7,0,,67,6,2021,7,39.9956,-75.1432,757.0,6,0,0,0,0,0,1,0,0,,0,0,0,6,1,0,1,,0,39 59:44.336,,0,75 08:35.393,9,0,0,0,67301,0,0,0,N,0,0,0,1,67301,0,,5,1,,N,N,N,1,,0,0,0,0,0,,651,0,1,0,0,0,0,1,3,4,0,1,3,3.0,N,,,,,,,,,,,
2021056074,1914.0,1,0,0,0,0,0,0,0,0,5,0,,67,5,2021,2,39.8782,-75.2505,1914.0,6,0,0,0,0,0,1,0,0,,0,0,0,19,1,0,0,N,0,39 52:41.557,,0,75 15:01.838,0,0,0,0,67301,0,0,0,N,0,0,0,3,68K02,0,,1,1,,N,N,N,0,,0,0,2,0,0,,1914,0,3,0,0,0,0,0,3,4,0,3,3,3.0,N,,,,,,,,,,,
2021051867,2130.0,3,0,0,0,0,0,0,0,0,4,0,,67,6,2021,6,40.0429,-75.15,2130.0,6,0,0,0,0,0,0,0,0,,0,0,0,21,3,1,1,,0,40 02:34.562,,0,75 08:59.841,3,0,0,0,67301,0,0,0,N,0,0,0,2,67301,0,,1,1,,N,N,N,0,,1,0,3,3,2,,2120,1,6,0,0,1,0,0,3,4,0,6,3,3.0,N,,,,,,,,,,,
2021050568,2213.0,1,0,0,0,0,0,0,0,0,1,0,,67,6,2021,3,39.9195,-75.2038,2210.0,6,0,0,0,0,0,0,0,0,,0,0,0,22,3,2,0,N,0,39 55:10.235,,3,75 12:13.724,8,0,0,0,67301,0,0,0,N,0,0,0,2,67301,0,,1,1,,N,N,N,0,,0,0,0,0,0,,2200,2,2,0,0,0,2,0,3,4,1,2,3,,N,,,,,,,,,,,
2021050683,2150.0,1,0,0,0,0,0,0,0,0,2,0,,67,6,2021,3,40.0087,-75.0832,2132.0,6,0,0,0,0,1,0,0,0,,0,0,0,21,3,2,0,N,1,40 00:31.014,1.0,0,75 05:00.644,4,0,0,0,67301,0,0,0,N,0,0,0,5,67301,2,,1,1,2300.0,N,N,Y,1,,0,0,1,0,0,N,2130,2,3,0,0,0,0,3,3,4,0,3,3,3.0,N,,,,,,,,,,,
2021050844,721.0,2,0,0,0,0,0,0,0,0,4,0,,67,6,2021,5,39.9952,-75.1122,719.0,6,0,0,0,0,0,1,0,0,,0,0,0,7,1,0,1,,1,39 59:42.604,3.0,0,75 06:43.950,0,0,0,0,67301,0,0,0,N,0,0,0,2,67301,0,,1,9,100.0,N,N,N,0,,0,0,0,3,2,N,719,0,2,0,0,0,0,0,3,4,0,2,4,7.0,N,,,,,,,,,,,
2021053658,1909.0,1,0,0,0,0,0,0,0,0,1,0,,67,6,2021,1,39.9991,-75.1335,1904.0,6,0,0,0,0,0,0,0,0,,0,0,0,18,1,2,0,N,0,39 59:56.637,,0,75 08:00.764,8,0,0,0,67301,0,0,0,N,0,0,0,9,67301,0,,1,1,,N,N,N,0,,0,0,1,0,0,,1845,2,3,0,0,0,2,1,3,4,0,3,3,,N,,,,,,,,,,,
2021051742,55.0,3,0,0,0,0,0,0,0,0,5,0,,67,6,2021,7,39.9793,-75.1627,54.0,6,0,0,0,0,0,0,0,0,,0,0,0,0,3,1,1,,0,39 58:45.483,,0,75 09:45.551,4,0,0,0,67301,0,0,0,N,0,0,0,2,67301,1,,1,1,,N,N,Y,0,,0,0,1,3,2,,43,1,4,0,0,1,0,0,3,4,0,4,3,3.0,N,,,,,,,,,,,
2021078708,1748.0,1,0,0,0,0,0,0,0,0,2,0,,67,8,2021,1,39.9787,-75.2158,1740.0,6,0,0,0,0,0,0,0,0,,0,0,0,17,4,0,0,N,0,39 58:43.203,,0,75 12:57.003,0,0,0,0,67301,1,0,0,N,0,0,0,2,67301,0,,2,1,,N,N,N,0,,0,0,1,0,0,,1708,0,2,0,0,0,0,0,3,4,0,2,4,3.0,N,,,,,,,,,,,
2021053616,521.0,4,0,0,0,0,0,0,0,0,5,0,,67,6,2021,1,39.9401,-75.1668,520.0,6,0,0,0,0,0,0,0,0,,0,0,0,5,1,0,0,N,0,39 56:24.360,,0,75 10:00.630,0,0,0,0,67301,0,0,0,N,0,0,0,1,67301,0,,6,1,,N,N,Y,0,,0,0,0,0,0,,517,0,5,0,0,1,0,0,3,4,1,5,3,3.0,N,,,,,,,,,,,
2021051832,2010.0,0,0,0,0,0,0,0,0,0,7,0,,67,6,2021,5,40.0332,-75.1493,2000.0,6,0,0,0,0,0,0,0,0,,0,0,0,19,1,0,0,N,2,40 01:59.560,5.0,0,75 08:57.490,0,0,0,0,67301,0,0,0,N,0,0,0,1,67301,0,,4,8,100.0,N,N,N,0,,0,0,1,0,0,Y,1920,0,1,0,0,0,0,0,3,4,0,1,7,,N,,,,,,,,,,,
2021053563,1232.0,1,0,0,0,0,0,0,0,0,1,0,,67,6,2021,4,40.0294,-75.1062,1228.0,6,0,0,0,0,0,0,0,0,,0,0,0,12,1,1,0,N,2,40 01:45.941,2.0,0,75 06:22.166,8,0,0,0,67301,0,0,0,N,0,0,0,1,67301,0,,1,1,1300.0,N,N,N,0,,0,0,0,0,0,N,1228,1,2,0,0,0,1,0,3,4,1,2,3,,N,,,,,,,,,,,
2021082423,234.0,1,0,0,0,0,0,0,0,0,5,1,,67,8,2021,1,39.979,-75.1096,228.0,6,0,0,0,0,0,0,0,0,,0,1,0,2,3,0,0,N,1,39 58:44.290,2.0,0,75 06:34.673,9,0,0,0,67301,0,0,0,N,0,0,0,3,68K01,0,,1,9,349.0,N,N,N,0,,0,0,1,0,0,N,207,0,3,0,0,0,0,1,3,4,0,3,7,,N,,,,,,,,,,,
2021056448,2338.0,0,0,0,0,0,0,0,0,0,5,0,,67,6,2021,4,39.8991,-75.174,2325.0,6,0,0,0,0,0,0,0,0,,0,0,0,22,3,0,7,,1,39 53:56.633,2.0,2,75 10:26.251,0,0,0,0,67301,0,0,0,N,0,0,0,2,68K01,0,,7,1,46.0,N,N,N,0,,0,0,1,0,0,N,2236,0,2,0,0,0,0,0,3,4,1,2,3,,N,,,,,,,,,,,
2021053672,415.0,1,0,0,0,0,0,0,0,0,1,0,,67,6,2021,5,40.039,-75.1446,409.0,6,0,0,0,0,0,0,0,0,,0,0,0,3,3,1,1,,0,40 02:20.569,,0,75 08:40.591,3,0,0,0,67301,0,0,0,N,0,0,0,2,67301,0,,1,1,,N,N,N,0,,1,0,1,3,2,,306,1,2,0,0,0,0,1,3,4,0,2,3,3.0,N,,,,,,,,,,,
2021053564,758.0,1,0,0,0,0,0,0,0,0,4,0,,67,6,2021,5,40.0355,-75.1086,758.0,6,0,0,0,0,0,0,0,0,,0,0,0,7,1,0,1,,2,40 02:07.572,4.0,0,75 06:30.576,9,0,0,0,67301,0,0,0,N,0,0,0,2,67301,0,,1,1,900.0,N,N,N,1,,0,0,0,3,2,N,757,0,2,0,0,0,0,1,3,4,0,2,3,,N,,,,,,,,,,,
2021053671,650.0,2,0,0,0,0,0,0,0,0,4,0,,67,6,2021,4,40.039,-75.1446,649.0,6,0,0,0,1,0,0,0,0,,0,0,0,6,1,1,1,,2,40 02:20.672,7.0,0,75 08:41.040,3,0,0,0,67301,0,0,0,N,0,0,0,3,67301,0,,1,1,755.0,N,N,N,0,,1,0,0,3,2,Y,649,1,2,0,0,1,0,0,3,4,0,2,3,3.0,N,,,,,,,,,,,
2021054983,1237.0,3,0,0,0,0,0,0,0,0,8,0,,67,6,2021,6,40.0441,-75.1626,1236.0,6,0,0,0,0,0,0,0,0,,0,0,0,12,1,1,0,N,2,40 02:38.763,7.0,0,75 09:45.340,2,0,0,0,67301,1,0,1,N,1,0,1,2,67301,0,,1,9,1441.0,N,N,N,0,,0,1,0,0,0,Y,1235,1,5,0,0,0,0,0,3,4,1,4,7,4.0,N,,,,,,,,,,,
2021051337,1605.0,1,0,0,0,0,0,0,0,0,5,0,,67,6,2021,5,40.0389,-75.1917,1558.0,6,0,0,0,1,0,1,0,0,,0,0,0,15,1,1,0,N,0,40 02:19.923,,0,75 11:29.985,3,0,0,0,67301,0,0,0,N,0,0,0,3,67301,0,,1,1,,N,N,N,0,,1,0,1,0,0,,1515,1,2,0,0,0,0,0,3,4,0,2,3,3.0,N,,,,,,,,,,,
2021057161,1406.0,2,0,0,0,0,0,0,0,0,4,0,,67,6,2021,7,40.0547,-75.1412,1406.0,6,0,0,0,0,0,0,0,0,,0,0,0,12,1,1,3,,0,40 03:16.760,,0,75 08:28.471,8,0,0,0,67301,0,0,0,N,0,0,0,3,67301,0,,1,1,,N,N,N,0,,0,0,1,3,2,,1240,1,3,0,0,0,1,0,3,4,0,3,3,3.0,N,,,,,,,,,,,
2021051414,1810.0,0,0,0,0,0,0,0,0,0,7,0,,67,6,2021,3,40.0544,-75.1479,1803.0,6,0,0,0,0,0,0,0,0,,0,0,0,17,1,0,1,,0,40 03:15.944,,0,75 08:52.436,0,0,0,0,67301,0,0,0,N,0,0,0,1,67301,0,,4,1,,N,N,N,0,,0,0,2,3,2,,1756,0,2,0,0,1,0,0,3,4,0,2,3,3.0,N,,,,,,,,,,,
2021053624,1111.0,2,0,0,0,0,0,0,0,0,4,0,,67,6,2021,2,39.9865,-75.1579,1110.0,6,0,0,0,0,0,0,0,0,,0,0,0,11,1,0,1,,0,39 59:11.485,,0,75 09:28.427,0,0,0,0,67301,0,0,0,N,0,0,0,2,67301,0,,1,1,,N,N,N,0,,0,0,0,3,2,,1106,0,2,0,0,2,0,0,3,4,0,2,3,4.0,N,,,,,,,,,,,
2021049637,1528.0,1,0,0,0,0,0,0,0,0,0,0,,67,5,2021,1,40.0336,-75.0203,1502.0,6,0,0,0,0,1,0,0,0,,0,0,0,14,1,0,0,N,2,40 02:00.895,2.0,3,75 01:13.225,0,0,0,0,67301,0,0,0,N,0,0,0,2,68K01,0,,1,9,5.0,N,N,N,0,,0,0,0,0,0,N,1435,0,1,0,0,0,0,0,3,4,0,1,7,4.0,N,,,,,,,,,,,
2021053601,908.0,1,0,0,1,0,0,0,0,0,4,0,,67,6,2021,7,39.9986,-75.071,902.0,6,0,0,1,0,0,0,0,0,,0,0,0,8,1,1,1,,0,39 59:54.888,,0,75 04:15.587,8,0,0,0,67301,1,0,0,N,0,0,0,2,67301,0,,1,1,,N,N,N,0,,0,0,0,3,2,,855,1,2,0,0,0,1,0,3,4,0,1,3,3.0,N,,,,,,,,,,,
2021050842,1630.0,3,0,0,0,0,0,0,0,0,5,0,,67,6,2021,4,39.9953,-75.112,1630.0,6,0,0,0,0,0,0,0,1,,0,0,0,16,1,0,0,N,0,39 59:42.980,,0,75 06:43.360,9,0,0,0,67301,0,0,0,N,0,0,0,3,67301,0,,1,1,,N,N,N,0,,0,0,1,0,0,,1630,0,4,0,0,0,0,1,3,4,0,4,3,98.0,N,,,,,,,,,,,
2021051489,252.0,0,0,0,0,0,0,0,0,0,5,0,,67,6,2021,5,40.033,-75.0594,246.0,6,0,0,0,0,0,0,0,0,,0,0,0,2,3,0,0,N,0,40 01:58.780,,0,75 03:34.010,0,0,0,0,67301,0,0,0,N,0,0,0,1,67301,0,,6,1,,N,N,N,0,,0,0,2,0,0,,228,0,3,0,0,0,0,0,3,4,1,3,3,3.0,N,,,,,,,,,,,
2021050990,1327.0,1,0,0,0,0,0,0,0,0,4,0,,67,6,2021,5,39.9855,-75.1629,1323.0,6,0,0,0,0,0,1,0,0,,0,0,0,13,8,1,1,,0,39 59:07.969,,0,75 09:46.601,3,0,0,0,67301,0,0,0,N,0,0,0,2,67505,0,,1,9,,N,N,Y,0,,1,0,1,3,2,,1323,1,2,0,0,0,0,0,3,4,0,2,7,7.0,N,,,,,,,,,,,
2021052278,1555.0,0,0,0,0,0,0,0,0,0,0,0,,67,6,2021,1,39.9688,-75.1601,1555.0,6,0,0,0,0,0,0,0,0,,0,0,0,1,3,0,0,N,0,39 58:07.741,,0,75 09:36.333,0,0,0,0,67301,0,0,0,N,0,0,0,1,67301,0,,1,1,,N,N,N,0,,0,0,1,0,0,,100,0,1,0,0,1,0,0,3,4,0,1,3,3.0,N,,,,,,,,,,,
2021053676,1710.0,1,0,0,0,0,0,0,0,0,5,0,,67,6,2021,2,40.0172,-75.1495,1707.0,6,0,0,0,0,0,0,0,0,,0,0,0,17,1,0,0,Y,0,40 01:01.885,,0,75 08:58.243,9,0,0,0,67301,0,0,0,N,0,0,0,3,67301,0,,1,1,,N,N,N,0,,0,0,1,3,2,,1700,0,3,0,0,1,0,1,3,4,1,3,3,3.0,N,,,,,,,,,,,
2021080315,1610.0,2,0,0,0,0,0,0,0,0,4,0,,67,8,2021,3,40.0351,-75.0695,1606.0,6,0,0,0,0,0,0,0,0,,0,0,0,15,1,1,1,,2,40 02:06.425,1.0,0,75 04:10.216,8,0,0,0,67301,0,0,0,N,0,0,0,1,67301,0,,1,1,1704.0,N,N,N,0,,0,0,0,3,2,N,1520,1,2,0,0,0,1,0,3,4,0,2,3,3.0,N,,,,,,,,,,,
2021053619,2248.0,3,0,0,0,0,0,0,0,0,5,0,,67,6,2021,1,39.9553,-75.2157,2243.0,6,0,0,0,0,0,1,0,0,,0,0,0,22,3,0,0,N,0,39 57:19.180,,0,75 12:56.570,0,0,0,0,67301,0,0,0,N,0,0,0,4,67301,0,,1,1,,N,N,N,0,,0,0,0,0,0,,2228,0,4,0,0,4,0,0,3,4,1,4,3,98.0,N,,,,,,,,,,,
2021056437,130.0,0,0,0,0,0,0,0,0,0,1,0,,67,6,2021,5,39.9509,-75.1411,130.0,6,0,0,0,0,0,0,0,0,,0,0,0,1,3,1,7,,1,39 57:03.131,1.0,2,75 08:27.851,4,0,0,0,67301,0,0,0,N,0,0,0,2,68K01,1,,7,1,200.0,N,N,N,0,,0,0,1,0,0,N,125,1,2,0,0,0,0,0,3,4,1,2,3,3.0,N,,,,,,,,,,,
2021051485,1635.0,0,0,0,0,0,0,0,0,0,5,0,,67,6,2021,6,39.9696,-75.1681,1620.0,6,0,0,0,0,0,0,0,0,,0,0,0,16,1,0,0,N,0,39 58:10.600,,0,75 10:04.990,0,0,0,0,67301,0,0,0,N,0,0,0,1,67301,0,,6,9,,N,N,N,0,,0,0,1,0,0,,1600,0,2,0,0,0,0,0,3,4,0,2,7,,N,,,,,,,,,,,
2021079995,2220.0,1,0,0,0,0,0,0,0,0,7,0,,67,8,2021,5,39.9963,-75.1971,2216.0,6,0,0,0,0,0,0,0,0,,0,0,0,22,3,1,0,N,1,39 59:46.592,3.0,0,75 11:49.537,3,0,0,0,67301,0,0,0,N,0,0,0,1,68K01,0,,4,1,2300.0,N,N,N,0,,1,0,0,0,0,N,2214,1,1,0,0,0,0,0,3,4,0,1,3,,N,,,,,,,,,,,
2021057163,729.0,2,0,0,0,0,0,0,0,0,4,0,,67,6,2021,1,40.0304,-75.1155,729.0,6,0,0,0,0,0,0,0,0,,0,0,0,23,3,1,2,,0,40 01:49.558,,0,75 06:55.731,3,0,0,0,67301,0,0,0,N,0,0,0,2,67301,0,,1,1,,N,N,N,0,,1,0,0,3,3,,2300,1,2,0,0,0,0,1,3,4,0,2,3,3.0,N,,,,,,,,,,,
2021050312,1409.0,1,0,0,0,0,0,0,0,0,1,0,,67,5,2021,1,39.9619,-75.1401,1349.0,6,0,0,0,0,0,0,0,0,,0,0,0,13,1,0,0,N,1,39 57:42.999,2.0,2,75 08:24.466,0,0,0,0,67301,0,0,0,N,0,0,0,4,68K01,0,,1,9,1435.0,N,N,N,0,,0,0,0,0,0,N,1347,0,2,0,0,0,0,0,3,4,1,2,7,4.0,N,,,,,,,,,,,
2021079633,405.0,1,0,0,0,0,0,0,0,0,7,0,,67,8,2021,5,40.0248,-75.0916,404.0,6,0,0,0,0,0,0,0,0,,0,0,0,4,3,1,2,,0,40 01:29.164,,0,75 05:29.593,3,0,0,0,67301,0,0,0,N,0,0,0,1,67301,0,,2,9,,N,N,N,0,,1,0,0,3,3,,404,1,1,0,0,0,0,0,3,4,0,1,7,7.0,N,,,,,,,,,,,
2021053623,2219.0,3,0,0,0,0,0,0,0,0,4,0,,67,6,2021,1,39.9753,-75.2455,2218.0,6,0,0,0,0,0,0,0,0,,0,0,0,22,3,3,1,,0,39 58:31.251,,0,75 14:43.798,2,0,0,0,67301,0,0,0,N,0,0,0,3,67301,0,,1,1,,N,N,N,0,,0,3,0,3,2,,2210,3,3,0,3,3,0,0,3,4,0,3,3,3.0,N,,,,,,,,,,,
2021051067,409.0,2,0,0,0,0,0,0,0,0,5,0,,67,6,2021,5,39.9677,-75.2457,357.0,6,0,0,0,0,0,0,0,0,,0,0,0,3,3,2,0,N,0,39 58:03.887,,0,75 14:44.362,4,0,0,0,67301,0,0,0,N,0,0,0,2,67301,1,,6,1,,N,N,N,0,,0,0,3,0,0,,322,2,5,0,0,0,1,0,3,4,0,5,3,3.0,N,,,,,,,,,,,
2021050362,823.0,1,0,0,0,0,0,0,0,0,4,0,,67,6,2021,3,40.046,-75.0823,823.0,6,0,0,0,0,0,1,0,0,,0,0,0,8,1,1,1,,1,40 02:45.589,1.0,0,75 04:56.402,3,0,0,0,67301,0,0,0,N,0,0,0,4,67301,0,,1,1,900.0,N,N,Y,0,,1,0,2,3,2,N,802,1,3,0,0,0,0,1,3,4,0,3,3,,N,,,,,,,,,,,
2021054216,2016.0,1,0,0,0,0,0,0,0,0,1,0,,67,6,2021,1,39.9646,-75.2245,2015.0,6,0,0,0,0,0,0,0,0,,0,0,0,20,4,1,0,N,0,39 57:52.624,,0,75 13:28.228,3,0,0,0,67301,0,0,0,N,0,0,0,4,67301,0,,1,1,,N,N,N,0,,1,0,1,0,0,,2015,1,2,0,0,2,0,0,3,4,0,2,3,3.0,N,,,,,,,,,,,
2021051930,1809.0,0,0,0,0,0,0,0,0,0,4,0,,67,6,2021,6,40.1289,-75.0087,1809.0,6,0,0,0,0,0,0,0,0,,0,0,0,18,1,0,1,,0,40 07:44.165,,0,75 00:31.460,9,0,0,0,67301,0,0,0,N,0,0,0,2,67301,0,,1,9,,N,N,N,0,,0,0,2,3,3,,1809,0,2,0,0,0,0,1,3,4,0,2,7,4.0,N,,,,,,,,,,,
2021079612,1905.0,1,0,0,0,0,0,0,0,0,1,0,,67,8,2021,3,40.0533,-75.2362,1900.0,6,0,0,0,0,0,0,0,0,,0,0,0,15,1,1,0,N,0,40 03:12.054,,0,75 14:10.198,8,0,0,0,67301,0,0,0,N,0,0,0,2,67301,0,,1,1,,N,N,N,0,,0,0,1,0,0,,1500,1,2,0,0,0,1,1,3,4,0,2,3,3.0,N,,,,,,,,,,,
2021053876,1959.0,1,0,0,0,0,0,0,0,0,7,0,,67,6,2021,1,39.9081,-75.1495,1947.0,6,0,0,0,0,0,0,0,0,,0,0,0,19,3,2,0,N,1,39 54:29.263,2.0,0,75 08:58.354,8,0,0,0,67301,0,0,0,Y,0,0,0,2,68K01,0,,2,1,2110.0,N,N,N,0,,0,0,0,0,0,N,1944,2,1,0,0,0,2,0,3,4,0,1,3,3.0,N,,,,,,,,,,,
2021051346,50.0,1,0,0,0,0,0,0,0,0,1,0,,67,6,2021,7,39.9536,-75.1986,52.0,6,0,0,0,0,0,0,0,0,,0,0,0,0,3,1,1,,0,39 57:13.089,,0,75 11:55.030,8,0,0,0,67301,0,0,0,N,0,0,0,2,67504,0,,1,1,,N,N,N,0,,0,0,1,3,2,,50,1,2,0,0,0,1,1,3,4,0,2,3,,N,,,,,,,,,,,
2021078488,2158.0,1,0,0,0,0,0,0,0,0,8,0,,67,8,2021,2,39.9885,-75.1607,2154.0,6,0,0,0,0,0,1,0,0,,0,0,0,21,3,1,2,,0,39 59:18.582,,0,75 09:38.617,3,0,0,0,67301,1,0,0,N,1,0,0,2,67301,0,,1,1,,N,N,N,0,,1,0,0,3,2,,2149,1,2,0,0,0,0,0,3,4,0,1,3,3.0,N,,,,,,,,,,,