CRN,ARRIVAL_TM,AUTOMOBILE_COUNT,BELTED_DEATH_COUNT,BELTED_SUSP_SERIOUS_INJ_COUNT,BICYCLE_COUNT,BICYCLE_DEATH_COUNT,BICYCLE_SUSP_SERIOUS_INJ_COUNT,BUS_COUNT,CHLDPAS_DEATH_COUNT,CHLDPAS_SUSP_SERIOUS_INJ_COUNT,COLLISION_TYPE,COMM_VEH_COUNT,CONS_ZONE_SPD_LIM,COUNTY,CRASH_MONTH,CRASH_YEAR,DAY_OF_WEEK,DEC_LAT,DEC_LONG,DISPATCH_TM,DISTRICT,DRIVER_COUNT_16YR,DRIVER_COUNT_17YR,DRIVER_COUNT_18YR,DRIVER_COUNT_19YR,DRIVER_COUNT_20YR,DRIVER_COUNT_50_64YR,DRIVER_COUNT_65_74YR,DRIVER_COUNT_75PLUS,EST_HRS_CLOSED,FATAL_COUNT,HEAVY_TRUCK_COUNT,HORSE_BUGGY_COUNT,HOUR_OF_DAY,ILLUMINATION,INJURY_COUNT,INTERSECT_TYPE,INTERSECTION_RELATED,LANE_CLOSED,LATITUDE,LN_CLOSE_DIR,LOCATION_TYPE,LONGITUDE,MAX_SEVERITY_LEVEL,MCYCLE_DEATH_COUNT,MCYCLE_SUSP_SERIOUS_INJ_COUNT,MOTORCYCLE_COUNT,MUNICIPALITY,NONMOTR_COUNT,NONMOTR_DEATH_COUNT,NONMOTR_SUSP_SERIOUS_INJ_COUNT,NTFY_HIWY_MAINT,PED_COUNT,PED_DEATH_COUNT,PED_SUSP_SERIOUS_INJ_COUNT,PERSON_COUNT,POLICE_AGCY,POSSIBLE_INJ_COUNT,RDWY_SURF_TYPE_CD,RELATION_TO_ROAD,ROAD_CONDITION,ROADWAY_CLEARED,SCH_BUS_IND,SCH_ZONE_IND,SECONDARY_CRASH,SMALL_TRUCK_COUNT,SPEC_JURIS_CD,SUSP_MINOR_INJ_COUNT,SUSP_SERIOUS_INJ_COUNT,SUV_COUNT,TCD_FUNC_CD,TCD_TYPE,TFC_DETOUR_IND,TIME_OF_DAY,TOT_INJ_COUNT,TOTAL_UNITS,UNB_DEATH_COUNT,UNB_SUSP_SERIOUS_INJ_COUNT,UNBELTED_OCC_COUNT,UNK_INJ_DEG_COUNT,UNK_INJ_PER_COUNT,URBAN_AREA,URBAN_RURAL,VAN_COUNT,VEHICLE_COUNT,WEATHER1,WEATHER2,WORK_ZONE_IND,WORK_ZONE_LOC,WORK_ZONE_TYPE,WORKERS_PRES,WZ_CLOSE_DETOUR,WZ_FLAGGER,WZ_LAW_OFFCR_IND,WZ_LN_CLOSURE,WZ_MOVING,WZ_OTHER,WZ_SHLDER_MDN,WZ_WORKERS_INJ_KILLED
2021057096,1136.0,1,0,0,0,0,0,0,0,0,4,0,,67,6,2021,5,40.044,-75.0754,1121.0,6,0,0,0,0,0,1,0,0,,0,0,0,10,1,1,1,,0,40 02:38.461,,0,75 04:31.429,3,0,0,0,67301,0,0,0,N,0,0,0,3,67301,0,,1,1,,N,N,N,0,,1,0,1,3,3,,1000,1,2,0,0,0,0,0,3,4,0,2,3,,N,,,,,,,,,,,
2021054671,224.0,1,0,0,0,0,0,0,0,0,5,0,45.0,67,6,2021,1,39.9675,-75.1326,216.0,6,0,0,0,0,0,1,0,0,,0,0,0,2,2,1,0,N,1,39 58:02.901,2.0,0,75 07:57.467,3,0,0,0,67301,0,0,0,N,0,0,0,5,68K01,0,,1,1,231.0,N,N,N,0,,1,0,1,0,0,N,205,1,2,0,0,0,0,1,3,4,0,2,3,,Y,4.0,1.0,N,,,N,Y,,,Y,N
2021081392,720.0,1,0,0,0,0,0,0,0,0,7,0,,67,7,2021,7,39.9318,-75.1999,711.0,6,0,0,0,0,0,0,0,0,,0,0,0,7,1,0,0,N,2,39 55:54.366,3.0,0,75 11:59.557,9,0,0,0,67301,0,0,0,N,0,0,0,1,68K01,0,,2,1,759.0,N,N,N,0,,0,0,0,0,0,N,707,0,1,0,0,0,0,1,3,4,0,1,3,,N,,,,,,,,,,,
2021057105,305.0,2,0,0,0,0,0,0,0,0,4,0,,67,6,2021,1,39.9535,-75.1398,303.0,6,0,0,0,0,0,0,0,0,,0,0,0,3,3,0,2,,0,39 57:12.504,,0,75 08:23.145,0,0,0,0,67301,0,0,0,N,0,0,0,3,67301,0,,1,1,,N,N,Y,1,,0,0,0,3,2,,302,0,3,0,0,0,0,0,3,4,0,3,3,3.0,N,,,,,,,,,,,
2021083251,6.0,2,0,0,0,0,0,0,0,0,2,0,,67,9,2021,6,40.059,-75.1943,6.0,6,0,0,0,0,0,0,0,0,,0,0,0,0,3,1,0,N,0,40 03:32.263,,0,75 11:39.624,8,0,0,0,67301,0,0,0,N,0,0,0,1,67301,0,,6,1,,N,N,N,0,,0,0,1,0,0,,0,1,3,0,0,0,1,0,3,4,0,3,3,,N,,,,,,,,,,,
2021057708,1010.0,2,0,0,0,0,0,0,0,0,1,0,,67,6,2021,1,39.9626,-75.2105,1009.0,6,0,0,0,0,0,0,1,0,,0,0,0,10,1,4,2,,0,39 57:45.199,,0,75 12:37.941,3,0,0,0,67301,0,0,0,N,0,0,0,6,67301,0,,1,1,,N,N,N,0,,4,0,1,3,2,,1005,4,3,0,0,0,0,0,3,4,0,3,3,3.0,N,,,,,,,,,,,
2021064224,835.0,1,0,0,0,0,0,0,0,0,1,0,,67,6,2021,2,39.9439,-75.2254,835.0,6,0,0,0,0,0,0,1,0,,0,0,0,8,1,0,1,,0,39 56:38.050,,0,75 13:31.591,0,0,0,0,67301,0,0,0,N,0,0,0,2,67301,0,,1,1,,N,N,N,0,,0,0,1,3,3,,835,0,2,0,0,0,0,0,3,4,0,2,3,3.0,N,,,,,,,,,,,
2021057411,103.0,1,0,0,0,0,0,0,0,0,7,0,,67,6,2021,7,40.0468,-75.0015,49.0,6,0,0,0,1,0,0,0,0,,0,0,0,0,3,0,0,N,0,40 02:48.356,,2,75 00:05.244,0,0,0,0,67301,0,0,0,N,0,0,0,1,68K01,0,,4,1,,N,N,N,0,,0,0,0,0,0,,22,0,1,0,0,0,0,0,3,4,0,1,3,3.0,N,,,,,,,,,,,
2021084769,308.0,0,0,0,0,0,0,0,0,0,1,1,,67,9,2021,5,40.0546,-75.125,259.0,6,0,0,0,0,0,0,0,0,,0,1,0,2,3,1,0,N,0,40 03:16.625,,0,75 07:29.820,3,0,0,0,67301,2,0,0,N,1,0,0,3,67301,0,,5,9,,N,N,N,0,,1,0,0,3,2,,250,1,3,0,0,0,0,0,3,4,1,2,3,3.0,N,,,,,,,,,,,
2021085401,1124.0,1,0,0,0,0,0,0,0,0,5,0,,67,9,2021,4,39.9493,-75.1415,1122.0,6,0,0,0,0,0,0,0,1,,0,0,0,11,1,0,0,N,0,39 56:57.444,,0,75 08:29.284,0,0,0,0,67301,0,0,0,N,0,0,0,2,68K01,0,,1,1,,N,N,N,0,,0,0,1,0,0,,1119,0,2,0,0,0,0,0,3,4,0,2,3,3.0,N,,,,,,,,,,,
2021083152,1656.0,4,0,0,0,0,0,0,0,0,4,1,,67,8,2021,3,40.0211,-75.1575,1646.0,6,0,0,0,0,0,1,0,0,,0,1,0,16,1,2,1,,2,40 01:15.835,5.0,0,75 09:27.016,3,0,0,0,67301,1,0,0,N,0,0,0,5,67301,1,,1,1,1720.0,N,N,N,0,,1,0,0,3,3,Y,1630,2,5,0,0,0,0,0,3,4,0,5,3,3.0,N,,,,,,,,,,,
2021082038,1315.0,0,0,0,0,0,0,0,0,0,8,0,,67,8,2021,6,40.0054,-75.1681,1305.0,6,0,0,0,0,0,0,0,0,,0,0,0,12,1,1,0,N,0,40 00:19.350,,0,75 10:05.130,3,0,0,0,67301,1,0,0,N,1,0,0,2,67301,0,,1,1,,N,Y,N,1,,1,0,0,0,0,,1250,1,2,0,0,0,0,0,3,4,0,1,3,,N,,,,,,,,,,,
2021077017,1814.0,1,0,0,0,0,0,0,0,0,1,0,,67,6,2021,3,39.9507,-75.1416,1804.0,6,0,0,1,0,0,0,0,0,,0,0,0,17,1,0,0,N,0,39 57:02.545,,0,75 08:29.789,9,0,0,0,67301,0,0,0,N,0,0,0,3,68K01,0,,1,8,,N,N,N,1,,0,0,0,0,0,,1757,0,3,0,0,0,0,1,3,4,0,3,7,7.0,N,,,,,,,,,,,
2021064196,30.0,0,0,0,0,0,0,0,0,0,8,0,,67,6,2021,5,40.0268,-75.2274,20.0,6,0,0,0,0,0,0,0,0,,0,0,0,0,3,1,0,N,0,40 01:36.500,,3,75 13:38.500,3,0,0,0,67301,1,0,0,N,1,0,0,2,67301,0,,1,1,,N,N,N,0,,1,0,1,0,0,,12,1,2,0,0,0,0,0,3,4,0,1,3,,N,,,,,,,,,,,
2021055086,2135.0,1,0,0,0,0,0,0,0,0,1,0,,67,6,2021,5,39.958,-75.2094,2133.0,6,0,0,0,0,0,0,0,0,,0,0,0,21,3,1,1,,0,39 57:28.905,,0,75 12:33.724,8,0,0,0,67301,0,0,0,N,0,0,0,2,67301,0,,1,1,,N,N,N,0,,0,0,1,3,2,,2133,1,3,0,0,0,1,0,3,4,0,2,3,3.0,N,,,,,,,,,,,
2021053937,2010.0,1,0,0,1,0,0,0,0,0,5,0,,67,6,2021,5,39.9502,-75.157,2000.0,6,0,0,0,0,0,0,0,0,,0,0,0,19,4,1,0,N,0,39 57:00.700,,0,75 09:25.300,8,0,0,0,67301,1,0,0,N,0,0,0,2,67301,0,,1,1,,N,N,N,0,,0,0,0,0,0,,1945,1,2,0,0,0,1,0,3,4,0,1,3,,N,,,,,,,,,,,
2021057129,2348.0,2,0,0,0,0,0,0,0,0,1,0,,67,6,2021,6,40.0406,-75.1698,2346.0,6,0,0,0,0,0,0,2,0,,0,0,0,23,3,1,5,,0,40 02:26.260,,0,75 10:11.265,8,0,0,0,67301,0,0,0,N,0,0,0,4,67301,0,,1,1,,N,N,N,0,,0,0,1,3,2,,2325,1,3,0,0,0,1,3,3,4,0,3,3,,N,,,,,,,,,,,
2021081906,317.0,1,0,0,0,0,0,0,0,0,4,0,,67,8,2021,5,40.0092,-75.0678,303.0,6,0,0,0,0,0,0,0,0,,0,0,0,2,3,1,0,N,2,40 00:32.995,2.0,0,75 04:03.911,8,0,0,0,67301,0,0,0,N,0,0,0,2,68K01,0,,1,1,350.0,N,N,N,0,,0,0,1,0,0,N,254,1,2,0,0,0,1,0,3,4,0,2,3,3.0,N,,,,,,,,,,,
2021054509,42.0,2,0,0,0,0,0,0,0,0,5,0,,67,6,2021,2,40.0427,-75.1199,36.0,6,0,0,0,0,0,0,0,0,,0,0,0,0,3,0,0,N,0,40 02:33.770,,0,75 07:11.480,9,0,0,0,67301,0,0,0,N,0,0,0,1,67301,0,,6,1,,N,N,N,0,,0,0,2,0,0,,32,0,4,0,0,0,0,1,3,4,0,4,3,,N,,,,,,,,,,,
2021054112,1710.0,3,0,0,0,0,0,0,0,0,4,0,,67,6,2021,5,40.006,-75.1791,1654.0,6,0,0,0,0,0,2,0,0,,0,0,0,16,1,2,0,N,0,40 00:21.721,,7,75 10:44.707,3,0,0,0,67301,0,0,0,N,0,0,0,3,67301,0,,1,1,,N,N,N,0,,2,0,0,0,0,,1631,2,3,0,0,1,0,0,3,4,0,3,3,3.0,N,,,,,,,,,,,
2021055391,2014.0,1,0,0,0,0,0,0,0,0,8,0,,67,6,2021,3,39.9923,-75.1422,2013.0,6,0,0,0,0,0,0,0,0,,0,0,0,20,1,1,1,,0,39 59:32.233,,0,75 08:31.901,3,0,0,0,67301,1,0,0,N,1,0,0,2,67301,0,,1,1,,N,N,N,0,,1,0,0,3,2,,2008,1,2,0,0,0,0,1,3,4,0,1,3,3.0,N,,,,,,,,,,,
2021058734,1855.0,1,0,0,0,0,0,0,0,0,4,0,,67,6,2021,5,40.0588,-75.0506,1845.0,6,0,0,0,0,0,0,0,0,,0,0,0,18,1,1,1,,0,40 03:31.504,,0,75 03:02.099,3,0,0,0,67301,0,0,0,N,0,0,0,4,67301,0,,1,1,,N,N,N,0,,1,0,0,3,3,,1835,1,2,0,0,0,0,0,3,4,1,2,3,3.0,N,,,,,,,,,,,
2021058371,1230.0,1,0,0,0,0,0,0,0,0,3,0,35.0,67,6,2021,4,39.9138,-75.1838,1224.0,6,0,0,0,0,0,1,0,0,,0,0,0,12,1,0,0,N,0,39 54:49.500,,3,75 11:01.600,0,0,0,0,67301,0,0,0,N,0,0,0,2,67501,0,,1,1,,N,N,N,1,,0,0,0,0,0,,1224,0,2,0,0,0,0,0,3,4,0,2,3,,Y,3.0,1.0,Y,,,N,Y,,,Y,N
2021064222,1009.0,1,0,0,0,0,0,0,0,0,4,0,,67,6,2021,1,39.9213,-75.2316,1008.0,6,0,0,0,0,0,0,0,0,,0,0,0,10,1,2,1,,0,39 55:16.804,,0,75 13:53.620,3,0,0,0,67301,0,0,0,N,0,0,0,2,67301,0,,1,1,,N,N,N,0,,2,0,2,3,2,,1007,2,3,0,0,1,0,0,3,4,0,3,3,3.0,N,,,,,,,,,,,
2021061415,137.0,1,0,0,0,0,0,0,0,0,2,0,,67,6,2021,1,40.0239,-75.031,128.0,6,0,0,0,0,0,1,0,0,,0,0,0,1,3,2,0,N,2,40 01:25.961,1.0,2,75 01:51.566,8,0,0,0,67301,0,0,0,N,0,0,0,2,68K01,0,,1,1,215.0,N,N,N,0,,0,0,1,0,0,N,127,2,2,0,0,1,2,0,3,4,0,2,3,,N,,,,,,,,,,,
2021071056,1000.0,0,0,0,0,0,0,0,0,0,1,0,,67,6,2021,5,39.9827,-75.2413,953.0,6,0,0,0,0,0,0,0,0,,0,0,0,9,1,2,0,N,1,39 58:57.761,4.0,0,75 14:28.536,3,0,0,0,67301,0,0,0,N,0,0,0,2,67301,0,,1,1,30.0,N,N,N,0,,2,0,3,0,0,N,938,2,3,0,0,0,0,0,3,4,0,3,3,,N,,,,,,,,,,,
2021058049,1804.0,1,0,2,0,0,0,0,0,0,1,0,,67,6,2021,5,39.9042,-75.1503,1756.0,6,0,0,0,0,0,1,0,0,,0,0,0,17,1,8,0,N,2,39 54:15.021,2.0,0,75 09:01.208,2,0,0,0,67301,0,0,0,N,0,0,0,8,68K01,0,,1,1,1939.0,N,N,N,0,,6,2,1,0,0,Y,1756,8,3,0,0,2,0,0,3,4,1,3,3,,N,,,,,,,,,,,
2021051827,1916.0,2,0,0,0,0,0,0,0,0,5,0,,67,6,2021,1,40.0281,-75.1619,1906.0,6,0,0,0,0,0,0,0,0,,0,0,0,18,4,1,0,N,0,40 01:41.030,,0,75 09:42.713,4,0,0,0,67301,0,0,0,N,0,0,0,1,67301,1,,6,1,,N,N,N,0,,0,0,1,0,0,,1845,1,3,0,0,0,0,0,3,4,0,3,3,,N,,,,,,,,,,,
2021079861,1525.0,0,0,0,0,0,0,0,0,0,6,1,,67,8,2021,4,39.9792,-75.1616,1520.0,6,0,0,0,0,0,0,1,0,,0,1,0,14,1,1,0,N,0,39 58:44.986,,0,75 09:41.703,4,0,0,0,67301,0,0,0,N,0,0,0,3,67505,1,,1,1,,N,N,N,0,,0,0,1,0,0,,1400,1,2,0,0,0,0,0,3,4,0,2,3,3.0,N,,,,,,,,,,,
2021054939,1752.0,2,0,0,0,0,0,0,0,0,4,0,,67,6,2021,1,39.9868,-75.1474,1749.0,6,0,0,0,0,0,0,0,0,,0,0,0,17,1,0,1,,0,39 59:12.392,,0,75 08:50.707,0,0,0,0,67301,0,0,0,N,0,0,0,2,67301,0,,1,1,,N,N,N,0,,0,0,1,3,2,,1740,0,3,0,0,0,0,0,3,4,0,3,3,3.0,N,,,,,,,,,,,
2021055238,15.0,2,0,0,0,0,0,0,0,0,6,0,,67,6,2021,7,39.9941,-75.1559,14.0,6,0,0,0,0,0,1,0,0,,0,0,0,23,3,2,0,N,0,39 59:38.815,,0,75 09:21.319,8,0,0,0,67301,0,0,0,N,0,0,0,3,67301,0,,1,1,,N,N,N,0,,0,0,0,0,0,,2345,2,2,0,0,0,2,1,3,4,0,2,3,3.0,N,,,,,,,,,,,
2021060906,1519.0,1,0,0,0,0,0,0,0,0,1,0,,67,6,2021,5,39.9959,-75.0828,1456.0,6,0,0,0,0,0,0,0,0,,0,0,0,14,1,1,0,N,1,39 59:45.307,1.0,3,75 04:58.208,8,0,0,1,67301,0,0,0,N,0,0,0,2,68K01,0,,1,1,1525.0,N,N,N,0,,0,0,0,0,0,N,1454,1,2,0,0,0,1,0,3,4,0,2,3,,N,,,,,,,,,,,
2021057112,1620.0,1,0,0,0,0,0,0,0,0,2,0,,67,6,2021,4,39.9399,-75.2114,1615.0,6,0,0,0,0,0,0,0,0,,0,0,0,15,1,2,1,,0,39 56:23.438,,0,75 12:41.008,3,0,0,0,67301,0,0,0,N,0,0,0,3,67301,0,,1,1,,N,N,N,0,,2,0,1,3,2,,1540,2,2,0,0,0,0,0,3,4,0,2,3,3.0,N,,,,,,,,,,,
2021054708,2130.0,1,0,0,0,0,0,0,0,0,4,0,,67,6,2021,5,39.9348,-75.2299,2151.0,6,0,0,0,0,0,0,0,0,,0,0,0,21,3,1,2,,0,39 56:05.351,,0,75 13:47.776,3,0,0,0,67301,0,0,0,N,0,0,0,2,67301,0,,1,1,,N,N,N,1,,1,0,0,3,3,,2120,1,2,0,0,0,0,0,3,4,0,2,3,3.0,N,,,,,,,,,,,
2021082804,1132.0,1,0,0,0,0,0,0,0,0,4,0,,67,8,2021,6,40.047,-75.0876,1122.0,6,0,0,0,0,0,0,0,0,,0,0,0,11,1,1,2,N,0,40 02:49.370,,0,75 05:15.493,8,0,0,0,67301,0,0,0,N,0,0,0,2,67301,0,,1,9,,N,N,N,0,,0,0,1,3,3,,1122,1,2,0,0,0,1,0,3,4,0,2,7,4.0,N,,,,,,,,,,,
2021056201,323.0,2,0,0,0,0,0,0,0,0,3,0,,67,6,2021,5,39.9679,-75.1486,316.0,6,0,0,0,0,0,0,0,0,,0,0,0,2,3,0,0,N,0,39 58:04.330,,0,75 08:55.040,9,0,0,0,67301,0,0,0,N,0,0,0,1,67301,0,,6,1,,N,N,N,1,,0,0,0,0,0,,250,0,4,0,0,0,0,1,3,4,1,4,3,3.0,N,,,,,,,,,,,
2021081438,1104.0,1,0,0,0,0,0,0,0,0,8,0,,67,8,2021,2,39.9256,-75.2357,1104.0,6,0,0,0,0,0,0,0,0,,0,0,0,11,1,1,0,N,0,39 55:31.990,,0,75 14:08.510,4,0,0,0,67301,1,0,0,N,1,0,0,2,67301,1,,1,1,,N,N,N,0,,0,0,0,0,0,,1102,1,2,0,0,0,0,0,3,4,0,1,3,3.0,N,,,,,,,,,,,
2021082623,1416.0,1,0,0,0,0,0,0,0,0,1,1,,67,8,2021,6,40.0024,-75.1225,1416.0,6,0,0,0,0,0,2,0,0,,0,1,0,14,1,1,0,N,0,40 00:08.600,,0,75 07:20.900,3,0,0,0,67301,0,0,0,N,0,0,0,2,67301,0,,1,9,,N,N,N,0,,1,0,0,0,0,,1416,1,2,0,0,0,0,0,3,4,0,2,7,,N,,,,,,,,,,,
2021082470,524.0,1,0,0,0,0,0,0,0,0,7,0,,67,9,2021,4,39.9571,-75.1524,523.0,6,0,0,0,0,0,0,0,0,,0,0,0,5,3,2,0,N,1,39 57:25.653,4.0,0,75 09:08.529,3,0,0,0,67301,0,0,0,N,0,0,0,2,68K01,0,,2,9,623.0,N,N,N,0,,2,0,0,0,0,N,516,2,1,0,0,0,0,0,3,4,0,1,7,,N,,,,,,,,,,,
2021080774,1640.0,0,0,0,0,0,0,0,0,0,7,0,,67,8,2021,6,40.1071,-74.9958,1629.0,6,0,0,0,0,0,0,0,0,,0,0,0,16,1,0,0,N,0,40 06:25.451,,0,74 59:45.006,0,0,0,0,67301,0,0,0,N,0,0,0,2,67301,0,,2,1,,N,N,N,0,,0,0,1,0,0,,1612,0,1,0,0,0,0,0,3,4,0,1,3,3.0,N,,,,,,,,,,,
2021081272,115.0,1,0,0,0,0,0,0,0,0,7,0,,67,8,2021,2,40.0245,-75.0793,110.0,6,0,0,0,0,0,0,0,0,,0,0,0,1,3,0,0,N,0,40 01:28.230,,0,75 04:45.560,0,0,0,0,67301,0,0,0,N,0,0,0,0,67301,0,,5,1,,N,N,N,0,,0,0,0,0,0,,108,0,1,0,0,0,0,0,3,4,0,1,3,3.0,N,,,,,,,,,,,
2021069825,29.0,2,0,0,0,0,0,0,0,0,6,0,,67,6,2021,4,40.0528,-75.1752,25.0,6,0,0,0,0,1,0,0,0,,0,0,0,0,3,1,0,N,0,40 03:10.130,,0,75 10:30.800,4,0,0,0,67301,0,0,0,N,0,0,0,2,67301,1,,1,9,,N,N,N,0,,0,0,0,0,0,,17,1,2,0,0,0,0,0,3,4,0,2,3,3.0,N,,,,,,,,,,,
2021064337,915.0,1,0,0,0,0,0,0,0,0,4,0,,67,6,2021,2,40.0166,-75.1472,915.0,6,0,0,0,0,0,0,0,0,,0,0,0,6,5,0,1,,0,40 00:59.817,,0,75 08:49.848,0,0,0,0,67301,0,0,0,N,0,0,0,3,67301,0,,1,1,,N,N,N,0,,0,0,1,3,2,,649,0,2,0,0,0,0,0,3,4,0,2,4,,N,,,,,,,,,,,
2021057264,1940.0,0,0,0,0,0,0,0,0,0,5,0,,67,6,2021,1,39.9512,-75.2328,1935.0,6,0,0,0,0,0,0,0,0,,0,0,0,18,1,1,1,,0,39 57:04.287,,0,75 13:58.047,4,0,0,0,67301,0,0,0,N,0,0,0,2,67301,1,,1,1,,N,N,N,1,,0,0,0,3,2,,1841,1,2,0,0,0,0,0,3,4,1,2,3,,N,,,,,,,,,,,
2021083406,211.0,1,0,0,0,0,0,0,0,0,7,0,,67,9,2021,6,40.0612,-75.0835,202.0,6,0,0,0,0,0,0,0,0,,0,0,0,2,3,2,1,,0,40 03:40.658,,0,75 05:00.623,3,0,0,0,67301,0,0,0,N,0,0,0,2,67301,0,,4,1,,N,N,N,0,,1,0,0,3,2,,200,2,1,0,0,0,1,0,3,4,0,1,3,3.0,N,,,,,,,,,,,
2021059233,1813.0,1,0,0,0,0,0,0,0,0,4,0,,67,6,2021,3,40.0564,-75.0128,1810.0,6,0,0,0,0,0,1,1,0,,0,0,0,18,1,1,1,,0,40 03:23.098,,0,75 00:46.082,3,0,0,0,67301,0,0,0,N,0,0,0,2,67301,0,,1,9,,N,N,N,0,,1,0,1,3,2,,1802,1,2,0,0,0,0,0,3,4,0,2,4,4.0,N,,,,,,,,,,,
2021083002,2005.0,0,0,0,0,0,0,0,0,0,8,0,,67,8,2021,2,39.9956,-75.126,2005.0,6,0,0,0,0,0,0,0,0,,1,0,0,20,4,0,0,N,0,39 59:44.110,,0,75 07:33.450,1,0,0,0,67301,1,1,0,N,1,1,0,2,67301,0,2.0,1,1,,N,N,N,0,0.0,0,0,0,0,0,,2005,0,2,0,0,0,0,0,3,4,0,1,3,3.0,N,,,,,,,,,,,
2021084450,913.0,0,0,0,0,0,0,0,0,0,7,0,,67,9,2021,7,39.9112,-75.149,912.0,6,0,0,0,0,0,0,0,0,,0,0,0,9,1,1,0,N,0,39 54:40.211,,0,75 08:56.323,3,0,0,0,67301,0,0,0,Y,0,0,0,1,68K01,0,,2,1,,N,N,N,0,,1,0,1,0,0,,911,1,1,0,0,1,0,0,3,4,0,1,3,,N,,,,,,,,,,,
2021083279,330.0,0,0,0,0,0,0,0,0,0,4,0,,67,9,2021,7,40.028,-75.1618,316.0,6,0,0,0,0,0,0,0,0,,0,0,0,2,3,0,0,N,0,40 01:40.793,,0,75 09:42.371,9,0,0,0,67301,0,0,0,N,0,0,0,2,67301,0,,1,1,,N,N,N,0,,0,0,2,0,0,,214,0,2,0,0,0,0,1,3,4,0,2,3,3.0,N,,,,,,,,,,,
2021057144,1635.0,2,0,0,0,0,0,0,0,0,4,0,,67,6,2021,6,39.9709,-75.1557,1625.0,6,0,0,0,0,0,0,0,0,,0,0,0,15,1,2,1,,0,39 58:15.737,,0,75 09:20.607,3,0,0,0,67301,0,0,0,N,0,0,0,6,67301,0,,1,1,,N,N,N,0,,2,0,0,3,2,,1537,2,2,0,0,0,0,0,3,4,0,2,3,3.0,N,,,,,,,,,,,
2021054286,1422.0,2,0,0,0,0,0,0,0,0,4,0,,67,6,2021,7,40.0378,-75.0745,1417.0,6,0,0,0,0,0,1,0,1,,0,0,0,13,1,1,1,,0,40 02:16.088,,0,75 04:28.064,3,0,0,0,67301,0,0,0,N,0,0,0,2,67301,0,,1,1,,N,N,N,0,,1,0,1,3,2,,1355,1,5,0,0,0,0,0,3,4,2,5,3,,N,,,,,,,,,,,
2021055770,954.0,1,0,0,0,0,0,0,0,0,4,0,,67,6,2021,5,39.9677,-75.2301,952.0,6,0,0,0,0,0,0,1,0,,0,0,0,9,1,2,1,,2,39 58:03.576,5.0,0,75 13:48.302,3,0,0,0,67301,0,0,0,N,0,0,0,2,67301,1,,1,1,1150.0,N,N,N,0,,1,0,1,3,3,N,952,2,3,0,0,0,0,0,3,4,1,3,3,3.0,N,,,,,,,,,,,
2021055765,34.0,2,0,0,0,0,0,0,0,0,5,0,,67,6,2021,4,40.0343,-75.075,34.0,6,0,0,0,0,0,0,0,0,,0,0,0,0,3,2,5,,0,40 02:03.577,,0,75 04:29.830,3,0,0,0,67301,0,0,0,N,0,0,0,2,67301,1,,1,1,,N,N,N,0,,1,0,0,3,2,,30,2,2,0,0,0,0,0,3,4,0,2,3,3.0,N,,,,,,,,,,,
2021057503,4.0,1,0,0,0,0,0,0,0,0,6,0,,67,6,2021,7,39.9823,-75.2253,2.0,6,0,0,0,0,0,0,0,0,,0,0,0,23,3,0,0,N,0,39 58:56.440,,0,75 13:31.070,9,0,0,0,67301,0,0,0,N,0,0,0,3,67301,0,,1,1,,N,N,N,1,,0,0,0,0,0,,2300,0,2,0,0,0,0,1,3,4,0,2,3,3.0,N,,,,,,,,,,,
2021054585,932.0,0,0,0,0,0,0,0,0,0,5,0,,67,6,2021,1,39.973,-75.1444,928.0,6,0,0,0,0,0,1,0,0,,0,0,0,9,1,1,0,N,0,39 58:22.620,,0,75 08:39.800,4,0,0,0,67301,0,0,0,N,0,0,0,3,67301,1,,1,1,,N,N,N,0,,0,0,1,0,0,,922,1,2,0,0,1,0,0,3,4,0,2,3,3.0,N,,,,,,,,,,,
2021054640,1718.0,1,0,0,0,0,0,0,0,0,1,0,,67,6,2021,4,39.9437,-75.1427,1714.0,6,0,0,0,0,0,1,0,0,,0,0,0,17,1,1,0,N,0,39 56:37.275,,0,75 08:33.712,8,0,0,0,67301,0,0,0,N,0,0,0,2,68K01,0,,1,1,,N,N,N,0,,0,0,1,0,0,,1701,1,2,0,0,0,1,0,3,4,0,2,3,,N,,,,,,,,,,,
2021057152,1925.0,1,0,0,0,0,0,0,0,0,4,0,,67,6,2021,5,39.9842,-75.1145,1919.0,6,0,0,0,1,0,0,0,0,,0,0,0,19,1,0,1,,0,39 59:03.287,,0,75 06:52.252,9,0,0,0,67301,0,0,0,N,0,0,0,2,67301,0,,1,1,,N,N,N,0,,0,0,1,3,3,,1914,0,2,0,0,0,0,1,3,4,0,2,3,3.0,N,,,,,,,,,,,
2021082266,56.0,2,0,0,0,0,0,0,0,0,1,0,,67,8,2021,2,39.9,-75.2067,48.0,6,0,0,0,0,0,0,0,0,,1,0,0,0,3,3,0,N,2,39 54:00.045,6.0,3,75 12:24.144,1,0,0,0,67301,0,0,0,N,0,0,0,7,67301,0,1.0,1,9,247.0,N,N,N,0,0.0,3,0,1,0,0,Y,40,3,3,1,0,1,0,2,3,4,0,3,7,7.0,N,,,,,,,,,,,
2021055244,1925.0,1,0,0,0,0,0,0,0,0,5,0,,67,6,2021,2,40.0488,-75.1147,1925.0,6,0,0,0,0,0,0,0,0,,0,0,0,16,1,0,0,N,0,40 02:55.815,,0,75 06:52.743,0,0,0,0,67301,0,0,0,N,0,0,0,2,67301,0,,1,99,,N,N,N,0,,0,0,0,0,0,,1610,0,2,0,0,1,0,0,3,4,1,2,4,,N,,,,,,,,,,,