CRN,ARRIVAL_TM,AUTOMOBILE_COUNT,BELTED_DEATH_COUNT,BELTED_SUSP_SERIOUS_INJ_COUNT,BICYCLE_COUNT,BICYCLE_DEATH_COUNT,BICYCLE_SUSP_SERIOUS_INJ_COUNT,BUS_COUNT,CHLDPAS_DEATH_COUNT,CHLDPAS_SUSP_SERIOUS_INJ_COUNT,COLLISION_TYPE,COMM_VEH_COUNT,CONS_ZONE_SPD_LIM,COUNTY,CRASH_MONTH,CRASH_YEAR,DAY_OF_WEEK,DEC_LAT,DEC_LONG,DISPATCH_TM,DISTRICT,DRIVER_COUNT_16YR,DRIVER_COUNT_17YR,DRIVER_COUNT_18YR,DRIVER_COUNT_19YR,DRIVER_COUNT_20YR,DRIVER_COUNT_50_64YR,DRIVER_COUNT_65_74YR,DRIVER_COUNT_75PLUS,EST_HRS_CLOSED,FATAL_COUNT,HEAVY_TRUCK_COUNT,HORSE_BUGGY_COUNT,HOUR_OF_DAY,ILLUMINATION,INJURY_COUNT,INTERSECT_TYPE,INTERSECTION_RELATED,LANE_CLOSED,LATITUDE,LN_CLOSE_DIR,LOCATION_TYPE,LONGITUDE,MAX_SEVERITY_LEVEL,MCYCLE_DEATH_COUNT,MCYCLE_SUSP_SERIOUS_INJ_COUNT,MOTORCYCLE_COUNT,MUNICIPALITY,NONMOTR_COUNT,NONMOTR_DEATH_COUNT,NONMOTR_SUSP_SERIOUS_INJ_COUNT,NTFY_HIWY_MAINT,PED_COUNT,PED_DEATH_COUNT,PED_SUSP_SERIOUS_INJ_COUNT,PERSON_COUNT,POLICE_AGCY,POSSIBLE_INJ_COUNT,RDWY_SURF_TYPE_CD,RELATION_TO_ROAD,ROAD_CONDITION,ROADWAY_CLEARED,SCH_BUS_IND,SCH_ZONE_IND,SECONDARY_CRASH,SMALL_TRUCK_COUNT,SPEC_JURIS_CD,SUSP_MINOR_INJ_COUNT,SUSP_SERIOUS_INJ_COUNT,SUV_COUNT,TCD_FUNC_CD,TCD_TYPE,TFC_DETOUR_IND,TIME_OF_DAY,TOT_INJ_COUNT,TOTAL_UNITS,UNB_DEATH_COUNT,UNB_SUSP_SERIOUS_INJ_COUNT,UNBELTED_OCC_COUNT,UNK_INJ_DEG_COUNT,UNK_INJ_PER_COUNT,URBAN_AREA,URBAN_RURAL,VAN_COUNT,VEHICLE_COUNT,WEATHER1,WEATHER2,WORK_ZONE_IND,WORK_ZONE_LOC,WORK_ZONE_TYPE,WORKERS_PRES,WZ_CLOSE_DETOUR,WZ_FLAGGER,WZ_LAW_OFFCR_IND,WZ_LN_CLOSURE,WZ_MOVING,WZ_OTHER,WZ_SHLDER_MDN,WZ_WORKERS_INJ_KILLED
2021057108,846.0,2,0,0,0,0,0,0,0,0,1,0,,67,6,2021,1,40.0768,-75.033,843.0,6,0,0,0,0,0,0,1,0,,0,0,0,8,1,2,1,,0,40 04:36.380,,0,75 01:58.776,3,0,0,0,67301,0,0,0,N,0,0,0,2,67301,0,,1,1,,N,N,N,0,,2,0,0,3,2,,840,2,2,0,0,0,0,0,3,4,0,2,3,,N,,,,,,,,,,,
2021061240,1700.0,0,0,0,1,0,0,1,0,0,4,1,,67,6,2021,4,39.9358,-75.1705,1650.0,6,0,0,0,0,0,0,0,0,,0,0,0,16,1,1,1,,0,39 56:08.815,,0,75 10:13.936,4,0,0,0,67301,1,0,0,N,0,0,0,2,67508,1,,1,1,,N,N,Y,0,,0,0,0,3,3,,1650,1,2,0,0,0,0,0,3,4,0,1,3,3.0,N,,,,,,,,,,,
2021083185,1315.0,0,0,0,0,0,0,0,0,0,5,0,,67,8,2021,2,39.9707,-75.1935,1305.0,6,0,0,0,0,0,0,0,0,,0,0,0,12,1,0,0,N,0,39 58:14.680,,0,75 11:36.450,0,0,0,0,67301,0,0,0,N,0,0,0,2,67301,0,,1,1,,N,N,N,1,,0,0,1,0,0,,1255,0,2,0,0,0,0,0,3,4,0,2,3,3.0,N,,,,,,,,,,,
2021058814,215.0,2,0,0,0,0,0,0,0,0,4,0,,67,6,2021,5,40.0649,-75.1602,212.0,6,0,0,0,0,0,0,0,0,,0,0,0,1,3,0,1,,0,40 03:53.797,,0,75 09:36.839,0,0,0,0,67301,0,0,0,N,0,0,0,4,67301,0,,1,1,,N,N,N,0,,0,0,0,3,3,,150,0,2,0,0,0,0,0,3,4,0,2,3,,N,,,,,,,,,,,
2021057123,1753.0,0,0,0,0,0,0,0,0,0,4,0,,67,6,2021,7,39.9188,-75.2236,1750.0,6,0,0,0,0,0,0,0,0,,0,0,0,17,1,8,0,N,0,39 55:07.670,,7,75 13:24.800,3,0,0,0,67301,0,0,0,N,0,0,0,9,67301,5,,1,1,,N,N,N,0,,3,0,2,0,0,,1745,8,2,0,0,0,0,1,3,4,0,2,4,,N,,,,,,,,,,,
2021083227,145.0,1,0,0,0,0,0,0,0,0,7,0,,67,9,2021,7,39.9648,-75.1339,140.0,6,0,0,0,0,0,0,0,0,,0,0,0,1,3,1,0,N,0,39 57:53.213,,0,75 08:01.911,3,0,0,0,67301,0,0,0,N,0,0,0,1,67301,0,,4,1,,N,N,N,0,,1,0,0,0,0,,135,1,1,0,0,0,0,0,3,4,0,1,3,3.0,N,,,,,,,,,,,
2021054467,1535.0,1,0,0,0,0,0,0,0,0,1,0,,67,6,2021,1,40.047,-74.9927,1530.0,6,0,0,0,0,0,0,0,0,,0,0,0,15,1,1,1,,0,40 02:49.281,,0,74 59:33.980,3,0,0,0,67301,0,0,0,N,0,0,0,2,67301,0,,1,1,,N,N,N,1,,1,0,0,3,2,,1513,1,2,0,0,0,0,0,3,4,0,2,3,4.0,N,,,,,,,,,,,
2021057119,1254.0,2,0,0,0,0,0,0,0,0,5,0,,67,6,2021,6,39.925,-75.2215,1254.0,6,0,0,0,0,0,0,0,0,,0,0,0,23,6,1,0,N,0,39 55:30.012,,0,75 13:17.491,8,0,0,0,67301,0,0,0,N,0,0,0,1,67301,0,,6,1,,N,N,N,0,,0,0,0,0,0,,2300,1,2,0,0,0,1,0,3,4,0,2,3,,N,,,,,,,,,,,
2021052836,656.0,1,0,0,0,0,0,0,0,0,7,0,55.0,67,6,2021,3,39.8992,-75.1752,633.0,6,0,0,0,0,0,1,0,0,,0,0,0,5,1,0,0,N,2,39 53:57.165,2.0,3,75 10:30.588,0,0,0,0,67301,0,0,0,N,0,0,0,2,68K01,0,,7,1,200.0,N,N,N,0,,0,0,0,0,0,N,548,0,2,0,0,0,0,0,3,4,1,2,3,,Y,4.0,1.0,N,,,N,,,,Y,N
2021081213,703.0,1,0,0,0,0,0,0,0,0,7,0,,67,8,2021,7,39.8859,-75.2128,651.0,6,0,0,0,0,0,0,0,0,,0,0,0,6,1,1,0,N,0,39 53:09.078,,0,75 12:45.928,3,0,0,0,67301,0,0,0,Y,0,0,0,1,68K01,0,,4,9,,N,N,N,0,,1,0,0,3,1,,649,1,1,0,0,0,0,0,3,4,0,1,7,,N,,,,,,,,,,,
2021054214,735.0,1,0,0,0,0,0,0,0,0,7,0,,67,6,2021,7,40.0956,-74.9595,725.0,6,0,0,0,0,0,0,0,0,,0,0,0,6,1,0,0,N,2,40 05:44.206,5.0,0,74 57:34.114,9,0,0,0,67301,0,0,0,N,0,0,0,1,67301,0,,4,1,1430.0,N,N,N,0,,0,0,0,0,0,Y,630,0,1,0,0,0,0,1,3,4,0,1,3,3.0,N,,,,,,,,,,,
2021081067,1245.0,1,0,0,0,0,0,0,0,0,2,0,,67,8,2021,7,39.9588,-75.2475,1241.0,6,0,0,0,0,0,0,0,0,,0,0,0,12,1,1,0,N,0,39 57:31.835,,0,75 14:51.097,4,0,0,0,67301,0,0,0,N,0,0,0,1,67301,1,,1,1,,N,N,N,0,,0,0,2,0,0,,1239,1,3,0,0,0,0,0,3,4,0,3,3,3.0,N,,,,,,,,,,,
2021080703,2100.0,2,0,0,0,0,0,0,0,0,4,0,,67,8,2021,6,40.0047,-75.1521,2055.0,6,0,0,0,0,0,0,1,0,,0,0,0,20,3,0,1,N,0,40 00:16.937,,0,75 09:08.069,0,0,0,0,67301,0,0,0,N,0,0,0,4,67505,0,,1,1,,N,N,N,0,,0,0,0,3,2,,2055,0,2,0,0,0,0,0,3,4,0,2,3,3.0,N,,,,,,,,,,,
2021054582,1515.0,0,0,0,0,0,0,0,0,0,8,0,,67,6,2021,1,39.9502,-75.1711,1515.0,6,0,0,0,0,0,0,0,0,,0,0,0,15,1,1,0,N,0,39 57:00.713,,0,75 10:16.016,3,0,0,0,67301,1,0,0,N,1,0,0,2,67301,0,,1,1,,N,N,N,0,,1,0,1,0,0,,1515,1,2,0,0,0,0,0,3,4,0,1,4,4.0,N,,,,,,,,,,,
2021080792,835.0,1,0,0,0,0,0,1,0,0,4,1,,67,8,2021,3,40.0132,-75.0704,820.0,6,0,0,0,0,0,1,0,1,,0,0,0,8,1,3,1,,0,40 00:47.439,,0,75 04:13.514,4,0,0,0,67301,0,0,0,N,0,0,0,5,67508,3,,1,1,,N,N,Y,0,,0,0,0,3,2,,820,3,2,0,0,0,0,1,3,4,0,2,3,3.0,N,,,,,,,,,,,
2021054111,40.0,0,0,0,0,0,0,0,0,0,8,0,,67,6,2021,3,40.012,-75.176,30.0,6,0,0,0,0,0,0,0,0,,0,0,0,22,3,1,1,,0,40 00:43.041,,0,75 10:33.654,3,0,0,0,67301,1,0,0,N,1,0,0,2,67301,0,,1,1,,N,N,N,0,,1,0,1,3,1,,2251,1,2,0,0,0,0,1,3,4,0,1,3,3.0,N,,,,,,,,,,,
2021054116,430.0,0,0,0,0,0,0,0,0,0,0,0,,67,6,2021,7,40.0017,-75.1904,426.0,6,0,0,0,0,0,0,0,0,,0,0,0,4,3,2,0,N,0,40 00:05.998,,0,75 11:25.328,2,0,2,1,67301,0,0,0,N,0,0,0,2,67301,0,,1,1,,N,N,N,0,,0,2,0,0,0,,415,2,1,0,0,0,0,0,3,4,0,1,3,3.0,N,,,,,,,,,,,
2021057148,2025.0,2,0,0,0,0,0,0,0,0,4,0,,67,6,2021,7,39.9888,-75.187,2018.0,6,1,0,0,0,0,0,0,0,,0,0,0,20,3,0,1,,0,39 59:19.164,,0,75 11:13.413,0,0,0,0,67301,0,0,0,N,0,0,0,1,67301,0,,1,1,,N,N,N,0,,0,0,0,3,2,,2004,0,2,0,0,0,0,0,3,4,0,2,3,,N,,,,,,,,,,,
2021058956,1506.0,1,0,0,0,0,0,0,0,0,4,0,,67,6,2021,5,39.9351,-75.1636,1647.0,6,0,0,0,0,0,0,0,1,,0,0,0,15,1,0,1,,0,39 56:06.266,,0,75 09:48.783,0,0,0,0,67301,0,0,0,N,0,0,0,3,67301,0,,1,1,,N,N,N,0,,0,0,1,3,3,,1500,0,2,0,0,0,0,0,3,4,0,2,3,3.0,N,,,,,,,,,,,
2021064341,1034.0,2,0,0,0,0,0,0,0,0,4,0,,67,6,2021,5,39.9984,-75.1286,1033.0,6,0,0,0,0,1,0,0,0,,0,0,0,10,1,3,2,,0,39 59:54.329,,0,75 07:43.119,2,0,0,0,67301,0,0,0,N,0,0,0,4,67301,0,,1,1,,N,N,N,0,,0,3,1,3,3,,1030,3,3,0,0,0,0,0,3,4,0,3,3,3.0,N,,,,,,,,,,,
2021058738,337.0,1,0,0,0,0,0,0,0,0,8,0,,67,6,2021,1,40.0159,-75.1538,333.0,6,0,0,0,0,0,0,0,0,,0,0,0,3,3,1,1,,1,40 00:57.350,4.0,0,75 09:13.935,3,0,0,0,67301,1,0,0,N,1,0,0,3,67301,0,,1,1,450.0,N,N,N,0,,1,0,0,3,1,N,330,1,2,0,0,0,0,0,3,4,0,1,3,3.0,N,,,,,,,,,,,
2021059260,218.0,0,0,0,0,0,0,0,0,0,7,0,,67,6,2021,6,40.0227,-75.1482,216.0,6,0,0,0,0,0,0,0,0,,0,0,0,22,3,1,5,,0,40 01:21.790,,0,75 08:53.512,8,0,0,1,67301,0,0,0,N,0,0,0,1,67301,0,,3,1,,N,N,N,0,,0,0,0,3,2,,2253,1,1,0,0,0,1,0,3,4,0,1,3,3.0,N,,,,,,,,,,,
2021083622,1534.0,0,0,0,0,0,0,0,0,0,1,0,,67,9,2021,1,39.9518,-75.2266,1528.0,6,0,0,0,0,0,2,0,0,,0,0,0,15,1,3,0,N,0,39 57:06.395,,0,75 13:35.693,4,0,0,0,67301,0,0,0,N,0,0,0,5,67301,3,,1,1,,N,N,N,0,,0,0,3,0,0,,1507,3,3,0,0,0,0,1,3,4,0,3,4,4.0,N,,,,,,,,,,,
2021058073,455.0,1,0,0,0,0,0,0,0,0,7,0,,67,6,2021,3,39.9988,-75.1957,435.0,6,0,0,0,0,0,0,0,0,,0,0,0,4,3,2,0,N,1,39 59:55.550,3.0,0,75 11:44.406,8,0,0,0,67301,0,0,0,N,0,0,0,2,68K01,0,,3,1,30.0,N,N,N,0,,0,0,0,0,0,N,435,2,1,0,0,1,2,0,3,4,0,1,3,3.0,N,,,,,,,,,,,
2021084239,2032.0,1,0,0,0,0,0,0,0,0,7,0,,67,9,2021,1,40.0347,-75.0187,2015.0,6,0,0,0,0,0,0,0,0,,0,0,0,20,3,0,0,N,2,40 02:04.801,1.0,0,75 01:07.208,0,0,0,0,67301,0,0,0,N,0,0,0,1,68K01,0,,3,9,2100.0,N,N,N,0,,0,0,0,0,0,N,2015,0,1,0,0,0,0,0,3,4,0,1,7,,N,,,,,,,,,,,
2021085400,822.0,2,0,0,0,0,0,0,0,0,1,0,,67,9,2021,4,39.9781,-75.2018,820.0,6,0,0,0,0,0,0,0,0,,0,0,0,8,1,0,0,N,0,39 58:41.065,,0,75 12:06.377,0,0,0,0,67301,0,0,0,N,0,0,0,3,68K01,0,,1,1,,N,N,N,0,,0,0,0,0,0,,819,0,2,0,0,0,0,0,3,4,0,2,3,3.0,N,,,,,,,,,,,
2021060685,3.0,1,0,0,0,0,0,0,0,0,2,0,,67,6,2021,1,39.9761,-75.1955,2.0,6,0,0,0,0,0,0,0,0,,0,0,0,23,3,2,0,N,1,39 58:33.925,3.0,0,75 11:43.792,3,0,0,0,67301,0,0,0,N,0,0,0,2,68K01,0,,1,1,100.0,N,N,N,0,,2,0,0,0,0,N,2356,2,2,0,0,0,0,0,3,4,1,2,3,,N,,,,,,,,,,,
2021057563,833.0,0,0,0,0,0,0,0,0,0,1,0,35.0,67,6,2021,2,39.955,-75.1457,829.0,6,0,0,0,0,0,1,0,0,,0,0,0,8,1,3,0,N,2,39 57:17.900,4.0,3,75 08:44.600,4,0,0,0,67301,0,0,0,N,0,0,0,5,67501,3,,1,1,928.0,N,N,N,0,,0,0,2,0,0,N,829,3,3,0,0,0,0,0,3,4,1,3,4,4.0,Y,8.0,1.0,Y,,,N,Y,,,,N
2021058958,2040.0,3,0,0,0,0,0,0,0,0,4,0,,67,6,2021,3,39.9488,-75.2388,2029.0,6,0,0,0,0,0,0,0,0,,0,0,0,19,1,0,1,,0,39 56:55.820,,0,75 14:19.517,9,0,0,0,67301,0,0,0,N,0,0,0,2,67301,0,,1,1,,N,N,N,0,,0,0,0,3,3,,1945,0,3,0,0,0,0,1,3,4,0,3,3,3.0,N,,,,,,,,,,,
2021058295,225.0,0,0,0,1,0,0,0,0,0,4,0,,67,6,2021,4,39.9714,-75.1594,220.0,6,0,0,0,0,0,0,0,0,,0,0,0,2,3,1,1,,0,39 58:17.264,,0,75 09:34.278,8,0,0,0,67301,1,0,0,N,0,0,0,2,67301,0,,1,1,,N,N,N,0,,0,0,1,3,2,,212,1,2,0,0,0,1,1,3,4,0,1,3,3.0,N,,,,,,,,,,,
2021056200,448.0,1,0,0,0,0,0,0,0,0,1,0,,67,6,2021,7,39.9525,-75.2264,447.0,6,0,0,0,0,0,0,0,0,,0,0,0,4,3,0,0,N,0,39 57:08.864,,0,75 13:35.179,0,0,0,0,67301,0,0,0,N,0,0,0,1,67301,0,,6,1,,N,N,N,1,,0,0,0,0,0,,447,0,2,0,0,0,0,0,3,4,0,2,3,3.0,N,,,,,,,,,,,
2021081735,1141.0,1,0,0,0,0,0,0,0,0,4,0,,67,8,2021,2,39.9998,-75.1045,1141.0,6,0,0,0,0,0,0,0,0,,0,0,0,8,1,0,2,,0,39 59:59.205,,0,75 06:16.065,9,0,0,0,67301,0,0,0,N,0,0,0,2,67301,0,,1,1,,N,N,N,0,,0,0,1,3,3,,800,0,2,0,0,0,0,1,3,4,0,2,3,3.0,N,,,,,,,,,,,
2021058568,1532.0,2,0,0,0,0,0,0,0,0,1,0,,67,6,2021,2,39.9451,-75.1908,1523.0,6,0,0,0,0,0,2,0,0,,0,0,0,15,1,1,0,N,1,39 56:42.534,3.0,0,75 11:26.904,8,0,0,0,67301,0,0,0,N,0,0,0,4,68K01,0,,1,1,1610.0,N,N,N,0,,0,0,1,0,0,N,1522,1,3,0,0,0,1,0,3,4,0,3,3,3.0,N,,,,,,,,,,,
2021080764,247.0,2,0,0,0,0,0,0,0,0,1,0,,67,8,2021,7,40.0076,-75.1918,237.0,6,0,0,0,0,0,0,0,0,,0,0,0,2,3,0,0,N,0,40 00:27.194,,0,75 11:30.437,0,0,0,0,67301,0,0,0,N,0,0,0,4,67301,0,,1,1,,N,N,N,0,,0,0,1,0,0,,233,0,3,0,0,0,0,0,3,4,0,3,3,3.0,N,,,,,,,,,,,
2021057153,1157.0,0,0,0,0,0,0,0,0,0,7,0,,67,6,2021,2,40.0023,-75.11,1157.0,6,0,0,0,0,0,0,0,0,,0,0,0,11,1,1,2,,0,40 00:08.230,,0,75 06:36.101,3,0,0,0,67301,0,0,0,N,0,0,0,1,67301,0,,4,1,,N,N,N,0,,1,0,0,3,3,,1157,1,1,0,0,1,0,0,3,4,1,1,3,,N,,,,,,,,,,,
2021054713,1305.0,1,0,0,0,0,0,0,0,0,4,0,,67,6,2021,2,40.0576,-75.1525,1300.0,6,0,0,0,0,0,0,1,0,,0,0,0,12,1,1,3,,2,40 03:27.417,5.0,0,75 09:09.082,3,0,0,0,67301,0,0,0,N,0,0,0,3,67301,0,,1,1,1500.0,N,N,N,0,,1,0,0,3,3,Y,1251,1,2,0,0,0,0,0,3,4,1,2,3,3.0,N,,,,,,,,,,,
2021057138,2005.0,1,0,0,0,0,0,0,0,0,4,0,,67,6,2021,5,39.9545,-75.2464,2000.0,6,0,0,0,1,0,1,0,0,,0,0,0,19,1,3,1,,0,39 57:16.034,,0,75 14:46.957,3,0,0,0,67301,0,0,0,N,0,0,0,3,67301,0,,1,1,,N,N,N,1,,3,0,0,3,3,,1957,3,2,0,0,1,0,0,3,4,0,2,3,,N,,,,,,,,,,,
2021057134,1245.0,2,0,0,0,0,0,0,0,0,4,0,,67,6,2021,6,40.0227,-75.0899,1245.0,6,0,0,0,0,0,0,0,0,,0,0,0,12,1,2,1,,0,40 01:21.878,,0,75 05:23.636,4,0,0,0,67301,0,0,0,N,0,0,0,3,67301,2,,1,1,,N,N,N,0,,0,0,0,3,3,,1200,2,2,0,0,3,0,1,3,4,0,2,3,3.0,N,,,,,,,,,,,
2021057914,1653.0,1,0,0,0,0,0,0,0,0,4,0,,67,6,2021,4,39.9537,-75.2405,1653.0,6,0,0,0,0,0,0,0,0,,0,0,0,16,1,0,1,,0,39 57:13.478,,0,75 14:25.709,0,0,0,0,67301,0,0,0,N,0,0,0,2,67301,0,,1,1,,N,N,N,0,,0,0,0,3,2,,1605,0,2,0,0,0,0,0,3,4,0,2,3,3.0,N,,,,,,,,,,,
2021055879,859.0,1,0,0,0,0,0,0,0,0,4,0,,67,6,2021,7,40.0214,-75.1485,850.0,6,0,0,0,0,0,0,0,0,,0,0,0,8,1,1,2,,0,40 01:17.105,,0,75 08:54.538,3,0,0,0,67301,0,0,0,N,0,0,0,3,67301,0,,1,1,,N,N,N,0,,1,0,2,3,2,,829,1,3,0,0,0,0,0,3,4,0,3,3,3.0,N,,,,,,,,,,,
2021057253,2000.0,1,0,0,1,0,0,0,0,0,1,0,,67,6,2021,4,40.0316,-75.0469,1950.0,6,0,0,0,0,0,0,0,0,,0,0,0,19,1,1,0,N,0,40 01:53.700,,0,75 02:48.800,3,0,0,0,67301,1,0,0,N,0,0,0,2,67301,0,,1,1,,N,N,N,0,,1,0,0,0,0,,1940,1,2,0,0,0,0,0,3,4,0,1,3,,N,,,,,,,,,,,
2021055386,1539.0,2,0,0,0,0,0,0,0,0,4,0,,67,6,2021,3,40.1282,-75.0232,1510.0,6,0,0,0,0,0,0,1,0,,0,0,0,13,1,2,2,,0,40 07:41.512,,0,75 01:23.418,3,0,0,0,67301,0,0,0,N,0,0,0,3,67301,0,,1,1,,N,N,N,0,,2,0,0,3,3,,1323,2,2,0,0,0,0,0,3,4,0,2,3,3.0,N,,,,,,,,,,,
2021083451,1655.0,2,0,0,0,0,0,0,0,0,5,0,,67,9,2021,7,39.9949,-75.1807,1645.0,6,0,0,0,0,0,0,0,0,,0,0,0,16,1,0,0,N,0,39 59:41.660,,0,75 10:50.500,9,0,0,0,67301,0,0,0,N,0,0,0,1,67301,0,,1,1,,N,N,N,0,,0,0,1,0,0,,1620,0,3,0,0,0,0,1,3,4,0,3,3,3.0,N,,,,,,,,,,,
2021057118,2237.0,1,0,0,1,0,0,0,0,0,4,0,,67,6,2021,6,39.9278,-75.237,2237.0,6,0,0,0,0,0,0,0,0,,0,0,0,22,3,1,1,,2,39 55:40.278,5.0,0,75 14:13.330,8,0,0,0,67301,1,0,0,N,0,0,0,2,67301,0,,1,1,125.0,N,N,N,0,,0,0,0,3,2,Y,2237,1,2,0,0,0,1,0,3,4,0,1,3,3.0,N,,,,,,,,,,,
2021057270,1820.0,0,0,0,0,0,0,0,0,0,8,0,,67,6,2021,1,40.0267,-75.1403,1800.0,6,0,0,0,0,0,0,1,0,,0,0,0,18,1,1,1,,0,40 01:36.282,,0,75 08:25.094,8,0,0,0,67301,1,0,0,N,1,0,0,2,67301,0,,1,1,,N,N,N,0,,0,0,1,3,3,,1800,1,2,0,0,0,1,0,3,4,0,1,3,3.0,N,,,,,,,,,,,
2021083278,1140.0,1,0,0,0,0,0,0,0,0,4,0,,67,9,2021,6,40.0202,-75.1505,1134.0,6,0,0,0,0,0,1,0,0,,0,0,0,11,1,2,1,,0,40 01:12.714,,0,75 09:01.947,3,0,0,0,67301,0,0,0,N,0,0,0,3,67301,0,,1,1,,N,N,N,0,,2,0,1,3,2,,1130,2,2,0,0,0,0,0,3,4,0,2,3,3.0,N,,,,,,,,,,,
2021064338,1138.0,3,0,0,0,0,0,0,0,0,4,0,,67,6,2021,3,40.0002,-75.1294,1135.0,6,0,0,0,0,0,0,0,0,,0,0,0,11,1,2,1,,1,40 00:00.666,4.0,0,75 07:45.969,3,0,0,0,67301,0,0,0,N,0,0,0,2,67301,0,,1,1,1145.0,N,N,N,0,,2,0,0,3,3,N,1101,2,3,0,0,2,0,0,3,4,0,3,7,3.0,N,,,,,,,,,,,
2021059056,1028.0,1,0,0,0,0,0,0,0,0,1,0,,67,6,2021,5,40.039,-75.15,1027.0,6,0,0,0,0,0,0,0,0,,0,0,0,10,1,0,1,,0,40 02:20.299,,0,75 09:00.127,0,0,0,0,67301,0,0,0,N,0,0,0,3,67301,0,,1,1,,N,N,N,1,,0,0,1,3,2,,1009,0,3,0,0,0,0,0,3,4,0,3,3,3.0,N,,,,,,,,,,,
2021084145,1840.0,2,0,0,0,0,0,0,0,0,4,0,,67,9,2021,2,40.0609,-75.1641,1832.0,6,0,0,0,0,0,0,0,0,,0,0,0,18,1,1,1,,0,40 03:39.269,,0,75 09:50.875,3,0,0,0,67301,0,0,0,N,0,0,0,2,67301,0,,1,1,,N,N,N,0,,1,0,0,3,1,,1817,1,2,0,0,2,0,0,3,4,0,2,3,,N,,,,,,,,,,,
2021055348,2129.0,3,0,1,0,0,0,0,0,0,5,0,,67,6,2021,7,39.9939,-75.1994,2125.0,6,0,0,0,0,0,1,0,0,,0,0,0,21,3,5,0,N,1,39 59:38.048,3.0,0,75 11:57.672,2,0,0,0,67301,0,0,0,N,0,0,0,7,68K01,3,,1,1,2210.0,N,N,N,0,,0,1,1,0,0,N,2124,5,4,0,0,1,1,2,3,4,0,4,3,,N,,,,,,,,,,,
2021054936,1008.0,1,0,0,0,0,0,0,0,0,4,0,,67,6,2021,5,39.9067,-75.1834,1000.0,6,0,0,0,0,0,1,0,1,,0,0,0,6,1,1,2,,0,39 54:24.119,,7,75 11:00.207,3,0,0,0,67301,0,0,0,N,0,0,0,2,67301,0,,1,1,,N,N,N,1,,1,0,0,3,2,,658,1,2,0,0,0,0,0,3,4,0,2,3,,N,,,,,,,,,,,
2021053768,527.0,2,0,0,0,0,0,0,0,0,1,0,,67,6,2021,6,39.9729,-75.1609,524.0,6,0,0,0,0,0,1,0,0,,0,0,0,5,2,0,0,N,0,39 58:22.510,,0,75 09:39.110,0,0,0,0,67301,0,0,0,N,0,0,0,1,67301,0,,6,1,,N,N,N,0,,0,0,1,0,0,,510,0,3,0,0,0,0,0,3,4,0,3,4,3.0,N,,,,,,,,,,,
2021054465,1545.0,2,0,0,0,0,0,0,0,0,5,0,,67,6,2021,1,40.0464,-75.0626,1540.0,6,0,0,0,0,0,0,0,0,,0,0,0,15,1,0,0,N,0,40 02:47.210,,0,75 03:45.400,0,0,0,0,67301,0,0,0,N,0,0,0,1,67301,0,,6,1,,N,N,N,0,,0,0,0,0,0,,1530,0,2,0,0,1,0,0,3,4,0,2,4,3.0,N,,,,,,,,,,,
2021055081,1429.0,1,0,0,0,0,0,0,0,0,1,0,,67,6,2021,4,40.0263,-75.0973,1419.0,6,0,0,1,0,0,0,0,0,,0,0,0,14,1,0,1,,0,40 01:34.881,,0,75 05:50.967,9,0,0,0,67301,0,0,0,N,0,0,0,3,67301,0,,1,1,,N,N,N,0,,0,0,1,3,2,,1417,0,2,0,0,0,0,2,3,4,0,2,3,3.0,N,,,,,,,,,,,
2021055874,1725.0,1,0,0,0,0,0,0,0,0,3,0,,67,6,2021,2,39.9215,-75.191,1712.0,6,0,0,0,0,0,1,0,0,,0,0,0,15,1,0,0,N,0,39 55:17.356,,1,75 11:28.070,0,0,0,0,67301,0,0,0,N,0,0,0,2,67301,0,,1,1,,N,N,N,0,,0,0,1,0,0,,1503,0,2,0,0,0,0,0,3,4,0,2,3,3.0,N,,,,,,,,,,,
2021055767,1730.0,2,0,0,0,0,0,0,0,0,4,0,,67,6,2021,2,39.9579,-75.1641,1726.0,6,0,0,0,0,0,0,0,0,,0,0,0,17,1,3,5,,0,39 57:28.550,,2,75 09:50.921,3,0,0,0,67301,0,0,0,N,0,0,0,8,67301,2,,1,1,,N,N,N,0,,1,0,1,3,2,,1700,3,3,0,0,0,0,0,3,4,0,3,3,3.0,N,,,,,,,,,,,
2021055085,1722.0,1,0,0,0,0,0,0,0,0,1,0,,67,6,2021,2,40.0338,-75.0464,1722.0,6,0,0,0,0,0,1,0,0,,0,0,0,16,3,0,0,N,0,40 02:01.700,,0,75 02:46.975,0,0,0,0,67301,0,0,0,N,0,0,0,3,67301,0,,1,1,,N,N,N,0,,0,0,0,0,0,,1640,0,2,0,0,0,0,0,3,4,1,2,3,,N,,,,,,,,,,,
2021054296,538.0,3,0,0,0,0,0,0,0,0,4,0,,67,6,2021,6,40.0023,-75.11,537.0,6,0,0,0,0,0,1,0,0,,0,0,0,5,1,0,2,,0,40 00:08.230,,0,75 06:36.101,0,0,0,0,67301,0,0,0,N,0,0,0,2,67301,0,,1,1,,N,N,N,0,,0,0,0,3,1,,537,0,3,0,0,1,0,0,3,4,0,3,3,3.0,N,,,,,,,,,,,
2021055977,950.0,1,0,0,0,0,0,0,0,0,4,0,,67,6,2021,5,39.9843,-75.1616,945.0,6,0,0,0,1,0,0,0,0,,0,0,0,9,1,1,1,,0,39 59:03.429,,0,75 09:41.838,4,0,0,0,67301,0,0,0,N,0,0,0,2,67301,1,,1,1,,N,N,N,0,,0,0,1,3,3,,939,1,2,0,0,0,0,0,3,4,0,2,3,3.0,N,,,,,,,,,,,