CRN,ARRIVAL_TM,AUTOMOBILE_COUNT,BELTED_DEATH_COUNT,BELTED_SUSP_SERIOUS_INJ_COUNT,BICYCLE_COUNT,BICYCLE_DEATH_COUNT,BICYCLE_SUSP_SERIOUS_INJ_COUNT,BUS_COUNT,CHLDPAS_DEATH_COUNT,CHLDPAS_SUSP_SERIOUS_INJ_COUNT,COLLISION_TYPE,COMM_VEH_COUNT,CONS_ZONE_SPD_LIM,COUNTY,CRASH_MONTH,CRASH_YEAR,DAY_OF_WEEK,DEC_LAT,DEC_LONG,DISPATCH_TM,DISTRICT,DRIVER_COUNT_16YR,DRIVER_COUNT_17YR,DRIVER_COUNT_18YR,DRIVER_COUNT_19YR,DRIVER_COUNT_20YR,DRIVER_COUNT_50_64YR,DRIVER_COUNT_65_74YR,DRIVER_COUNT_75PLUS,EST_HRS_CLOSED,FATAL_COUNT,HEAVY_TRUCK_COUNT,HORSE_BUGGY_COUNT,HOUR_OF_DAY,ILLUMINATION,INJURY_COUNT,INTERSECT_TYPE,INTERSECTION_RELATED,LANE_CLOSED,LATITUDE,LN_CLOSE_DIR,LOCATION_TYPE,LONGITUDE,MAX_SEVERITY_LEVEL,MCYCLE_DEATH_COUNT,MCYCLE_SUSP_SERIOUS_INJ_COUNT,MOTORCYCLE_COUNT,MUNICIPALITY,NONMOTR_COUNT,NONMOTR_DEATH_COUNT,NONMOTR_SUSP_SERIOUS_INJ_COUNT,NTFY_HIWY_MAINT,PED_COUNT,PED_DEATH_COUNT,PED_SUSP_SERIOUS_INJ_COUNT,PERSON_COUNT,POLICE_AGCY,POSSIBLE_INJ_COUNT,RDWY_SURF_TYPE_CD,RELATION_TO_ROAD,ROAD_CONDITION,ROADWAY_CLEARED,SCH_BUS_IND,SCH_ZONE_IND,SECONDARY_CRASH,SMALL_TRUCK_COUNT,SPEC_JURIS_CD,SUSP_MINOR_INJ_COUNT,SUSP_SERIOUS_INJ_COUNT,SUV_COUNT,TCD_FUNC_CD,TCD_TYPE,TFC_DETOUR_IND,TIME_OF_DAY,TOT_INJ_COUNT,TOTAL_UNITS,UNB_DEATH_COUNT,UNB_SUSP_SERIOUS_INJ_COUNT,UNBELTED_OCC_COUNT,UNK_INJ_DEG_COUNT,UNK_INJ_PER_COUNT,URBAN_AREA,URBAN_RURAL,VAN_COUNT,VEHICLE_COUNT,WEATHER1,WEATHER2,WORK_ZONE_IND,WORK_ZONE_LOC,WORK_ZONE_TYPE,WORKERS_PRES,WZ_CLOSE_DETOUR,WZ_FLAGGER,WZ_LAW_OFFCR_IND,WZ_LN_CLOSURE,WZ_MOVING,WZ_OTHER,WZ_SHLDER_MDN,WZ_WORKERS_INJ_KILLED
2021073733,1827.0,0,0,0,1,0,0,0,0,0,5,0,,67,6,2021,3,39.977,-75.156,1821.0,6,0,0,0,0,0,0,0,0,,0,0,0,18,1,1,1,,0,39 58:37.164,,0,75 09:21.596,3,0,0,0,67301,1,0,0,N,0,0,0,2,67301,0,,1,1,,N,N,N,0,,1,0,1,3,2,,1815,1,2,0,0,1,0,0,3,4,0,1,3,3.0,N,,,,,,,,,,,
2021055232,740.0,0,0,0,0,0,0,0,0,0,8,0,,67,6,2021,2,39.9159,-75.1645,732.0,6,0,0,0,0,0,0,0,0,,0,0,0,7,1,1,1,,0,39 54:57.236,,0,75 09:52.167,3,0,0,0,67301,1,0,0,N,1,0,0,2,67301,0,,1,1,,N,N,N,1,,1,0,0,3,2,,721,1,2,0,0,0,0,0,3,4,0,1,4,4.0,N,,,,,,,,,,,
2021057911,2145.0,0,0,0,0,0,0,0,0,0,4,0,,67,6,2021,2,40.0432,-75.0523,2135.0,6,0,0,0,0,0,1,0,0,,0,0,0,21,3,1,1,,1,40 02:35.849,4.0,0,75 03:08.046,4,0,0,0,67301,0,0,0,N,0,0,0,2,67301,1,,1,9,2229.0,N,N,N,0,,0,0,1,3,2,N,2135,1,2,0,0,0,0,1,3,4,0,2,7,,N,,,,,,,,,,,
2021064364,1257.0,2,0,0,0,0,0,0,0,0,1,0,,67,6,2021,6,40.033,-75.1161,1257.0,6,0,0,0,0,0,0,0,0,,0,0,0,16,1,0,1,,0,40 01:58.974,,0,75 06:57.861,0,0,0,0,67301,0,0,0,N,0,0,0,2,67301,0,,1,99,,N,N,N,0,,0,0,0,3,2,,1600,0,2,0,0,0,0,0,3,4,0,2,99,,N,,,,,,,,,,,
2021054215,915.0,1,0,0,0,0,0,0,0,0,4,0,,67,6,2021,7,40.0933,-74.9621,914.0,6,0,0,0,0,0,1,0,1,,0,0,0,8,1,1,2,,0,40 05:36.005,,7,74 57:43.465,3,0,0,0,67301,0,0,0,N,0,0,0,2,67301,0,,1,1,,N,N,N,0,,1,0,1,3,2,,845,1,2,0,0,0,0,0,3,4,0,2,3,4.0,N,,,,,,,,,,,
2021081705,1520.0,2,0,0,0,0,0,0,0,0,2,0,,67,8,2021,1,39.9447,-75.1652,1511.0,6,0,0,0,0,0,0,0,0,,0,0,0,15,1,2,2,,0,39 56:40.784,,0,75 09:54.813,3,0,0,0,67301,0,0,0,N,0,0,0,3,67301,0,,1,1,,N,N,N,0,,1,0,0,3,2,,1507,2,2,0,0,0,1,0,3,4,0,2,3,3.0,N,,,,,,,,,,,
2021057116,2004.0,2,0,0,0,0,0,0,0,0,4,0,,67,6,2021,6,39.9239,-75.2221,2004.0,6,0,0,0,0,0,0,0,0,,0,0,0,19,1,1,1,,0,39 55:26.057,,0,75 13:19.574,3,0,0,0,67301,0,0,0,N,0,0,0,2,67301,0,,1,1,,N,N,N,0,,1,0,0,3,2,,1935,1,2,0,0,0,0,0,3,4,0,2,3,,N,,,,,,,,,,,
2021054108,1156.0,1,0,0,0,0,0,0,0,0,4,0,,67,6,2021,4,39.994,-75.1491,1156.0,6,0,0,0,0,0,0,1,0,,0,0,0,11,1,1,1,,2,39 59:38.227,1.0,0,75 08:56.727,4,0,0,0,67301,0,0,0,N,0,0,0,2,67301,1,,1,1,1319.0,N,N,N,0,,0,0,1,3,3,Y,1156,1,2,0,0,0,0,0,3,4,0,2,3,3.0,N,,,,,,,,,,,
2021053590,1045.0,2,0,0,0,0,0,0,0,0,4,0,,67,6,2021,4,39.9185,-75.2259,1040.0,6,0,0,0,0,0,0,0,0,,0,0,0,10,1,1,1,,0,39 55:06.796,,0,75 13:33.067,3,0,0,0,67301,0,0,0,N,0,0,0,2,67301,0,,1,1,,N,N,N,0,,1,0,0,3,2,,1030,1,2,0,0,0,0,0,3,4,0,2,3,3.0,N,,,,,,,,,,,
2021082450,1218.0,1,0,0,0,0,0,0,0,0,1,0,,67,8,2021,2,39.9382,-75.1436,1210.0,6,0,0,0,0,0,0,0,0,,0,0,0,12,1,0,0,N,0,39 56:17.665,,0,75 08:37.120,0,0,0,0,67301,0,0,0,N,0,0,0,2,68K01,0,,1,1,,N,N,N,0,,0,0,0,0,0,,1208,0,2,0,0,1,0,0,3,4,1,2,3,,N,,,,,,,,,,,
2021055231,2219.0,1,0,0,0,0,0,0,0,0,8,0,,67,6,2021,7,39.9107,-75.1657,2219.0,6,0,0,0,0,0,0,0,0,,0,0,0,22,3,1,1,,0,39 54:38.625,,0,75 09:56.378,2,0,0,0,67301,1,0,1,N,1,0,1,2,67301,0,,1,1,,N,N,N,0,,0,1,0,3,2,,2219,1,2,0,0,0,0,0,3,4,0,1,3,3.0,N,,,,,,,,,,,
2021054712,1134.0,0,0,0,0,0,0,0,0,0,7,0,,67,6,2021,2,40.0577,-75.1622,1134.0,6,0,0,0,0,0,1,0,0,,0,0,0,11,1,1,1,,0,40 03:27.527,,0,75 09:43.755,3,0,0,0,67301,0,0,0,N,0,0,0,1,67301,0,,5,1,,N,N,N,0,,1,0,1,3,2,,1129,1,1,0,0,0,0,0,3,4,0,1,3,3.0,N,,,,,,,,,,,
2021055549,1349.0,0,0,0,0,0,0,0,0,0,8,0,,67,6,2021,4,40.0047,-75.1521,1348.0,6,0,0,0,0,0,0,0,0,,0,0,0,13,1,1,1,,0,40 00:16.847,,0,75 09:07.652,8,0,0,0,67301,1,0,0,N,1,0,0,2,67505,0,,4,1,,N,N,Y,0,,0,0,1,3,2,,1340,1,3,0,0,0,1,0,3,4,0,1,3,3.0,N,,,,,,,,,,,
2021055764,1004.0,2,0,0,0,0,0,0,0,0,4,0,,67,6,2021,3,39.9173,-75.1746,958.0,6,0,0,0,0,0,0,0,0,,0,0,0,9,1,1,1,,0,39 55:02.254,,0,75 10:28.502,4,0,0,0,67301,0,0,0,N,0,0,0,2,67301,1,,1,1,,N,N,N,0,,0,0,0,3,2,,945,1,2,0,0,0,0,0,3,4,0,2,3,,N,,,,,,,,,,,
2021054466,59.0,0,0,0,1,0,0,0,0,0,4,0,,67,6,2021,1,39.9558,-75.1591,52.0,6,0,0,0,0,0,0,0,0,,0,0,0,0,3,1,1,,0,39 57:20.771,,0,75 09:32.581,3,0,0,0,67301,1,0,0,N,0,0,0,2,67301,0,,1,1,,N,N,N,0,,1,0,1,3,2,,48,1,2,0,0,0,0,0,3,4,0,1,3,3.0,N,,,,,,,,,,,
2021077759,2004.0,1,0,0,0,0,0,0,0,0,7,0,,67,6,2021,5,40.0478,-74.9994,1951.0,6,0,0,0,1,0,0,0,0,,0,0,0,19,1,0,0,N,1,40 02:52.258,3.0,3,74 59:57.824,0,0,0,0,67301,0,0,0,N,0,0,0,1,68K01,0,,4,1,2015.0,N,N,N,0,,0,0,0,0,0,N,1950,0,1,0,0,0,0,0,3,4,0,1,3,,N,,,,,,,,,,,
2021083158,719.0,2,0,0,0,0,0,0,0,0,4,0,,67,8,2021,2,40.0921,-74.9778,709.0,6,0,1,0,0,0,1,0,0,,0,0,0,7,1,1,0,N,1,40 05:31.439,4.0,0,74 58:40.227,3,0,0,0,67301,0,0,0,N,0,0,0,3,67301,0,,1,1,730.0,N,N,N,0,,1,0,1,0,0,N,700,1,3,0,0,0,0,0,3,4,0,3,3,3.0,N,,,,,,,,,,,
2021052661,2301.0,1,0,0,0,0,0,0,0,0,4,0,,67,6,2021,3,39.9631,-75.1899,2259.0,6,0,0,0,0,0,0,0,0,,0,0,0,22,3,1,1,,0,39 57:47.150,,0,75 11:23.780,4,0,0,0,67301,0,0,0,N,0,0,0,2,67507,1,,1,9,,N,N,N,0,,0,0,1,3,2,,2258,1,2,0,0,0,0,0,3,4,0,2,3,3.0,N,,,,,,,,,,,
2021055882,2020.0,1,0,0,0,0,0,0,0,0,4,0,,67,6,2021,3,40.0373,-75.1251,2020.0,6,0,0,0,0,0,0,0,0,,0,0,0,19,1,0,1,,0,40 02:14.391,,0,75 07:30.237,9,0,0,0,67301,0,0,0,N,0,0,0,4,67301,0,,1,99,,N,N,N,1,,0,0,0,3,3,,1900,0,2,0,0,4,0,4,3,4,0,2,3,,N,,,,,,,,,,,
2021085246,1128.0,2,0,0,0,0,0,0,0,0,1,0,,67,9,2021,5,39.9672,-75.1328,1032.0,6,0,0,0,0,0,0,0,0,,0,0,0,9,1,0,0,N,0,39 58:01.817,,0,75 07:58.072,0,0,0,0,67301,0,0,0,N,0,0,0,2,68K01,0,,1,1,,N,N,N,0,,0,0,0,0,0,,942,0,2,0,0,0,0,0,3,4,0,2,3,,N,,,,,,,,,,,
2021057912,1535.0,2,0,0,0,0,0,0,0,0,4,0,,67,6,2021,3,40.0268,-75.0298,1525.0,6,0,0,0,0,0,1,0,0,,0,0,0,15,1,0,0,N,2,40 01:36.535,1.0,0,75 01:47.144,0,0,0,0,67301,0,0,0,N,0,0,0,3,67301,0,,1,9,100.0,N,N,N,0,,0,0,0,0,0,Y,1520,0,2,0,0,0,0,0,3,4,0,2,7,,N,,,,,,,,,,,
2021057269,849.0,0,0,0,0,0,0,0,0,0,5,0,,67,6,2021,7,40.0501,-75.1507,849.0,6,0,0,0,0,0,0,0,0,,0,0,0,14,1,1,0,N,0,40 03:00.330,,0,75 09:02.420,8,0,0,0,67301,0,0,0,N,0,0,0,2,67301,0,,1,99,,N,N,N,0,,0,0,1,0,0,,1400,1,2,0,0,1,1,1,3,4,0,2,99,,N,,,,,,,,,,,
2021059312,1830.0,3,0,0,0,0,0,0,0,0,4,0,,67,6,2021,6,40.0746,-75.0351,1816.0,6,0,0,0,0,0,0,0,1,,0,0,0,18,1,3,1,,0,40 04:28.594,,0,75 02:06.267,3,0,0,0,67301,0,0,0,N,0,0,0,6,67301,0,,1,1,,N,N,N,0,,3,0,0,3,1,,1805,3,3,0,0,0,0,0,3,4,0,3,3,3.0,N,,,,,,,,,,,
2021057120,1445.0,1,0,0,1,0,0,0,0,0,4,0,,67,6,2021,7,39.925,-75.2263,1445.0,6,0,0,0,0,0,0,0,0,,0,0,0,14,1,1,1,,0,39 55:30.139,,0,75 13:34.685,3,0,0,0,67301,1,0,0,N,0,0,0,2,67301,0,,1,1,,N,N,N,0,,1,0,0,3,2,,1430,1,2,0,0,0,0,0,3,4,0,1,3,3.0,N,,,,,,,,,,,
2021064299,1740.0,0,0,0,0,0,0,0,0,0,8,0,,67,6,2021,2,40.0034,-75.2032,1728.0,6,0,0,0,0,0,0,0,0,,0,0,0,15,1,1,2,,0,40 00:12.301,,7,75 12:11.644,3,0,0,0,67301,1,0,0,N,1,0,0,2,67301,0,,1,1,,N,N,N,0,,1,0,0,3,2,,1522,1,2,0,0,1,0,0,3,4,1,1,3,,N,,,,,,,,,,,
2021080773,735.0,0,0,0,0,0,0,0,0,0,5,1,,67,8,2021,6,40.1141,-74.9875,735.0,6,0,0,0,0,0,1,0,0,,0,1,0,6,5,1,0,N,0,40 06:50.781,,0,74 59:15.037,3,0,0,0,67301,0,0,0,N,0,0,0,2,67301,0,,1,1,,N,N,N,0,,1,0,1,0,0,,643,1,2,0,0,0,0,0,3,4,0,2,3,,N,,,,,,,,,,,
2021056729,823.0,0,0,0,0,0,0,0,0,0,1,0,,67,6,2021,5,39.9998,-75.0805,823.0,6,0,0,0,0,0,0,0,0,,0,0,0,8,1,0,0,N,0,39 59:59.215,,8,75 04:49.648,0,0,0,0,67301,0,0,0,N,0,0,0,2,68K01,0,,1,1,,N,N,N,0,,0,0,1,0,0,,802,0,2,0,0,0,0,0,3,4,1,2,3,3.0,N,,,,,,,,,,,
2021054213,940.0,1,0,0,0,0,0,0,0,0,6,0,,67,6,2021,4,40.0514,-75.001,932.0,6,0,0,0,0,0,0,1,0,,0,0,0,8,1,0,0,N,1,40 03:05.019,6.0,0,75 00:03.589,0,0,0,0,67301,0,0,0,N,0,0,0,3,67301,0,,1,1,1045.0,N,N,N,0,,0,0,1,0,0,Y,825,0,2,0,0,0,0,0,3,4,0,2,3,3.0,N,,,,,,,,,,,
2021055422,2324.0,1,0,0,0,0,0,0,0,0,4,0,,67,6,2021,3,39.9928,-75.1582,2324.0,6,0,0,0,0,0,0,0,0,,0,0,0,23,3,6,1,,2,39 59:34.033,4.0,0,75 09:29.415,3,0,0,0,67301,0,0,0,N,0,0,0,6,67301,0,,1,1,1.0,N,N,N,0,,6,0,1,3,3,Y,2324,6,2,0,0,1,0,0,3,4,0,2,3,,N,,,,,,,,,,,
2021053765,2050.0,2,0,0,0,0,0,0,0,0,1,0,,67,6,2021,5,40.0745,-75.1691,2045.0,6,0,0,2,0,0,0,0,0,,0,0,0,20,4,0,0,N,2,40 04:28.020,1.0,0,75 10:08.830,0,0,0,0,67301,0,0,0,N,0,0,0,2,67301,0,,1,1,2110.0,N,N,N,1,,0,0,3,0,0,Y,2030,0,6,0,0,0,0,0,3,4,0,6,3,3.0,N,,,,,,,,,,,
2021080995,302.0,2,0,0,0,0,0,0,0,0,4,0,,67,8,2021,1,39.9849,-75.1582,301.0,6,0,0,0,1,0,0,0,0,,0,0,0,3,3,0,1,,1,39 59:05.816,2.0,0,75 09:29.666,0,0,0,0,67301,0,0,0,N,0,0,0,2,67505,0,,1,1,330.0,N,N,N,0,,0,0,0,3,2,N,300,0,2,0,0,0,0,0,3,4,0,2,3,3.0,N,,,,,,,,,,,
2021057155,1630.0,0,0,0,0,0,0,0,0,0,8,0,,67,6,2021,7,39.9906,-75.1046,1630.0,6,0,0,0,0,0,0,0,0,,0,0,0,13,1,1,2,,0,39 59:26.113,,0,75 06:16.632,2,0,0,1,67301,1,0,1,N,1,0,1,2,67301,0,,4,1,,N,N,N,0,,0,1,0,0,0,,1330,1,2,0,0,0,0,0,3,4,0,1,3,3.0,N,,,,,,,,,,,
2021081357,1600.0,0,0,0,0,0,0,0,0,0,1,0,,67,8,2021,4,40.0072,-75.1929,1518.0,6,0,0,0,0,0,1,0,0,,0,0,0,15,1,1,0,N,0,40 00:26.072,,0,75 11:34.426,3,0,0,0,67301,0,0,0,N,0,0,0,2,67301,0,,1,1,,N,N,N,2,,1,0,0,0,0,,1510,1,2,0,0,0,0,0,3,4,0,2,3,3.0,N,,,,,,,,,,,
2021057126,1540.0,2,0,0,0,0,0,0,0,0,4,0,,67,6,2021,6,40.0448,-75.1638,1540.0,6,0,0,0,0,0,0,0,0,,0,0,0,15,8,2,1,,0,40 02:41.396,,0,75 09:49.613,3,0,0,0,67301,1,0,0,N,0,0,0,3,67301,0,,1,1,,N,N,N,0,,2,0,0,3,3,,1535,2,3,0,0,0,0,0,3,4,1,3,3,,N,,,,,,,,,,,
2021081635,804.0,2,0,0,0,0,0,0,0,0,1,0,,67,8,2021,3,40.0083,-75.2032,742.0,6,0,0,0,0,0,1,0,0,,0,0,0,7,1,0,0,N,0,40 00:29.705,,0,75 12:11.616,0,0,0,0,67301,0,0,0,N,0,0,0,2,68K01,0,,1,1,,N,N,N,0,,0,0,0,0,0,,740,0,2,0,0,0,0,0,3,4,0,2,3,3.0,N,,,,,,,,,,,
2021054287,2305.0,2,0,0,0,0,0,0,0,0,4,0,,67,6,2021,7,39.9451,-75.15,2301.0,6,0,0,0,0,0,0,0,0,,0,0,0,22,3,1,1,,0,39 56:42.500,,0,75 09:00.158,3,0,0,0,67301,0,0,0,N,0,0,0,3,67301,0,,1,1,,N,N,Y,0,,1,0,1,3,2,,2254,1,4,0,0,1,0,0,3,4,0,4,3,3.0,N,,,,,,,,,,,
2021064239,1603.0,1,0,0,0,0,0,0,0,0,4,0,,67,6,2021,2,40.0742,-75.187,1603.0,6,0,0,0,0,0,1,0,0,,0,0,0,15,1,1,2,,0,40 04:26.990,,0,75 11:13.272,8,0,0,0,67301,0,0,0,N,0,0,0,2,67301,0,,1,1,,N,N,N,0,,0,0,1,0,0,,1530,1,2,0,0,0,1,0,3,4,0,2,3,,N,,,,,,,,,,,
2021057985,700.0,1,0,0,0,0,0,0,0,0,4,0,,67,6,2021,4,40.0033,-75.1535,655.0,6,0,0,0,0,0,1,0,0,,0,0,0,6,1,0,2,,0,40 00:11.822,,0,75 09:12.463,0,0,0,0,67301,0,0,0,N,0,0,0,4,67505,0,,1,1,,N,N,N,0,,0,0,1,3,3,,655,0,2,0,0,0,0,0,3,4,0,2,3,3.0,N,,,,,,,,,,,
2021083692,2022.0,0,0,0,0,0,0,0,0,0,4,0,,67,8,2021,3,39.8836,-75.2515,2022.0,6,0,0,0,0,0,0,0,0,,0,0,0,20,3,1,2,,0,39 53:01.302,,2,75 15:05.694,3,0,0,0,67301,0,0,0,N,0,0,0,2,67301,0,,1,1,,N,N,N,1,,1,0,1,3,2,,2000,1,2,0,0,0,0,0,3,4,0,2,3,3.0,N,,,,,,,,,,,
2021057263,1550.0,1,0,0,0,0,0,0,0,0,8,0,,67,6,2021,1,39.9482,-75.2212,1541.0,6,0,0,0,0,0,0,0,0,,0,0,0,15,1,1,5,,0,39 56:53.428,,0,75 13:16.307,4,0,0,0,67301,1,0,0,N,1,0,0,2,67301,1,,1,1,,N,N,N,0,,0,0,0,3,2,,1515,1,2,0,0,0,0,1,3,4,0,1,3,3.0,N,,,,,,,,,,,
2021058268,1406.0,2,0,0,0,0,0,0,0,0,1,0,,67,6,2021,3,39.9595,-75.1747,1401.0,6,0,0,0,0,0,1,0,0,,0,0,0,13,1,0,0,N,2,39 57:34.161,4.0,0,75 10:29.072,0,0,0,0,67301,0,0,0,N,0,0,0,3,68K01,0,,1,9,1420.0,N,N,N,0,,0,0,0,0,0,N,1359,0,2,0,0,0,0,0,3,4,0,2,7,,N,,,,,,,,,,,
2021057701,1000.0,1,0,0,0,0,0,0,0,0,4,0,,67,6,2021,3,40.1158,-75.0207,952.0,6,0,0,0,0,1,1,0,0,,0,0,0,9,1,0,0,N,0,40 06:56.963,,7,75 01:14.589,9,0,0,0,67301,0,0,0,N,0,0,0,4,67301,0,,1,1,,N,N,N,0,,0,0,1,0,0,,949,0,2,0,0,0,0,1,3,4,0,2,3,3.0,N,,,,,,,,,,,
2021057703,955.0,2,0,0,0,0,0,0,0,0,4,0,,67,6,2021,6,40.0667,-75.178,955.0,6,0,0,0,0,1,0,0,0,,0,0,0,18,1,1,1,,0,40 04:00.293,,0,75 10:40.850,4,0,0,0,67301,0,0,0,N,0,0,0,3,67301,1,,1,99,,N,N,N,0,,0,0,0,3,2,,1800,1,2,0,0,3,0,2,3,4,0,2,99,,N,,,,,,,,,,,
2021058109,39.0,2,0,0,0,0,0,0,0,0,5,0,,67,6,2021,6,39.9315,-75.1595,39.0,6,0,0,0,0,0,1,0,0,,0,0,0,0,3,0,0,N,2,39 55:53.350,1.0,0,75 09:34.180,0,0,0,0,67301,0,0,0,N,0,0,0,1,67301,0,,6,1,120.0,N,N,N,0,,0,0,0,0,0,Y,20,0,2,0,0,0,0,0,3,4,0,2,3,3.0,N,,,,,,,,,,,
2021055482,1614.0,1,0,0,0,0,0,0,0,0,4,0,,67,6,2021,3,39.9867,-75.2076,1610.0,6,0,0,0,0,0,0,0,0,,0,0,0,15,1,1,1,,0,39 59:12.288,,2,75 12:27.201,3,0,0,0,67301,0,0,0,N,0,0,0,2,67301,0,,1,1,,N,N,N,0,,1,0,1,3,2,,1540,1,2,0,0,0,0,0,3,4,0,2,3,,N,,,,,,,,,,,
2021054019,139.0,1,0,0,0,0,0,0,0,0,1,0,,67,6,2021,7,40.0296,-75.1035,135.0,6,0,0,0,0,1,0,0,0,,0,0,0,1,3,1,0,N,0,40 01:46.616,,0,75 06:12.488,2,0,0,0,67301,0,0,0,N,0,0,0,2,67301,0,,1,1,,N,N,N,0,,0,1,1,0,0,,135,1,2,0,0,0,0,0,3,4,0,2,3,3.0,N,,,,,,,,,,,
2021071691,2045.0,1,0,0,0,0,0,0,0,0,7,0,,67,6,2021,4,40.0285,-75.0234,2037.0,6,0,0,0,0,0,0,0,0,,0,0,0,20,3,0,0,N,1,40 01:42.760,2.0,0,75 01:24.376,0,0,0,0,67301,0,0,0,N,0,0,0,1,68K01,0,,3,1,930.0,N,N,N,0,,0,0,0,0,0,N,2035,0,1,0,0,0,0,0,3,4,0,1,3,3.0,N,,,,,,,,,,,
2021078503,902.0,1,0,0,0,0,0,0,0,0,1,1,,67,8,2021,6,39.9091,-75.1525,902.0,6,0,0,0,0,0,2,0,0,,0,1,0,9,1,0,0,N,1,39 54:32.800,3.0,3,75 09:09.100,0,0,0,0,67301,0,0,0,N,0,0,0,3,67501,0,,1,1,934.0,N,N,Y,1,,0,0,0,0,0,N,902,0,3,0,0,0,0,0,3,4,0,3,4,,N,,,,,,,,,,,
2021057826,422.0,0,0,0,0,0,0,0,0,0,0,0,,67,6,2021,1,39.9362,-75.1996,418.0,6,0,0,0,0,0,0,0,0,,0,0,0,4,3,1,0,N,0,39 56:10.390,,3,75 11:58.611,3,0,0,0,67301,0,0,0,N,0,0,0,1,68K01,0,,1,1,,N,N,N,0,,1,0,1,0,0,,416,1,1,0,0,0,0,0,3,4,0,1,3,,N,,,,,,,,,,,
2021054717,152.0,1,0,0,0,0,0,0,0,0,4,0,,67,6,2021,1,39.9537,-75.2405,152.0,6,0,0,0,0,0,0,0,0,,0,0,0,1,3,1,1,,0,39 57:13.478,,0,75 14:25.709,4,0,0,0,67301,0,0,0,N,0,0,0,3,67301,1,,1,1,,N,N,N,0,,0,0,1,3,1,,152,1,2,0,0,1,0,0,3,4,0,2,3,3.0,N,,,,,,,,,,,
2021055053,800.0,0,0,0,0,0,0,0,0,0,7,0,,67,6,2021,3,39.9847,-75.1565,755.0,6,0,0,0,0,0,0,0,0,,0,0,0,7,1,0,1,,0,39 59:04.850,,0,75 09:23.377,0,0,0,0,67301,0,0,0,N,0,0,0,1,67505,0,,5,1,,N,N,N,0,,0,0,1,3,2,,755,0,2,0,0,1,0,0,3,4,0,1,3,3.0,N,,,,,,,,,,,
2021081235,1711.0,1,0,0,0,0,0,0,0,0,8,0,,67,8,2021,1,40.0301,-75.0352,1705.0,6,0,0,0,0,0,0,0,0,,0,0,0,17,1,1,1,,1,40 01:48.464,4.0,0,75 02:06.579,3,0,0,0,67301,1,0,0,N,1,0,0,2,67301,0,,1,1,1740.0,N,N,N,0,,1,0,0,3,2,N,1704,1,2,0,0,0,0,0,3,4,0,1,3,3.0,N,,,,,,,,,,,
2021053614,435.0,1,0,0,0,0,0,0,0,0,5,0,,67,6,2021,3,39.986,-75.2149,432.0,6,0,0,0,0,0,1,0,0,,0,0,0,4,8,0,0,N,0,39 59:09.510,,0,75 12:53.740,0,0,0,0,67301,0,0,0,N,0,0,0,3,67301,0,,1,9,,N,N,N,1,,0,0,0,0,0,,423,0,3,0,0,0,0,0,3,4,1,3,7,4.0,N,,,,,,,,,,,
2021053615,1235.0,4,0,0,0,0,0,0,0,0,5,0,,67,6,2021,5,39.9639,-75.1935,1230.0,6,0,0,0,0,0,0,0,0,,0,0,0,12,1,0,0,N,0,39 57:49.870,,0,75 11:36.560,9,0,0,0,67301,0,0,0,N,0,0,0,1,67301,0,,6,1,,N,N,N,0,,0,0,3,0,0,,1215,0,7,0,0,0,0,1,3,4,0,7,3,3.0,N,,,,,,,,,,,
2021055088,1710.0,0,0,0,0,0,0,0,0,0,4,0,,67,6,2021,5,39.9612,-75.2409,1708.0,6,0,0,0,0,0,0,0,0,,0,0,0,17,1,1,1,,1,39 57:40.291,1.0,0,75 14:27.304,3,0,0,1,67301,0,0,0,N,0,0,0,2,67301,0,,1,1,1730.0,N,N,N,0,,1,0,1,3,3,Y,1708,1,2,0,0,1,0,0,3,4,0,2,3,3.0,N,,,,,,,,,,,
2021059078,1312.0,1,0,0,0,0,0,0,0,0,1,0,,67,6,2021,4,39.9579,-75.1618,1301.0,6,0,0,0,0,0,1,0,0,,0,0,0,12,1,1,0,N,0,39 57:28.311,,0,75 09:42.460,4,0,0,0,67301,0,0,0,N,0,0,0,3,68K01,1,,1,1,,N,N,N,1,,0,0,1,0,0,,1255,1,3,0,0,0,0,0,3,4,0,3,3,,N,,,,,,,,,,,
2021053678,730.0,0,0,0,0,0,0,0,0,0,4,0,,67,6,2021,5,40.0122,-75.1505,725.0,6,0,0,0,0,0,0,0,1,,0,0,0,6,1,1,1,,0,40 00:44.064,,0,75 09:01.733,3,0,0,1,67301,0,0,0,N,0,0,0,2,67301,0,,1,1,,N,N,N,1,,1,0,0,3,2,,637,1,2,0,0,1,0,0,3,4,0,2,3,3.0,N,,,,,,,,,,,
2021057463,1510.0,3,0,0,0,0,0,0,0,0,1,0,,67,6,2021,4,40.0579,-74.9988,1500.0,6,0,0,0,0,0,1,0,0,,0,0,0,14,1,1,0,Y,0,40 03:28.608,,0,74 59:55.609,8,0,0,0,67301,0,0,0,N,0,0,0,7,67301,0,,1,1,,N,N,N,0,,0,0,0,3,2,,1439,1,3,0,0,0,1,0,3,4,0,3,3,3.0,N,,,,,,,,,,,