CRN,ARRIVAL_TM,AUTOMOBILE_COUNT,BELTED_DEATH_COUNT,BELTED_SUSP_SERIOUS_INJ_COUNT,BICYCLE_COUNT,BICYCLE_DEATH_COUNT,BICYCLE_SUSP_SERIOUS_INJ_COUNT,BUS_COUNT,CHLDPAS_DEATH_COUNT,CHLDPAS_SUSP_SERIOUS_INJ_COUNT,COLLISION_TYPE,COMM_VEH_COUNT,CONS_ZONE_SPD_LIM,COUNTY,CRASH_MONTH,CRASH_YEAR,DAY_OF_WEEK,DEC_LAT,DEC_LONG,DISPATCH_TM,DISTRICT,DRIVER_COUNT_16YR,DRIVER_COUNT_17YR,DRIVER_COUNT_18YR,DRIVER_COUNT_19YR,DRIVER_COUNT_20YR,DRIVER_COUNT_50_64YR,DRIVER_COUNT_65_74YR,DRIVER_COUNT_75PLUS,EST_HRS_CLOSED,FATAL_COUNT,HEAVY_TRUCK_COUNT,HORSE_BUGGY_COUNT,HOUR_OF_DAY,ILLUMINATION,INJURY_COUNT,INTERSECT_TYPE,INTERSECTION_RELATED,LANE_CLOSED,LATITUDE,LN_CLOSE_DIR,LOCATION_TYPE,LONGITUDE,MAX_SEVERITY_LEVEL,MCYCLE_DEATH_COUNT,MCYCLE_SUSP_SERIOUS_INJ_COUNT,MOTORCYCLE_COUNT,MUNICIPALITY,NONMOTR_COUNT,NONMOTR_DEATH_COUNT,NONMOTR_SUSP_SERIOUS_INJ_COUNT,NTFY_HIWY_MAINT,PED_COUNT,PED_DEATH_COUNT,PED_SUSP_SERIOUS_INJ_COUNT,PERSON_COUNT,POLICE_AGCY,POSSIBLE_INJ_COUNT,RDWY_SURF_TYPE_CD,RELATION_TO_ROAD,ROAD_CONDITION,ROADWAY_CLEARED,SCH_BUS_IND,SCH_ZONE_IND,SECONDARY_CRASH,SMALL_TRUCK_COUNT,SPEC_JURIS_CD,SUSP_MINOR_INJ_COUNT,SUSP_SERIOUS_INJ_COUNT,SUV_COUNT,TCD_FUNC_CD,TCD_TYPE,TFC_DETOUR_IND,TIME_OF_DAY,TOT_INJ_COUNT,TOTAL_UNITS,UNB_DEATH_COUNT,UNB_SUSP_SERIOUS_INJ_COUNT,UNBELTED_OCC_COUNT,UNK_INJ_DEG_COUNT,UNK_INJ_PER_COUNT,URBAN_AREA,URBAN_RURAL,VAN_COUNT,VEHICLE_COUNT,WEATHER1,WEATHER2,WORK_ZONE_IND,WORK_ZONE_LOC,WORK_ZONE_TYPE,WORKERS_PRES,WZ_CLOSE_DETOUR,WZ_FLAGGER,WZ_LAW_OFFCR_IND,WZ_LN_CLOSURE,WZ_MOVING,WZ_OTHER,WZ_SHLDER_MDN,WZ_WORKERS_INJ_KILLED
2021063250,1822.0,2,0,0,0,0,0,0,0,0,1,0,,67,6,2021,5,39.958,-75.1407,1752.0,6,0,0,0,0,0,1,0,0,,0,0,0,17,1,0,0,N,1,39 57:28.894,1.0,0,75 08:26.682,0,0,0,0,67301,0,0,0,N,0,0,0,2,68K01,0,,1,1,1822.0,N,N,N,0,,0,0,0,0,0,N,1750,0,2,0,0,0,0,0,3,4,0,2,3,,N,,,,,,,,,,,
2021070514,915.0,1,0,0,0,0,0,0,0,0,1,0,,67,6,2021,7,40.0089,-75.1506,915.0,6,0,0,0,0,0,0,0,0,,0,0,0,15,1,1,0,N,0,40 00:32.040,,0,75 09:02.070,8,0,0,0,67301,1,0,0,N,0,0,0,2,67301,0,,6,1,,N,N,N,0,,0,0,1,0,0,,1530,1,2,0,0,0,1,1,3,4,0,2,99,3.0,N,,,,,,,,,,,
2021057920,1851.0,1,0,0,0,0,0,0,0,0,4,0,,67,6,2021,1,39.9986,-75.1302,1851.0,6,0,0,0,1,0,0,0,0,,0,0,0,10,1,1,0,N,0,39 59:55.065,,0,75 07:48.714,3,0,0,1,67301,0,0,0,N,0,0,0,3,67301,0,,1,1,,N,N,N,0,,1,0,0,0,0,,1030,1,2,0,0,0,0,0,3,4,0,2,3,3.0,N,,,,,,,,,,,
2021084859,2225.0,2,0,0,0,0,0,0,0,0,1,0,,67,8,2021,6,39.9967,-75.0823,2216.0,6,0,0,0,0,0,0,1,0,,0,0,0,22,3,0,0,N,1,39 59:47.981,1.0,0,75 04:56.246,0,0,0,0,67301,0,0,0,N,0,0,0,2,68K01,0,,1,1,10.0,N,N,N,0,,0,0,0,0,0,N,2216,0,2,0,0,0,0,0,3,4,0,2,3,3.0,N,,,,,,,,,,,
2021058736,810.0,0,0,0,0,0,0,0,0,0,8,1,,67,6,2021,6,39.986,-75.1808,807.0,6,0,0,0,0,0,1,0,0,,0,1,0,7,1,1,0,N,0,39 59:09.550,,0,75 10:50.750,4,0,0,0,67301,1,0,0,N,1,0,0,2,67301,1,,1,1,,N,N,N,0,,0,0,0,0,0,,750,1,2,0,0,1,0,0,3,4,0,1,3,3.0,N,,,,,,,,,,,
2021057908,332.0,1,0,0,0,0,0,0,0,0,7,0,,67,6,2021,1,40.0447,-75.0613,332.0,6,0,0,0,0,0,0,0,0,,0,0,0,1,3,0,2,,0,40 02:41.067,,0,75 03:40.824,0,0,0,0,67301,0,0,0,N,0,0,0,1,67301,0,,4,1,,N,N,N,0,,0,0,0,3,3,,150,0,1,0,0,0,0,0,3,4,0,1,3,,N,,,,,,,,,,,
2021081674,509.0,0,0,0,0,0,0,0,0,0,7,1,,67,8,2021,7,40.0354,-75.0174,453.0,6,0,0,0,0,0,0,0,0,,0,1,0,4,3,1,0,N,2,40 02:07.413,1.0,0,75 01:02.548,3,0,0,0,67301,0,0,0,N,0,0,0,2,68K01,0,,2,9,703.0,N,N,N,0,,1,0,0,0,0,N,443,1,1,0,0,0,0,0,3,4,0,1,7,,N,,,,,,,,,,,
2021081864,2244.0,1,0,0,0,0,0,0,0,0,1,0,,67,7,2021,5,40.0186,-75.0473,2233.0,6,0,0,0,0,0,0,0,0,,0,0,0,22,3,1,0,N,1,40 01:07.081,2.0,0,75 02:50.277,8,0,0,0,67301,0,0,0,N,0,0,0,2,68K01,0,,1,1,30.0,N,N,N,1,,0,0,0,0,0,N,2215,1,2,0,0,0,1,0,3,4,0,2,3,3.0,N,,,,,,,,,,,
2021081327,1708.0,0,0,0,0,0,0,0,0,0,4,0,,67,8,2021,1,40.0219,-75.0898,1655.0,6,0,0,0,0,0,0,0,0,,0,0,0,16,1,2,0,N,2,40 01:18.900,3.0,0,75 05:23.240,4,0,0,0,67301,0,0,0,N,0,0,0,2,67301,2,,1,1,1820.0,N,N,N,0,,0,0,1,0,0,Y,1654,2,3,0,0,2,0,0,3,4,0,3,3,4.0,N,,,,,,,,,,,
2021082102,502.0,1,0,0,0,0,0,0,0,0,7,0,,67,8,2021,7,40.0102,-75.0633,452.0,6,0,0,0,0,0,0,0,0,,0,0,0,4,3,1,0,N,2,40 00:36.585,1.0,0,75 03:47.929,3,0,0,0,67301,0,0,0,N,0,0,0,1,68K01,0,,4,9,10.0,N,N,N,0,,1,0,0,0,0,N,450,1,1,0,0,0,0,0,3,4,0,1,7,,N,,,,,,,,,,,
2021057915,857.0,1,0,0,0,0,0,0,0,0,5,0,,67,6,2021,5,39.9452,-75.1982,845.0,6,0,0,0,0,0,0,0,0,,0,1,0,8,1,0,0,N,1,39 56:42.775,1.0,1,75 11:53.662,0,0,0,0,67301,0,0,0,N,0,0,0,2,67301,0,,1,1,215.0,N,N,N,0,,0,0,0,0,0,N,845,0,2,0,0,0,0,0,3,4,0,2,3,3.0,N,,,,,,,,,,,
2021082083,108.0,1,0,0,0,0,0,0,0,0,7,0,,67,8,2021,2,40.0399,-75.0063,105.0,6,0,0,0,0,0,0,0,0,,0,0,0,1,3,0,0,N,0,40 02:23.573,,0,75 00:22.755,0,0,0,0,67301,0,0,0,N,0,0,0,2,68K01,0,,4,9,,N,N,N,0,,0,0,0,0,0,,104,0,1,0,0,0,0,0,3,4,0,1,7,,N,,,,,,,,,,,
2021054506,150.0,1,0,0,0,0,0,0,0,0,4,0,,67,6,2021,1,40.0369,-75.0798,142.0,6,0,0,0,0,0,1,0,0,,0,0,0,1,3,2,1,,1,40 02:12.854,1.0,0,75 04:47.301,3,0,0,0,67301,0,0,0,N,0,0,0,3,67301,0,,1,1,345.0,N,N,N,0,,2,0,1,3,2,N,140,2,2,0,0,3,0,0,3,4,0,2,3,,N,,,,,,,,,,,
2021054938,819.0,1,0,0,1,0,0,0,0,0,4,0,,67,6,2021,2,39.9674,-75.1809,813.0,6,0,0,0,0,0,1,0,0,,0,0,0,6,1,1,3,,0,39 58:02.804,,0,75 10:51.224,3,0,0,0,67301,1,0,0,N,0,0,0,2,67301,0,,1,1,,N,N,N,0,,1,0,0,3,2,,651,1,2,0,0,0,0,0,3,4,0,1,4,4.0,N,,,,,,,,,,,
2021054658,54.0,1,0,0,0,0,0,0,0,0,1,0,45.0,67,6,2021,7,39.9746,-75.1181,27.0,6,0,0,0,0,0,0,0,0,,0,0,0,0,2,0,0,N,1,39 58:28.605,2.0,3,75 07:05.098,0,0,0,0,67301,0,0,0,N,0,0,0,5,68K01,0,,1,1,107.0,N,N,N,0,,0,0,1,0,0,N,20,0,2,0,0,0,0,0,3,4,0,2,3,,Y,4.0,1.0,N,,,N,Y,,,Y,N
2021081697,1323.0,0,0,0,0,0,0,0,0,0,1,1,,67,5,2021,5,40.0091,-75.0674,1312.0,6,0,0,0,0,0,0,0,0,,0,1,0,13,1,0,0,N,0,40 00:32.718,,3,75 04:02.549,9,0,0,0,67301,0,0,0,N,0,0,0,2,68K01,0,,1,1,,N,N,N,0,,0,0,1,0,0,,1312,0,2,0,0,0,0,1,3,4,0,2,3,3.0,N,,,,,,,,,,,
2021069813,1025.0,1,0,0,0,0,0,0,0,0,7,0,,67,6,2021,5,39.9473,-75.1765,1004.0,6,0,0,0,0,0,0,0,1,,0,0,0,9,1,2,2,,0,39 56:50.279,,0,75 10:35.295,3,0,0,0,67301,0,0,0,N,0,0,0,2,67301,0,,5,1,,N,N,N,0,,2,0,0,3,3,,948,2,1,0,0,0,0,0,3,4,0,1,3,3.0,N,,,,,,,,,,,
2021055875,759.0,2,0,0,0,0,0,0,0,0,4,0,,67,6,2021,2,40.0378,-75.0813,750.0,6,0,0,0,0,0,0,0,0,,0,0,0,7,1,1,1,,0,40 02:15.961,,0,75 04:52.672,8,0,0,0,67301,0,0,0,N,0,0,0,3,67301,0,,1,1,,N,N,Y,1,,0,0,0,3,2,,746,1,3,0,0,0,1,0,3,4,0,3,3,4.0,N,,,,,,,,,,,
2021081925,1637.0,1,0,0,0,0,0,0,0,0,1,0,,67,8,2021,7,39.9903,-75.2051,1625.0,6,0,0,0,0,0,1,0,0,,0,0,0,16,1,2,0,N,0,39 59:25.118,,0,75 12:18.256,3,0,0,0,67301,0,0,0,Y,0,0,0,5,68K01,0,,1,1,,N,N,N,0,,1,0,1,0,0,,1610,2,2,0,0,4,1,0,3,4,0,2,3,,N,,,,,,,,,,,
2021081324,1115.0,1,0,0,0,0,0,0,0,0,8,0,,67,8,2021,4,39.9168,-75.1713,1100.0,6,0,0,0,0,0,0,0,0,,0,0,0,10,1,1,1,,0,39 55:00.583,,0,75 10:16.768,4,0,0,0,67301,1,0,0,N,1,0,0,2,67301,1,,1,1,,N,N,N,0,,0,0,0,3,2,,1058,1,2,0,0,0,0,0,3,4,0,1,3,3.0,N,,,,,,,,,,,
2021058812,1640.0,1,0,0,0,0,0,0,0,0,4,0,,67,6,2021,2,40.0313,-75.0849,1635.0,6,0,0,0,0,0,0,0,0,,0,0,0,16,1,0,1,,0,40 01:52.664,,0,75 05:06.208,9,0,0,0,67301,0,0,0,N,0,0,0,2,67301,0,,1,1,,N,N,N,0,,0,0,1,3,2,,1615,0,2,0,0,0,0,2,3,4,0,2,3,3.0,N,,,,,,,,,,,
2021064431,1657.0,2,0,0,0,0,0,0,0,0,5,0,45.0,67,6,2021,2,40.0205,-75.0428,1653.0,6,0,0,0,0,0,0,1,0,,0,0,0,16,1,1,0,N,0,40 01:13.759,,0,75 02:34.113,8,0,0,0,67301,0,0,0,N,0,0,0,3,68K01,0,,1,1,,N,N,N,0,,0,0,0,0,0,,1601,1,2,0,0,0,1,1,3,4,0,2,3,,Y,4.0,1.0,N,,,N,,,,Y,N
2021057175,2142.0,2,0,0,0,0,0,0,0,0,4,0,,67,6,2021,7,39.9954,-75.1576,2136.0,6,0,0,0,0,0,0,0,0,,0,0,0,21,3,1,3,,0,39 59:43.569,,0,75 09:27.453,3,0,0,0,67301,0,0,0,N,0,0,0,2,67301,0,,1,1,,N,N,N,0,,1,0,1,3,3,,2135,1,3,0,0,0,0,0,3,4,0,3,3,3.0,N,,,,,,,,,,,
2021083553,1617.0,1,0,0,0,0,0,0,0,0,7,0,,67,9,2021,7,40.0305,-75.2257,1609.0,6,0,0,0,0,0,0,0,1,,0,0,0,15,1,1,0,N,0,40 01:49.690,,7,75 13:32.400,3,0,0,0,67301,0,0,0,N,0,0,0,1,67301,0,,5,1,,N,N,N,0,,1,0,0,0,0,,1554,1,1,0,0,0,0,0,3,4,0,1,3,3.0,N,,,,,,,,,,,
2021061865,1009.0,0,0,0,0,0,0,0,0,0,1,0,,67,6,2021,6,39.9277,-75.1958,956.0,6,0,0,0,0,0,1,0,0,,0,0,0,9,1,1,0,N,1,39 55:39.732,3.0,0,75 11:44.987,3,0,0,0,67301,0,0,0,N,0,0,0,2,68K01,0,,1,1,1025.0,N,N,N,1,,1,0,0,0,0,N,952,1,2,0,0,1,0,0,3,4,1,2,3,,N,,,,,,,,,,,
2021055881,1500.0,1,0,0,0,0,0,0,0,0,8,0,,67,6,2021,2,40.0295,-75.1467,1500.0,6,0,0,0,0,0,0,0,0,,0,0,0,23,6,1,1,,0,40 01:46.206,,0,75 08:48.166,8,0,0,0,67301,1,0,0,N,1,0,0,2,67301,0,,1,99,,N,N,N,0,,0,0,0,3,2,,2300,1,2,0,0,1,1,1,3,4,0,1,99,,N,,,,,,,,,,,
2021054583,208.0,0,0,0,0,0,0,0,0,0,8,0,,67,6,2021,2,39.9643,-75.2201,204.0,6,0,0,0,0,0,0,0,0,,0,0,0,1,3,1,0,N,0,39 57:51.500,,0,75 13:12.400,4,0,0,0,67301,1,0,0,N,1,0,0,2,67301,1,,1,1,,N,N,N,0,,0,0,1,0,0,,152,1,2,0,0,0,0,0,3,4,0,1,3,,N,,,,,,,,,,,
2021082359,1917.0,2,0,0,0,0,0,0,0,0,2,0,,67,8,2021,2,39.9643,-75.2464,1917.0,6,0,0,0,0,0,0,0,0,,0,0,0,19,1,2,1,,0,39 57:51.481,,0,75 14:46.938,4,0,0,0,67301,0,0,0,N,0,0,0,2,67301,2,,4,1,,N,N,N,0,,0,0,0,9,3,,1917,2,2,0,0,0,0,0,3,4,0,2,3,3.0,N,,,,,,,,,,,
2021055325,156.0,0,0,0,0,0,0,0,0,0,7,0,,67,6,2021,3,39.9542,-75.1812,140.0,6,0,0,0,0,0,0,0,0,,0,0,0,1,3,0,0,N,0,39 57:15.197,,0,75 10:52.357,0,0,0,0,67301,0,0,0,N,0,0,0,3,68K01,0,,3,1,,N,N,N,0,,0,0,1,0,0,,138,0,1,0,0,0,0,0,3,4,0,1,3,3.0,N,,,,,,,,,,,
2021062694,1521.0,0,0,0,0,0,0,0,0,0,0,0,,67,6,2021,5,39.8857,-75.2432,1512.0,6,0,0,0,0,0,1,0,0,,0,0,0,15,1,1,0,N,1,39 53:08.449,1.0,0,75 14:35.430,8,0,0,1,67301,0,0,0,N,0,0,0,1,68K01,0,,1,1,1540.0,N,N,N,0,,0,0,0,0,0,N,1511,1,1,0,0,0,1,0,3,4,0,1,3,,N,,,,,,,,,,,
2021057101,1115.0,0,0,0,0,0,0,0,0,0,4,0,,67,6,2021,6,40.0402,-75.214,1109.0,6,0,0,0,0,0,1,0,0,,0,0,0,11,1,0,2,,0,40 02:24.561,,0,75 12:50.924,0,0,0,0,67301,0,0,0,N,0,0,0,3,67301,0,,1,9,,N,N,N,0,,0,0,2,3,2,,1102,0,2,0,0,0,0,0,3,4,0,2,7,7.0,N,,,,,,,,,,,
2021053588,1842.0,1,0,0,0,0,0,0,0,0,7,0,,67,6,2021,3,39.9086,-75.2484,1842.0,6,0,0,0,0,0,0,0,0,,0,0,0,18,1,0,0,N,0,39 54:30.850,,0,75 14:54.210,0,0,0,0,67301,0,0,0,N,0,0,0,1,67301,0,,5,9,,N,Y,N,0,,0,0,0,0,0,,1817,0,1,0,0,0,0,0,3,4,0,1,7,4.0,N,,,,,,,,,,,
2021053591,244.0,1,0,0,0,0,0,0,0,0,2,0,,67,6,2021,5,39.937,-75.2182,244.0,6,0,0,0,0,0,1,0,0,,0,0,0,2,3,1,0,N,0,39 56:13.020,,0,75 13:05.450,4,0,0,0,67301,0,0,0,N,0,0,0,1,67301,1,,6,1,,N,N,N,0,,0,0,1,0,0,,244,1,3,0,0,0,0,0,3,4,1,3,3,3.0,N,,,,,,,,,,,
2021080510,1120.0,1,0,0,0,0,0,0,0,0,1,1,,67,8,2021,5,40.1047,-74.9931,1115.0,6,0,0,1,0,0,0,0,0,,0,1,0,11,1,0,0,N,0,40 06:16.939,,0,74 59:35.007,0,0,0,0,67301,0,0,0,N,0,0,0,4,67301,0,,1,1,,N,N,N,0,,0,0,0,0,0,,1114,0,2,0,0,1,0,0,3,4,0,2,3,3.0,N,,,,,,,,,,,
2021058046,736.0,1,0,0,0,0,0,0,0,0,7,0,,67,6,2021,4,39.9149,-75.148,720.0,6,0,0,0,0,0,0,0,0,,0,0,0,7,1,0,0,N,0,39 54:53.635,,3,75 08:52.948,0,0,0,0,67301,0,0,0,N,0,0,0,1,68K01,0,,3,1,,N,N,N,0,,0,0,0,0,0,,718,0,1,0,0,0,0,0,3,4,0,1,3,,N,,,,,,,,,,,
2021054285,947.0,1,0,0,0,0,0,0,0,0,6,0,,67,6,2021,6,40.0643,-75.0706,934.0,6,0,0,0,0,0,0,0,0,,0,0,0,7,1,0,0,N,0,40 03:51.300,,0,75 04:14.130,0,0,0,0,67301,0,0,0,N,0,0,0,2,67301,0,,1,1,,N,N,N,0,,0,0,0,0,0,,730,0,2,0,0,0,0,0,3,4,0,2,4,,N,,,,,,,,,,,
2021054468,131.0,1,0,0,0,0,0,0,0,0,4,0,,67,6,2021,1,39.9946,-75.1598,129.0,6,0,0,0,0,0,0,0,0,,0,0,0,1,3,1,5,,1,39 59:40.590,3.0,0,75 09:35.349,4,0,0,0,67301,0,0,0,N,0,0,0,2,67301,1,,1,1,310.0,N,N,N,0,,0,0,1,3,1,N,128,1,2,0,0,0,0,0,3,4,0,2,3,,N,,,,,,,,,,,
2021080684,1905.0,1,0,0,0,0,0,1,0,0,4,1,,67,8,2021,6,39.9597,-75.1952,1901.0,6,0,0,0,0,0,0,0,0,,0,0,0,18,1,1,1,,2,39 57:35.010,6.0,0,75 11:42.756,4,0,0,0,67301,0,0,0,N,0,0,0,3,67507,1,,1,1,1931.0,Y,N,N,0,,0,0,0,3,3,Y,1855,1,2,0,0,0,0,0,3,4,0,2,3,3.0,N,,,,,,,,,,,
2021055398,2254.0,0,0,0,0,0,0,0,0,0,7,0,,67,6,2021,2,39.9099,-75.1564,2253.0,6,0,0,0,0,0,0,0,0,,0,0,0,22,3,0,0,N,2,39 54:35.500,3.0,3,75 09:23.200,0,0,0,0,67301,0,0,0,N,0,0,0,3,67501,0,,3,9,2323.0,N,N,N,1,,0,0,0,0,0,Y,2252,0,1,0,0,0,0,0,3,4,0,1,3,,N,,,,,,,,,,,
2021056463,1625.0,2,0,0,0,0,0,0,0,0,1,0,,67,6,2021,2,39.9656,-75.1861,1622.0,6,0,0,0,0,0,0,0,0,,0,0,0,16,1,0,0,N,0,39 57:56.169,,0,75 11:09.859,0,0,0,0,67301,0,0,0,N,0,0,0,5,68K01,0,,1,1,,N,N,N,0,,0,0,1,0,0,,1610,0,3,0,0,0,0,0,3,4,0,3,3,,N,,,,,,,,,,,
2021058643,439.0,2,0,0,0,0,0,0,0,0,5,0,,67,6,2021,7,39.9193,-75.1802,439.0,6,0,0,0,0,0,0,0,0,,0,0,0,4,3,2,0,N,0,39 55:09.600,,0,75 10:48.800,3,0,0,0,67301,1,0,0,N,0,0,0,2,67301,0,,6,1,,N,N,N,1,,2,0,1,0,0,,428,2,4,0,0,0,0,0,3,4,0,4,3,3.0,N,,,,,,,,,,,
2021083247,1021.0,1,0,0,0,0,0,0,0,0,8,0,,67,9,2021,4,39.9273,-75.1448,1020.0,6,0,0,0,0,0,0,0,0,,0,0,0,8,1,1,1,,0,39 55:38.416,,0,75 08:41.201,3,0,0,0,67301,1,0,0,N,1,0,0,2,67301,0,,1,9,,N,N,N,0,,1,0,0,3,2,,840,1,2,0,0,0,0,0,3,4,0,1,7,,N,,,,,,,,,,,
2021057267,1832.0,1,0,0,0,0,0,0,0,0,4,0,,67,6,2021,1,39.9882,-75.1345,1832.0,6,0,0,0,0,0,0,0,0,,0,0,0,18,1,0,1,,0,39 59:17.480,,0,75 08:04.120,0,0,0,0,67301,0,0,0,N,0,0,0,2,67301,0,,1,1,,N,N,N,0,,0,0,1,3,3,,1815,0,2,0,0,0,0,0,3,4,0,2,3,,N,,,,,,,,,,,
2021083693,836.0,1,0,0,0,0,0,0,0,0,4,0,,67,9,2021,6,39.9383,-75.2289,836.0,6,0,0,0,0,0,0,0,0,,0,0,0,8,1,1,0,N,0,39 56:18.030,,0,75 13:44.070,8,0,0,0,67301,0,0,0,N,0,0,0,3,67301,0,,9,1,,N,N,N,1,,0,0,1,0,0,,836,1,3,0,0,0,1,0,3,4,0,3,3,3.0,N,,,,,,,,,,,
2021059051,750.0,0,0,0,0,0,0,0,0,0,4,0,,67,6,2021,6,40.0543,-75.0495,741.0,6,0,0,0,0,0,1,1,0,,0,0,0,7,1,2,1,,0,40 03:15.517,,0,75 02:58.198,3,0,0,0,67301,0,0,0,N,0,0,0,3,67301,0,,1,1,,N,N,N,0,,2,0,2,3,2,,710,2,2,0,0,0,0,0,3,4,0,2,3,3.0,N,,,,,,,,,,,
2021057137,750.0,3,0,0,0,0,0,0,0,0,6,0,,67,6,2021,2,39.9604,-75.2308,750.0,6,0,0,0,0,0,0,0,0,,0,0,0,7,1,1,0,N,0,39 57:37.540,,0,75 13:51.050,8,0,0,0,67301,0,0,0,N,0,0,0,3,67301,0,,1,1,,N,N,N,0,,0,0,1,0,0,,744,1,4,0,0,1,1,1,3,4,0,4,3,3.0,N,,,,,,,,,,,
2021081028,2113.0,1,0,0,0,0,0,0,0,0,8,0,,67,8,2021,6,40.0329,-75.0262,2103.0,6,0,0,0,0,0,0,0,0,,0,0,0,20,3,1,0,N,0,40 01:58.500,,0,75 01:34.210,8,0,0,0,67301,1,0,0,N,1,0,0,2,67301,0,,1,1,,N,N,N,0,,0,0,0,0,0,,2059,1,2,0,0,0,1,0,3,4,0,1,3,,N,,,,,,,,,,,
2021055089,2232.0,2,0,0,0,0,0,0,0,0,6,0,,67,6,2021,7,39.9842,-75.1782,2232.0,6,0,0,0,0,0,0,0,0,,0,0,0,22,3,0,0,N,2,39 59:03.240,1.0,0,75 10:41.640,9,0,0,0,67301,1,0,0,N,0,0,0,2,67301,0,,6,1,2300.0,N,N,N,0,,0,0,0,0,0,Y,2232,0,2,0,0,1,0,1,3,4,0,2,3,3.0,N,,,,,,,,,,,
2021081666,1633.0,1,0,0,0,0,0,0,0,0,5,0,,67,8,2021,6,40.0059,-75.0751,1557.0,6,0,0,0,1,0,1,0,0,,0,0,0,15,1,1,0,N,0,40 00:21.078,,0,75 04:30.186,3,0,0,0,67301,0,0,0,N,0,0,0,2,68K01,0,,1,1,,N,N,N,0,,1,0,1,0,0,,1552,1,2,0,0,0,0,0,3,4,0,2,3,,N,,,,,,,,,,,
2021053669,1820.0,2,0,0,0,0,0,0,0,0,4,0,,67,6,2021,3,40.0287,-75.1177,1815.0,6,0,0,0,0,0,0,0,0,,0,0,0,16,1,1,1,,0,40 01:43.257,,0,75 07:03.868,8,0,0,0,67301,0,0,0,N,0,0,0,2,67301,0,,1,1,,N,N,N,0,,0,0,0,3,2,,1605,1,3,0,0,0,1,1,3,4,1,3,3,,N,,,,,,,,,,,
2021055235,1210.0,0,0,0,0,0,0,0,0,0,7,0,,67,6,2021,1,40.0887,-75.0341,1200.0,6,0,0,0,0,0,0,0,0,,0,0,0,12,1,2,0,N,0,40 05:19.412,,0,75 02:02.877,3,0,0,0,67301,0,0,0,N,0,0,0,2,67301,1,,4,1,,N,N,N,0,,1,0,1,0,0,,1200,2,1,0,0,0,0,0,3,4,0,1,3,,N,,,,,,,,,,,
2021062446,339.0,1,0,0,0,0,0,0,0,0,7,0,,67,6,2021,3,39.9936,-75.0846,339.0,6,0,0,0,0,0,0,0,0,,0,0,0,3,3,0,0,N,0,39 59:36.791,,0,75 05:04.518,0,0,0,0,67301,0,0,0,N,0,0,0,1,68K01,0,,3,9,,N,N,N,0,,0,0,0,0,0,,339,0,1,0,0,0,0,0,3,4,0,1,7,,N,,,,,,,,,,,
2021080772,725.0,1,0,0,0,0,0,1,0,0,1,1,,67,8,2021,2,,,715.0,6,0,0,0,0,0,1,0,0,,0,0,0,7,1,1,0,N,0,,,7,,8,0,0,0,67301,0,0,0,N,0,0,0,3,67508,0,,1,1,,N,N,Y,0,,0,0,0,3,2,,715,1,2,0,0,0,1,0,3,3,0,2,3,3.0,N,,,,,,,,,,,
2021080775,1005.0,0,0,0,0,0,0,0,0,0,3,1,,67,8,2021,5,40.0201,-75.1322,1001.0,6,0,0,0,0,0,0,0,0,,0,1,0,9,1,1,1,,0,40 01:12.421,,0,75 07:55.837,3,0,0,0,67301,0,0,0,N,0,0,0,2,67301,0,,1,1,,N,N,N,0,,1,0,1,3,3,,905,1,2,0,0,0,0,0,3,4,0,2,3,3.0,N,,,,,,,,,,,
2021053764,914.0,0,0,0,0,0,0,0,0,0,8,0,,67,6,2021,6,40.07,-75.0311,900.0,6,0,0,0,0,0,0,0,0,,0,0,0,8,1,1,0,N,0,40 04:12.073,,0,75 01:52.133,8,0,0,0,67301,1,0,0,N,1,0,0,2,67301,0,,1,1,,N,N,N,0,,0,0,1,0,0,,857,1,2,0,0,0,1,0,3,4,0,1,3,3.0,N,,,,,,,,,,,
2021058885,1822.0,2,0,0,0,0,0,0,0,0,1,0,,67,6,2021,4,40.0214,-75.0416,1743.0,6,0,0,0,0,0,0,0,0,,0,0,0,17,1,1,0,N,0,40 01:17.044,,2,75 02:29.623,8,0,0,0,67301,0,0,0,N,0,0,0,3,68K01,0,,1,1,,N,N,N,0,,0,0,1,0,0,,1742,1,3,0,0,0,1,0,3,4,0,3,3,3.0,N,,,,,,,,,,,
2021056198,221.0,1,0,0,0,0,0,0,0,0,4,0,,67,6,2021,4,40.0313,-75.0849,217.0,6,0,0,0,0,0,0,0,0,,0,0,0,2,3,0,5,,1,40 01:52.664,1.0,0,75 05:06.208,0,0,0,0,67301,0,0,0,N,0,0,0,2,67301,0,,1,1,230.0,N,N,N,0,,0,0,1,3,2,N,214,0,2,0,0,0,0,0,3,4,0,2,3,3.0,N,,,,,,,,,,,
2021055883,1015.0,1,0,0,0,0,0,0,0,0,2,0,,67,6,2021,4,40.0347,-75.117,1007.0,6,0,0,0,0,0,0,0,0,,0,0,0,9,1,2,0,N,2,40 02:04.957,6.0,0,75 07:01.054,8,0,0,0,67301,0,0,0,N,0,0,0,3,67301,0,,1,1,1119.0,N,N,N,0,,0,0,3,0,0,Y,953,2,4,0,0,0,2,1,3,4,0,4,3,3.0,N,,,,,,,,,,,