CRN,ARRIVAL_TM,AUTOMOBILE_COUNT,BELTED_DEATH_COUNT,BELTED_SUSP_SERIOUS_INJ_COUNT,BICYCLE_COUNT,BICYCLE_DEATH_COUNT,BICYCLE_SUSP_SERIOUS_INJ_COUNT,BUS_COUNT,CHLDPAS_DEATH_COUNT,CHLDPAS_SUSP_SERIOUS_INJ_COUNT,COLLISION_TYPE,COMM_VEH_COUNT,CONS_ZONE_SPD_LIM,COUNTY,CRASH_MONTH,CRASH_YEAR,DAY_OF_WEEK,DEC_LAT,DEC_LONG,DISPATCH_TM,DISTRICT,DRIVER_COUNT_16YR,DRIVER_COUNT_17YR,DRIVER_COUNT_18YR,DRIVER_COUNT_19YR,DRIVER_COUNT_20YR,DRIVER_COUNT_50_64YR,DRIVER_COUNT_65_74YR,DRIVER_COUNT_75PLUS,EST_HRS_CLOSED,FATAL_COUNT,HEAVY_TRUCK_COUNT,HORSE_BUGGY_COUNT,HOUR_OF_DAY,ILLUMINATION,INJURY_COUNT,INTERSECT_TYPE,INTERSECTION_RELATED,LANE_CLOSED,LATITUDE,LN_CLOSE_DIR,LOCATION_TYPE,LONGITUDE,MAX_SEVERITY_LEVEL,MCYCLE_DEATH_COUNT,MCYCLE_SUSP_SERIOUS_INJ_COUNT,MOTORCYCLE_COUNT,MUNICIPALITY,NONMOTR_COUNT,NONMOTR_DEATH_COUNT,NONMOTR_SUSP_SERIOUS_INJ_COUNT,NTFY_HIWY_MAINT,PED_COUNT,PED_DEATH_COUNT,PED_SUSP_SERIOUS_INJ_COUNT,PERSON_COUNT,POLICE_AGCY,POSSIBLE_INJ_COUNT,RDWY_SURF_TYPE_CD,RELATION_TO_ROAD,ROAD_CONDITION,ROADWAY_CLEARED,SCH_BUS_IND,SCH_ZONE_IND,SECONDARY_CRASH,SMALL_TRUCK_COUNT,SPEC_JURIS_CD,SUSP_MINOR_INJ_COUNT,SUSP_SERIOUS_INJ_COUNT,SUV_COUNT,TCD_FUNC_CD,TCD_TYPE,TFC_DETOUR_IND,TIME_OF_DAY,TOT_INJ_COUNT,TOTAL_UNITS,UNB_DEATH_COUNT,UNB_SUSP_SERIOUS_INJ_COUNT,UNBELTED_OCC_COUNT,UNK_INJ_DEG_COUNT,UNK_INJ_PER_COUNT,URBAN_AREA,URBAN_RURAL,VAN_COUNT,VEHICLE_COUNT,WEATHER1,WEATHER2,WORK_ZONE_IND,WORK_ZONE_LOC,WORK_ZONE_TYPE,WORKERS_PRES,WZ_CLOSE_DETOUR,WZ_FLAGGER,WZ_LAW_OFFCR_IND,WZ_LN_CLOSURE,WZ_MOVING,WZ_OTHER,WZ_SHLDER_MDN,WZ_WORKERS_INJ_KILLED
2021064168,2010.0,1,0,0,0,0,0,0,0,0,4,0,,67,7,2021,5,39.9058,-75.1938,2008.0,6,0,0,0,0,0,0,0,0,,0,0,0,20,4,1,1,,1,39 54:20.725,3.0,0,75 11:37.765,4,0,0,0,67301,0,0,0,N,0,0,0,7,67301,1,,1,9,30.0,N,N,N,0,,0,0,1,3,2,Y,2006,1,2,0,0,0,0,0,3,4,0,2,4,,N,,,,,,,,,,,
2021065763,1934.0,1,0,0,0,0,0,0,0,0,7,0,,67,7,2021,6,39.9766,-75.1967,1924.0,6,0,0,0,0,0,1,0,0,,0,0,0,19,1,1,7,N,2,39 58:35.599,4.0,2,75 11:47.980,3,0,0,0,67301,0,0,0,N,0,0,0,1,68K01,0,,4,1,2029.0,N,N,N,0,,1,0,0,0,0,Y,1923,1,1,0,0,1,0,0,3,4,0,1,3,,N,,,,,,,,,,,
2021064642,734.0,2,0,0,0,0,0,0,0,0,7,0,,67,7,2021,7,39.9573,-75.1513,724.0,6,0,0,0,0,0,0,0,0,,0,0,0,7,1,1,0,N,0,39 57:26.331,,0,75 09:04.737,8,0,0,0,67301,0,0,0,N,0,0,0,2,68K01,0,,3,1,,N,N,N,0,,0,0,0,0,0,,720,1,2,0,0,0,1,0,3,4,0,2,3,3.0,N,,,,,,,,,,,
2021041589,354.0,0,0,0,0,0,0,0,0,0,5,0,,67,5,2021,7,40.0137,-75.1472,354.0,6,0,0,0,0,0,0,0,0,,0,0,0,3,3,0,0,N,0,40 00:49.390,,0,75 08:50.020,9,0,0,0,67301,0,0,0,N,0,0,0,1,67301,0,,6,1,,N,N,N,1,,0,0,1,0,0,,320,0,3,0,0,0,0,1,3,4,1,3,3,,N,,,,,,,,,,,
2021038377,2219.0,1,0,0,0,0,0,0,0,0,1,0,35.0,67,4,2021,4,39.9114,-75.1654,2211.0,6,0,0,0,0,1,0,0,0,,0,0,0,22,3,0,0,N,0,39 54:41.100,,3,75 09:55.500,0,0,0,0,67301,0,0,0,N,0,0,0,2,67501,0,,1,1,,N,N,N,0,,0,0,1,0,0,,2211,0,2,0,0,0,0,0,3,4,0,2,3,,Y,4.0,1.0,N,,,N,Y,Y,,,N
2021038736,1541.0,1,0,0,0,0,0,0,0,0,1,0,,67,4,2021,3,39.9674,-75.1813,1541.0,6,0,0,0,0,0,1,0,0,,0,0,0,15,1,2,0,N,0,39 58:02.790,,0,75 10:52.838,4,0,0,1,67301,0,0,0,N,0,0,0,3,67301,1,,1,1,,N,N,N,1,,0,0,0,0,0,,1535,2,3,0,0,1,1,0,3,4,0,3,3,,N,,,,,,,,,,,
2021041086,800.0,4,0,0,0,0,0,0,0,0,1,0,,67,4,2021,3,39.9983,-75.1281,800.0,6,0,0,0,0,0,0,0,0,,0,0,0,7,1,1,0,N,0,39 59:54.058,,0,75 07:41.066,4,0,0,0,67301,0,0,0,N,0,0,0,1,67301,1,,6,1,,N,N,N,0,,0,0,2,0,0,,700,1,6,0,0,0,0,0,3,4,0,6,3,98.0,N,,,,,,,,,,,
2021039362,847.0,1,0,0,0,0,0,0,0,0,1,0,35.0,67,4,2021,3,39.9199,-75.1898,847.0,6,0,0,0,0,0,0,0,0,,0,0,0,8,1,0,6,,0,39 55:11.700,,8,75 11:23.300,0,0,0,0,67301,0,0,0,N,0,0,0,2,67501,0,,1,1,,N,N,N,0,,0,0,1,3,3,,847,0,3,0,0,0,0,0,3,4,0,2,3,,Y,4.0,1.0,Y,,,N,Y,Y,,Y,N
2021039456,1547.0,1,0,0,0,0,0,0,0,0,4,0,,67,4,2021,3,39.9511,-75.1536,1545.0,6,0,0,0,0,0,0,0,0,,0,0,0,14,1,1,1,,0,39 57:03.940,,0,75 09:12.848,8,0,0,0,67301,0,0,0,N,0,0,0,2,67301,0,,1,1,,N,N,N,0,,0,0,0,3,2,,1450,1,2,0,0,0,1,1,3,4,0,2,3,3.0,N,,,,,,,,,,,
2021038485,920.0,2,0,0,0,0,0,0,0,0,4,0,,67,4,2021,7,40.0191,-75.127,905.0,6,0,0,0,0,0,0,0,0,,0,0,0,9,1,1,2,,2,40 01:08.904,1.0,0,75 07:37.120,8,0,0,0,67301,0,0,0,N,0,0,0,2,67301,0,,1,1,1043.0,N,N,Y,0,,0,0,3,3,3,N,902,1,5,0,0,0,1,1,3,4,0,5,3,,N,,,,,,,,,,,
2021038735,1230.0,0,0,0,0,0,0,0,0,0,4,0,,67,4,2021,4,40.0743,-75.0348,1225.0,6,0,0,0,0,0,1,0,0,,0,0,0,12,1,0,1,,2,40 04:27.539,1.0,0,75 02:05.367,0,0,0,0,67301,0,0,0,N,0,0,0,4,67301,0,,1,1,1250.0,N,N,N,1,,0,0,1,3,2,Y,1215,0,2,0,0,0,0,0,3,4,0,2,3,,N,,,,,,,,,,,
2021038455,1628.0,0,0,0,0,0,0,0,0,0,4,0,,67,4,2021,4,39.9576,-75.1457,1627.0,6,0,0,0,0,0,1,1,0,,0,0,0,16,1,1,1,,1,39 57:27.432,4.0,0,75 08:44.473,8,0,0,0,67301,0,0,0,N,0,0,0,2,67301,0,,1,1,1659.0,N,N,N,1,,0,0,1,3,2,N,1600,1,2,0,0,1,1,0,3,4,0,2,3,3.0,N,,,,,,,,,,,
2021037235,2047.0,1,0,0,0,0,0,0,0,0,4,0,,67,4,2021,6,39.9975,-75.0971,2046.0,6,0,0,0,0,0,1,0,0,,0,0,0,20,3,2,2,,0,39 59:50.974,,0,75 05:49.416,3,0,0,0,67301,0,0,0,N,0,0,0,2,67301,0,,1,1,,N,N,N,0,,2,0,0,0,0,,2045,2,2,0,0,0,0,0,3,4,1,2,3,3.0,N,,,,,,,,,,,
2021037293,1640.0,1,0,0,0,0,0,0,0,0,4,0,,67,4,2021,7,40.0321,-75.1079,1635.0,6,0,0,0,0,0,1,0,0,,0,0,0,16,1,2,2,,0,40 01:55.700,,0,75 06:28.500,3,0,0,1,67301,0,0,0,N,0,0,0,3,67301,0,,1,1,,N,N,N,0,,2,0,0,0,0,,1615,2,2,0,0,0,0,0,3,4,0,2,3,3.0,N,,,,,,,,,,,
2021039458,940.0,1,0,0,0,0,0,0,0,0,1,0,,67,4,2021,6,39.9643,-75.1836,921.0,6,0,0,0,0,0,1,0,0,,0,0,0,9,1,1,0,N,0,39 57:51.534,,3,75 11:01.038,3,0,0,0,67301,0,0,0,N,0,0,0,2,67301,0,,1,1,,N,N,N,0,,1,0,1,0,0,,920,1,2,0,0,0,0,0,3,4,0,2,3,3.0,N,,,,,,,,,,,
2021038608,1620.0,1,0,0,0,0,0,0,0,0,1,0,,67,4,2021,4,40.017,-75.15,1600.0,6,0,0,0,0,0,0,1,0,,0,0,0,15,1,1,0,N,0,40 01:01.200,,7,75 08:59.900,3,0,0,0,67301,0,0,0,N,0,0,0,2,67301,0,,1,1,,N,N,N,0,,1,0,1,0,0,,1512,1,2,0,0,1,0,0,3,4,0,2,3,3.0,N,,,,,,,,,,,
2021040017,1420.0,1,0,0,0,0,0,0,0,0,1,0,,67,4,2021,6,40.0164,-75.0732,1410.0,6,0,0,0,0,0,0,0,0,,0,0,0,22,3,0,0,N,0,40 00:59.090,,0,75 04:23.450,0,0,0,0,67301,0,0,0,N,0,0,0,1,67301,0,,6,1,,N,N,N,0,,0,0,1,0,0,,2245,0,2,0,0,0,0,0,3,4,0,2,3,3.0,N,,,,,,,,,,,
2021039209,1407.0,1,0,0,0,0,0,0,0,0,4,0,,67,4,2021,4,39.9883,-75.1355,1345.0,6,0,0,0,1,0,0,0,0,,0,0,0,13,1,1,1,,0,39 59:17.962,,0,75 08:07.915,3,0,0,0,67301,0,0,0,N,0,0,0,3,67301,0,,1,1,,N,N,N,0,,1,0,0,3,2,,1330,1,2,0,0,0,0,0,3,4,1,2,3,,N,,,,,,,,,,,
2021068333,1808.0,1,0,0,0,0,0,0,0,0,1,0,,67,7,2021,4,39.8861,-75.2067,1748.0,6,0,0,0,0,0,1,0,0,,0,0,0,17,1,0,0,N,1,39 53:10.134,1.0,3,75 12:24.114,0,0,0,0,67301,0,0,0,N,0,0,0,2,68K01,0,,1,1,1800.0,N,N,N,0,,0,0,1,0,0,N,1744,0,2,0,0,0,0,0,3,4,0,2,3,3.0,N,,,,,,,,,,,
2021039276,910.0,1,0,0,0,0,0,0,0,0,1,0,,67,4,2021,6,39.9577,-75.1607,857.0,6,0,0,0,0,0,0,0,0,,0,0,0,8,1,1,0,N,0,39 57:27.797,,0,75 09:38.594,8,0,0,0,67301,0,0,0,N,0,0,0,2,68K01,0,,1,1,,N,N,N,0,,0,0,1,0,0,,851,1,2,0,0,0,1,0,3,4,0,2,3,3.0,N,,,,,,,,,,,
2021037563,606.0,0,0,0,0,0,0,0,0,0,7,0,,67,4,2021,1,39.9569,-75.1531,556.0,6,0,0,0,0,0,1,0,0,,0,0,0,5,3,0,0,N,1,39 57:24.769,3.0,0,75 09:11.017,0,0,0,0,67301,0,0,0,N,0,0,0,1,68K01,0,,3,9,30.0,N,N,N,0,,0,0,0,0,0,N,539,0,1,0,0,0,0,0,3,4,1,1,7,,N,,,,,,,,,,,
2021041149,2330.0,1,0,0,0,0,0,0,0,0,4,0,,67,4,2021,5,39.9751,-75.2334,2330.0,6,0,0,0,0,0,0,0,0,,0,0,0,21,3,0,1,,0,39 58:30.252,,0,75 14:00.168,0,0,0,0,67301,1,0,0,N,0,0,0,2,67301,0,,1,9,,N,N,N,0,,0,0,1,3,3,,2121,0,2,0,0,0,0,0,3,4,0,2,7,,N,,,,,,,,,,,
2021039647,2201.0,2,0,0,0,0,0,0,0,0,4,0,,67,5,2021,7,40.0638,-75.1475,2201.0,6,0,0,0,0,0,1,1,0,,0,0,0,22,3,1,1,,0,40 03:49.831,,0,75 08:50.874,3,0,0,0,67301,0,0,0,N,0,0,0,2,67301,0,,1,1,,N,N,N,0,,1,0,0,3,3,,2201,1,2,0,0,0,0,0,3,4,0,2,3,3.0,N,,,,,,,,,,,
2021070421,1659.0,0,0,0,0,0,0,0,0,0,8,0,,67,6,2021,3,40.0168,-75.0762,1659.0,6,0,0,0,0,0,1,0,0,,0,0,0,16,1,1,0,N,0,40 01:00.570,,0,75 04:34.240,8,0,0,0,67301,1,0,0,N,1,0,0,2,67301,0,,1,1,,N,N,N,1,,0,0,0,0,0,,1650,1,2,0,0,1,1,0,3,4,0,1,3,3.0,N,,,,,,,,,,,
2021070498,2316.0,0,0,0,0,0,0,0,0,0,8,0,,67,7,2021,4,40.0083,-75.0985,2314.0,6,0,0,0,0,0,0,0,0,,0,0,0,23,3,1,0,N,0,40 00:29.774,,0,75 05:54.631,3,0,0,0,67301,1,0,0,N,1,0,0,1,67301,0,,6,1,,N,N,N,0,,1,0,1,0,0,,2310,1,2,0,0,0,0,0,3,4,0,1,3,3.0,N,,,,,,,,,,,
2021042337,145.0,1,0,0,0,0,0,0,0,0,4,0,,67,5,2021,1,40.0243,-75.1658,140.0,6,0,0,0,0,0,0,0,0,,0,0,0,23,3,1,0,N,0,40 01:27.628,,0,75 09:56.706,3,0,0,0,67301,0,0,0,N,0,0,0,5,67301,0,,1,1,,N,N,N,0,,1,0,0,0,0,,2355,1,2,0,0,0,0,0,3,4,1,2,3,3.0,N,,,,,,,,,,,
2021041461,1053.0,2,0,0,0,0,0,0,0,0,1,0,,67,5,2021,7,40.1018,-75.0138,1047.0,6,0,0,0,0,0,1,0,0,,0,0,0,10,1,1,1,,0,40 06:06.591,,0,75 00:49.615,3,0,0,0,67301,0,0,0,N,0,0,0,2,67301,0,,1,1,,N,N,N,0,,1,0,2,3,3,,1046,1,4,0,0,0,0,0,3,4,0,4,4,,N,,,,,,,,,,,
2021041072,1919.0,1,0,0,0,0,0,0,0,0,2,0,,67,5,2021,5,40.0433,-75.1646,1919.0,6,0,0,0,0,0,0,0,0,,0,0,0,19,1,0,0,N,0,40 02:35.810,,0,75 09:52.390,0,0,0,0,67301,0,0,0,N,0,0,0,2,67301,0,,1,1,,N,N,N,0,,0,0,1,0,0,,1919,0,3,0,0,0,0,0,3,4,1,3,3,3.0,N,,,,,,,,,,,
2021040011,1340.0,0,0,0,0,0,0,0,0,0,5,0,,67,5,2021,2,40.0318,-75.1027,1331.0,6,0,0,0,0,0,1,0,0,,0,0,0,13,1,1,0,N,0,40 01:54.310,,0,75 06:09.890,3,0,0,0,67301,0,0,0,N,0,0,0,3,67301,0,,1,1,,N,N,N,0,,1,0,2,0,0,,1329,1,2,0,0,1,0,0,3,4,0,2,3,3.0,N,,,,,,,,,,,
2021036074,856.0,1,0,0,0,0,0,0,0,0,4,0,,67,4,2021,4,39.9808,-75.1616,852.0,6,0,0,0,0,0,1,0,0,,0,0,0,8,1,1,1,,0,39 58:50.704,,0,75 09:41.710,3,0,0,0,67301,0,0,0,N,0,0,0,2,67301,0,,1,1,,N,N,Y,0,,1,0,1,3,3,,850,1,2,0,0,1,0,0,3,4,0,2,3,,N,,,,,,,,,,,
2021035732,1705.0,0,0,0,0,0,0,0,0,0,8,0,,67,4,2021,2,39.9583,-75.2252,1659.0,6,0,0,0,0,0,0,0,0,,0,0,0,16,1,1,0,N,0,39 57:29.971,,0,75 13:30.772,3,0,0,0,67301,1,0,0,N,1,0,0,2,67301,0,,1,1,,N,N,N,0,,1,0,0,0,0,,1658,1,2,0,0,0,0,0,3,4,1,1,3,3.0,N,,,,,,,,,,,
2021067592,913.0,0,0,0,0,0,0,0,0,0,5,2,35.0,67,7,2021,4,39.9054,-75.131,913.0,6,0,0,0,0,0,1,0,0,,0,2,0,9,1,0,0,N,0,39 54:19.600,,3,75 07:51.600,0,0,0,0,67301,0,0,0,N,0,0,0,2,67501,0,,1,1,,N,N,N,0,,0,0,0,0,0,,913,0,2,0,0,0,0,0,3,4,0,2,3,3.0,Y,4.0,1.0,Y,,,N,Y,,,,N
2021037729,1745.0,1,0,0,0,0,0,0,0,0,8,0,,67,4,2021,2,39.9836,-75.247,1742.0,6,0,0,0,0,0,0,1,0,,0,0,0,17,1,1,1,,0,39 59:00.899,,0,75 14:49.359,4,0,0,0,67301,1,0,0,N,1,0,0,2,67301,1,,1,1,,N,N,N,0,,0,0,0,3,2,,1704,1,2,0,0,0,0,0,3,4,0,1,3,3.0,N,,,,,,,,,,,
2021068206,1400.0,1,0,0,0,0,0,0,0,0,1,0,,67,7,2021,7,40.0276,-75.0249,1335.0,6,0,0,0,1,1,0,0,0,,0,0,0,13,1,0,0,N,1,40 01:39.538,2.0,0,75 01:29.485,0,0,0,0,67301,0,0,0,N,0,0,0,2,68K01,0,,1,1,1400.0,N,N,N,0,,0,0,1,0,0,N,1330,0,2,0,0,0,0,0,3,4,0,2,3,,N,,,,,,,,,,,
2021039052,2303.0,2,0,0,0,0,0,0,0,0,4,0,,67,4,2021,1,40.0009,-75.1719,2302.0,6,0,0,0,0,0,1,0,0,,0,0,0,22,3,1,1,,2,40 00:03.218,7.0,0,75 10:18.994,3,0,0,0,67301,0,0,0,N,0,0,0,2,67301,0,,1,1,2359.0,N,N,N,0,,1,0,2,3,3,Y,2257,1,4,0,0,0,0,0,3,4,0,4,3,,N,,,,,,,,,,,
2021038453,2000.0,2,0,0,0,0,0,0,0,0,4,0,,67,4,2021,3,39.9372,-75.1615,1949.0,6,0,0,0,0,0,0,0,0,,0,0,0,19,3,1,1,,0,39 56:13.826,,0,75 09:41.371,3,0,0,0,67301,0,0,0,N,0,0,0,3,67301,0,,1,1,,N,N,N,0,,1,0,0,3,2,,1947,1,2,0,0,0,0,0,3,4,0,2,3,3.0,N,,,,,,,,,,,
2021037724,1935.0,2,0,0,0,0,0,0,0,0,4,0,,67,4,2021,1,40.0418,-75.0611,1922.0,6,0,0,0,0,0,1,0,0,,0,0,0,19,3,1,1,,0,40 02:30.387,,0,75 03:39.901,3,0,0,0,67301,0,0,0,N,0,0,0,2,67301,0,,1,1,,N,N,N,0,,1,0,0,3,2,,1908,1,3,0,0,0,0,0,3,4,1,3,3,,N,,,,,,,,,,,
2021037381,2156.0,0,0,0,0,0,0,0,0,0,8,0,,67,4,2021,1,39.9469,-75.1665,2148.0,6,0,0,0,0,0,0,0,0,,0,0,0,21,3,1,0,N,2,39 56:48.990,2.0,0,75 09:59.570,2,0,0,0,67301,1,0,1,N,1,0,1,2,67301,0,,1,1,2258.0,N,N,N,0,,0,1,1,0,0,Y,2140,1,2,0,0,0,0,0,3,4,0,1,3,3.0,N,,,,,,,,,,,
2021066655,1021.0,1,0,0,0,0,0,0,0,0,1,0,,67,7,2021,6,39.9921,-75.2021,1007.0,6,0,0,1,0,0,0,1,0,,0,0,0,10,1,2,0,N,0,39 59:31.472,,0,75 12:07.618,3,0,0,0,67301,0,0,0,N,0,0,0,3,68K01,1,,1,1,,N,N,N,0,,1,0,1,0,0,,1005,2,2,0,0,0,0,0,3,4,0,2,3,,N,,,,,,,,,,,
2021038607,1837.0,1,0,0,0,0,0,0,0,0,4,0,,67,4,2021,3,40.0112,-75.1054,1834.0,6,0,0,0,0,0,0,0,0,,0,0,0,18,1,1,1,,0,40 00:40.313,,0,75 06:19.592,8,0,0,1,67301,0,0,0,N,0,0,0,2,67301,0,,1,1,,N,N,N,0,,0,0,0,0,0,,1815,1,2,0,0,0,1,0,3,4,0,2,3,3.0,N,,,,,,,,,,,
2021037384,1615.0,1,0,0,0,0,0,0,0,0,7,0,,67,4,2021,1,40.0063,-75.1939,1607.0,6,0,0,0,0,0,1,0,0,,0,0,0,15,1,1,7,,0,40 00:22.773,,8,75 11:38.203,3,0,0,0,67301,0,0,0,N,0,0,0,2,67301,0,,7,1,,N,N,N,0,,1,0,0,0,0,,1514,1,2,0,0,1,0,0,3,4,1,2,3,3.0,N,,,,,,,,,,,
2021037300,1935.0,2,0,0,0,0,0,0,0,0,4,0,,67,4,2021,7,39.9878,-75.1806,1935.0,6,0,0,0,0,0,1,0,0,,0,0,0,19,1,1,1,,0,39 59:16.154,,0,75 10:50.102,3,0,0,0,67301,0,0,0,N,0,0,0,2,67301,0,,1,1,,N,N,N,0,,1,0,0,3,2,,1930,1,3,0,0,1,0,0,3,4,1,3,3,4.0,N,,,,,,,,,,,
2021038909,1256.0,0,0,0,0,0,0,0,0,0,8,0,,67,4,2021,5,39.9575,-75.2254,1256.0,6,0,0,0,0,0,0,0,0,,0,0,0,12,1,1,0,N,2,39 57:26.846,2.0,0,75 13:31.431,2,0,0,0,67301,1,0,1,N,1,0,1,2,67301,0,,1,1,1344.0,N,N,N,0,,0,1,1,0,0,Y,1254,1,2,0,0,0,0,0,3,4,0,1,3,4.0,N,,,,,,,,,,,
2021037757,2323.0,1,0,0,0,0,0,0,0,0,7,0,,67,4,2021,7,40.0443,-75.089,2315.0,6,0,0,0,0,0,0,0,0,,0,0,0,21,3,3,3,,2,40 02:39.397,2.0,0,75 05:20.423,3,0,0,0,67301,0,0,0,N,0,0,0,3,67301,1,,4,9,1223.0,N,N,N,0,,2,0,0,3,2,Y,2140,3,1,0,0,0,0,0,3,4,0,1,7,4.0,N,,,,,,,,,,,
2021038767,1704.0,1,0,0,0,0,0,0,0,0,1,0,,67,4,2021,5,40.0225,-75.1563,1702.0,6,0,0,0,0,0,0,0,0,,0,0,0,17,3,0,0,N,2,40 01:20.840,3.0,0,75 09:22.590,0,0,0,0,67301,1,0,0,N,0,0,0,2,67301,0,,6,1,1830.0,N,N,N,0,,0,0,0,0,0,Y,1700,0,3,0,0,1,0,0,3,4,1,2,3,3.0,N,,,,,,,,,,,
2021038493,1656.0,0,0,0,0,0,0,0,0,0,4,0,,67,4,2021,3,39.9841,-75.1197,1655.0,6,0,0,0,0,0,1,0,0,,0,0,0,14,1,1,2,,0,39 59:02.978,,0,75 07:10.683,3,0,0,1,67301,0,0,0,N,0,0,0,2,67301,0,,1,1,,N,N,N,0,,1,0,1,0,0,,1450,1,2,0,0,0,0,0,3,4,0,2,3,,N,,,,,,,,,,,
2021038603,1041.0,1,0,0,0,0,0,0,0,0,4,0,,67,4,2021,4,40.0192,-75.0449,1036.0,6,0,0,0,0,0,0,0,0,,0,0,0,10,1,1,2,,0,40 01:09.219,,0,75 02:41.715,3,0,0,0,67301,0,0,0,N,0,0,0,2,67301,0,,1,1,,N,N,N,0,,1,0,1,3,2,,1036,1,2,0,0,0,0,0,3,4,0,2,3,3.0,N,,,,,,,,,,,
2021039307,606.0,1,0,0,0,0,0,0,0,0,4,0,,67,4,2021,6,40.0178,-75.1321,559.0,6,0,0,0,0,0,0,0,0,,0,0,0,5,1,0,1,,1,40 01:04.076,4.0,0,75 07:55.711,0,0,0,0,67301,0,0,0,N,0,0,0,2,67301,0,,1,1,100.0,N,N,N,0,,0,0,1,3,3,Y,525,0,3,0,0,0,0,0,3,4,1,3,3,3.0,N,,,,,,,,,,,
2021068080,1600.0,0,0,0,0,0,0,0,0,0,1,0,,67,7,2021,3,39.9579,-75.1622,1543.0,6,0,0,0,0,0,1,0,0,,0,0,0,15,1,0,0,N,0,39 57:28.494,,0,75 09:43.835,0,0,0,0,67301,0,0,0,N,0,0,0,5,68K01,0,,1,1,,N,N,N,0,,0,0,2,0,0,,1534,0,3,0,0,0,0,0,3,4,1,3,3,3.0,N,,,,,,,,,,,
2021037720,2100.0,1,0,0,0,0,0,0,0,0,4,0,,67,4,2021,2,39.9638,-75.1891,2100.0,6,0,0,0,0,0,0,0,0,,0,0,0,21,3,0,2,,0,39 57:49.605,,0,75 11:20.829,0,0,0,0,67301,0,0,0,N,0,0,0,1,67507,0,,1,1,,N,N,N,0,,0,0,1,0,0,,2100,0,2,0,0,0,0,0,3,4,0,2,3,3.0,N,,,,,,,,,,,
2021039338,2254.0,0,0,0,0,0,0,0,0,0,5,0,,67,4,2021,4,40.0512,-75.0507,2251.0,6,0,0,0,0,0,1,0,0,,0,0,0,22,3,7,0,N,0,40 03:04.427,,0,75 03:02.499,3,0,0,0,67301,0,0,0,N,0,0,0,7,67301,0,,1,1,,N,N,Y,0,,6,0,2,0,0,,2250,7,2,0,0,4,1,0,3,4,0,2,3,3.0,N,,,,,,,,,,,
2021041235,2120.0,1,0,0,0,0,0,0,0,0,7,0,,67,5,2021,7,39.9489,-75.142,2109.0,6,0,0,0,0,0,1,0,0,,0,0,0,21,3,1,0,N,2,39 56:55.881,2.0,0,75 08:31.085,8,0,0,0,67301,0,0,0,N,0,0,0,1,68K01,0,,4,1,15.0,N,N,N,0,,0,0,0,0,0,N,2107,1,1,0,0,0,1,0,3,4,0,1,3,,N,,,,,,,,,,,
2021038601,2000.0,0,0,0,0,0,0,0,0,0,8,0,,67,4,2021,3,39.9454,-75.2396,2000.0,6,0,0,0,0,0,1,0,0,,0,0,0,19,4,1,2,,0,39 56:43.267,,0,75 14:22.705,4,0,0,0,67301,1,0,0,N,1,0,0,2,67301,1,,1,1,,N,N,N,0,,0,0,1,0,0,,1958,1,2,0,0,0,0,0,3,4,0,1,3,3.0,N,,,,,,,,,,,
2021038463,1440.0,0,0,0,0,0,0,0,0,0,7,0,,67,4,2021,3,40.0722,-75.1928,1430.0,6,0,0,0,0,0,0,0,0,,0,0,0,14,1,1,0,N,0,40 04:19.800,,0,75 11:33.900,3,0,0,0,67301,0,0,0,N,0,0,0,1,67301,0,,4,1,,N,N,N,0,,1,0,1,0,0,,1415,1,1,0,0,0,0,0,3,4,0,1,3,,N,,,,,,,,,,,
2021041853,1300.0,1,0,0,0,0,0,0,0,0,8,0,,67,4,2021,5,39.9701,-75.2136,1257.0,6,0,0,0,0,0,0,1,0,,0,0,0,12,1,1,0,N,0,39 58:12.406,,0,75 12:48.991,3,0,0,0,67301,1,0,0,N,1,0,0,2,67301,0,,1,1,,N,N,N,0,,1,0,0,0,0,,1255,1,2,0,0,0,0,0,3,4,0,1,3,3.0,N,,,,,,,,,,,
2021038480,1410.0,0,0,0,0,0,0,0,0,0,6,0,,67,4,2021,2,39.9947,-75.1016,1405.0,6,0,0,0,0,0,0,0,0,,0,0,0,14,1,1,2,,0,39 59:41.092,,0,75 06:05.594,3,0,0,1,67301,0,0,0,N,0,0,0,2,67301,0,,1,1,,N,N,N,0,,1,0,1,0,0,,1401,1,2,0,0,0,0,0,3,4,0,2,3,3.0,N,,,,,,,,,,,
2021040016,1401.0,2,0,0,0,0,0,0,0,0,1,0,,67,4,2021,6,40.0266,-75.068,1353.0,6,0,0,0,0,0,2,0,0,,0,0,0,13,1,1,3,,0,40 01:35.682,,0,75 04:04.802,4,0,0,0,67301,0,0,0,N,0,0,0,3,67301,1,,1,1,,N,N,N,0,,0,0,0,3,2,,1352,1,2,0,0,0,0,0,3,4,0,2,3,3.0,N,,,,,,,,,,,
2021036989,640.0,2,0,0,0,0,0,0,0,0,4,0,,67,4,2021,6,39.9514,-75.2348,640.0,6,0,0,0,0,0,0,0,0,,0,0,0,6,1,0,1,,0,39 57:05.205,,0,75 14:05.438,0,0,0,0,67301,0,0,0,N,0,0,0,2,67301,0,,1,1,,N,N,N,0,,0,0,0,3,2,,623,0,2,0,0,0,0,0,3,4,0,2,3,3.0,N,,,,,,,,,,,