CRN,ARRIVAL_TM,AUTOMOBILE_COUNT,BELTED_DEATH_COUNT,BELTED_SUSP_SERIOUS_INJ_COUNT,BICYCLE_COUNT,BICYCLE_DEATH_COUNT,BICYCLE_SUSP_SERIOUS_INJ_COUNT,BUS_COUNT,CHLDPAS_DEATH_COUNT,CHLDPAS_SUSP_SERIOUS_INJ_COUNT,COLLISION_TYPE,COMM_VEH_COUNT,CONS_ZONE_SPD_LIM,COUNTY,CRASH_MONTH,CRASH_YEAR,DAY_OF_WEEK,DEC_LAT,DEC_LONG,DISPATCH_TM,DISTRICT,DRIVER_COUNT_16YR,DRIVER_COUNT_17YR,DRIVER_COUNT_18YR,DRIVER_COUNT_19YR,DRIVER_COUNT_20YR,DRIVER_COUNT_50_64YR,DRIVER_COUNT_65_74YR,DRIVER_COUNT_75PLUS,EST_HRS_CLOSED,FATAL_COUNT,HEAVY_TRUCK_COUNT,HORSE_BUGGY_COUNT,HOUR_OF_DAY,ILLUMINATION,INJURY_COUNT,INTERSECT_TYPE,INTERSECTION_RELATED,LANE_CLOSED,LATITUDE,LN_CLOSE_DIR,LOCATION_TYPE,LONGITUDE,MAX_SEVERITY_LEVEL,MCYCLE_DEATH_COUNT,MCYCLE_SUSP_SERIOUS_INJ_COUNT,MOTORCYCLE_COUNT,MUNICIPALITY,NONMOTR_COUNT,NONMOTR_DEATH_COUNT,NONMOTR_SUSP_SERIOUS_INJ_COUNT,NTFY_HIWY_MAINT,PED_COUNT,PED_DEATH_COUNT,PED_SUSP_SERIOUS_INJ_COUNT,PERSON_COUNT,POLICE_AGCY,POSSIBLE_INJ_COUNT,RDWY_SURF_TYPE_CD,RELATION_TO_ROAD,ROAD_CONDITION,ROADWAY_CLEARED,SCH_BUS_IND,SCH_ZONE_IND,SECONDARY_CRASH,SMALL_TRUCK_COUNT,SPEC_JURIS_CD,SUSP_MINOR_INJ_COUNT,SUSP_SERIOUS_INJ_COUNT,SUV_COUNT,TCD_FUNC_CD,TCD_TYPE,TFC_DETOUR_IND,TIME_OF_DAY,TOT_INJ_COUNT,TOTAL_UNITS,UNB_DEATH_COUNT,UNB_SUSP_SERIOUS_INJ_COUNT,UNBELTED_OCC_COUNT,UNK_INJ_DEG_COUNT,UNK_INJ_PER_COUNT,URBAN_AREA,URBAN_RURAL,VAN_COUNT,VEHICLE_COUNT,WEATHER1,WEATHER2,WORK_ZONE_IND,WORK_ZONE_LOC,WORK_ZONE_TYPE,WORKERS_PRES,WZ_CLOSE_DETOUR,WZ_FLAGGER,WZ_LAW_OFFCR_IND,WZ_LN_CLOSURE,WZ_MOVING,WZ_OTHER,WZ_SHLDER_MDN,WZ_WORKERS_INJ_KILLED
2021037197,1435.0,2,0,0,0,0,0,0,0,0,1,0,35.0,67,4,2021,7,39.9199,-75.1898,1434.0,6,0,0,0,0,0,1,0,0,,0,0,0,14,1,2,6,,0,39 55:11.712,,8,75 11:23.208,3,0,0,0,67301,0,0,0,N,0,0,0,3,67501,1,,1,1,,N,N,N,0,,1,0,0,3,3,,1434,2,2,0,0,0,0,0,3,4,0,2,3,3.0,Y,2.0,1.0,N,,,N,,,,Y,N
2021067628,1814.0,0,0,0,0,0,0,0,0,0,1,0,,67,7,2021,5,39.9719,-75.1225,1811.0,6,0,0,0,0,0,0,0,0,,0,0,0,18,1,1,0,N,1,39 58:18.889,1.0,0,75 07:20.972,8,0,0,0,67301,0,0,0,N,0,0,0,3,68K01,0,,1,1,1840.0,N,N,N,0,,0,0,2,3,8,N,1805,1,3,0,0,0,1,0,3,4,0,3,3,,N,,,,,,,,,,,
2021068336,2110.0,0,0,0,0,0,0,0,0,0,7,0,,67,7,2021,4,39.9686,-75.1289,2051.0,6,0,0,0,0,0,0,0,0,,0,0,0,20,3,0,0,N,2,39 58:06.938,2.0,0,75 07:43.902,0,0,0,0,67301,0,0,0,N,0,0,0,1,68K01,0,,3,9,2105.0,N,N,N,0,,0,0,1,0,0,N,2050,0,1,0,0,0,0,0,3,4,0,1,3,,N,,,,,,,,,,,
2021039306,1652.0,1,0,0,1,0,1,0,0,0,4,0,,67,4,2021,6,40.0227,-75.1335,1652.0,6,0,0,0,0,0,0,0,0,,0,0,0,12,1,1,1,,0,40 01:21.738,,0,75 08:00.643,2,0,0,0,67301,1,0,1,N,0,0,0,2,67301,0,,1,1,,N,N,N,0,,0,1,0,3,2,,1236,1,2,0,0,0,0,1,3,4,0,1,3,,N,,,,,,,,,,,
2021038600,1849.0,1,0,0,0,0,0,0,0,0,5,0,,67,4,2021,2,39.9226,-75.2356,1848.0,6,0,0,0,0,0,0,0,0,,0,0,0,18,1,1,0,N,0,39 55:21.500,,0,75 14:08.000,3,0,0,0,67301,0,0,0,N,0,0,0,1,67301,0,,6,1,,N,N,N,1,,1,0,0,0,0,,1846,1,2,0,0,0,0,0,3,4,0,2,3,,N,,,,,,,,,,,
2021039554,711.0,1,0,0,0,0,0,0,0,0,5,0,,67,5,2021,7,39.957,-75.2258,703.0,6,0,0,0,0,0,0,0,0,,0,0,0,6,1,1,0,N,0,39 57:25.218,,0,75 13:33.024,3,0,0,0,67301,0,0,0,N,0,0,0,2,67301,0,,6,1,,N,N,N,0,,1,0,0,0,0,,626,1,3,0,0,0,0,0,3,4,1,2,3,3.0,N,,,,,,,,,,,
2021039553,2006.0,1,0,0,0,0,0,0,0,0,8,0,,67,4,2021,3,39.9478,-75.2274,2002.0,6,0,0,0,0,0,0,0,0,,0,0,0,14,1,1,1,,0,39 56:52.000,,0,75 13:38.688,3,0,0,0,67301,1,0,0,N,1,0,0,2,67301,0,,1,1,,N,N,N,0,,1,0,0,3,2,,1430,1,2,0,0,0,0,0,3,4,0,1,3,3.0,N,,,,,,,,,,,
2021037267,615.0,1,0,0,0,0,0,0,0,0,7,0,,67,4,2021,7,39.9763,-75.1954,609.0,6,0,0,0,0,0,0,0,0,,0,0,0,5,1,0,0,N,1,39 58:34.624,3.0,0,75 11:43.506,0,0,0,0,67301,0,0,0,N,0,0,0,1,68K01,0,,4,1,625.0,N,N,N,0,,0,0,0,0,0,N,551,0,1,0,0,0,0,0,3,4,0,1,3,,N,,,,,,,,,,,
2021038609,1546.0,0,0,0,0,0,0,0,0,0,4,0,,67,4,2021,4,39.9973,-75.1803,1541.0,6,0,0,0,0,0,0,1,0,,0,0,0,14,1,2,1,,0,39 59:50.084,,0,75 10:48.666,3,0,0,0,67301,0,0,0,N,0,0,0,2,67301,0,,1,1,,N,N,N,0,,1,0,2,3,2,,1457,2,2,0,0,0,1,0,3,4,0,2,3,3.0,N,,,,,,,,,,,
2021036992,1102.0,3,0,0,0,0,0,0,0,0,4,0,,67,4,2021,6,40.044,-75.147,1055.0,6,0,0,0,0,0,0,1,0,,0,0,0,10,1,1,1,,0,40 02:38.482,,0,75 08:49.059,8,0,0,0,67301,0,0,0,N,0,0,0,3,67301,0,,1,1,,N,N,N,0,,0,0,1,3,3,,1033,1,4,0,0,0,1,0,3,4,0,4,3,3.0,N,,,,,,,,,,,
2021041069,1247.0,2,0,0,0,0,0,0,0,0,5,0,,67,5,2021,7,40.0599,-75.1501,1247.0,6,0,0,0,0,0,1,0,0,,0,0,0,17,1,1,1,,0,40 03:35.463,,0,75 09:00.467,8,0,0,0,67301,0,0,0,N,0,0,0,2,67301,0,,1,1,,N,N,N,0,,0,0,0,3,2,,1730,1,2,0,0,0,1,1,3,4,0,2,3,98.0,N,,,,,,,,,,,
2021038597,1246.0,0,0,0,0,0,0,0,0,0,4,0,,67,4,2021,2,39.9012,-75.2403,1246.0,6,0,0,1,0,0,0,0,0,,0,0,0,12,1,1,1,,0,39 54:04.200,,7,75 14:25.200,4,0,0,0,67301,0,0,0,N,0,0,0,2,67301,1,,1,1,,N,N,N,0,,0,0,2,3,3,,1246,1,2,0,0,0,0,0,3,4,0,2,3,3.0,N,,,,,,,,,,,
2021067435,1959.0,1,0,0,0,0,0,0,0,0,7,0,,67,7,2021,2,40.0331,-75.0208,1959.0,6,0,0,0,0,0,0,0,0,,0,0,0,19,1,0,0,N,1,40 01:59.003,2.0,3,75 01:14.742,9,0,0,0,67301,0,0,0,N,0,0,0,1,68K01,0,,4,8,2029.0,N,N,N,0,,0,0,0,0,0,N,1937,0,1,0,0,0,0,1,3,4,0,1,7,,N,,,,,,,,,,,
2021038502,415.0,0,0,0,0,0,0,0,0,0,8,0,,67,4,2021,4,40.0241,-75.1799,408.0,6,0,0,0,0,0,0,0,0,,0,0,0,4,3,1,2,,0,40 01:26.647,,0,75 10:47.500,2,0,0,0,67301,1,0,1,N,1,0,1,2,67301,0,,1,1,,N,N,N,0,,0,1,0,0,0,,403,1,2,0,0,0,0,0,3,4,0,1,3,3.0,N,,,,,,,,,,,
2021037553,1557.0,1,0,0,0,0,0,0,0,0,1,0,,67,4,2021,7,40.023,-75.0361,1543.0,6,0,0,0,0,0,0,1,0,,0,0,0,15,1,0,0,N,0,40 01:22.874,,0,75 02:10.085,0,0,0,0,67301,0,0,0,N,0,0,0,5,68K01,0,,1,1,,N,N,N,1,,0,0,1,0,0,,1541,0,3,0,0,0,0,0,3,4,0,3,3,,N,,,,,,,,,,,
2021067454,420.0,0,0,0,0,0,0,0,0,0,1,0,,67,7,2021,1,39.9976,-75.0816,415.0,6,0,0,0,0,0,0,0,0,,0,0,0,3,3,0,7,N,1,39 59:51.182,1.0,2,75 04:53.908,9,0,0,0,67301,0,0,0,N,0,0,0,2,68K01,0,,1,9,504.0,N,N,N,0,,0,0,2,0,0,N,355,0,2,0,0,0,0,2,3,4,0,2,3,,N,,,,,,,,,,,
2021038479,1557.0,1,0,0,0,0,0,0,0,0,8,0,,67,4,2021,3,39.9972,-75.1802,1555.0,6,0,0,0,0,0,0,0,0,,0,0,0,15,1,1,1,,0,39 59:50.084,,0,75 10:48.666,3,0,0,0,67301,1,0,0,N,1,0,0,2,67301,0,,1,1,,N,N,N,0,,1,0,0,3,2,,1545,1,2,0,0,0,0,0,3,4,0,1,3,3.0,N,,,,,,,,,,,
2021068399,751.0,1,0,0,0,0,0,0,0,0,5,1,45.0,67,7,2021,3,40.0108,-75.0625,740.0,6,0,0,0,0,0,0,0,0,,0,1,0,7,1,0,0,N,0,40 00:38.704,,0,75 03:45.016,0,0,0,0,67301,0,0,0,N,0,0,0,2,68K01,0,,1,1,,N,N,N,0,,0,0,0,0,0,,737,0,2,0,0,0,0,0,3,4,0,2,3,,Y,4.0,1.0,Y,N,N,N,N,N,Y,Y,N
2021037077,1155.0,2,0,0,0,0,0,0,0,0,4,0,,67,4,2021,6,40.0389,-75.0349,1150.0,6,0,0,0,0,1,0,0,1,,0,0,0,11,1,1,2,,0,40 02:20.018,,0,75 02:05.687,8,0,0,0,67301,0,0,0,N,0,0,0,2,67301,0,,1,1,,N,N,N,0,,0,0,0,3,3,,1145,1,2,0,0,0,1,0,3,4,0,2,3,3.0,N,,,,,,,,,,,
2021039649,252.0,2,0,0,0,0,0,0,0,0,5,0,,67,4,2021,6,39.9617,-75.2256,252.0,6,0,0,0,0,0,0,0,0,,0,0,0,2,3,0,0,N,0,39 57:42.110,,0,75 13:32.170,0,0,0,0,67301,0,0,0,N,0,0,0,1,67301,0,,6,9,,N,N,N,0,,0,0,1,0,0,,236,0,4,0,0,0,0,0,3,4,1,4,7,7.0,N,,,,,,,,,,,
2021067624,1606.0,1,0,0,0,0,0,0,0,0,1,0,,67,7,2021,4,39.9793,-75.204,1603.0,6,0,0,0,0,0,0,1,0,,0,0,0,15,1,2,0,N,0,39 58:45.549,,0,75 12:14.477,3,0,0,0,67301,0,0,0,N,0,0,0,5,68K01,0,,1,1,,N,N,N,0,,1,0,1,3,8,,1559,2,3,0,0,0,1,2,3,4,0,3,3,,N,,,,,,,,,,,
2021056158,245.0,1,0,0,0,0,0,0,0,0,4,0,,67,4,2021,4,39.957,-75.2255,245.0,6,0,0,0,0,0,1,0,0,,0,0,0,2,3,2,1,,0,39 57:25.067,,0,75 13:31.807,8,0,0,0,67301,0,0,0,N,0,0,0,3,67301,0,,1,1,,N,N,N,0,,0,0,1,3,2,,244,2,2,0,0,3,2,0,3,4,0,2,3,3.0,N,,,,,,,,,,,
2021068238,2141.0,1,0,0,0,0,0,0,0,0,4,0,,67,7,2021,3,40.0042,-75.0766,2141.0,6,0,0,0,0,0,1,0,0,,0,0,0,21,2,0,0,N,2,40 00:15.163,1.0,0,75 04:35.676,0,0,0,0,67301,0,0,0,N,0,0,0,3,68K01,0,,1,1,2159.0,N,N,N,0,,0,0,1,3,8,N,2141,0,2,0,0,0,0,0,3,4,0,2,3,,N,,,,,,,,,,,
2021037480,2340.0,2,0,0,0,0,0,0,0,0,4,0,,67,4,2021,7,40.0227,-75.1482,2338.0,6,0,0,0,0,0,0,0,0,,0,0,0,23,3,0,5,,0,40 01:22.197,,0,75 08:53.823,9,0,0,0,67301,0,0,0,N,0,0,0,3,67301,0,,1,1,,N,N,N,0,,0,0,0,3,2,,2330,0,2,0,0,2,0,2,3,4,0,2,3,3.0,N,,,,,,,,,,,
2021039048,1849.0,2,0,0,0,0,0,0,0,0,5,0,,67,4,2021,4,39.9594,-75.147,1848.0,6,0,0,0,0,0,0,0,0,,0,0,0,18,1,0,0,N,1,39 57:33.942,1.0,0,75 08:49.159,0,0,0,0,67301,0,0,0,N,0,0,0,2,67301,0,,1,1,1940.0,N,N,N,0,,0,0,0,0,0,N,1814,0,2,0,0,0,0,0,3,4,0,2,3,3.0,N,,,,,,,,,,,
2021039847,1342.0,1,0,0,0,0,0,0,0,0,1,0,,67,4,2021,6,39.9835,-75.0979,1332.0,6,0,0,0,0,0,0,1,0,,0,0,0,13,1,0,0,N,1,39 59:00.723,2.0,3,75 05:52.471,0,0,0,0,67301,0,0,0,N,0,0,0,4,68K01,0,,1,1,1424.0,N,N,N,1,,0,0,2,0,0,N,1330,0,4,0,0,0,0,0,3,4,0,4,3,3.0,N,,,,,,,,,,,
2021041960,1315.0,3,0,0,0,0,0,0,0,0,5,0,,67,4,2021,6,39.9934,-75.1255,1315.0,6,0,0,0,0,0,0,0,0,,0,0,0,13,1,2,0,N,2,39 59:36.100,6.0,0,75 07:31.870,3,0,0,0,67301,1,0,0,N,0,0,0,2,67301,0,,6,1,1457.0,N,N,N,0,,2,0,0,0,0,Y,1315,2,3,0,0,0,0,0,3,4,0,3,3,,N,,,,,,,,,,,
2021041075,1527.0,1,0,0,0,0,0,0,0,0,8,0,,67,4,2021,6,40.038,-75.0377,1526.0,6,0,0,0,0,0,0,0,0,,0,0,0,15,1,1,0,N,0,40 02:16.622,,0,75 02:15.792,3,0,0,0,67301,1,0,0,N,1,0,0,2,67301,0,,1,1,,N,N,N,0,,1,0,0,0,0,,1525,1,2,0,0,0,0,0,3,4,0,1,3,3.0,N,,,,,,,,,,,
2021038501,1810.0,2,0,0,0,0,0,0,0,0,1,0,,67,4,2021,3,40.0162,-75.1757,1802.0,6,0,0,0,0,0,1,0,0,,0,0,0,18,1,3,0,N,0,40 00:58.251,,3,75 10:32.416,4,0,0,0,67301,0,0,0,N,0,0,0,7,67301,3,,1,1,,N,N,N,1,,0,0,0,0,0,,1800,3,3,0,0,7,0,0,3,4,0,3,3,3.0,N,,,,,,,,,,,
2021067071,2326.0,1,0,0,0,0,0,0,0,0,1,0,,67,7,2021,6,39.9854,-75.2082,2314.0,6,0,0,0,0,0,0,0,0,,0,0,0,22,3,1,6,N,0,39 59:07.393,,2,75 12:29.417,3,0,0,0,67301,0,0,0,N,0,0,0,2,68K01,0,,1,1,,N,N,N,0,,1,0,1,3,2,,2256,1,2,0,0,0,0,1,3,4,0,2,3,,N,,,,,,,,,,,
2021039549,1530.0,2,0,0,0,0,0,0,0,0,1,0,,67,4,2021,2,40.0341,-75.2083,1520.0,6,0,0,0,0,0,0,1,0,,0,0,0,14,1,0,2,,0,40 02:02.689,,0,75 12:30.292,0,0,0,0,67301,0,0,0,N,0,0,0,2,67301,0,,1,1,,N,N,N,0,,0,0,0,3,2,,1439,0,2,0,0,0,0,0,3,4,0,2,3,3.0,N,,,,,,,,,,,
2021038476,2143.0,1,0,0,0,0,0,0,0,0,4,0,,67,4,2021,2,39.9777,-75.1614,2142.0,6,0,0,0,0,0,0,0,0,,0,0,0,21,3,0,1,,0,39 58:39.733,,0,75 09:41.198,0,0,0,0,67301,0,0,0,N,0,0,0,2,67301,0,,1,1,,N,N,N,0,,0,0,1,3,2,,2135,0,2,0,0,2,0,0,3,4,0,2,3,,N,,,,,,,,,,,
2021021102,2127.0,3,0,0,0,0,0,0,0,0,5,0,,67,2,2021,7,39.9911,-75.2481,2124.0,6,0,0,0,0,0,0,0,0,,0,0,0,21,3,1,0,N,2,39 59:28.068,2.0,0,75 14:53.073,3,0,0,0,67301,0,0,0,Y,0,0,0,3,46104,0,,1,1,2150.0,N,N,Y,0,,1,0,0,0,0,N,2124,1,3,0,0,0,0,0,3,4,0,3,3,,N,,,,,,,,,,,
2021036073,1905.0,1,0,0,0,0,0,0,0,0,7,0,,67,4,2021,3,39.9746,-75.1738,1855.0,6,0,0,0,0,0,0,0,0,,0,0,0,18,1,1,2,,0,39 58:28.732,,0,75 10:25.622,8,0,0,0,67301,0,0,0,N,0,0,0,1,67301,0,,4,1,,N,N,N,0,,0,0,0,0,0,,1850,1,1,0,0,0,1,0,3,4,0,1,3,3.0,N,,,,,,,,,,,
2021064252,717.0,0,0,0,0,0,0,0,0,0,8,0,,67,7,2021,7,40.0446,-75.1633,717.0,6,0,0,0,0,0,0,0,0,,0,0,0,7,1,1,2,,0,40 02:40.409,,0,75 09:48.012,3,0,0,0,67301,1,0,0,N,1,0,0,1,67301,0,,1,1,,N,N,N,0,,1,0,1,0,0,,715,1,2,0,0,0,0,0,3,4,0,1,3,,N,,,,,,,,,,,
2021036443,2335.0,2,0,0,0,0,0,0,0,0,5,0,,67,4,2021,4,39.9632,-75.1874,2335.0,6,0,0,0,0,0,0,0,0,,0,0,0,23,3,0,0,N,1,39 57:47.400,1.0,0,75 11:14.600,0,0,0,0,67301,0,0,0,N,0,0,0,1,67507,0,,6,1,10.0,N,N,Y,0,,0,0,3,0,0,N,2335,0,7,0,0,1,0,0,3,4,2,7,3,3.0,N,,,,,,,,,,,
2021038494,2345.0,0,0,0,0,0,0,0,0,0,8,0,,67,4,2021,3,39.9882,-75.1285,2333.0,6,0,0,0,0,0,0,0,0,,0,0,0,23,3,1,2,,0,39 59:17.426,,1,75 07:42.520,3,0,0,0,67301,1,0,0,N,1,0,0,2,67301,0,,1,1,,N,N,N,0,,1,0,0,0,0,,2315,1,2,0,0,0,0,0,3,4,1,1,3,3.0,N,,,,,,,,,,,
2021037385,1825.0,1,0,0,0,0,0,0,0,0,4,0,,67,4,2021,1,40.0159,-75.1538,1820.0,6,0,0,0,0,0,1,0,0,,0,0,0,18,1,3,1,,1,40 00:57.144,5.0,0,75 09:13.828,3,0,0,0,67301,0,0,0,N,0,0,0,4,67301,1,,1,1,1845.0,N,N,N,0,,2,0,2,3,2,N,1805,3,3,0,0,1,0,0,3,4,0,3,3,3.0,N,,,,,,,,,,,
2021038213,1851.0,0,0,0,0,0,0,0,0,0,7,0,,67,4,2021,3,39.8876,-75.2165,1841.0,6,0,0,0,0,0,0,0,0,,0,0,0,18,1,0,0,N,0,39 53:15.442,,3,75 12:59.385,9,0,0,0,67301,0,0,0,N,0,0,0,1,68K01,0,,1,1,,N,N,N,0,,0,0,1,0,0,,1817,0,1,0,0,0,0,1,3,4,0,1,3,,N,,,,,,,,,,,
2021037185,1310.0,2,0,0,0,0,0,0,0,0,4,0,,67,4,2021,6,40.0523,-75.1516,1310.0,6,0,1,0,0,0,0,0,0,,0,0,0,15,1,1,1,,0,40 03:08.176,,0,75 09:05.927,8,0,0,0,67301,0,0,0,N,0,0,0,3,67301,0,,1,1,,N,N,N,0,,0,0,0,3,3,,1500,1,2,0,0,0,1,0,3,4,0,2,3,3.0,N,,,,,,,,,,,
2021038478,930.0,2,0,0,0,0,0,0,0,0,4,0,,67,4,2021,3,39.9888,-75.187,926.0,6,0,0,0,0,0,1,0,0,,0,0,0,9,1,1,1,,0,39 59:19.512,,0,75 11:13.337,4,0,0,0,67301,0,0,0,N,0,0,0,2,67301,1,,1,1,,N,N,N,0,,0,0,0,3,2,,920,1,2,0,0,0,0,1,3,4,0,2,3,3.0,N,,,,,,,,,,,
2021038465,1100.0,0,0,0,0,0,0,0,0,0,5,0,,67,4,2021,4,40.0381,-75.1767,1100.0,6,0,0,0,0,0,0,0,0,,0,0,0,10,1,1,0,N,0,40 02:17.110,,0,75 10:36.001,3,0,0,0,67301,1,0,0,N,1,0,0,2,67301,0,,1,1,,N,N,N,0,,1,0,2,0,0,,1055,1,3,0,0,0,0,0,3,4,0,2,3,,N,,,,,,,,,,,
2021037294,1705.0,2,0,0,0,0,0,0,0,0,6,0,,67,4,2021,7,40.0728,-75.0757,1653.0,6,0,0,0,0,0,0,0,0,,0,0,0,15,1,1,0,N,1,40 04:22.110,3.0,0,75 04:32.648,3,0,0,0,67301,0,0,0,N,0,0,0,3,67301,0,,1,1,100.0,N,N,N,0,,1,0,1,0,0,N,1500,1,3,0,0,0,0,0,3,4,0,3,3,3.0,N,,,,,,,,,,,
2021038155,945.0,1,0,0,0,0,0,0,0,0,5,0,,67,4,2021,4,39.9796,-75.1649,945.0,6,0,0,0,0,0,0,0,0,,0,0,0,9,1,0,0,N,0,39 58:46.533,,0,75 09:53.695,0,0,0,0,67301,0,0,0,N,0,0,0,1,67505,0,,6,1,,N,N,N,0,,0,0,1,0,0,,945,0,2,0,0,0,0,0,3,4,0,2,3,3.0,N,,,,,,,,,,,
2021069338,920.0,1,0,0,0,0,0,0,0,0,1,0,,67,7,2021,2,39.9568,-75.1533,848.0,6,0,0,0,0,0,0,1,0,,0,0,0,8,1,0,0,N,0,39 57:24.638,,0,75 09:11.746,0,0,0,0,67301,0,0,0,N,0,0,0,2,68K01,0,,1,1,,N,N,N,0,,0,0,1,0,0,,835,0,2,0,0,0,0,0,3,4,0,2,3,,N,,,,,,,,,,,
2021069086,1604.0,1,0,0,0,0,0,0,0,0,1,0,,67,7,2021,5,39.9583,-75.1804,1541.0,6,0,0,0,0,0,0,0,0,,0,0,0,15,1,2,7,N,2,39 57:30.041,4.0,2,75 10:49.395,3,0,0,0,67301,0,0,0,N,0,0,0,4,68K01,0,,1,1,1610.0,N,N,N,0,,2,0,2,0,0,Y,1537,2,3,0,0,0,0,0,3,4,0,3,3,,N,,,,,,,,,,,
2021039381,56.0,1,0,0,0,0,0,0,0,0,4,0,,67,5,2021,1,39.9526,-75.1485,56.0,6,0,0,0,0,0,0,0,0,,0,0,0,0,3,1,1,,2,39 57:09.282,1.0,0,75 08:54.470,3,0,0,0,67301,0,0,0,N,0,0,0,3,67301,0,,1,1,300.0,N,N,N,0,,1,0,1,3,2,Y,56,1,2,0,0,0,0,0,3,4,0,2,3,,N,,,,,,,,,,,
2021039898,1623.0,2,0,0,0,0,0,0,0,0,2,0,,67,5,2021,1,39.9901,-75.1615,1623.0,6,0,0,0,0,0,0,0,0,,0,0,0,16,1,0,0,N,0,39 59:24.500,,0,75 09:41.300,0,0,0,0,67301,0,0,0,N,0,0,0,1,67301,0,,6,1,,N,N,N,0,,0,0,1,0,0,,1622,0,4,0,0,0,0,0,3,4,1,4,3,98.0,N,,,,,,,,,,,
2021069708,205.0,0,0,0,0,0,0,0,0,0,4,0,,67,7,2021,7,40.0638,-75.1729,202.0,6,0,0,0,0,0,1,0,0,,1,0,0,1,3,0,1,N,2,40 03:49.709,7.0,0,75 10:22.442,1,1,0,1,67301,0,0,0,N,0,0,0,3,67301,0,2.0,1,1,530.0,N,N,N,0,0.0,0,0,1,3,2,Y,155,0,2,0,0,1,0,0,3,4,0,2,3,3.0,N,,,,,,,,,,,
2021035425,123.0,4,0,0,0,0,0,0,0,0,5,0,,67,4,2021,3,39.9863,-75.1612,122.0,6,0,0,0,0,0,0,0,0,,0,0,0,1,3,0,0,N,2,39 59:10.800,2.0,0,75 09:40.200,0,0,0,0,67301,0,0,0,N,0,0,0,1,67505,0,,6,1,230.0,N,N,N,0,,0,0,1,0,0,N,120,0,5,0,0,0,0,0,3,4,0,5,98,3.0,N,,,,,,,,,,,
2021064407,1.0,1,0,0,0,0,0,0,0,0,1,0,,67,6,2021,2,40.0147,-75.1781,2356.0,6,0,0,0,0,0,0,0,0,,1,0,0,23,3,0,0,N,2,40 00:52.836,2.0,0,75 10:40.997,1,1,0,1,67301,0,0,0,N,0,0,0,2,67301,0,2.0,1,1,150.0,N,N,N,0,0.0,0,0,0,0,0,Y,2354,0,2,0,0,0,0,0,3,4,0,2,3,3.0,N,,,,,,,,,,,
2021035562,54.0,1,0,0,0,0,0,0,0,0,4,0,,67,4,2021,7,40.0286,-75.0791,52.0,6,0,0,0,0,0,0,0,0,,0,0,0,0,3,1,1,,1,40 01:42.866,3.0,0,75 04:44.633,3,0,0,0,67301,0,0,0,N,0,0,0,2,67301,0,,1,1,145.0,N,N,N,0,,1,0,0,3,3,N,35,1,2,0,0,0,0,1,3,4,0,2,3,,N,,,,,,,,,,,
2021068059,1327.0,0,0,0,0,0,0,0,0,0,1,2,55.0,67,7,2021,4,39.8963,-75.1914,1302.0,6,0,0,0,0,0,0,0,0,,0,0,0,12,1,0,0,N,1,39 53:46.667,1.0,3,75 11:28.985,0,0,0,0,67301,0,0,0,N,0,0,0,4,68K01,0,,1,1,30.0,N,N,N,2,,0,0,0,0,0,N,1238,0,2,0,0,0,0,0,3,4,0,2,5,,Y,4.0,2.0,Y,N,N,Y,Y,Y,N,Y,N
2021037409,2010.0,4,0,0,0,0,0,0,0,0,4,0,,67,4,2021,1,40.0444,-75.1435,2005.0,6,0,0,0,0,0,1,0,0,,0,0,0,20,3,3,1,,2,40 02:39.937,2.0,0,75 08:36.816,3,0,0,0,67301,0,0,0,N,0,0,0,4,67301,0,,1,1,2100.0,N,N,Y,0,,3,0,0,3,2,Y,2000,3,4,0,0,2,0,1,3,4,0,4,3,,N,,,,,,,,,,,
2021037155,1501.0,1,0,0,1,0,0,0,0,0,4,0,,67,4,2021,6,40.0368,-75.0407,1500.0,6,0,0,0,0,0,0,0,0,,0,0,0,21,3,1,1,,0,40 02:12.310,,0,75 02:26.659,8,0,0,0,67301,1,0,0,N,0,0,0,2,67301,0,,1,1,,N,N,N,0,,0,0,0,3,2,,2100,1,2,0,0,0,1,0,3,4,0,1,3,3.0,N,,,,,,,,,,,
2021067920,1852.0,1,0,0,0,0,0,0,0,0,1,0,,67,6,2021,6,39.957,-75.1531,1842.0,6,0,0,0,0,0,0,0,0,,0,0,0,16,1,0,0,N,1,39 57:25.113,4.0,0,75 09:11.219,0,0,0,0,67301,0,0,0,N,0,0,0,2,68K01,0,,1,1,1705.0,N,N,N,0,,0,0,1,0,0,N,1638,0,2,0,0,1,0,0,3,4,0,2,3,,N,,,,,,,,,,,
2021038766,1630.0,1,0,0,0,0,0,0,0,0,4,0,,67,4,2021,3,40.0537,-75.1414,1630.0,6,0,0,0,0,0,0,0,0,,0,0,0,16,4,1,5,,0,40 03:12.905,,0,75 08:29.228,3,0,0,0,67301,0,0,0,N,0,0,0,2,67301,0,,1,99,,N,N,N,0,,1,0,1,3,2,,1615,1,2,0,0,0,0,1,3,4,0,2,99,,N,,,,,,,,,,,
2021069179,639.0,1,0,0,0,0,0,0,0,0,1,0,,67,7,2021,5,39.9701,-75.1259,634.0,6,0,0,0,0,0,0,0,0,,0,0,0,6,1,0,0,N,0,39 58:12.280,,0,75 07:33.321,0,0,0,0,67301,0,0,0,N,0,0,0,2,68K01,0,,1,1,,N,N,N,0,,0,0,1,0,0,,634,0,2,0,0,0,0,0,3,4,0,2,3,,N,,,,,,,,,,,