CRN,ARRIVAL_TM,AUTOMOBILE_COUNT,BELTED_DEATH_COUNT,BELTED_SUSP_SERIOUS_INJ_COUNT,BICYCLE_COUNT,BICYCLE_DEATH_COUNT,BICYCLE_SUSP_SERIOUS_INJ_COUNT,BUS_COUNT,CHLDPAS_DEATH_COUNT,CHLDPAS_SUSP_SERIOUS_INJ_COUNT,COLLISION_TYPE,COMM_VEH_COUNT,CONS_ZONE_SPD_LIM,COUNTY,CRASH_MONTH,CRASH_YEAR,DAY_OF_WEEK,DEC_LAT,DEC_LONG,DISPATCH_TM,DISTRICT,DRIVER_COUNT_16YR,DRIVER_COUNT_17YR,DRIVER_COUNT_18YR,DRIVER_COUNT_19YR,DRIVER_COUNT_20YR,DRIVER_COUNT_50_64YR,DRIVER_COUNT_65_74YR,DRIVER_COUNT_75PLUS,EST_HRS_CLOSED,FATAL_COUNT,HEAVY_TRUCK_COUNT,HORSE_BUGGY_COUNT,HOUR_OF_DAY,ILLUMINATION,INJURY_COUNT,INTERSECT_TYPE,INTERSECTION_RELATED,LANE_CLOSED,LATITUDE,LN_CLOSE_DIR,LOCATION_TYPE,LONGITUDE,MAX_SEVERITY_LEVEL,MCYCLE_DEATH_COUNT,MCYCLE_SUSP_SERIOUS_INJ_COUNT,MOTORCYCLE_COUNT,MUNICIPALITY,NONMOTR_COUNT,NONMOTR_DEATH_COUNT,NONMOTR_SUSP_SERIOUS_INJ_COUNT,NTFY_HIWY_MAINT,PED_COUNT,PED_DEATH_COUNT,PED_SUSP_SERIOUS_INJ_COUNT,PERSON_COUNT,POLICE_AGCY,POSSIBLE_INJ_COUNT,RDWY_SURF_TYPE_CD,RELATION_TO_ROAD,ROAD_CONDITION,ROADWAY_CLEARED,SCH_BUS_IND,SCH_ZONE_IND,SECONDARY_CRASH,SMALL_TRUCK_COUNT,SPEC_JURIS_CD,SUSP_MINOR_INJ_COUNT,SUSP_SERIOUS_INJ_COUNT,SUV_COUNT,TCD_FUNC_CD,TCD_TYPE,TFC_DETOUR_IND,TIME_OF_DAY,TOT_INJ_COUNT,TOTAL_UNITS,UNB_DEATH_COUNT,UNB_SUSP_SERIOUS_INJ_COUNT,UNBELTED_OCC_COUNT,UNK_INJ_DEG_COUNT,UNK_INJ_PER_COUNT,URBAN_AREA,URBAN_RURAL,VAN_COUNT,VEHICLE_COUNT,WEATHER1,WEATHER2,WORK_ZONE_IND,WORK_ZONE_LOC,WORK_ZONE_TYPE,WORKERS_PRES,WZ_CLOSE_DETOUR,WZ_FLAGGER,WZ_LAW_OFFCR_IND,WZ_LN_CLOSURE,WZ_MOVING,WZ_OTHER,WZ_SHLDER_MDN,WZ_WORKERS_INJ_KILLED
2021070904,1600.0,1,0,0,0,0,0,0,0,0,7,0,,67,7,2021,4,39.9206,-75.148,1543.0,6,0,0,0,1,0,0,0,0,,0,0,0,15,1,0,0,N,1,39 55:14.128,1.0,0,75 08:52.627,0,0,0,0,67301,0,0,0,N,0,0,0,1,68K01,0,,4,1,1608.0,N,N,N,0,,0,0,0,0,0,N,1540,0,1,0,0,0,0,0,3,4,0,1,3,3.0,N,,,,,,,,,,,
2021041371,1015.0,2,0,0,0,0,0,0,0,0,4,0,,67,5,2021,6,39.9141,-75.1497,1011.0,6,0,0,0,0,0,0,0,0,,0,0,0,10,1,2,0,N,1,39 54:50.684,4.0,7,75 08:58.835,3,0,0,0,67301,0,0,0,N,0,0,0,2,67301,0,,1,1,1035.0,N,N,N,0,,2,0,0,0,0,N,1010,2,2,0,0,0,0,0,3,4,0,2,3,,N,,,,,,,,,,,
2021045463,1200.0,1,0,0,0,0,0,0,0,0,4,0,,67,5,2021,1,40.0042,-75.0994,1200.0,6,0,0,0,0,0,0,0,0,,0,0,0,8,3,1,1,,0,40 00:15.118,,1,75 05:57.764,2,0,1,1,67301,0,0,0,N,0,0,0,2,67301,0,,1,1,,N,N,N,0,,0,1,0,3,1,,830,1,2,0,0,0,0,0,3,4,0,2,3,,N,,,,,,,,,,,
2021041088,1300.0,0,0,0,0,0,0,0,0,0,5,0,,67,5,2021,1,39.9941,-75.1263,1253.0,6,0,0,0,0,0,0,0,0,,0,0,0,12,1,0,0,N,2,39 59:38.700,1.0,0,75 07:34.570,0,0,0,0,67301,7,0,0,N,0,0,0,8,67301,0,,6,1,1430.0,N,N,N,0,,0,0,2,0,0,Y,1244,0,2,0,0,0,0,0,3,4,0,2,3,3.0,N,,,,,,,,,,,
2021069858,1044.0,2,0,0,0,0,0,0,0,0,5,2,,67,7,2021,5,39.9373,-75.1918,1041.0,6,0,0,0,0,0,0,0,0,,0,2,0,10,1,1,0,N,0,39 56:14.140,,0,75 11:30.530,3,0,0,0,67301,0,0,0,N,0,0,0,4,67301,0,,1,1,,N,N,N,0,,1,0,2,0,0,,1039,1,6,0,0,0,0,0,3,4,0,6,3,3.0,N,,,,,,,,,,,
2021036190,6.0,1,0,0,0,0,0,0,0,0,7,0,,67,4,2021,1,39.9008,-75.1541,6.0,6,0,0,0,0,0,0,0,0,,0,0,0,0,3,1,0,N,1,39 54:03.045,2.0,3,75 09:14.791,3,0,0,0,67301,0,0,0,N,0,0,0,2,68K01,0,,3,1,9.0,N,N,N,0,,1,0,0,0,0,N,4,1,1,0,0,0,0,0,3,4,0,1,3,,N,,,,,,,,,,,
2021036599,1233.0,2,0,0,0,0,0,0,0,0,1,0,,67,4,2021,5,40.0448,-75.1434,1232.0,6,0,0,0,1,0,0,0,0,,0,0,0,11,1,0,0,N,0,40 02:41.293,,7,75 08:36.121,0,0,0,0,67301,0,0,0,N,0,0,0,2,67301,0,,1,1,,N,N,N,0,,0,0,0,0,0,,1130,0,2,0,0,0,0,0,3,4,0,2,4,4.0,N,,,,,,,,,,,
2021064410,10.0,1,0,0,0,0,0,0,0,0,5,0,,67,7,2021,5,40.0142,-75.1575,7.0,6,0,0,0,0,0,1,0,0,,0,0,0,0,3,1,0,N,1,40 00:51.117,3.0,0,75 09:26.859,3,0,0,0,67301,0,0,0,N,0,0,0,1,67301,0,,6,1,1255.0,N,N,N,0,,1,0,1,0,0,Y,5,1,2,0,0,0,0,0,3,4,0,2,3,,N,,,,,,,,,,,
2021041586,509.0,0,0,0,0,0,0,0,0,0,4,0,,67,4,2021,5,40.0105,-75.1362,507.0,6,0,0,0,0,0,1,0,0,,0,0,0,4,3,0,1,,0,40 00:37.695,,0,75 08:10.222,0,0,0,0,67301,0,0,0,N,0,0,0,2,67301,0,,1,1,,N,N,N,1,,0,0,0,3,3,,444,0,2,0,0,0,0,0,3,4,1,2,3,3.0,N,,,,,,,,,,,
2021038593,1620.0,0,0,0,0,0,0,0,0,0,5,1,,67,4,2021,6,39.9173,-75.2138,1610.0,6,0,0,0,0,0,0,0,0,,0,1,0,11,1,1,0,N,0,39 55:02.276,,0,75 12:49.518,3,0,0,1,67301,0,0,0,N,0,0,0,2,67301,0,,1,1,,N,N,N,0,,1,0,0,0,0,,1115,1,2,0,0,0,0,0,3,4,0,2,3,,N,,,,,,,,,,,
2021036075,1655.0,2,0,0,0,0,0,0,0,0,1,0,,67,4,2021,6,40.0151,-75.136,1648.0,6,0,0,0,1,0,0,0,0,,0,0,0,16,1,0,0,N,0,40 00:54.500,,0,75 08:09.700,0,0,0,0,67301,0,0,0,N,0,0,0,2,67301,0,,1,2,,N,N,N,0,,0,0,1,0,0,,1647,0,3,0,0,0,0,0,3,4,0,3,4,,N,,,,,,,,,,,
2021037303,1752.0,1,0,0,0,0,0,0,0,0,4,0,,67,4,2021,6,40.0121,-75.1125,1743.0,6,0,1,0,0,0,0,0,0,,0,0,0,17,1,1,0,N,0,40 00:43.630,,7,75 06:45.140,3,0,0,0,67301,0,0,0,N,0,0,0,3,67301,0,,1,1,,N,N,N,0,,1,0,1,0,0,,1732,1,2,0,0,0,0,0,3,4,0,2,3,3.0,N,,,,,,,,,,,
2021065443,1418.0,1,0,0,0,0,0,0,0,0,1,0,,67,7,2021,1,39.9582,-75.1643,1405.0,6,0,0,0,0,0,0,0,0,,0,0,0,13,1,1,0,N,1,39 57:29.456,4.0,1,75 09:51.419,4,0,0,0,67301,0,0,0,N,0,0,0,3,68K01,1,,1,1,20.0,N,N,N,0,,0,0,1,0,0,N,1349,1,2,0,0,0,0,0,3,4,0,2,3,,N,,,,,,,,,,,
2021041582,2219.0,1,0,0,0,0,0,0,0,0,4,0,,67,4,2021,7,40.0,-75.1405,2219.0,6,0,0,0,0,0,0,0,0,,0,0,0,21,3,1,1,,0,39 59:59.964,,3,75 08:25.794,4,0,0,1,67301,0,0,0,N,0,0,0,4,67301,1,,1,1,,N,N,N,0,,0,0,0,3,2,,2107,1,2,0,0,0,0,0,3,4,0,2,3,3.0,N,,,,,,,,,,,
2021064310,2013.0,0,0,0,0,0,0,0,0,0,7,1,,67,6,2021,2,39.9915,-75.2256,1853.0,6,0,0,0,0,0,0,0,0,,0,1,0,17,1,0,0,N,1,39 59:29.310,3.0,1,75 13:32.260,0,0,0,0,67301,0,0,0,N,0,0,0,1,67301,0,,5,1,2202.0,N,N,N,0,,0,0,0,3,8,N,1750,0,1,0,0,0,0,0,3,4,0,1,3,,N,,,,,,,,,,,
2021066088,838.0,2,0,0,0,0,0,0,0,0,1,0,,67,5,2021,1,39.8918,-75.2366,828.0,6,0,0,0,0,0,1,0,0,,0,0,0,8,1,0,0,N,0,39 53:30.588,,0,75 14:11.711,0,0,0,0,67301,0,0,0,N,0,0,0,2,68K01,0,,1,9,,N,N,N,0,,0,0,0,0,0,,824,0,2,0,0,0,0,0,3,4,0,2,7,7.0,N,,,,,,,,,,,
2021041375,1431.0,0,0,0,0,0,0,0,0,0,8,0,,67,5,2021,1,39.9869,-75.161,1430.0,6,0,0,0,0,0,0,0,0,,0,0,0,14,1,1,1,,0,39 59:12.926,,0,75 09:39.762,8,0,0,0,67301,1,0,0,N,1,0,0,2,67301,0,,1,1,,N,N,N,0,,0,0,1,3,2,,1425,1,2,0,0,1,1,0,3,4,0,1,3,3.0,N,,,,,,,,,,,
2021069894,1950.0,3,0,0,0,0,0,0,0,0,5,1,,67,7,2021,2,40.0258,-75.1204,1935.0,6,0,0,0,0,0,0,0,0,,0,1,0,19,1,0,0,N,1,40 01:32.895,1.0,0,75 07:13.395,0,0,0,0,67301,0,0,0,N,0,0,0,2,67301,0,,1,1,2000.0,N,N,N,0,,0,0,0,0,0,N,1930,0,4,0,0,0,0,0,3,4,0,4,3,3.0,N,,,,,,,,,,,
2021041806,2026.0,1,0,0,0,0,0,0,0,0,7,0,,67,5,2021,6,39.9333,-75.2,2015.0,6,0,0,0,0,0,0,0,0,,0,0,0,20,3,0,0,N,0,39 56:00.013,,0,75 11:59.975,0,0,0,0,67301,0,0,0,N,0,0,0,1,68K01,0,,3,9,,N,N,N,0,,0,0,0,0,0,,2011,0,1,0,0,0,0,0,3,4,0,1,7,7.0,N,,,,,,,,,,,
2021069910,400.0,0,0,0,0,0,0,0,0,0,5,1,,67,7,2021,3,40.0272,-75.1148,350.0,6,0,0,0,0,0,0,0,0,,0,1,0,3,3,1,0,N,0,40 01:37.825,,0,75 06:53.275,3,0,0,0,67301,0,0,0,N,0,0,0,2,67301,0,,1,1,,N,N,N,0,,1,0,1,0,0,,332,1,2,0,0,0,0,0,3,4,0,2,3,,N,,,,,,,,,,,
2021064394,2127.0,2,0,0,0,0,0,0,0,0,1,0,,67,7,2021,1,40.0547,-75.1499,2127.0,6,0,0,0,0,0,1,0,0,,0,0,0,20,3,1,0,N,9,40 03:16.790,,0,75 08:59.610,8,0,0,0,67301,0,0,0,N,0,0,0,3,67301,0,,1,99,,N,N,N,0,,0,0,0,0,0,U,2040,1,2,0,0,0,1,1,3,4,0,2,3,,N,,,,,,,,,,,
2021064240,1804.0,1,0,0,0,0,0,0,0,0,2,0,,67,6,2021,1,40.0442,-75.1627,1804.0,6,0,0,0,0,0,0,0,0,,0,0,0,18,1,1,1,,0,40 02:39.040,,0,75 09:45.790,3,0,0,0,67301,0,0,0,N,0,0,0,3,67301,0,,1,1,,N,N,N,0,,1,0,0,3,2,,1800,1,2,0,0,0,0,1,3,4,0,2,3,3.0,N,,,,,,,,,,,
2021035983,2118.0,1,0,0,0,0,0,0,0,0,7,0,,67,4,2021,1,40.0176,-75.2023,2100.0,6,0,0,0,0,0,0,0,0,,0,0,0,20,3,0,0,N,2,40 01:03.200,2.0,0,75 12:08.100,9,0,0,0,67301,0,0,0,N,0,0,0,1,67301,0,,3,1,100.0,N,N,N,0,,0,0,0,0,0,Y,2055,0,1,0,0,0,0,1,3,4,0,1,3,3.0,N,,,,,,,,,,,
2021036218,1923.0,0,0,0,1,0,0,0,0,0,1,1,,67,4,2021,4,39.9479,-75.1981,1910.0,6,0,0,0,0,0,0,0,0,,0,1,0,19,1,1,0,N,0,39 56:52.325,,0,75 11:53.168,3,0,0,0,67301,1,0,0,N,0,0,0,2,67504,0,,1,1,,N,N,N,0,,1,0,0,0,0,,1900,1,2,0,0,0,0,0,3,4,0,1,3,,N,,,,,,,,,,,
2021064260,1322.0,1,0,0,0,0,0,0,0,0,7,0,,67,6,2021,7,40.0453,-75.0511,1314.0,6,0,0,0,0,0,0,0,0,,0,0,0,13,1,1,1,,0,40 02:43.063,,0,75 03:03.923,3,0,0,0,67301,0,0,0,N,0,0,0,1,67301,0,,2,1,,N,N,N,0,,1,0,0,0,0,,1314,1,1,0,0,0,0,0,3,4,0,1,4,,N,,,,,,,,,,,
2021065774,1347.0,1,0,1,0,0,0,0,0,0,1,2,,67,7,2021,3,39.9351,-75.1447,1331.0,6,0,0,0,0,0,2,0,0,,0,2,0,13,1,4,0,N,1,39 56:06.370,1.0,0,75 08:41.058,2,0,0,0,67301,0,0,0,N,0,0,0,6,68K01,0,,1,1,1415.0,N,N,N,0,,3,1,0,0,0,N,1329,4,3,0,0,0,0,0,3,4,0,3,3,,N,,,,,,,,,,,
2021064412,1954.0,3,0,0,0,0,0,0,0,0,4,0,,67,7,2021,6,40.0096,-75.1803,1947.0,6,0,0,0,0,0,1,0,0,,0,0,0,19,1,1,2,,0,40 00:34.506,,0,75 10:49.505,3,0,0,0,67301,0,0,0,N,0,0,0,3,67301,0,,1,1,,N,N,N,0,,1,0,0,3,2,,1941,1,3,0,0,0,0,0,3,4,0,3,4,,N,,,,,,,,,,,
2021065467,242.0,0,0,0,0,0,0,0,0,0,7,0,,67,7,2021,3,39.9014,-75.1524,242.0,6,0,0,0,0,0,0,0,0,,0,0,0,2,3,1,0,N,1,39 54:05.135,2.0,0,75 09:08.794,3,0,0,0,67301,0,0,0,N,0,0,0,1,68K01,0,,4,1,300.0,N,N,N,0,,1,0,1,0,0,N,233,1,1,0,0,0,0,0,3,4,0,1,3,,N,,,,,,,,,,,
2021065458,1926.0,1,0,0,0,0,0,0,0,0,1,0,,67,7,2021,2,40.0552,-74.9849,1921.0,6,0,0,1,0,0,2,0,0,,0,0,0,19,1,0,0,N,0,40 03:18.560,,0,74 59:05.810,0,0,0,0,67301,0,0,0,N,0,0,0,4,68K01,0,,1,9,,N,N,N,0,,0,0,3,0,0,,1914,0,4,0,0,0,0,0,3,4,0,4,7,4.0,N,,,,,,,,,,,
2021036601,435.0,1,0,0,0,0,0,0,0,0,1,0,,67,4,2021,6,39.9518,-75.1902,435.0,6,0,0,0,0,0,0,0,0,,0,0,0,4,3,2,0,N,2,39 57:06.463,1.0,0,75 11:24.654,8,0,0,0,67301,0,0,0,N,0,0,0,3,67504,0,,6,1,550.0,N,N,N,0,,0,0,0,0,0,N,435,2,2,0,0,3,2,0,3,4,1,2,3,3.0,N,,,,,,,,,,,
2021035566,1728.0,1,0,0,0,0,0,0,0,0,4,0,,67,4,2021,1,40.0237,-75.0926,1723.0,6,0,0,0,0,0,0,0,0,,0,0,0,17,1,0,1,,0,40 01:24.926,,0,75 05:33.748,0,0,0,0,67301,0,0,0,N,0,0,0,2,67301,0,,1,1,,N,N,N,0,,0,0,1,3,2,,1705,0,2,0,0,0,0,0,3,4,0,2,3,,N,,,,,,,,,,,
2021039005,2331.0,1,0,0,0,0,0,0,0,0,7,0,,67,4,2021,7,40.0236,-75.0329,2325.0,6,0,0,0,0,0,0,0,0,,0,0,0,23,3,2,7,,0,40 01:23.900,,2,75 02:00.500,3,0,0,0,67301,0,0,0,N,0,0,0,2,68K01,1,,4,1,,N,N,N,0,,1,0,0,0,0,,2322,2,1,0,0,0,0,0,3,4,0,1,3,,N,,,,,,,,,,,
2021035529,1410.0,1,0,0,0,0,0,0,0,0,4,0,,67,4,2021,7,40.0808,-75.0286,1406.0,6,0,0,0,0,0,1,0,0,,0,0,0,14,1,1,1,,2,40 04:50.903,1.0,0,75 01:42.794,3,0,0,0,67301,0,0,0,N,0,0,0,3,67301,0,,1,1,1430.0,N,N,N,0,,1,0,1,3,2,Y,1405,1,2,0,0,0,0,0,3,4,0,2,3,,N,,,,,,,,,,,
2021036669,1125.0,0,0,0,0,0,0,0,0,0,8,0,,67,4,2021,5,39.9927,-75.1203,1122.0,6,0,0,0,0,0,0,0,0,,0,0,0,10,1,1,5,,0,39 59:33.691,,1,75 07:13.223,4,0,0,0,67301,1,0,0,N,1,0,0,2,67301,1,,1,1,,N,N,N,0,,0,0,1,3,2,,1000,1,2,0,0,1,0,0,3,4,0,1,3,3.0,N,,,,,,,,,,,
2021036783,1725.0,0,0,0,1,0,0,0,0,0,4,0,,67,4,2021,5,39.9536,-75.1731,1720.0,6,0,0,0,0,0,1,0,0,,0,0,0,17,1,1,1,,0,39 57:12.805,,0,75 10:23.496,3,0,0,0,67301,1,0,0,N,0,0,0,2,67301,0,,1,1,,N,N,N,0,,1,0,1,3,2,,1713,1,2,0,0,1,0,0,3,4,0,1,3,3.0,N,,,,,,,,,,,
2021065169,2135.0,0,0,0,0,0,0,0,0,0,4,1,,67,6,2021,3,40.0055,-75.1053,2100.0,6,0,0,0,0,0,1,0,0,,1,1,0,20,3,0,1,,2,40 00:19.857,6.0,0,75 06:19.237,1,1,0,1,67301,0,0,0,N,0,0,0,2,67301,0,2.0,1,1,2300.0,N,N,N,0,0.0,0,0,0,9,2,Y,2032,0,2,0,0,0,0,0,3,4,0,2,3,3.0,N,,,,,,,,,,,
2021064199,741.0,1,0,0,0,0,0,0,0,0,2,0,,67,6,2021,3,39.9546,-75.1495,739.0,6,0,0,0,0,1,0,0,0,,0,0,0,7,1,0,2,,1,39 57:16.613,3.0,0,75 08:58.311,0,0,0,0,67301,0,0,0,N,0,0,0,3,67301,0,,1,1,802.0,N,N,N,0,,0,0,2,3,2,N,705,0,3,0,0,0,0,0,3,4,0,3,3,3.0,N,,,,,,,,,,,
2021036784,731.0,1,0,0,0,0,0,0,0,0,4,0,,67,4,2021,3,40.026,-75.0418,715.0,6,0,0,0,0,0,0,0,0,,0,0,0,6,1,1,1,,0,40 01:33.506,,0,75 02:30.353,3,0,0,0,67301,0,0,0,N,0,0,0,3,67301,0,,1,1,,N,N,N,0,,1,0,1,3,3,,644,1,2,0,0,0,0,0,3,4,0,2,3,98.0,N,,,,,,,,,,,
2021064548,1837.0,2,0,0,0,0,0,0,0,0,98,0,,67,6,2021,1,40.002,-75.195,1837.0,6,0,0,0,0,0,1,0,0,,0,0,0,18,1,0,0,N,1,40 00:07.248,3.0,0,75 11:41.869,9,0,0,0,67301,0,0,0,N,0,0,0,2,68K01,0,,4,1,1933.0,N,N,Y,0,,0,0,0,0,0,N,1837,0,2,0,0,0,0,1,3,4,0,2,3,,N,,,,,,,,,,,
2021036656,402.0,0,0,0,0,0,0,0,0,0,7,0,,67,4,2021,7,39.939,-75.235,400.0,6,0,0,0,0,0,0,1,0,,0,0,0,3,3,1,0,N,0,39 56:20.427,,0,75 14:06.026,3,0,0,0,67301,0,0,0,N,0,0,0,1,67301,0,,2,1,,N,N,N,0,,1,0,1,0,0,,359,1,1,0,0,0,0,0,3,4,0,1,3,3.0,N,,,,,,,,,,,
2021035731,248.0,2,0,0,0,0,0,0,0,0,4,0,,67,4,2021,7,39.9657,-75.1978,241.0,6,0,0,0,0,0,0,0,0,,0,0,0,2,3,0,1,,0,39 57:56.527,,0,75 11:52.234,0,0,0,0,67301,0,0,0,N,0,0,0,2,67301,0,,1,1,,N,N,N,0,,0,0,0,3,3,,238,0,2,0,0,1,0,0,3,4,0,2,3,3.0,N,,,,,,,,,,,
2021069341,1921.0,1,0,0,0,0,0,0,0,0,1,0,,67,7,2021,2,39.9394,-75.1438,1921.0,6,0,0,0,0,0,0,0,0,,0,0,0,19,1,0,0,N,0,39 56:21.821,,0,75 08:37.608,0,0,0,0,67301,0,0,0,N,0,0,0,4,68K01,0,,1,1,,N,N,N,1,,0,0,0,0,0,,1905,0,2,0,0,0,0,0,3,4,0,2,3,,N,,,,,,,,,,,
2021045720,637.0,2,0,0,0,0,0,0,0,0,1,0,,67,5,2021,7,39.9249,-75.1933,627.0,6,0,0,0,0,0,2,0,0,,0,0,0,6,1,1,0,N,1,39 55:29.654,3.0,0,75 11:35.890,4,0,0,0,67301,0,0,0,N,0,0,0,4,68K01,1,,1,9,700.0,N,N,N,0,,0,0,2,0,0,Y,621,1,4,0,0,0,0,0,3,4,0,4,3,,N,,,,,,,,,,,
2021070736,1742.0,1,0,0,0,0,0,0,0,0,2,0,,67,7,2021,7,39.9909,-75.1551,1741.0,6,0,0,0,0,0,0,0,0,,0,0,0,17,1,1,1,,0,39 59:27.165,,0,75 09:19.006,8,0,0,0,67301,0,0,0,N,0,0,0,2,67301,0,,9,1,,N,N,N,0,,0,0,1,3,2,,1728,1,2,0,0,0,1,0,3,4,0,2,3,4.0,N,,,,,,,,,,,
2021070370,2310.0,1,0,0,0,0,0,1,0,0,4,1,,67,7,2021,7,40.0527,-75.2362,2309.0,6,0,0,0,0,0,1,0,0,,0,0,0,23,3,1,1,,2,40 03:09.831,5.0,0,75 14:10.446,3,0,0,0,67301,0,0,0,N,0,0,0,2,67301,0,,1,9,30.0,N,N,N,0,,1,0,0,3,2,Y,2308,1,2,0,0,0,0,0,3,4,0,2,7,,N,,,,,,,,,,,
2021044011,1430.0,1,0,0,1,0,0,0,0,0,4,0,,67,5,2021,7,39.9815,-75.2241,1425.0,6,0,0,0,0,0,1,0,0,,0,0,0,14,1,1,1,,0,39 58:53.480,,0,75 13:26.612,3,0,0,0,67301,1,0,0,N,0,0,0,2,67301,0,,1,1,,N,N,N,0,,1,0,0,3,2,,1420,1,2,0,0,0,0,0,3,4,0,1,3,3.0,N,,,,,,,,,,,
2021064203,2335.0,2,0,0,0,0,0,0,0,0,4,0,,67,7,2021,1,39.9517,-75.158,2335.0,6,0,0,0,0,0,0,0,0,,0,0,0,23,3,0,0,N,1,39 57:06.150,4.0,0,75 09:28.898,0,0,0,0,67301,0,0,0,N,0,0,0,2,67301,0,,1,1,49.0,N,N,N,0,,0,0,0,0,0,N,2328,0,2,0,0,0,0,0,3,4,0,2,3,,N,,,,,,,,,,,
2021064250,2300.0,1,0,0,0,0,0,0,0,0,7,0,,67,7,2021,6,40.0711,-75.1856,2259.0,6,0,0,0,0,0,0,0,0,,0,0,0,22,3,0,0,N,2,40 04:15.928,5.0,0,75 11:08.109,0,0,0,0,67301,0,0,0,N,0,0,0,1,67301,0,,5,1,1100.0,N,N,N,0,,0,0,0,0,0,Y,2255,0,1,0,0,0,0,0,3,4,0,1,3,3.0,N,,,,,,,,,,,
2021036076,1640.0,0,0,0,0,0,0,0,0,0,8,0,,67,4,2021,6,39.9971,-75.1429,1630.0,6,0,0,0,0,0,0,0,0,,0,0,0,16,1,1,1,,0,39 59:49.714,,0,75 08:34.260,3,0,0,0,67301,1,0,0,N,1,0,0,2,67301,0,,1,1,,N,N,N,0,,1,0,0,3,3,,1620,1,2,0,0,0,0,0,3,4,1,1,4,,N,,,,,,,,,,,
2021035604,1002.0,1,0,0,0,0,0,0,0,0,2,0,,67,4,2021,2,40.0149,-75.1466,956.0,6,0,0,0,0,0,0,0,0,,0,0,0,9,1,1,0,N,0,40 00:53.700,,0,75 08:47.700,3,0,0,0,67301,1,0,0,N,0,0,0,3,67301,0,,6,1,,N,N,N,1,,1,0,0,0,0,,953,1,2,0,0,0,0,2,3,4,0,2,3,,N,,,,,,,,,,,
2021064220,858.0,1,0,0,0,0,0,0,0,0,4,0,,67,2,2021,6,39.9294,-75.2184,855.0,6,0,0,0,0,0,0,0,1,,0,0,0,8,1,1,1,,0,39 55:46.204,,0,75 13:06.328,4,0,0,0,67301,0,0,0,N,0,0,0,2,67301,1,,1,9,,N,N,N,0,,0,0,1,2,3,,852,1,2,0,0,0,0,0,3,4,0,2,4,10.0,N,,,,,,,,,,,
2021036230,1243.0,0,0,0,0,0,0,0,0,0,8,0,,67,4,2021,3,39.9537,-75.2186,1243.0,6,0,0,0,0,0,1,0,0,,0,0,0,11,1,1,0,N,0,39 57:13.200,,0,75 13:06.800,3,0,0,0,67301,1,0,0,N,1,0,0,2,67301,0,,1,1,,N,N,N,0,,1,0,1,0,0,,1140,1,2,0,0,1,0,0,3,4,0,1,3,3.0,N,,,,,,,,,,,
2021064354,239.0,1,0,0,0,0,0,0,0,0,7,0,,67,6,2021,7,39.9692,-75.1484,236.0,6,0,0,0,0,0,0,0,0,,0,0,0,1,3,0,0,N,0,39 58:08.950,,0,75 08:54.160,0,0,0,0,67301,0,0,0,N,0,0,0,1,67301,0,,4,1,,N,N,N,0,,0,0,0,0,0,,141,0,1,0,0,0,0,0,3,4,0,1,3,3.0,N,,,,,,,,,,,
2021038460,1642.0,1,0,0,0,0,0,0,0,0,8,0,,67,4,2021,6,39.9634,-75.1694,1642.0,6,0,0,0,0,0,1,0,0,,0,0,0,8,1,1,1,,0,39 57:48.214,,0,75 10:09.870,8,0,0,0,67301,1,0,0,N,1,0,0,2,67301,0,,1,99,,N,N,N,0,,0,0,0,3,2,,830,1,2,0,0,0,1,0,3,4,0,1,99,,N,,,,,,,,,,,
2021035516,1255.0,0,0,0,0,0,0,0,0,0,8,0,,67,4,2021,2,39.9531,-75.1612,1255.0,6,0,0,0,0,0,0,0,0,,0,0,0,12,1,1,1,,0,39 57:11.332,,6,75 09:40.440,3,0,0,0,67301,1,0,0,N,1,0,0,2,67301,0,,1,1,,N,N,N,0,,1,0,1,3,2,,1255,1,2,0,0,1,0,1,3,4,0,1,3,3.0,N,,,,,,,,,,,
2021064582,1043.0,1,0,0,0,0,0,0,0,0,5,0,,67,7,2021,5,39.9247,-75.1471,1027.0,6,0,0,0,0,0,0,0,0,,0,0,0,10,1,0,0,N,1,39 55:28.855,1.0,0,75 08:49.477,0,0,0,0,67301,0,0,0,N,0,0,0,5,68K01,0,,1,1,1115.0,N,N,N,0,,0,0,0,0,0,N,1022,0,2,0,0,0,0,0,3,4,1,2,3,,N,,,,,,,,,,,
2021041308,1512.0,1,0,0,0,0,0,0,0,0,4,0,,67,5,2021,3,40.0453,-75.1235,1510.0,6,0,0,0,0,0,0,0,0,,0,0,0,14,1,1,1,,0,40 02:43.100,,0,75 07:24.700,3,0,0,1,67301,0,0,0,N,0,0,0,2,67301,0,,1,1,,N,N,N,0,,1,0,0,0,0,,1440,1,2,0,0,0,0,0,3,4,0,2,3,3.0,N,,,,,,,,,,,
2021070432,431.0,1,0,0,0,0,0,0,0,0,2,0,,67,7,2021,6,40.0181,-75.0642,430.0,6,0,0,0,0,0,0,0,0,,0,0,0,2,3,1,0,N,0,40 01:05.211,,0,75 03:51.040,3,0,0,0,67301,0,0,0,N,0,0,0,1,67301,0,,1,1,,N,N,N,0,,1,0,1,0,0,,218,1,2,0,0,0,0,0,3,4,0,2,3,3.0,N,,,,,,,,,,,
2021041593,43.0,0,0,0,0,0,0,0,0,0,8,0,,67,5,2021,6,39.9644,-75.1343,43.0,6,0,0,0,0,0,0,0,0,,0,0,0,22,3,1,1,,0,39 57:51.984,,0,75 08:03.331,3,0,0,0,67301,1,0,0,N,1,0,0,2,67301,0,,1,9,,N,N,N,0,,1,0,1,3,2,,2230,1,2,0,0,0,0,0,3,4,0,1,7,7.0,N,,,,,,,,,,,