CRN,ARRIVAL_TM,AUTOMOBILE_COUNT,BELTED_DEATH_COUNT,BELTED_SUSP_SERIOUS_INJ_COUNT,BICYCLE_COUNT,BICYCLE_DEATH_COUNT,BICYCLE_SUSP_SERIOUS_INJ_COUNT,BUS_COUNT,CHLDPAS_DEATH_COUNT,CHLDPAS_SUSP_SERIOUS_INJ_COUNT,COLLISION_TYPE,COMM_VEH_COUNT,CONS_ZONE_SPD_LIM,COUNTY,CRASH_MONTH,CRASH_YEAR,DAY_OF_WEEK,DEC_LAT,DEC_LONG,DISPATCH_TM,DISTRICT,DRIVER_COUNT_16YR,DRIVER_COUNT_17YR,DRIVER_COUNT_18YR,DRIVER_COUNT_19YR,DRIVER_COUNT_20YR,DRIVER_COUNT_50_64YR,DRIVER_COUNT_65_74YR,DRIVER_COUNT_75PLUS,EST_HRS_CLOSED,FATAL_COUNT,HEAVY_TRUCK_COUNT,HORSE_BUGGY_COUNT,HOUR_OF_DAY,ILLUMINATION,INJURY_COUNT,INTERSECT_TYPE,INTERSECTION_RELATED,LANE_CLOSED,LATITUDE,LN_CLOSE_DIR,LOCATION_TYPE,LONGITUDE,MAX_SEVERITY_LEVEL,MCYCLE_DEATH_COUNT,MCYCLE_SUSP_SERIOUS_INJ_COUNT,MOTORCYCLE_COUNT,MUNICIPALITY,NONMOTR_COUNT,NONMOTR_DEATH_COUNT,NONMOTR_SUSP_SERIOUS_INJ_COUNT,NTFY_HIWY_MAINT,PED_COUNT,PED_DEATH_COUNT,PED_SUSP_SERIOUS_INJ_COUNT,PERSON_COUNT,POLICE_AGCY,POSSIBLE_INJ_COUNT,RDWY_SURF_TYPE_CD,RELATION_TO_ROAD,ROAD_CONDITION,ROADWAY_CLEARED,SCH_BUS_IND,SCH_ZONE_IND,SECONDARY_CRASH,SMALL_TRUCK_COUNT,SPEC_JURIS_CD,SUSP_MINOR_INJ_COUNT,SUSP_SERIOUS_INJ_COUNT,SUV_COUNT,TCD_FUNC_CD,TCD_TYPE,TFC_DETOUR_IND,TIME_OF_DAY,TOT_INJ_COUNT,TOTAL_UNITS,UNB_DEATH_COUNT,UNB_SUSP_SERIOUS_INJ_COUNT,UNBELTED_OCC_COUNT,UNK_INJ_DEG_COUNT,UNK_INJ_PER_COUNT,URBAN_AREA,URBAN_RURAL,VAN_COUNT,VEHICLE_COUNT,WEATHER1,WEATHER2,WORK_ZONE_IND,WORK_ZONE_LOC,WORK_ZONE_TYPE,WORKERS_PRES,WZ_CLOSE_DETOUR,WZ_FLAGGER,WZ_LAW_OFFCR_IND,WZ_LN_CLOSURE,WZ_MOVING,WZ_OTHER,WZ_SHLDER_MDN,WZ_WORKERS_INJ_KILLED
2021041079,1850.0,2,0,0,0,0,0,0,0,0,5,0,,67,5,2021,5,40.0197,-75.0843,1841.0,6,0,0,0,0,0,0,0,0,,0,0,0,18,1,1,0,N,2,40 01:10.900,6.0,0,75 05:03.400,3,0,0,0,67301,1,0,0,N,0,0,0,2,67301,0,,6,1,1930.0,N,N,N,0,,1,0,0,0,0,Y,1840,1,2,0,0,0,0,0,3,4,0,2,3,3.0,N,,,,,,,,,,,
2021050170,800.0,2,0,0,0,0,0,0,0,0,1,0,,67,5,2021,6,39.978,-75.1532,800.0,6,0,0,0,0,0,0,0,0,,0,0,0,1,3,0,0,N,0,39 58:40.974,,0,75 09:11.694,0,0,0,0,67301,0,0,0,N,0,0,0,1,67505,0,,6,1,,N,N,Y,0,,0,0,1,0,0,,130,0,3,0,0,0,0,0,3,4,0,3,3,,N,,,,,,,,,,,
2021064358,1720.0,0,0,0,0,0,0,0,0,0,8,0,,67,6,2021,4,39.991,-75.1395,1716.0,6,0,0,0,0,0,0,0,0,,0,0,0,17,1,1,0,N,0,39 59:27.600,,0,75 08:22.130,3,0,0,0,67301,1,0,0,N,1,0,0,1,67301,0,,1,1,,N,N,N,0,,1,0,0,0,0,,1705,1,2,0,0,0,0,0,3,4,0,1,3,3.0,N,,,,,,,,,,,
2021034416,2307.0,1,0,0,0,0,0,0,0,0,5,0,35.0,67,4,2021,5,39.9115,-75.1665,2305.0,6,0,0,0,0,0,1,1,0,,0,0,0,23,3,1,6,,1,39 54:41.400,3.0,8,75 09:59.400,8,0,0,0,67301,0,0,0,N,0,0,0,2,67501,0,,1,1,2354.0,N,N,N,0,,0,0,1,3,3,N,2305,1,2,0,0,0,1,0,3,4,0,2,3,3.0,Y,4.0,1.0,N,,,N,Y,,,Y,N
2021065428,44.0,2,0,0,0,0,0,0,0,0,5,0,,67,7,2021,7,39.9772,-75.1124,40.0,6,0,0,1,1,0,0,0,0,,0,0,0,0,3,0,0,N,1,39 58:37.938,1.0,0,75 06:44.729,0,0,0,0,67301,0,0,0,N,0,0,0,3,68K01,0,,1,1,110.0,N,N,N,0,,0,0,0,0,0,N,39,0,3,0,0,0,0,0,3,4,0,2,3,,N,,,,,,,,,,,
2021017111,1815.0,2,0,0,0,0,0,0,0,0,4,0,,67,2,2021,1,40.0085,-75.2107,1808.0,6,0,0,0,0,0,1,0,0,,0,0,0,18,2,2,1,,1,40 00:30.708,2.0,0,75 12:38.635,8,0,0,0,67301,0,0,0,N,0,0,0,4,46104,0,,1,1,45.0,N,N,Y,0,,0,0,1,3,2,N,1808,2,3,0,0,0,2,0,3,4,0,3,3,3.0,N,,,,,,,,,,,
2021035899,2335.0,3,0,0,0,0,0,0,0,0,1,0,,67,4,2021,7,40.0093,-75.0694,2328.0,6,0,0,0,0,0,0,0,0,,0,0,0,23,3,0,0,N,2,40 00:33.400,2.0,0,75 04:09.700,0,0,0,0,67301,0,0,0,N,0,0,0,2,67301,0,,1,1,1115.0,N,N,N,0,,0,0,1,0,0,Y,2300,0,4,0,0,2,0,0,3,4,0,4,3,3.0,N,,,,,,,,,,,
2021041583,2340.0,1,0,0,0,0,0,0,0,0,4,0,,67,4,2021,7,39.994,-75.1491,2325.0,6,0,0,0,1,0,0,0,0,,0,0,0,22,3,1,1,,0,39 59:38.227,,0,75 08:56.727,3,0,0,0,67301,0,0,0,N,0,0,0,2,67301,0,,1,1,,N,N,N,0,,1,0,1,3,3,,2251,1,2,0,0,0,0,0,3,4,0,2,3,,N,,,,,,,,,,,
2021035573,1242.0,1,0,0,0,0,0,0,0,0,4,0,,67,4,2021,7,39.9387,-75.1732,1238.0,6,0,0,0,0,1,0,0,0,,0,0,0,12,1,0,1,,0,39 56:19.161,,0,75 10:23.429,0,0,0,0,67301,0,0,0,N,0,0,0,2,67301,0,,1,1,,N,N,N,0,,0,0,1,3,2,,1205,0,2,0,0,0,0,0,3,4,0,2,3,,N,,,,,,,,,,,
2021035132,2229.0,0,0,0,0,0,0,0,0,0,7,0,,67,4,2021,1,39.9647,-75.1962,2226.0,6,0,0,0,0,0,1,0,0,,0,0,0,22,3,1,1,,0,39 57:53.089,,0,75 11:46.237,8,0,0,0,67301,0,0,0,N,0,0,0,1,67507,0,,4,1,,N,N,N,0,,0,0,1,0,0,,2229,1,1,0,0,0,1,0,3,4,0,1,3,3.0,N,,,,,,,,,,,
2021037474,1807.0,1,0,0,0,0,0,0,0,0,5,0,,67,4,2021,6,40.0392,-75.0596,1730.0,6,0,0,0,0,0,0,0,0,,0,0,0,16,3,1,0,N,0,40 02:21.150,,0,75 03:34.386,3,0,0,0,67301,0,0,0,N,0,0,0,2,67301,0,,1,1,,N,N,N,0,,1,0,1,0,0,,1600,1,2,0,0,0,0,0,3,4,0,2,3,3.0,N,,,,,,,,,,,
2021034468,1220.0,1,0,0,0,0,0,0,0,0,5,0,,67,4,2021,5,39.984,-75.1511,1215.0,6,0,0,0,0,0,0,0,0,,0,0,0,12,1,0,0,N,0,39 59:02.300,,0,75 09:03.900,0,0,0,0,67301,0,0,0,N,0,0,0,2,67505,0,,6,1,,N,N,N,0,,0,0,2,0,0,,1210,0,3,0,0,0,0,0,3,4,0,3,4,,N,,,,,,,,,,,
2021064867,105.0,1,0,0,0,0,0,0,0,0,7,0,,67,7,2021,6,39.9884,-75.0884,105.0,6,0,0,0,0,0,0,0,0,,0,0,0,1,3,0,0,N,1,39 59:18.396,1.0,0,75 05:18.197,0,0,0,0,67301,0,0,0,N,0,0,0,1,68K01,0,,4,9,140.0,N,N,N,0,,0,0,0,0,0,N,104,0,1,0,0,0,0,0,3,4,0,1,7,,N,,,,,,,,,,,
2021036787,1835.0,1,0,0,0,0,0,0,0,0,4,0,,67,4,2021,3,39.9602,-75.1909,1831.0,6,0,0,0,0,0,0,0,0,,0,0,0,18,1,3,1,,0,39 57:36.745,,0,75 11:27.211,3,0,0,0,67301,0,0,0,N,0,0,0,3,67301,0,,1,1,,N,N,N,0,,3,0,3,3,2,,1819,3,4,0,0,0,0,0,3,4,0,4,3,,N,,,,,,,,,,,
2021064166,845.0,1,0,0,0,0,0,0,0,0,1,0,,67,6,2021,2,39.9036,-75.1984,841.0,6,0,0,0,0,1,0,0,0,,0,0,0,8,1,1,0,N,0,39 54:13.077,,3,75 11:54.350,4,0,0,0,67301,0,0,0,N,0,0,0,2,67301,1,,1,1,,N,N,N,0,,0,0,0,0,0,,828,1,2,0,0,0,0,0,3,4,1,2,3,3.0,N,,,,,,,,,,,
2021035618,1240.0,2,0,0,0,0,0,0,0,0,4,0,,67,4,2021,7,40.0326,-75.1494,1232.0,6,0,0,0,0,0,0,0,0,,0,0,0,12,1,0,2,,0,40 01:57.280,,0,75 08:57.994,9,0,0,0,67301,0,0,0,N,0,0,0,2,67301,0,,1,1,,N,N,N,0,,0,0,0,3,3,,1225,0,2,0,0,1,0,1,3,4,0,2,3,3.0,N,,,,,,,,,,,
2021065967,2205.0,0,0,0,0,0,0,0,0,0,4,0,,67,7,2021,6,39.982,-75.1014,2151.0,6,0,0,0,0,0,0,0,0,,0,0,0,21,3,0,0,N,0,39 58:55.032,,0,75 06:05.038,9,0,0,0,67301,0,0,0,N,0,0,0,2,68K01,0,,1,1,,N,N,N,1,,0,0,0,0,0,,2129,0,2,0,0,0,0,1,3,4,0,2,3,,N,,,,,,,,,,,
2021036570,414.0,1,0,0,0,0,0,0,0,0,4,0,,67,4,2021,1,40.0948,-75.0153,413.0,6,0,0,0,0,1,0,0,0,,0,0,0,4,3,0,1,,0,40 05:41.184,,0,75 00:55.174,0,0,0,0,67301,0,0,0,N,0,0,0,3,67301,0,,1,1,,N,N,N,0,,0,0,1,3,2,,404,0,2,0,0,0,0,0,3,4,0,2,3,3.0,N,,,,,,,,,,,
2021035590,401.0,2,0,0,0,0,0,0,0,0,5,0,,67,4,2021,2,39.9928,-75.1821,358.0,6,0,0,0,0,0,0,0,0,,0,0,0,3,3,0,0,N,0,39 59:34.100,,0,75 10:55.500,0,0,0,0,67301,0,0,0,N,0,0,0,1,67301,0,,6,1,,N,N,N,1,,0,0,1,0,0,,357,0,4,0,0,0,0,0,3,4,0,4,3,3.0,N,,,,,,,,,,,
2021069884,1740.0,1,0,0,0,0,0,0,0,0,7,0,,67,7,2021,7,40.0013,-75.114,1732.0,6,0,0,0,0,0,0,0,0,,0,0,0,17,1,0,0,N,0,40 00:04.700,,0,75 06:50.270,9,0,0,0,67301,0,0,0,N,0,0,0,2,67301,0,,5,1,,N,N,N,0,,0,0,0,0,0,,1726,0,1,0,0,0,0,2,3,4,0,1,3,,N,,,,,,,,,,,
2021039934,1622.0,1,0,0,0,0,0,0,0,0,8,0,,67,5,2021,2,39.9552,-75.2259,1617.0,6,0,0,0,0,0,0,0,0,,0,0,0,16,1,1,1,,0,39 57:18.720,,0,75 13:33.128,8,0,0,0,67301,1,0,0,N,1,0,0,2,67301,0,,1,1,,N,N,N,0,,0,0,0,3,3,,1616,1,2,0,0,0,1,0,3,4,0,1,4,,N,,,,,,,,,,,
2021042843,1405.0,0,0,0,0,0,0,0,0,0,7,0,,67,5,2021,6,39.904,-75.2401,1400.0,6,0,0,0,0,0,0,0,0,,0,0,0,13,1,1,1,,0,39 54:14.563,,0,75 14:24.409,3,0,0,1,67301,0,0,0,N,0,0,0,1,67301,0,,4,1,,N,N,N,0,,1,0,0,3,2,,1350,1,1,0,0,0,0,0,3,4,0,1,3,3.0,N,,,,,,,,,,,
2021041653,1859.0,4,0,0,0,0,0,0,0,0,1,0,,67,5,2021,3,39.9972,-75.119,1859.0,6,0,1,0,0,0,0,0,0,,0,0,0,18,1,2,0,N,2,39 59:49.802,3.0,0,75 07:08.252,2,0,0,0,67301,1,0,1,N,1,0,1,4,67301,0,,1,1,130.0,N,N,N,0,,1,1,0,0,0,N,1855,2,5,0,0,3,0,0,3,4,0,4,3,3.0,N,,,,,,,,,,,
2021039592,530.0,1,0,0,0,0,0,0,0,0,5,0,,67,5,2021,7,40.0439,-75.0953,522.0,6,0,0,0,0,0,0,0,0,,0,0,0,5,3,0,0,N,0,40 02:38.100,,0,75 05:43.200,0,0,0,0,67301,0,0,0,N,0,0,0,1,67301,0,,6,1,,N,N,N,0,,0,0,1,0,0,,521,0,2,0,0,0,0,0,3,4,0,2,3,3.0,N,,,,,,,,,,,
2021059170,444.0,3,0,0,0,0,0,0,0,0,1,0,,67,5,2021,1,39.899,-75.1685,444.0,6,0,0,0,0,0,2,0,0,,0,0,0,4,3,0,0,N,2,39 53:56.522,2.0,0,75 10:06.680,0,0,0,0,67301,0,0,0,N,0,0,0,3,68K01,0,,1,1,450.0,N,N,N,0,,0,0,0,0,0,N,426,0,3,0,0,0,0,0,3,4,0,3,3,,N,,,,,,,,,,,
2021036744,802.0,1,0,0,0,0,0,0,0,0,1,0,,67,4,2021,5,39.9598,-75.178,749.0,6,0,0,0,0,0,0,0,0,,0,0,0,7,1,1,0,N,2,39 57:35.204,3.0,3,75 10:40.943,4,0,0,0,67301,0,0,0,N,0,0,0,2,68K01,1,,1,1,817.0,N,N,N,0,,0,0,1,0,0,N,748,1,2,0,0,0,0,0,3,4,0,2,3,3.0,N,,,,,,,,,,,
2021035567,1237.0,3,0,0,0,0,0,0,0,0,4,0,,67,4,2021,2,40.0113,-75.0819,1233.0,6,0,0,0,0,1,1,0,0,,0,0,0,12,1,1,1,,0,40 00:40.532,,0,75 04:54.894,8,0,0,0,67301,0,0,0,N,0,0,0,3,67301,0,,1,1,,N,N,Y,0,,0,0,1,3,3,,1215,1,4,0,0,0,1,1,3,4,0,4,4,4.0,N,,,,,,,,,,,
2021035609,25.0,1,0,0,0,0,0,0,0,0,4,0,,67,4,2021,2,39.9892,-75.1422,18.0,6,0,0,0,0,0,0,0,0,,0,0,0,23,3,0,1,,0,39 59:21.026,,0,75 08:31.873,0,0,0,0,67301,0,0,0,N,0,0,0,3,67301,0,,1,1,,N,N,N,1,,0,0,1,3,3,,2345,0,3,0,0,0,0,0,3,4,0,3,3,3.0,N,,,,,,,,,,,
2021065739,1927.0,0,0,0,0,0,0,0,0,0,5,0,,67,6,2021,6,39.9738,-75.1189,1918.0,6,0,0,0,0,0,0,0,0,,0,0,0,9,1,2,0,N,2,39 58:25.686,1.0,0,75 07:07.978,3,0,0,0,67301,0,0,0,N,0,0,0,3,68K01,0,,1,1,948.0,N,N,N,1,,1,0,0,0,0,Y,923,2,2,0,0,0,1,0,3,4,0,2,3,,N,,,,,,,,,,,
2021035617,1810.0,1,0,0,0,0,0,0,0,0,4,0,,67,4,2021,6,40.0518,-75.1538,1755.0,6,0,0,0,1,0,0,0,0,,0,0,0,17,1,0,1,,0,40 03:06.386,,0,75 09:13.744,9,0,0,0,67301,0,0,0,N,0,0,0,2,67301,0,,1,1,,N,N,N,1,,0,0,0,3,3,,1751,0,2,0,0,0,0,1,3,4,0,2,3,,N,,,,,,,,,,,
2021064752,1420.0,1,0,0,0,0,0,0,0,0,1,0,,67,7,2021,2,39.9555,-75.1883,1420.0,6,0,0,0,0,0,1,0,0,,0,0,0,14,1,1,0,N,0,39 57:19.821,,0,75 11:17.823,4,0,0,0,67301,0,0,0,N,0,0,0,1,67507,1,,1,1,,N,N,N,0,,0,0,1,3,7,,1420,1,2,0,0,0,0,0,3,4,0,2,3,,N,,,,,,,,,,,
2021035565,1512.0,1,0,0,0,0,0,0,0,0,4,0,,67,4,2021,1,40.0313,-75.071,1507.0,6,0,0,0,0,0,0,0,0,,0,0,0,14,1,1,11,,0,40 01:52.651,,0,75 04:15.517,2,0,1,1,67301,0,0,0,N,0,0,0,2,67301,0,,1,1,,N,N,N,0,,0,1,0,3,3,,1447,1,2,0,0,0,0,0,3,4,0,2,3,3.0,N,,,,,,,,,,,
2021039149,30.0,0,0,0,0,0,0,0,0,0,4,0,,67,5,2021,7,40.0359,-75.0777,22.0,6,0,0,0,0,0,1,0,0,,0,0,0,0,3,1,1,,0,40 02:09.085,,0,75 04:39.583,3,0,0,0,67301,0,0,0,N,0,0,0,2,67301,0,,1,1,,N,N,N,0,,1,0,1,3,2,,5,1,2,0,0,0,0,0,3,4,0,2,3,3.0,N,,,,,,,,,,,
2021039933,1545.0,2,0,0,0,0,0,0,0,0,4,0,,67,5,2021,1,39.9532,-75.2487,1545.0,6,0,0,1,0,0,0,0,0,,0,0,0,15,1,1,2,,0,39 57:11.353,,0,75 14:55.491,3,0,0,0,67301,0,0,0,N,0,0,0,2,67301,0,,1,1,,N,N,N,0,,1,0,0,3,2,,1513,1,2,0,0,0,0,0,3,4,0,2,3,3.0,N,,,,,,,,,,,
2021042740,1345.0,3,0,0,0,0,0,0,0,0,4,0,,67,5,2021,4,39.9604,-75.2411,1337.0,6,0,0,0,0,0,0,0,0,,0,0,0,13,1,1,1,,0,39 57:37.591,,0,75 14:27.822,3,0,0,0,67301,1,0,0,N,0,0,0,3,67301,0,,1,8,,N,N,N,0,,1,0,0,3,2,,1314,1,3,0,0,0,0,0,3,4,0,3,7,4.0,N,,,,,,,,,,,
2021058886,1815.0,1,0,0,0,0,0,0,0,0,5,1,,67,6,2021,4,39.9679,-75.1304,1810.0,6,0,0,0,0,0,1,1,0,,0,1,0,18,1,1,0,N,2,39 58:04.296,1.0,0,75 07:49.410,3,0,0,0,67301,0,0,0,N,0,0,0,3,68K01,0,,1,1,30.0,N,N,N,0,,1,0,1,0,0,N,1804,1,3,0,0,0,0,0,3,4,0,3,3,,N,,,,,,,,,,,
2021060708,655.0,1,0,0,0,0,0,0,0,0,7,0,,67,6,2021,2,39.9852,-75.2082,655.0,6,0,0,0,0,0,0,0,0,,0,0,0,6,3,0,0,N,0,39 59:06.663,,0,75 12:29.500,0,0,0,0,67301,0,0,0,N,0,0,0,1,68K01,0,,4,1,,N,N,N,0,,0,0,0,0,0,,637,0,1,0,0,0,0,0,3,4,0,1,3,,N,,,,,,,,,,,
2021065464,2349.0,1,0,0,0,0,0,0,0,0,7,0,,67,7,2021,2,39.9953,-75.1979,2344.0,6,0,0,1,0,0,0,0,0,,0,0,0,23,3,3,0,N,0,39 59:43.227,,0,75 11:52.276,3,0,0,0,67301,0,0,0,N,0,0,0,4,68K01,0,,4,1,,N,N,N,0,,3,0,0,0,0,,2342,3,1,0,0,0,0,0,3,4,0,1,3,,N,,,,,,,,,,,
2021064350,755.0,1,0,0,0,0,0,0,0,0,1,1,,67,7,2021,5,40.0069,-75.121,746.0,6,0,0,0,0,0,0,0,0,,0,1,0,7,1,1,0,N,1,40 00:24.842,4.0,0,75 07:15.576,3,0,0,0,67301,0,0,0,N,0,0,0,2,67301,0,,1,1,940.0,N,N,N,0,,1,0,0,3,2,N,740,1,2,0,0,0,0,0,3,4,0,2,3,3.0,N,,,,,,,,,,,
2021064362,405.0,1,0,0,0,0,0,0,0,0,4,0,,67,5,2021,6,40.0267,-75.1173,400.0,6,0,0,0,0,0,0,0,1,,1,0,0,3,3,2,1,N,2,40 01:36.158,7.0,0,75 07:02.238,1,0,0,0,67301,0,0,0,N,0,0,0,3,67301,0,2.0,1,1,645.0,N,N,N,1,0.0,1,1,0,3,2,Y,352,2,2,0,0,0,0,0,3,4,0,2,3,3.0,N,,,,,,,,,,,
2021035501,2017.0,1,0,0,0,0,0,0,0,0,4,0,,67,4,2021,7,40.0403,-75.1019,2001.0,6,0,0,0,0,0,0,0,1,,0,0,0,19,1,0,1,,0,40 02:25.154,,0,75 06:06.703,0,0,0,0,67301,0,0,0,N,0,0,0,2,67301,0,,1,1,,N,N,Y,0,,0,0,1,3,3,,1930,0,2,0,0,2,0,0,3,4,0,2,3,3.0,N,,,,,,,,,,,
2021065431,1714.0,1,0,0,0,0,0,0,0,0,5,1,,67,7,2021,7,40.0088,-75.0694,1708.0,6,0,0,0,0,1,0,0,0,,0,1,0,17,1,2,0,N,1,40 00:31.640,1.0,3,75 04:09.951,3,0,0,0,67301,0,0,0,N,0,0,0,7,68K01,0,,1,1,45.0,N,N,N,0,,2,0,1,0,0,N,1702,2,3,0,0,0,0,0,3,4,0,3,3,,N,,,,,,,,,,,
2021064321,841.0,1,0,0,0,0,0,0,0,0,8,0,,67,6,2021,4,39.9915,-75.1601,841.0,6,0,0,0,0,0,0,0,0,,0,0,0,8,1,1,2,,0,39 59:29.432,,0,75 09:36.226,3,0,0,0,67301,1,0,0,N,1,0,0,2,67301,0,,1,1,,N,N,N,0,,1,0,0,3,2,,841,1,2,0,0,1,0,0,3,4,0,1,3,3.0,N,,,,,,,,,,,
2021035988,1255.0,1,0,0,0,0,0,0,0,0,8,0,,67,4,2021,3,39.9758,-75.1584,1251.0,6,0,0,0,0,0,0,0,0,,0,0,0,12,1,1,1,,1,39 58:33.009,1.0,0,75 09:30.309,3,0,0,0,67301,1,0,0,N,1,0,0,2,67505,0,,1,1,1315.0,N,N,N,0,,1,0,0,3,2,Y,1249,1,2,0,0,0,0,0,3,4,0,1,3,3.0,N,,,,,,,,,,,
2021064313,1605.0,0,0,0,0,0,0,0,0,0,8,0,,67,6,2021,7,39.9933,-75.1546,1555.0,6,0,0,0,0,0,0,0,0,,0,0,0,13,1,1,0,N,0,39 59:35.782,,7,75 09:16.585,3,0,0,0,67301,1,0,0,N,1,0,0,1,67301,0,,1,1,,N,N,N,0,,1,0,1,0,0,,1333,1,2,0,0,0,0,0,3,4,0,1,3,4.0,N,,,,,,,,,,,
2021043157,606.0,2,0,0,0,0,0,0,0,0,4,0,,67,4,2021,4,40.0088,-75.1476,602.0,6,0,0,0,0,0,1,0,0,,0,0,0,6,1,4,1,,2,40 00:31.666,7.0,0,75 08:51.441,3,0,0,0,67301,0,0,0,N,0,0,0,4,67301,0,,1,1,605.0,N,N,N,0,,1,0,0,3,2,Y,600,4,2,0,0,2,3,0,3,4,0,2,3,3.0,N,,,,,,,,,,,
2021064596,128.0,1,0,0,0,0,0,0,0,0,5,0,,67,7,2021,7,39.9662,-75.187,114.0,6,0,0,0,0,0,0,0,0,,0,0,0,1,3,2,0,N,1,39 57:58.343,3.0,0,75 11:13.160,4,0,0,0,67301,0,0,0,N,0,0,0,3,68K01,2,,1,1,145.0,N,N,N,0,,0,0,0,0,0,N,112,2,2,0,0,0,0,1,3,4,0,2,3,,N,,,,,,,,,,,
2021036780,750.0,0,0,0,0,0,0,0,0,0,1,0,,67,4,2021,4,40.0838,-75.039,742.0,6,0,0,0,0,0,1,0,0,,0,0,0,7,1,1,0,Y,0,40 05:01.521,,0,75 02:20.489,3,0,0,0,67301,0,0,0,N,0,0,0,3,67301,0,,1,1,,N,N,N,0,,1,0,2,3,2,,735,1,2,0,0,0,0,0,3,4,0,2,3,4.0,N,,,,,,,,,,,
2021044127,1613.0,1,0,0,0,0,0,0,0,0,5,0,,67,5,2021,4,40.0087,-75.1466,1559.0,6,0,0,0,0,0,0,0,0,,0,0,0,15,1,0,2,N,0,40 00:31.150,,0,75 08:47.939,0,0,0,0,67301,0,0,0,N,0,0,0,1,67301,0,,2,1,,N,N,N,0,,0,0,0,0,0,,1556,0,3,0,0,0,0,0,3,4,1,2,3,,N,,,,,,,,,,,
2021041062,254.0,1,0,0,0,0,0,0,0,0,7,0,,67,5,2021,6,40.1183,-75.007,249.0,6,0,0,0,0,0,0,0,0,,0,0,0,2,3,1,0,N,0,40 07:06.040,,0,75 00:25.070,3,0,0,0,67301,0,0,0,N,0,0,0,1,67301,0,,4,1,,N,N,N,0,,1,0,0,0,0,,230,1,1,0,0,0,0,0,3,4,0,1,3,,N,,,,,,,,,,,
2021042242,1059.0,0,0,0,0,0,0,0,0,0,7,0,,67,5,2021,5,39.9425,-75.1935,1049.0,6,0,0,0,0,0,0,0,0,,0,0,0,10,1,0,7,,1,39 56:36.891,3.0,2,75 11:33.166,0,0,0,0,67301,0,0,0,Y,0,0,0,1,68K01,0,,7,1,1130.0,N,N,N,0,,0,0,1,0,0,N,1049,0,1,0,0,0,0,0,3,4,0,1,3,,N,,,,,,,,,,,
2021041080,1806.0,0,0,0,0,0,0,0,0,0,1,0,,67,5,2021,5,39.9736,-75.2089,1741.0,6,0,0,0,0,0,0,0,0,,0,0,0,17,1,1,2,,0,39 58:24.797,,0,75 12:32.036,2,0,1,1,67301,0,0,0,N,0,0,0,2,67301,0,,1,1,,N,N,N,1,,0,1,0,3,2,,1728,1,2,0,0,0,0,0,3,4,0,2,3,3.0,N,,,,,,,,,,,
2021041277,1416.0,1,0,0,0,0,0,0,0,0,4,0,,67,5,2021,6,39.9537,-75.2323,1416.0,6,0,0,0,0,0,2,0,0,,0,0,0,14,1,1,1,,0,39 57:13.402,,0,75 13:56.207,3,0,0,0,67301,0,0,0,N,0,0,0,3,67301,0,,1,1,,N,N,N,0,,1,0,1,3,3,,1416,1,3,0,0,0,0,0,3,4,1,3,3,3.0,N,,,,,,,,,,,
2021070344,1845.0,1,0,0,0,0,0,0,0,0,1,0,,67,7,2021,2,40.0532,-75.0697,1840.0,6,0,0,0,0,0,1,0,0,,0,0,0,18,1,1,0,N,0,40 03:11.563,,0,75 04:10.790,3,0,0,0,67301,0,0,0,N,0,0,0,3,67301,0,,1,1,,N,N,N,0,,1,0,2,0,0,,1835,1,3,0,0,0,0,0,3,4,0,3,3,3.0,N,,,,,,,,,,,
2021044233,1734.0,0,0,0,0,0,0,0,0,0,4,0,,67,5,2021,2,39.9919,-75.2337,1733.0,6,0,0,0,0,0,1,0,0,,0,0,0,17,1,1,1,,1,39 59:30.778,2.0,0,75 14:01.208,3,0,0,0,67301,0,0,0,N,0,0,0,4,67301,0,,1,9,1800.0,N,N,N,0,,1,0,2,3,2,Y,1730,1,2,0,0,0,0,2,3,4,0,2,4,7.0,N,,,,,,,,,,,
2021070640,2320.0,2,0,0,0,0,0,0,0,0,4,0,,67,7,2021,5,40.0183,-75.1488,2310.0,6,0,0,0,0,0,0,0,0,,0,0,0,23,3,1,0,N,1,40 01:05.807,4.0,0,75 08:55.596,4,0,0,0,67301,0,0,0,N,0,0,0,2,67505,1,,1,9,1145.0,N,N,N,0,,0,0,0,0,0,N,2300,1,2,0,0,0,0,1,3,4,0,2,3,,N,,,,,,,,,,,
2021041379,1800.0,1,0,0,0,0,0,0,0,0,5,0,,67,5,2021,5,39.9716,-75.1644,1746.0,6,0,0,0,0,0,0,0,0,,0,0,0,15,1,0,0,N,0,39 58:17.670,,0,75 09:51.820,0,0,0,0,67301,0,0,0,N,0,0,0,1,67301,0,,6,1,,N,N,N,0,,0,0,0,0,0,,1530,0,2,0,0,0,0,0,3,4,0,2,3,3.0,N,,,,,,,,,,,
2021041422,752.0,2,0,0,0,0,0,0,0,0,1,0,,67,5,2021,4,39.9446,-75.1912,740.0,6,0,0,0,0,0,0,0,0,,0,0,0,7,1,1,0,N,0,39 56:40.623,,2,75 11:28.269,3,0,0,0,67301,0,0,0,N,0,0,0,5,68K01,0,,1,1,,N,N,N,0,,1,0,1,0,0,,734,1,3,0,0,0,0,0,3,4,0,3,4,,N,,,,,,,,,,,