CRN,ARRIVAL_TM,AUTOMOBILE_COUNT,BELTED_DEATH_COUNT,BELTED_SUSP_SERIOUS_INJ_COUNT,BICYCLE_COUNT,BICYCLE_DEATH_COUNT,BICYCLE_SUSP_SERIOUS_INJ_COUNT,BUS_COUNT,CHLDPAS_DEATH_COUNT,CHLDPAS_SUSP_SERIOUS_INJ_COUNT,COLLISION_TYPE,COMM_VEH_COUNT,CONS_ZONE_SPD_LIM,COUNTY,CRASH_MONTH,CRASH_YEAR,DAY_OF_WEEK,DEC_LAT,DEC_LONG,DISPATCH_TM,DISTRICT,DRIVER_COUNT_16YR,DRIVER_COUNT_17YR,DRIVER_COUNT_18YR,DRIVER_COUNT_19YR,DRIVER_COUNT_20YR,DRIVER_COUNT_50_64YR,DRIVER_COUNT_65_74YR,DRIVER_COUNT_75PLUS,EST_HRS_CLOSED,FATAL_COUNT,HEAVY_TRUCK_COUNT,HORSE_BUGGY_COUNT,HOUR_OF_DAY,ILLUMINATION,INJURY_COUNT,INTERSECT_TYPE,INTERSECTION_RELATED,LANE_CLOSED,LATITUDE,LN_CLOSE_DIR,LOCATION_TYPE,LONGITUDE,MAX_SEVERITY_LEVEL,MCYCLE_DEATH_COUNT,MCYCLE_SUSP_SERIOUS_INJ_COUNT,MOTORCYCLE_COUNT,MUNICIPALITY,NONMOTR_COUNT,NONMOTR_DEATH_COUNT,NONMOTR_SUSP_SERIOUS_INJ_COUNT,NTFY_HIWY_MAINT,PED_COUNT,PED_DEATH_COUNT,PED_SUSP_SERIOUS_INJ_COUNT,PERSON_COUNT,POLICE_AGCY,POSSIBLE_INJ_COUNT,RDWY_SURF_TYPE_CD,RELATION_TO_ROAD,ROAD_CONDITION,ROADWAY_CLEARED,SCH_BUS_IND,SCH_ZONE_IND,SECONDARY_CRASH,SMALL_TRUCK_COUNT,SPEC_JURIS_CD,SUSP_MINOR_INJ_COUNT,SUSP_SERIOUS_INJ_COUNT,SUV_COUNT,TCD_FUNC_CD,TCD_TYPE,TFC_DETOUR_IND,TIME_OF_DAY,TOT_INJ_COUNT,TOTAL_UNITS,UNB_DEATH_COUNT,UNB_SUSP_SERIOUS_INJ_COUNT,UNBELTED_OCC_COUNT,UNK_INJ_DEG_COUNT,UNK_INJ_PER_COUNT,URBAN_AREA,URBAN_RURAL,VAN_COUNT,VEHICLE_COUNT,WEATHER1,WEATHER2,WORK_ZONE_IND,WORK_ZONE_LOC,WORK_ZONE_TYPE,WORKERS_PRES,WZ_CLOSE_DETOUR,WZ_FLAGGER,WZ_LAW_OFFCR_IND,WZ_LN_CLOSURE,WZ_MOVING,WZ_OTHER,WZ_SHLDER_MDN,WZ_WORKERS_INJ_KILLED
2021039901,1644.0,3,0,0,0,0,0,0,0,0,1,1,,67,5,2021,2,40.0317,-75.1681,1636.0,6,0,0,0,0,0,1,1,0,,0,1,0,16,1,0,0,N,0,40 01:54.220,,0,75 10:05.337,9,0,0,0,67301,0,0,0,N,0,0,0,6,67301,0,,1,1,,N,N,N,0,,0,0,0,0,0,,1620,0,4,0,0,0,0,5,3,4,0,4,4,,N,,,,,,,,,,,
2021035194,1915.0,0,0,0,0,0,0,0,0,0,1,0,,67,4,2021,6,40.0202,-75.0435,1915.0,6,0,0,0,0,0,1,0,0,,0,0,0,19,1,3,0,N,0,40 01:12.725,,0,75 02:36.517,4,0,0,0,67301,0,0,0,N,0,0,0,3,68K01,2,,1,1,,N,N,N,0,,0,0,2,0,0,,1908,3,2,0,0,0,1,0,3,4,0,2,3,3.0,N,,,,,,,,,,,
2021035729,1346.0,1,0,0,1,0,0,0,0,0,4,0,,67,4,2021,1,40.0671,-75.0077,1326.0,6,0,0,0,0,0,0,0,0,,0,0,0,17,1,1,2,,0,40 04:01.588,,0,75 00:27.666,3,0,0,0,67301,1,0,0,N,0,0,0,2,67301,0,,1,1,,N,N,N,0,,1,0,0,0,0,,1700,1,2,0,0,0,0,0,3,4,0,1,3,3.0,N,,,,,,,,,,,
2021035579,320.0,2,0,0,0,0,0,0,0,0,4,0,,67,4,2021,7,39.9565,-75.2215,315.0,6,0,0,0,0,0,0,0,0,,0,0,0,3,3,0,1,,0,39 57:23.301,,0,75 13:17.525,0,0,0,0,67301,0,0,0,N,0,0,0,4,67301,0,,1,1,,N,N,N,0,,0,0,0,3,2,,314,0,2,0,0,0,0,0,3,4,0,2,3,3.0,N,,,,,,,,,,,
2021036785,1422.0,1,0,0,0,0,0,0,0,0,4,0,,67,4,2021,5,40.0278,-75.0601,1421.0,6,0,0,0,0,0,0,0,0,,0,0,0,14,1,1,1,,0,40 01:40.371,,0,75 03:36.552,3,0,0,0,67301,0,0,0,N,0,0,0,2,67301,0,,1,1,,N,N,N,0,,1,0,1,3,2,,1420,1,2,0,0,0,0,1,3,4,0,2,3,3.0,N,,,,,,,,,,,
2021035719,1607.0,4,0,0,0,0,0,0,0,0,4,0,,67,4,2021,3,39.9836,-75.1601,1604.0,6,0,0,0,0,0,0,0,0,,0,0,0,16,1,0,1,,0,39 59:01.093,,0,75 09:36.529,0,0,0,0,67301,0,0,0,N,0,0,0,2,67505,0,,1,1,,N,N,Y,0,,0,0,1,3,2,,1600,0,5,0,0,0,0,0,3,4,0,5,3,3.0,N,,,,,,,,,,,
2021035521,1716.0,2,0,0,0,0,0,0,0,0,4,0,,67,4,2021,6,40.0854,-75.0374,1710.0,6,0,0,0,0,0,2,0,0,,0,0,0,17,1,1,1,,0,40 05:07.651,,0,75 02:14.830,8,0,0,0,67301,0,0,0,N,0,0,0,3,67301,0,,1,1,,N,N,N,0,,0,0,0,3,2,,1710,1,2,0,0,0,1,0,3,4,0,2,4,4.0,N,,,,,,,,,,,
2021036597,1312.0,0,0,0,0,0,0,0,0,0,4,0,,67,4,2021,2,40.0232,-75.1367,1308.0,6,0,0,0,0,0,1,0,0,,0,0,0,12,1,1,1,,0,40 01:22.969,,0,75 08:13.488,3,0,0,0,67301,0,0,0,N,0,0,0,3,67301,0,,1,1,,N,N,N,1,,1,0,1,3,2,,1246,1,2,0,0,0,0,0,3,4,0,2,3,4.0,N,,,,,,,,,,,
2021035525,1545.0,1,0,0,0,0,0,0,0,0,4,0,,67,4,2021,6,40.059,-75.0441,1531.0,6,0,0,0,0,0,2,0,0,,0,0,0,15,1,1,1,,1,40 03:32.389,4.0,0,75 02:38.685,3,0,0,0,67301,0,0,0,N,0,0,0,2,67301,0,,1,1,1555.0,N,N,N,0,,1,0,0,3,2,N,1531,1,2,0,0,0,0,0,3,4,1,2,3,,N,,,,,,,,,,,
2021070442,1931.0,1,0,0,0,0,0,0,0,0,7,0,,67,7,2021,2,40.0085,-75.0915,1927.0,6,0,0,0,0,0,0,0,0,,0,0,0,19,1,1,1,N,0,40 00:30.707,,0,75 05:29.493,4,0,0,0,67301,0,0,0,N,0,0,0,3,67301,1,,4,1,,N,N,N,0,,0,0,0,3,2,,1925,1,1,0,0,0,0,1,3,4,0,1,3,,N,,,,,,,,,,,
2021069103,152.0,1,0,0,0,0,0,0,0,0,7,0,,67,7,2021,7,39.9594,-75.1405,150.0,6,0,0,0,0,0,0,0,0,,0,0,0,1,3,0,0,N,1,39 57:33.982,1.0,0,75 08:25.889,0,0,0,0,67301,0,0,0,N,0,0,0,1,68K01,0,,4,1,155.0,N,N,N,0,,0,0,0,0,0,N,149,0,1,0,0,0,0,0,3,4,0,1,3,,N,,,,,,,,,,,
2021053637,1559.0,0,0,0,0,0,0,0,0,0,1,0,,67,5,2021,2,40.0051,-75.1279,1559.0,6,0,0,0,0,0,0,0,0,,0,0,0,14,1,1,0,N,0,40 00:18.390,,3,75 07:40.330,3,0,0,0,67301,0,0,0,N,0,0,0,3,67301,0,,1,1,,N,N,N,0,,1,0,3,0,0,,1406,1,3,0,0,0,0,0,3,4,0,3,4,4.0,N,,,,,,,,,,,
2021036338,722.0,0,0,0,0,0,0,0,0,0,4,0,,67,4,2021,5,40.0026,-75.1244,722.0,6,0,0,0,0,0,1,0,0,,0,0,0,6,1,0,1,,0,40 00:09.455,,0,75 07:27.886,0,0,0,0,67301,0,0,0,N,0,0,0,2,67301,0,,1,1,,N,N,N,0,,0,0,1,3,2,,640,0,2,0,0,0,0,0,3,4,0,2,3,3.0,N,,,,,,,,,,,
2021062017,1045.0,0,0,0,0,0,0,0,0,0,0,1,,67,7,2021,2,39.9086,-75.1513,1043.0,6,0,0,0,0,0,0,0,0,,0,1,0,10,1,0,2,,2,39 54:30.900,4.0,2,75 09:04.500,0,0,0,0,67301,0,0,0,N,0,0,0,1,67501,0,,1,1,1350.0,N,N,N,0,,0,0,0,0,0,Y,1043,0,1,0,0,0,0,0,3,4,0,1,3,,N,,,,,,,,,,,
2021035603,1147.0,0,0,0,0,0,0,0,0,0,7,0,,67,4,2021,7,40.0235,-75.1269,1142.0,6,0,0,0,0,0,0,0,0,,0,0,0,11,1,1,11,,2,40 01:24.470,1.0,0,75 07:37.016,8,0,0,0,67301,0,0,0,N,0,0,0,1,67301,0,,4,1,1217.0,N,N,N,0,,0,0,1,0,0,Y,1136,1,1,0,0,0,1,0,3,4,0,1,3,,N,,,,,,,,,,,
2021036596,55.0,3,0,0,0,0,0,0,0,0,5,0,,67,4,2021,1,40.0231,-75.1481,47.0,6,0,0,0,0,0,0,0,0,,0,0,0,0,3,0,0,N,0,40 01:23.292,,0,75 08:53.183,0,0,0,0,67301,0,0,0,N,0,0,0,2,67301,0,,1,1,,N,N,N,0,,0,0,1,0,0,,30,0,4,0,0,2,0,0,3,4,0,4,3,3.0,N,,,,,,,,,,,
2021041587,29.0,1,0,0,0,0,0,0,0,0,1,0,,67,4,2021,6,40.0145,-75.1311,29.0,6,0,0,0,0,0,0,0,0,,0,0,0,22,3,1,5,,0,40 00:52.264,,0,75 07:52.028,3,0,0,0,67301,0,0,0,N,0,0,0,2,67301,0,,1,1,,N,N,N,0,,1,0,1,3,2,,2235,1,2,0,0,0,0,0,3,4,0,2,3,,N,,,,,,,,,,,
2021036647,940.0,0,0,0,0,0,0,0,0,0,5,0,,67,4,2021,5,39.9539,-75.2006,937.0,6,0,0,0,0,0,0,0,0,,0,0,0,19,3,0,0,N,0,39 57:13.980,,0,75 12:02.235,0,0,0,0,67301,0,0,0,N,0,0,0,1,67504,0,,6,1,,N,N,N,0,,0,0,1,0,0,N,1900,0,2,0,0,0,0,0,3,4,0,2,99,,N,,,,,,,,,,,
2021064256,4.0,1,0,0,0,0,0,0,0,0,4,0,,67,7,2021,7,40.0259,-75.1593,2358.0,6,0,0,0,0,0,0,0,0,,0,0,0,23,3,2,0,N,0,40 01:33.080,,0,75 09:33.590,3,0,0,0,67301,0,0,0,N,0,0,0,5,67301,0,,1,1,,N,N,N,0,,2,0,1,0,0,,2357,2,2,0,0,2,0,0,3,4,0,2,3,3.0,N,,,,,,,,,,,
2021035547,1930.0,0,0,0,0,0,0,0,0,0,5,0,,67,4,2021,1,40.0547,-75.1733,1925.0,6,0,0,0,0,0,0,0,0,,0,0,0,18,1,0,0,N,0,40 03:16.940,,0,75 10:23.740,9,0,0,0,67301,0,0,0,N,0,0,0,1,67301,0,,6,1,,N,N,N,0,,0,0,4,0,0,,1820,0,4,0,0,0,0,1,3,4,0,4,3,,N,,,,,,,,,,,
2021064344,1018.0,1,0,0,0,0,0,0,0,0,1,0,,67,6,2021,1,40.0181,-75.1109,958.0,6,0,0,0,0,0,1,0,0,,0,0,0,9,1,1,0,N,0,40 01:05.040,,0,75 06:39.070,3,0,0,0,67301,0,0,0,N,0,0,0,2,67301,0,,1,1,,N,N,N,0,,1,0,1,0,0,,955,1,2,0,0,0,0,1,3,4,0,2,3,,N,,,,,,,,,,,
2021064591,2341.0,1,0,0,0,0,0,0,0,0,7,0,,67,7,2021,5,40.0352,-75.0178,2341.0,6,0,0,0,0,0,0,0,0,,0,0,0,23,3,0,0,N,2,40 02:06.658,1.0,0,75 01:04.016,0,0,0,0,67301,0,0,0,N,0,0,0,1,68K01,0,,2,1,17.0,N,N,N,0,,0,0,0,0,0,N,2341,0,1,0,0,0,0,0,3,4,0,1,7,,N,,,,,,,,,,,
2021035588,800.0,1,0,0,0,0,0,0,0,0,4,0,,67,4,2021,6,39.9794,-75.1744,800.0,6,0,0,0,0,0,0,0,0,,0,0,0,7,1,0,1,,0,39 58:45.724,,0,75 10:27.796,0,0,0,0,67301,0,0,0,N,0,0,0,2,67301,0,,1,1,,N,N,N,0,,0,0,1,3,2,,730,0,2,0,0,0,0,0,3,4,0,2,3,98.0,N,,,,,,,,,,,
2021036243,2030.0,1,0,0,0,0,0,0,0,0,1,0,35.0,67,4,2021,1,39.9108,-75.1604,2027.0,6,0,1,0,0,0,0,1,0,,0,0,0,20,3,0,0,N,0,39 54:38.800,,3,75 09:37.600,0,0,0,0,67301,0,0,0,N,0,0,0,2,67501,0,,1,1,,N,N,N,0,,0,0,1,0,0,,2027,0,2,0,0,0,0,0,3,4,0,2,3,,Y,4.0,1.0,N,,,N,Y,,,,N
2021035546,2135.0,1,0,0,0,0,0,0,0,0,3,0,,67,4,2021,7,40.0736,-75.1746,2132.0,6,0,0,0,0,0,0,0,0,,0,0,0,21,3,1,0,N,0,40 04:24.930,,0,75 10:28.640,3,0,0,0,67301,0,0,0,N,0,0,0,3,67301,0,,1,1,,N,N,N,0,,1,0,1,0,0,,2130,1,2,0,0,1,0,2,3,4,0,2,3,3.0,N,,,,,,,,,,,
2021036569,1748.0,0,0,0,0,0,0,0,0,0,1,0,,67,4,2021,5,40.0419,-75.075,1747.0,6,0,0,0,0,0,1,0,0,,0,0,0,17,1,1,5,,1,40 02:30.909,1.0,0,75 04:29.910,3,0,0,0,67301,0,0,0,N,0,0,0,2,67301,0,,1,1,1754.0,N,N,N,0,,1,0,1,3,2,N,1730,1,2,0,0,0,0,0,3,4,1,2,4,4.0,N,,,,,,,,,,,
2021064262,1635.0,3,0,0,0,0,0,0,0,0,1,0,,67,6,2021,2,40.0092,-75.0821,1600.0,6,0,0,0,0,0,0,0,0,,0,0,0,16,1,1,0,N,1,40 00:33.099,2.0,0,75 04:55.701,3,0,0,0,67301,0,0,0,N,0,0,0,6,67301,0,,1,1,1715.0,N,N,N,0,,1,0,0,3,2,N,1623,1,3,0,0,0,0,0,3,4,0,3,3,3.0,N,,,,,,,,,,,
2021064415,2058.0,1,0,0,0,0,0,0,0,0,8,0,,67,7,2021,7,39.9995,-75.1667,2050.0,6,0,0,0,0,0,0,0,0,,0,0,0,20,3,1,0,N,0,39 59:58.300,,0,75 10:00.160,3,0,0,0,67301,1,0,0,N,1,0,0,2,67301,0,,1,9,,N,N,N,0,,1,0,0,0,0,,2048,1,2,0,0,0,0,1,3,4,0,1,4,7.0,N,,,,,,,,,,,
2021054711,358.0,2,0,0,0,0,0,0,0,0,4,0,,67,6,2021,2,39.9405,-75.2316,351.0,6,0,0,0,0,0,0,0,0,,0,0,0,1,3,1,0,N,0,39 56:25.750,,0,75 13:53.860,8,0,0,0,67301,0,0,0,N,0,0,0,1,67301,0,,1,1,,N,N,N,0,,0,0,0,0,0,,149,1,2,0,0,0,1,0,3,4,0,2,3,3.0,N,,,,,,,,,,,
2021041962,935.0,2,0,0,0,0,0,0,0,0,5,0,,67,5,2021,6,39.9941,-75.1166,934.0,6,0,0,0,0,0,0,0,0,,0,0,0,9,1,0,0,N,0,39 59:38.830,,0,75 06:59.790,0,0,0,0,67301,0,0,0,N,0,0,0,1,67301,0,,6,1,,N,N,N,0,,0,0,1,0,0,,920,0,3,0,0,0,0,0,3,4,0,3,3,3.0,N,,,,,,,,,,,
2021039557,1050.0,1,0,0,0,0,0,0,0,0,4,0,,67,5,2021,1,39.9915,-75.1483,1046.0,6,0,0,0,0,0,1,0,0,,0,0,0,10,1,0,1,,0,39 59:29.371,,0,75 08:53.923,9,0,0,0,67301,0,0,0,N,0,0,0,2,67301,0,,1,1,,N,N,N,0,,0,0,0,3,2,,1038,0,2,0,0,0,0,1,3,4,1,2,3,4.0,N,,,,,,,,,,,
2021040900,1736.0,1,0,0,0,0,0,0,0,0,4,0,,67,5,2021,5,39.9489,-75.1897,1726.0,6,0,0,0,0,0,0,1,0,,0,0,0,17,1,0,2,,0,39 56:55.978,,3,75 11:22.808,0,0,0,0,67301,0,0,0,N,0,0,0,2,67504,0,,1,1,,N,N,N,1,,0,0,0,3,2,,1726,0,2,0,0,0,0,0,3,4,0,2,3,3.0,N,,,,,,,,,,,
2021042006,156.0,0,0,0,0,0,0,0,0,0,7,0,,67,5,2021,5,39.9593,-75.1807,148.0,6,0,0,0,0,0,0,0,0,,0,0,0,1,3,1,0,N,1,39 57:33.638,4.0,0,75 10:50.445,8,0,0,0,67301,0,0,0,N,0,0,0,1,68K01,0,,4,1,30.0,N,N,N,0,,0,0,1,0,0,N,142,1,1,0,0,1,1,0,3,4,0,1,3,3.0,N,,,,,,,,,,,
2021069661,1325.0,4,0,0,0,0,0,0,0,0,1,0,,67,7,2021,2,40.002,-75.225,1320.0,6,0,0,0,0,0,1,0,1,,0,0,0,13,1,2,0,N,0,40 00:07.138,,0,75 13:29.857,3,0,0,0,67301,0,0,0,N,0,0,0,5,46104,1,,1,1,,N,N,N,0,,1,0,0,0,0,,1320,2,4,0,0,1,0,0,3,4,0,4,3,,N,,,,,,,,,,,
2021065613,1053.0,1,0,0,0,0,0,0,0,0,5,0,,67,7,2021,5,39.9461,-75.198,1048.0,6,0,0,0,0,0,2,0,0,,0,0,0,10,1,0,1,N,0,39 56:45.994,,0,75 11:52.872,0,0,0,0,67301,0,0,0,N,0,0,0,2,67504,0,,1,1,,N,N,N,1,,0,0,0,3,2,,1048,0,2,0,0,0,0,0,3,4,0,2,3,,N,,,,,,,,,,,
2021040311,309.0,1,0,0,0,0,0,0,0,0,7,0,,67,5,2021,2,39.9571,-75.1563,304.0,6,0,0,0,0,0,0,0,0,,0,0,0,3,3,1,0,N,2,39 57:25.667,4.0,0,75 09:22.579,3,0,0,0,67301,0,0,0,N,0,0,0,1,68K01,0,,4,1,349.0,N,N,N,0,,1,0,0,0,0,N,304,1,1,0,0,0,0,0,3,4,0,1,3,,N,,,,,,,,,,,
2021040553,956.0,0,0,0,0,0,0,0,0,0,8,0,,67,5,2021,4,39.9461,-75.1563,954.0,6,0,0,0,0,0,1,0,0,,0,0,0,9,1,1,0,N,0,39 56:45.800,,0,75 09:22.600,3,0,0,0,67301,1,0,0,N,1,0,0,2,67301,0,,4,9,,N,N,N,1,,1,0,0,0,0,,930,1,2,0,0,1,0,0,3,4,0,1,7,7.0,N,,,,,,,,,,,
2021064346,1758.0,0,0,0,0,0,0,0,0,0,2,0,,67,6,2021,2,39.9993,-75.1351,1750.0,6,0,0,0,0,0,0,0,0,,0,0,0,17,1,0,0,N,0,39 59:57.337,,0,75 08:06.212,0,0,0,0,67301,0,0,0,N,0,0,0,2,67301,0,,1,1,,N,N,N,0,,0,0,3,0,0,,1724,0,3,0,0,0,0,0,3,4,0,3,3,3.0,N,,,,,,,,,,,
2021035522,1420.0,0,0,0,0,0,0,0,0,0,5,0,,67,4,2021,7,40.0625,-75.0429,1415.0,6,0,0,0,0,0,1,0,0,,0,0,0,14,1,2,1,,1,40 03:45.079,2.0,0,75 02:34.348,8,0,0,2,67301,0,0,0,N,0,0,0,3,67301,0,,1,1,1440.0,N,N,N,0,,0,0,0,3,2,N,1410,2,2,0,0,0,2,0,3,4,0,2,3,,N,,,,,,,,,,,
2021065575,1555.0,1,0,0,0,0,0,1,0,0,1,1,,67,7,2021,1,39.9832,-75.1568,1555.0,6,0,0,0,0,0,1,0,0,,0,0,0,15,1,1,1,,1,39 58:59.563,2.0,0,75 09:25.021,4,0,0,0,67301,0,0,0,N,0,0,0,3,67508,1,,1,1,9999.0,N,N,Y,0,,0,0,0,3,2,N,1555,1,2,0,0,0,0,0,3,4,0,2,3,3.0,N,,,,,,,,,,,
2021036788,32.0,3,0,0,0,0,0,0,0,0,5,0,,67,4,2021,3,39.9762,-75.1583,30.0,6,0,0,0,0,0,0,0,0,,0,0,0,22,3,0,0,N,0,39 58:34.379,,0,75 09:29.997,0,0,0,0,67301,0,0,0,N,0,0,0,2,67301,0,,1,1,,N,N,N,0,,0,0,0,0,0,,2200,0,3,0,0,0,0,0,3,4,0,3,3,3.0,N,,,,,,,,,,,
2021064554,2244.0,1,0,0,0,0,0,0,0,0,7,0,,67,6,2021,1,39.9972,-75.1963,2241.0,6,0,0,0,0,0,0,0,0,,0,0,0,22,3,0,0,N,1,39 59:49.945,4.0,0,75 11:46.576,9,0,0,0,67301,0,0,0,N,0,0,0,1,68K01,0,,4,1,2245.0,N,N,N,0,,0,0,0,0,0,N,2230,0,1,0,0,0,0,1,3,4,0,1,3,,N,,,,,,,,,,,
2021064266,1550.0,0,0,0,0,0,0,0,0,0,2,0,,67,6,2021,2,40.0188,-75.1027,1532.0,6,0,0,0,0,0,0,1,0,,0,0,0,14,1,1,0,N,0,40 01:07.810,,0,75 06:09.630,3,0,0,0,67301,0,0,0,N,0,0,0,2,67301,0,,1,1,,N,N,N,0,,1,0,2,0,0,,1452,1,2,0,0,0,0,0,3,4,0,2,3,3.0,N,,,,,,,,,,,
2021035602,1130.0,1,0,0,0,0,0,0,0,0,4,0,,67,4,2021,7,40.0005,-75.1196,1127.0,6,0,0,0,0,0,1,0,0,,0,0,0,9,1,1,1,,0,40 00:01.702,,0,75 07:10.610,3,0,0,0,67301,0,0,0,N,0,0,0,3,67301,0,,1,1,,N,N,N,0,,1,0,1,3,3,,947,1,2,0,0,0,0,0,3,4,0,2,3,3.0,N,,,,,,,,,,,
2021064324,1327.0,1,0,0,0,0,0,0,0,0,2,0,,67,7,2021,5,39.9809,-75.1624,1327.0,6,0,0,0,0,0,0,0,0,,0,0,0,13,1,0,2,,0,39 58:51.063,,0,75 09:44.559,0,0,0,0,67301,0,0,0,N,0,0,0,2,67301,0,,1,1,,N,N,N,1,,0,0,0,2,2,,1327,0,2,0,0,0,0,0,3,4,0,2,3,3.0,N,,,,,,,,,,,
2021036336,15.0,1,0,0,0,0,0,0,0,0,1,0,,67,4,2021,5,39.9864,-75.1561,13.0,6,0,0,0,0,0,0,0,0,,0,0,0,0,3,1,0,N,2,39 59:11.011,1.0,0,75 09:22.033,8,0,0,0,67301,0,0,0,N,0,0,0,2,67301,0,,1,1,206.0,N,N,N,1,,0,0,0,0,0,Y,6,1,2,0,0,0,1,0,3,4,0,2,3,3.0,N,,,,,,,,,,,
2021035584,1000.0,1,0,0,0,0,0,0,0,0,1,0,,67,4,2021,2,39.9898,-75.2266,949.0,6,0,0,0,0,0,0,0,0,,0,0,0,9,1,1,3,,0,39 59:23.254,,0,75 13:35.691,3,0,0,0,67301,0,0,0,N,0,0,0,2,67301,0,,1,1,,N,N,N,0,,1,0,0,0,0,,929,1,2,0,0,0,0,0,3,4,1,2,3,3.0,N,,,,,,,,,,,
2021035853,1509.0,2,0,0,0,0,0,0,0,0,1,0,45.0,67,4,2021,2,40.0104,-75.0633,1445.0,6,0,0,0,0,0,0,0,0,,0,0,0,14,1,1,0,N,1,40 00:37.393,2.0,3,75 03:47.736,3,0,0,0,67301,0,0,0,N,0,0,0,3,68K01,0,,1,1,30.0,N,N,N,0,,1,0,1,0,0,N,1444,1,3,0,0,0,0,1,3,4,0,3,4,,Y,4.0,1.0,N,,,N,Y,,,Y,N
2021034344,1750.0,4,0,0,0,0,0,0,0,0,5,0,,67,4,2021,5,39.976,-75.1618,1750.0,6,0,0,0,0,0,1,0,0,,0,0,0,17,1,0,0,N,2,39 58:33.700,1.0,0,75 09:42.500,0,0,0,0,67301,0,0,0,N,0,0,0,2,67505,0,,6,1,1800.0,N,N,N,0,,0,0,0,0,0,Y,1745,0,4,0,0,0,0,0,3,4,0,4,3,3.0,N,,,,,,,,,,,
2021041253,1751.0,1,0,0,0,0,0,0,0,0,1,0,,67,5,2021,5,39.9768,-75.114,1742.0,6,0,0,0,0,0,1,0,0,,0,0,0,17,1,0,0,N,1,39 58:36.309,2.0,3,75 06:50.384,0,0,0,0,67301,0,0,0,N,0,0,0,2,68K01,0,,1,1,1840.0,N,N,N,0,,0,0,1,0,0,N,1736,0,2,0,0,0,0,0,3,4,0,2,3,3.0,N,,,,,,,,,,,
2021039590,59.0,2,0,0,0,0,0,0,0,0,5,0,,67,5,2021,1,39.9229,-75.1798,59.0,6,0,0,0,1,0,0,0,0,,0,0,0,0,3,0,0,N,0,39 55:22.310,,0,75 10:47.340,0,0,0,0,67301,0,0,0,N,0,0,0,1,67301,0,,1,1,,N,N,N,0,,0,0,0,0,0,,22,0,3,0,0,0,0,0,3,4,1,3,3,,N,,,,,,,,,,,
2021041462,2010.0,2,0,0,0,0,0,0,0,0,4,0,,67,5,2021,6,40.0601,-75.1538,1949.0,6,0,0,0,0,0,0,0,0,,0,0,0,19,4,1,1,,0,40 03:36.464,,0,75 09:13.553,3,0,0,0,67301,0,0,0,N,0,0,0,3,67301,0,,1,9,,N,N,N,0,,1,0,0,3,2,,1900,1,2,0,0,0,0,1,3,4,0,2,98,98.0,N,,,,,,,,,,,
2021064212,1308.0,1,0,0,0,0,0,0,0,0,1,0,,67,6,2021,2,40.0915,-74.9656,1302.0,6,0,0,0,0,0,0,0,0,,0,0,0,12,1,1,1,,0,40 05:29.578,,0,74 57:56.181,8,0,0,0,67301,0,0,0,N,0,0,0,2,67301,0,,1,1,,N,N,N,0,,0,0,1,3,2,,1257,1,2,0,0,0,1,0,3,4,0,2,3,3.0,N,,,,,,,,,,,
2021064289,2034.0,2,0,0,0,0,0,0,0,0,1,0,,67,7,2021,1,39.9402,-75.2009,2024.0,6,0,0,1,0,0,0,0,0,,0,0,0,20,4,1,0,Y,0,39 56:24.575,,0,75 12:03.266,3,0,0,0,67301,0,0,0,N,0,0,0,2,67301,0,,1,1,,N,N,N,0,,1,0,0,3,2,,2015,1,2,0,0,0,0,0,3,4,0,2,3,3.0,N,,,,,,,,,,,
2021064411,105.0,3,0,0,0,0,0,0,0,0,2,0,,67,7,2021,6,39.9997,-75.1749,105.0,6,0,0,0,0,1,0,0,0,,0,0,0,1,3,0,1,,2,39 59:59.038,7.0,0,75 10:29.614,0,0,0,0,67301,0,0,0,N,0,0,0,2,67301,0,,1,9,155.0,N,N,N,0,,0,0,0,3,3,U,103,0,3,0,0,0,0,0,3,4,0,3,7,,N,,,,,,,,,,,
2021037383,2030.0,1,0,0,0,0,0,0,0,0,2,0,,67,4,2021,6,39.9689,-75.2476,2030.0,6,0,0,0,0,0,0,0,0,,0,0,0,20,3,1,0,N,0,39 58:07.900,,0,75 14:51.300,3,0,0,0,67301,0,0,0,N,0,0,0,1,67301,0,,6,1,,N,N,N,0,,1,0,0,0,0,,2030,1,2,0,0,0,0,0,3,4,1,2,3,3.0,N,,,,,,,,,,,
2021036233,1118.0,2,0,0,0,0,0,0,0,0,4,0,,67,4,2021,3,39.9704,-75.15,1117.0,6,0,0,0,0,0,0,0,0,,0,0,0,11,1,5,1,,0,39 58:14.003,,0,75 08:59.563,2,0,0,0,67301,5,0,1,N,5,0,1,7,67301,2,,1,1,,N,N,N,0,,0,1,0,3,2,,1116,5,7,0,0,2,2,0,3,4,0,2,3,3.0,N,,,,,,,,,,,
2021036228,1508.0,2,0,0,0,0,0,0,0,0,4,0,,67,4,2021,3,40.0689,-75.1818,1458.0,6,0,0,0,0,0,2,0,0,,0,0,0,14,1,1,1,,0,40 04:08.058,,0,75 10:54.300,3,0,0,0,67301,0,0,0,N,0,0,0,3,67301,0,,1,1,,N,N,N,0,,1,0,1,3,2,,1456,1,3,0,0,0,0,0,3,4,0,3,3,,N,,,,,,,,,,,