CRN,ARRIVAL_TM,AUTOMOBILE_COUNT,BELTED_DEATH_COUNT,BELTED_SUSP_SERIOUS_INJ_COUNT,BICYCLE_COUNT,BICYCLE_DEATH_COUNT,BICYCLE_SUSP_SERIOUS_INJ_COUNT,BUS_COUNT,CHLDPAS_DEATH_COUNT,CHLDPAS_SUSP_SERIOUS_INJ_COUNT,COLLISION_TYPE,COMM_VEH_COUNT,CONS_ZONE_SPD_LIM,COUNTY,CRASH_MONTH,CRASH_YEAR,DAY_OF_WEEK,DEC_LAT,DEC_LONG,DISPATCH_TM,DISTRICT,DRIVER_COUNT_16YR,DRIVER_COUNT_17YR,DRIVER_COUNT_18YR,DRIVER_COUNT_19YR,DRIVER_COUNT_20YR,DRIVER_COUNT_50_64YR,DRIVER_COUNT_65_74YR,DRIVER_COUNT_75PLUS,EST_HRS_CLOSED,FATAL_COUNT,HEAVY_TRUCK_COUNT,HORSE_BUGGY_COUNT,HOUR_OF_DAY,ILLUMINATION,INJURY_COUNT,INTERSECT_TYPE,INTERSECTION_RELATED,LANE_CLOSED,LATITUDE,LN_CLOSE_DIR,LOCATION_TYPE,LONGITUDE,MAX_SEVERITY_LEVEL,MCYCLE_DEATH_COUNT,MCYCLE_SUSP_SERIOUS_INJ_COUNT,MOTORCYCLE_COUNT,MUNICIPALITY,NONMOTR_COUNT,NONMOTR_DEATH_COUNT,NONMOTR_SUSP_SERIOUS_INJ_COUNT,NTFY_HIWY_MAINT,PED_COUNT,PED_DEATH_COUNT,PED_SUSP_SERIOUS_INJ_COUNT,PERSON_COUNT,POLICE_AGCY,POSSIBLE_INJ_COUNT,RDWY_SURF_TYPE_CD,RELATION_TO_ROAD,ROAD_CONDITION,ROADWAY_CLEARED,SCH_BUS_IND,SCH_ZONE_IND,SECONDARY_CRASH,SMALL_TRUCK_COUNT,SPEC_JURIS_CD,SUSP_MINOR_INJ_COUNT,SUSP_SERIOUS_INJ_COUNT,SUV_COUNT,TCD_FUNC_CD,TCD_TYPE,TFC_DETOUR_IND,TIME_OF_DAY,TOT_INJ_COUNT,TOTAL_UNITS,UNB_DEATH_COUNT,UNB_SUSP_SERIOUS_INJ_COUNT,UNBELTED_OCC_COUNT,UNK_INJ_DEG_COUNT,UNK_INJ_PER_COUNT,URBAN_AREA,URBAN_RURAL,VAN_COUNT,VEHICLE_COUNT,WEATHER1,WEATHER2,WORK_ZONE_IND,WORK_ZONE_LOC,WORK_ZONE_TYPE,WORKERS_PRES,WZ_CLOSE_DETOUR,WZ_FLAGGER,WZ_LAW_OFFCR_IND,WZ_LN_CLOSURE,WZ_MOVING,WZ_OTHER,WZ_SHLDER_MDN,WZ_WORKERS_INJ_KILLED
2021077888,1325.0,0,0,0,0,0,0,0,0,0,1,2,,67,8,2021,5,40.0578,-75.0087,1314.0,6,0,0,0,0,0,2,0,0,,0,2,0,13,1,1,1,,2,40 03:28.059,2.0,0,75 00:31.473,4,0,0,0,67301,0,0,0,N,0,0,0,3,67301,1,,1,1,1600.0,N,N,N,0,,0,0,1,3,2,N,1308,1,3,0,0,0,0,0,3,4,0,3,3,3.0,N,,,,,,,,,,,
2021049383,748.0,0,0,0,0,0,0,0,0,0,7,0,,67,5,2021,7,39.8928,-75.2243,743.0,6,0,0,0,0,0,0,0,0,,0,0,0,7,1,0,0,N,1,39 53:34.167,2.0,8,75 13:27.538,0,0,0,0,67301,0,0,0,N,0,0,0,1,68K01,0,,4,9,830.0,N,N,N,0,,0,0,1,0,0,N,741,0,1,0,0,0,0,0,3,4,0,1,7,7.0,N,,,,,,,,,,,
2021054581,1637.0,2,0,0,0,0,0,0,0,0,1,0,,67,5,2021,2,40.0701,-75.0092,1623.0,6,0,0,0,1,0,0,0,1,,0,0,0,16,1,1,0,Y,1,40 04:12.420,4.0,0,75 00:33.084,4,0,0,0,67301,0,0,0,N,0,0,0,5,67301,1,,1,1,1723.0,N,N,N,0,,0,0,1,3,2,N,1623,1,3,0,0,0,0,0,3,4,0,3,4,3.0,N,,,,,,,,,,,
2021075966,1300.0,0,0,0,0,0,0,0,0,0,8,1,,67,7,2021,4,40.0673,-75.24,1255.0,6,0,0,0,0,0,0,0,0,,0,1,0,12,1,2,2,,0,40 04:02.511,,0,75 14:24.642,2,0,0,0,67301,1,0,1,N,1,0,1,2,67301,0,,1,1,,N,N,N,0,,0,2,1,0,0,,1245,2,3,0,1,1,0,0,3,4,0,2,3,3.0,N,,,,,,,,,,,
2021078128,1214.0,1,0,0,0,0,0,0,0,0,4,0,,67,8,2021,3,39.974,-75.1622,1212.0,6,0,0,0,0,0,0,0,0,,0,0,0,11,1,1,1,,0,39 58:26.450,,0,75 09:44.053,4,0,0,0,67301,0,0,0,N,0,0,0,2,67301,1,,1,1,,N,N,N,0,,0,0,0,3,3,,1139,1,2,0,0,0,0,1,3,4,0,2,4,4.0,N,,,,,,,,,,,
2021076507,36.0,3,0,0,0,0,0,0,0,0,1,0,,67,8,2021,1,40.013,-75.0584,33.0,6,0,0,0,0,0,0,0,0,,0,0,0,0,3,2,0,N,2,40 00:46.962,2.0,0,75 03:30.096,4,0,0,0,67301,0,0,0,N,0,0,0,7,68K01,1,,1,1,130.0,N,N,N,0,,0,0,0,0,0,N,29,2,3,0,0,3,1,0,3,4,0,3,3,,N,,,,,,,,,,,
2021047524,2043.0,0,0,0,0,0,0,0,0,0,4,0,,67,5,2021,1,39.9909,-75.1016,2039.0,6,0,0,0,0,0,1,0,0,,0,0,0,20,3,1,1,,1,39 59:27.713,1.0,0,75 06:05.900,2,0,1,1,67301,0,0,0,N,0,0,0,3,67301,0,,1,1,2200.0,N,N,N,0,,0,1,1,3,2,N,2035,1,3,0,0,0,0,0,3,4,1,3,3,3.0,N,,,,,,,,,,,
2021072026,1153.0,1,0,0,0,0,0,1,0,0,4,1,,67,7,2021,7,39.9759,-75.2402,1143.0,6,0,0,0,0,0,0,0,0,,0,0,0,11,1,1,1,,2,39 58:33.268,3.0,0,75 14:24.842,8,0,0,0,67301,0,0,0,N,0,0,0,3,67508,0,,1,1,9999.0,N,N,Y,0,,0,0,0,3,2,Y,1143,1,2,0,0,0,1,0,3,4,0,2,3,3.0,N,,,,,,,,,,,
2021078061,1229.0,1,0,0,0,0,0,0,0,0,1,0,,67,8,2021,3,39.938,-75.1441,1201.0,6,0,0,0,0,0,0,0,0,,0,0,0,11,1,3,0,N,0,39 56:16.759,,0,75 08:38.709,4,0,0,0,67301,0,0,0,N,0,0,0,4,68K01,3,,1,1,,N,N,N,0,,0,0,1,0,0,,1129,3,2,0,0,0,0,0,3,4,0,2,3,,N,,,,,,,,,,,
2021052201,426.0,1,0,0,0,0,0,0,0,0,7,0,,67,5,2021,1,39.9605,-75.1812,419.0,6,0,0,0,0,0,0,0,0,,0,0,0,4,3,0,7,,1,39 57:37.626,4.0,8,75 10:52.459,0,0,0,0,67301,0,0,0,N,0,0,0,2,68K01,0,,7,9,513.0,N,N,N,0,,0,0,0,0,0,Y,415,0,1,0,0,0,0,0,3,4,0,1,7,7.0,N,,,,,,,,,,,
2021048561,1530.0,0,0,0,0,0,0,0,0,0,4,0,,67,5,2021,1,40.0468,-75.0703,1530.0,6,0,0,0,0,0,0,0,0,,0,0,0,13,1,1,1,,0,40 02:48.424,,0,75 04:13.037,3,0,0,0,67301,0,0,0,N,0,0,0,2,67301,0,,1,1,,N,N,N,0,,1,0,0,3,2,,1330,1,2,0,0,0,0,0,3,4,1,2,3,3.0,N,,,,,,,,,,,
2021054579,1038.0,0,0,0,1,0,0,0,0,0,4,0,,67,5,2021,7,40.0414,-75.0283,1034.0,6,0,0,0,0,0,0,0,0,,0,0,0,10,1,1,1,,0,40 02:28.908,,0,75 01:41.719,3,0,0,0,67301,1,0,0,N,0,0,0,2,67301,0,,1,1,,N,N,N,0,,1,0,0,3,2,,1033,1,2,0,0,0,0,0,3,4,1,1,3,,N,,,,,,,,,,,
2021049381,2158.0,1,0,0,0,0,0,0,0,0,0,0,,67,5,2021,6,40.0459,-75.0019,2158.0,6,0,0,0,0,0,0,0,0,,0,0,0,21,3,0,0,N,0,40 02:45.122,,0,75 00:06.687,0,0,0,0,67301,0,0,0,Y,0,0,0,2,68K01,0,,1,9,,N,N,N,0,,0,0,0,0,0,,2158,0,1,0,0,0,0,0,3,4,0,1,7,4.0,N,,,,,,,,,,,
2021046335,1949.0,0,0,0,0,0,0,0,0,0,5,0,,67,5,2021,6,40.0398,-75.1204,1949.0,6,0,0,0,1,0,0,0,0,,0,0,0,19,1,1,0,N,1,40 02:23.200,1.0,0,75 07:13.500,3,0,0,0,67301,0,0,0,N,0,0,0,1,67301,0,,6,1,2000.0,N,N,N,0,,1,0,1,0,0,N,1949,1,2,0,0,1,0,0,3,4,1,2,3,,N,,,,,,,,,,,
2021041065,1544.0,3,0,0,0,0,0,0,0,0,5,0,,67,5,2021,4,40.0626,-75.0226,1537.0,6,0,0,0,0,0,0,0,0,,0,0,0,15,1,1,0,N,0,40 03:45.200,,0,75 01:21.400,3,0,0,0,67301,0,0,0,N,0,0,0,1,67301,0,,6,1,,N,N,Y,0,,1,0,1,0,0,,1536,1,4,0,0,0,0,0,3,4,0,4,4,,N,,,,,,,,,,,
2021041091,1726.0,0,0,0,1,0,0,0,0,0,5,0,,67,5,2021,4,39.9921,-75.0996,1725.0,6,0,0,0,0,0,0,0,0,,0,0,0,17,1,1,0,N,0,39 59:31.515,,0,75 05:58.609,3,0,0,0,67301,1,0,0,N,0,0,0,2,67301,0,,1,1,,N,N,N,0,,1,0,0,0,0,,1711,1,2,0,0,0,0,0,3,4,0,1,4,3.0,N,,,,,,,,,,,
2021041369,2035.0,1,0,0,0,0,0,0,0,0,1,0,,67,5,2021,2,40.0698,-75.0695,2035.0,6,0,0,0,0,0,0,0,0,,0,0,0,20,3,0,0,N,0,40 04:11.108,,0,75 04:10.055,0,0,0,0,67301,0,0,0,N,0,0,0,1,67301,0,,6,9,,N,N,N,0,,0,0,1,0,0,,2020,0,2,0,0,1,0,0,3,4,0,2,7,7.0,N,,,,,,,,,,,
2021040450,19.0,1,0,0,0,0,0,0,0,0,7,0,,67,5,2021,4,39.9774,-75.1262,16.0,6,0,0,0,0,0,0,0,0,,0,0,0,0,3,1,0,N,0,39 58:38.810,,0,75 07:34.370,4,0,0,0,67301,0,0,0,N,0,0,0,1,67301,1,,5,1,,N,N,N,0,,0,0,0,0,0,,16,1,1,0,0,1,0,0,3,4,0,1,3,3.0,N,,,,,,,,,,,
2021040152,1514.0,2,0,0,0,0,0,0,0,0,1,0,,67,5,2021,1,40.0298,-75.2294,1506.0,6,0,0,0,0,0,1,1,0,,0,0,0,14,1,2,0,Y,0,40 01:47.400,,0,75 13:45.680,8,0,0,0,67301,0,0,0,N,0,0,0,3,67301,0,,1,1,,N,N,N,0,,0,0,0,3,2,,1458,2,2,0,0,0,2,0,3,4,0,2,3,3.0,N,,,,,,,,,,,
2021048220,105.0,0,0,1,0,0,0,0,0,0,4,0,,67,5,2021,5,40.0336,-75.0468,104.0,6,0,0,0,0,0,0,1,0,,0,0,0,1,3,3,1,,2,40 02:01.052,7.0,0,75 02:48.431,2,0,0,0,67301,0,0,0,N,0,0,0,3,67301,0,,1,9,354.0,N,N,N,0,,2,1,2,3,2,Y,104,3,2,0,0,2,0,0,3,4,0,2,3,3.0,N,,,,,,,,,,,
2021048138,21.0,1,0,0,0,0,0,0,0,0,2,0,,67,5,2021,5,40.0459,-75.0825,16.0,6,0,0,0,1,0,0,0,0,,0,0,0,0,3,2,0,N,1,40 02:45.060,2.0,0,75 04:57.050,3,0,0,0,67301,0,0,0,N,0,0,0,3,67301,0,,1,9,145.0,N,N,N,0,,2,0,2,0,0,N,2,2,4,0,0,0,0,0,3,4,0,4,7,,N,,,,,,,,,,,
2021046622,835.0,1,0,0,0,0,0,0,0,0,7,0,,67,5,2021,1,40.0065,-75.1519,834.0,6,0,0,0,0,0,0,0,0,,0,0,0,8,1,0,0,N,1,40 00:23.250,2.0,0,75 09:06.715,9,0,0,0,67301,0,0,0,Y,0,0,0,1,67505,0,,4,1,930.0,N,N,Y,0,,0,0,1,0,0,Y,830,0,2,0,0,0,0,1,3,4,0,2,3,,N,,,,,,,,,,,
2021047288,1012.0,1,0,0,0,0,0,0,0,0,4,0,,67,5,2021,2,40.0266,-75.1233,1012.0,6,0,0,0,0,0,1,0,0,,0,0,0,10,1,1,1,,1,40 01:35.738,2.0,0,75 07:23.718,4,0,0,0,67301,1,0,0,N,0,0,0,3,67301,1,,1,1,1130.0,N,N,N,0,,0,0,2,3,3,Y,1011,1,3,0,0,0,0,0,3,4,0,3,3,4.0,N,,,,,,,,,,,
2021077034,2255.0,1,0,0,0,0,0,0,0,0,4,0,,67,7,2021,3,40.0163,-75.0519,2243.0,6,0,0,0,0,0,1,0,0,,0,0,0,22,3,1,0,N,1,40 00:58.697,2.0,0,75 03:06.882,3,0,0,0,67301,0,0,0,N,0,0,0,2,68K01,0,,1,1,30.0,N,N,N,0,,1,0,1,0,0,N,2243,1,2,0,0,1,0,0,3,4,0,2,3,3.0,N,,,,,,,,,,,
2021047839,137.0,2,0,0,0,0,0,0,0,0,5,0,,67,5,2021,7,39.9988,-75.1314,137.0,6,0,0,0,0,0,0,0,0,,0,0,0,1,3,0,0,N,0,39 59:55.633,,0,75 07:53.063,0,0,0,0,67301,0,0,0,N,0,0,0,2,67301,0,,6,1,,N,N,N,0,,0,0,1,0,0,,130,0,3,0,0,0,0,0,3,4,0,3,3,,N,,,,,,,,,,,
2021047342,1335.0,1,0,0,0,0,0,0,0,0,4,0,,67,5,2021,1,39.9536,-75.165,1329.0,6,0,0,0,0,0,1,0,0,,0,0,0,13,1,0,2,,1,39 57:12.978,2.0,6,75 09:54.168,9,0,0,0,67301,0,0,0,N,0,0,0,5,67508,0,,1,1,9999.0,N,N,Y,0,,0,0,1,3,2,N,1329,0,2,0,0,1,0,1,3,4,0,2,3,3.0,N,,,,,,,,,,,
2021048755,1344.0,4,0,0,0,0,0,0,0,0,1,0,,67,5,2021,5,40.0552,-75.0539,1331.0,6,0,0,0,0,1,0,0,0,,0,0,0,13,1,1,0,N,0,40 03:18.816,,0,75 03:14.073,3,0,0,0,67301,0,0,0,N,0,0,0,5,67301,0,,1,1,,N,N,Y,0,,1,0,0,0,0,,1328,1,4,0,0,0,0,1,3,4,0,4,3,3.0,N,,,,,,,,,,,
2021048630,830.0,2,0,0,0,0,0,0,0,0,4,0,,67,5,2021,6,39.9521,-75.2056,827.0,6,0,0,0,0,0,0,0,0,,0,0,0,8,1,0,1,,0,39 57:07.498,,0,75 12:20.102,0,0,0,0,67301,0,0,0,N,0,0,0,3,67504,0,,1,98,,N,N,N,0,,0,0,0,3,2,,825,0,2,0,0,0,0,0,3,4,0,2,3,3.0,N,,,,,,,,,,,
2021051165,1730.0,1,0,0,0,0,0,0,0,0,4,0,,67,5,2021,6,40.0451,-75.1028,1724.0,6,0,0,0,0,0,1,0,0,,0,0,0,17,6,0,2,,0,40 02:42.230,,0,75 06:10.140,9,0,0,0,67301,0,0,0,N,0,0,0,2,67301,0,,1,9,,N,N,N,1,,0,0,0,0,0,,1724,0,3,0,0,0,0,2,3,4,1,3,7,4.0,N,,,,,,,,,,,
2021049278,835.0,1,0,0,0,0,0,0,0,0,4,0,,67,5,2021,7,39.9698,-75.2411,824.0,6,0,0,1,0,0,1,0,0,,0,0,0,7,1,1,1,,0,39 58:11.431,,0,75 14:28.096,8,0,0,0,67301,0,0,0,N,0,0,0,2,67301,0,,1,9,,N,N,N,0,,0,0,1,3,3,,725,1,2,0,0,0,1,0,3,4,0,2,4,7.0,N,,,,,,,,,,,
2021075971,1139.0,2,0,0,0,0,0,0,0,0,2,0,,67,8,2021,7,39.9958,-75.0925,1135.0,6,0,0,0,0,0,0,0,0,,0,0,0,11,1,2,0,N,1,39 59:44.940,2.0,7,75 05:32.915,8,0,0,0,67301,0,0,0,N,0,0,0,4,67301,0,,1,1,1220.0,N,N,N,0,,0,0,0,3,2,Y,1126,2,2,0,0,0,2,1,3,4,0,2,3,3.0,N,,,,,,,,,,,
2021048759,1650.0,2,0,0,0,0,0,0,0,0,4,0,,67,5,2021,5,39.9736,-75.2083,1640.0,6,0,0,0,0,0,0,0,0,,0,0,0,16,1,1,0,N,0,39 58:25.025,,0,75 12:30.028,3,0,0,0,67301,0,0,0,N,0,0,0,2,67301,0,,1,1,,N,N,N,0,,1,0,0,0,0,,1613,1,3,0,0,0,0,1,3,4,0,3,3,3.0,N,,,,,,,,,,,
2021046909,1045.0,1,0,0,0,0,0,0,0,0,4,0,,67,5,2021,6,39.9526,-75.1485,1044.0,6,0,0,0,0,0,1,0,0,,0,0,0,10,1,0,1,,2,39 57:09.292,1.0,0,75 08:54.546,0,0,0,0,67301,0,0,0,N,0,0,0,3,67301,0,,1,1,30.0,N,N,N,0,,0,0,1,3,2,Y,1044,0,2,0,0,0,0,0,3,4,0,2,3,3.0,N,,,,,,,,,,,
2021049467,1225.0,3,0,0,0,0,0,0,0,0,5,0,,67,5,2021,2,39.9699,-75.2171,20.0,6,0,0,0,0,0,0,0,0,,0,0,0,23,3,0,0,N,0,39 58:11.710,,0,75 13:01.640,0,0,0,0,67301,0,0,0,N,0,0,0,2,67301,0,,1,1,,N,N,N,0,,0,0,1,0,0,,2353,0,4,0,0,0,0,0,3,4,0,4,3,,N,,,,,,,,,,,
2021049068,2120.0,1,0,0,0,0,0,0,0,0,6,0,,67,5,2021,6,40.0582,-75.0526,2102.0,6,0,0,1,0,0,1,0,0,,0,0,0,20,3,1,0,N,0,40 03:29.438,,0,75 03:09.390,8,0,0,0,67301,0,0,0,N,0,0,0,2,67301,0,,1,9,,N,N,N,0,,0,0,1,0,0,,2045,1,2,0,0,0,1,0,3,4,0,2,7,4.0,N,,,,,,,,,,,
2021046925,329.0,2,0,0,0,0,0,0,0,0,5,0,,67,5,2021,1,40.0264,-75.1603,327.0,6,0,0,0,0,0,0,0,0,,0,0,0,3,3,0,0,N,0,40 01:35.083,,0,75 09:37.182,0,0,0,0,67301,0,0,0,N,0,0,0,1,67301,0,,6,1,,N,N,N,0,,0,0,0,0,0,,307,0,2,0,0,0,0,0,3,4,0,2,3,3.0,N,,,,,,,,,,,
2021076213,1638.0,2,0,0,0,0,0,0,0,0,4,0,,67,8,2021,5,39.9674,-75.2457,1638.0,6,0,0,0,1,0,0,0,0,,0,0,0,16,1,1,1,,0,39 58:02.462,,0,75 14:44.658,3,0,0,0,67301,0,0,0,N,0,0,0,3,67301,0,,1,1,,N,N,N,0,,1,0,0,9,3,,1636,1,2,0,0,1,0,0,3,4,0,2,3,3.0,N,,,,,,,,,,,
2021049754,1700.0,1,0,0,1,0,0,0,0,0,4,0,,67,5,2021,1,39.973,-75.2261,1655.0,6,0,0,0,0,0,0,0,0,,0,0,0,16,3,1,1,,0,39 58:22.631,,0,75 13:34.022,3,0,0,0,67301,1,0,0,N,0,0,0,2,67301,0,,1,1,,N,N,N,0,,1,0,0,3,2,,1655,1,2,0,0,0,0,0,3,4,0,1,3,3.0,N,,,,,,,,,,,
2021070387,2000.0,1,0,0,0,0,0,0,0,0,4,0,,67,7,2021,2,40.0688,-75.0066,1959.0,6,0,0,0,1,0,0,1,0,,0,0,0,19,1,1,0,N,1,40 04:07.706,3.0,7,75 00:23.801,3,0,0,0,67301,0,0,0,N,0,0,0,2,67301,0,,1,1,30.0,N,N,N,1,,1,0,0,0,0,Y,1958,1,2,0,0,0,0,1,3,4,0,2,3,3.0,N,,,,,,,,,,,
2021070544,1225.0,0,0,0,0,0,0,0,0,0,4,0,,67,7,2021,1,40.0397,-75.1231,1218.0,6,0,0,0,0,0,0,0,0,,0,0,0,11,1,1,0,N,0,40 02:22.820,,0,75 07:23.110,3,0,0,1,67301,0,0,0,N,0,0,0,2,67301,0,,1,1,,N,N,N,0,,1,0,1,0,0,,1153,1,2,0,0,0,0,0,3,4,0,2,3,,N,,,,,,,,,,,
2021070369,1941.0,2,0,0,0,0,0,0,0,0,5,0,,67,7,2021,1,40.0206,-75.2113,1938.0,6,0,0,0,0,0,0,0,0,,0,0,0,19,1,1,0,N,2,40 01:13.990,5.0,0,75 12:40.630,3,0,0,0,67301,0,0,0,N,0,0,0,1,67301,0,,6,1,2102.0,N,N,N,0,,1,0,0,0,0,Y,1935,1,2,0,0,0,0,0,3,4,0,2,3,3.0,N,,,,,,,,,,,
2021040368,2058.0,1,0,0,0,0,0,0,0,0,6,0,,67,5,2021,1,40.0702,-75.1721,2055.0,6,0,0,0,0,0,0,0,0,,0,0,0,20,3,1,0,N,0,40 04:12.700,,0,75 10:19.600,3,0,0,0,67301,0,0,0,N,0,0,0,1,67301,0,,6,1,,N,N,Y,0,,1,0,2,0,0,,2054,1,3,0,0,0,0,0,3,4,0,3,3,3.0,N,,,,,,,,,,,
2021040445,2015.0,0,0,0,0,0,0,0,0,0,8,0,,67,5,2021,3,40.0432,-75.1824,2010.0,6,0,0,0,0,0,0,0,0,,0,0,0,20,1,1,0,N,0,40 02:35.620,,0,75 10:56.510,3,0,0,0,67301,1,0,0,N,1,0,0,2,67301,0,,1,1,,N,N,N,0,,1,0,1,0,0,,2000,1,2,0,0,0,0,0,3,4,0,1,3,3.0,N,,,,,,,,,,,
2021040758,819.0,1,0,0,0,0,0,0,0,0,1,0,,67,5,2021,5,39.953,-75.203,816.0,6,0,0,0,0,0,0,1,0,,0,0,0,8,1,0,0,N,0,39 57:10.763,,0,75 12:10.631,0,0,0,0,67301,0,0,0,N,0,0,0,2,67504,0,,6,1,,N,N,N,1,,0,0,0,0,0,,816,0,2,0,0,0,0,0,3,4,0,2,3,3.0,N,,,,,,,,,,,
2021048516,1429.0,0,0,0,0,0,0,0,0,0,1,0,,67,5,2021,3,39.9683,-75.129,1409.0,6,0,0,0,0,2,0,0,0,,0,0,0,13,1,1,0,N,0,39 58:05.774,,0,75 07:44.222,3,0,0,0,67301,0,0,0,N,0,0,0,4,68K01,0,,1,1,,N,N,N,1,,1,0,2,0,0,,1354,1,4,0,0,0,0,0,3,4,1,4,3,3.0,N,,,,,,,,,,,
2021049147,112.0,1,0,0,0,0,0,0,0,0,7,0,,67,5,2021,7,39.9605,-75.1812,112.0,6,0,0,0,0,1,0,0,0,,0,0,0,1,3,1,7,,1,39 57:37.626,3.0,2,75 10:52.459,4,0,0,0,67301,0,0,0,N,0,0,0,1,68K01,1,,7,9,140.0,N,N,N,0,,0,0,0,0,0,N,112,1,1,0,0,0,0,0,3,4,0,1,7,,N,,,,,,,,,,,
2021046921,1338.0,1,0,0,0,0,0,0,0,0,5,0,,67,5,2021,1,39.928,-75.2338,1335.0,6,0,0,0,0,0,1,0,0,,0,0,0,13,1,1,0,N,0,39 55:40.700,,0,75 14:01.650,2,0,0,0,67301,1,0,1,N,1,0,1,4,67301,0,,1,1,,N,N,Y,1,,0,1,0,0,0,,1330,1,3,0,0,2,0,2,3,4,0,2,3,3.0,N,,,,,,,,,,,
2021047708,338.0,1,0,0,0,0,0,0,0,0,4,0,,67,5,2021,7,39.9587,-75.2394,338.0,6,0,0,0,0,0,0,0,0,,0,0,0,3,3,2,1,,0,39 57:31.261,,0,75 14:21.889,4,0,0,0,67301,0,0,0,N,0,0,0,3,67301,2,,1,1,,N,N,N,1,,0,0,0,3,1,,338,2,2,0,0,1,0,0,3,4,0,2,3,3.0,N,,,,,,,,,,,
2021047705,2148.0,0,0,0,1,0,0,0,0,0,4,0,,67,5,2021,2,40.113,-75.023,2150.0,6,0,0,0,0,0,0,0,0,,0,0,0,21,4,1,1,,0,40 06:46.657,,0,75 01:22.840,3,0,0,0,67301,1,0,0,N,0,0,0,2,67301,0,,1,1,,N,N,N,1,,1,0,0,3,2,,2145,1,2,0,0,1,0,0,3,4,0,1,3,3.0,N,,,,,,,,,,,
2021076432,1302.0,3,0,0,0,0,0,0,0,0,1,0,,67,8,2021,3,40.0166,-75.0514,1234.0,6,0,0,0,0,1,0,0,0,,0,0,0,12,1,3,0,N,1,40 00:59.593,2.0,0,75 03:05.072,8,0,0,0,67301,0,0,0,N,0,0,0,5,68K01,0,,1,1,1350.0,N,N,N,0,,0,0,1,0,0,N,1232,3,4,0,0,0,3,0,3,4,0,4,3,,N,,,,,,,,,,,
2021048869,2120.0,0,0,0,0,0,0,0,0,0,4,0,,67,5,2021,4,39.9202,-75.2302,2109.0,6,0,0,0,0,0,0,0,0,,0,0,0,14,1,4,1,,0,39 55:12.547,,0,75 13:48.619,4,0,0,0,67301,0,0,0,N,0,0,0,5,67301,1,,1,1,,N,N,Y,0,,0,0,1,3,2,,1400,4,2,0,0,0,3,0,3,4,1,2,3,,N,,,,,,,,,,,
2021048924,659.0,2,0,0,0,0,0,0,0,0,5,0,,67,5,2021,6,39.9498,-75.2217,652.0,6,0,0,0,0,0,0,0,0,,0,0,0,6,5,0,0,N,2,39 56:59.350,3.0,0,75 13:18.090,0,0,0,0,67301,0,0,0,N,0,0,0,1,67301,0,,6,1,800.0,N,N,N,0,,0,0,1,0,0,Y,652,0,3,0,0,1,0,0,3,4,0,3,3,3.0,N,,,,,,,,,,,
2021048877,1710.0,2,0,0,0,0,0,0,0,0,4,0,,67,5,2021,6,39.9943,-75.1918,1656.0,6,0,0,0,0,0,1,0,0,,0,0,0,16,1,0,3,,0,39 59:39.530,,0,75 11:30.450,0,0,0,0,67301,0,0,0,N,0,0,0,2,67301,0,,1,9,,N,N,N,0,,0,0,0,0,0,,1639,0,2,0,0,0,0,0,3,4,0,2,7,4.0,N,,,,,,,,,,,
2021054796,1957.0,0,0,0,0,0,0,0,0,0,5,0,,67,5,2021,6,39.9912,-75.2039,1948.0,6,0,0,0,0,0,0,0,0,,0,0,0,19,2,1,0,N,1,39 59:28.427,3.0,0,75 12:13.877,8,0,0,0,67301,0,0,0,N,0,0,0,7,68K01,0,,1,1,2022.0,N,N,N,0,,0,0,4,0,0,N,1947,1,4,0,0,0,1,0,3,4,0,4,3,3.0,N,,,,,,,,,,,
2021077304,955.0,0,0,0,0,0,0,0,0,0,8,0,,67,8,2021,4,39.9478,-75.1679,954.0,6,0,0,0,0,0,0,0,0,,0,0,0,9,1,1,0,N,0,39 56:52.030,,0,75 10:04.600,3,0,0,0,67301,1,0,0,N,1,0,0,1,67301,0,,1,1,,N,N,N,0,,1,0,0,0,0,,953,1,2,0,0,0,0,0,3,4,0,1,3,3.0,N,,,,,,,,,,,
2021076458,804.0,1,0,0,0,0,0,0,0,0,7,0,,67,8,2021,5,40.0355,-75.0171,804.0,6,0,0,0,0,0,0,0,0,,0,0,0,8,1,1,0,N,0,40 02:07.833,,0,75 01:01.664,4,0,0,0,67301,0,0,0,N,0,0,0,2,68K01,1,,4,1,,N,N,Y,0,,0,0,0,0,0,,804,1,1,0,0,1,0,0,3,4,0,1,3,,N,,,,,,,,,,,
2021069846,1948.0,0,0,0,0,0,0,0,0,0,2,0,,67,7,2021,6,40.0269,-75.0658,1837.0,6,0,0,0,1,0,0,0,0,,0,0,0,18,1,2,0,N,1,40 01:36.971,2.0,0,75 03:56.741,3,0,0,0,67301,0,0,0,N,0,0,0,3,67301,0,,1,1,1930.0,N,N,N,0,,2,0,2,0,0,N,1834,2,2,0,0,0,0,0,3,4,0,2,3,,N,,,,,,,,,,,
2021039645,1118.0,0,0,0,1,0,0,0,0,0,4,0,,67,5,2021,1,39.9134,-75.1651,1110.0,6,0,0,0,0,0,0,0,0,,0,0,0,11,1,1,1,,0,39 54:48.114,,0,75 09:54.334,3,0,0,0,67301,1,0,0,N,0,0,0,2,67301,0,,1,1,,N,N,N,0,,1,0,1,3,2,,1101,1,2,0,0,1,0,0,3,4,0,1,3,3.0,N,,,,,,,,,,,