CRN,ARRIVAL_TM,AUTOMOBILE_COUNT,BELTED_DEATH_COUNT,BELTED_SUSP_SERIOUS_INJ_COUNT,BICYCLE_COUNT,BICYCLE_DEATH_COUNT,BICYCLE_SUSP_SERIOUS_INJ_COUNT,BUS_COUNT,CHLDPAS_DEATH_COUNT,CHLDPAS_SUSP_SERIOUS_INJ_COUNT,COLLISION_TYPE,COMM_VEH_COUNT,CONS_ZONE_SPD_LIM,COUNTY,CRASH_MONTH,CRASH_YEAR,DAY_OF_WEEK,DEC_LAT,DEC_LONG,DISPATCH_TM,DISTRICT,DRIVER_COUNT_16YR,DRIVER_COUNT_17YR,DRIVER_COUNT_18YR,DRIVER_COUNT_19YR,DRIVER_COUNT_20YR,DRIVER_COUNT_50_64YR,DRIVER_COUNT_65_74YR,DRIVER_COUNT_75PLUS,EST_HRS_CLOSED,FATAL_COUNT,HEAVY_TRUCK_COUNT,HORSE_BUGGY_COUNT,HOUR_OF_DAY,ILLUMINATION,INJURY_COUNT,INTERSECT_TYPE,INTERSECTION_RELATED,LANE_CLOSED,LATITUDE,LN_CLOSE_DIR,LOCATION_TYPE,LONGITUDE,MAX_SEVERITY_LEVEL,MCYCLE_DEATH_COUNT,MCYCLE_SUSP_SERIOUS_INJ_COUNT,MOTORCYCLE_COUNT,MUNICIPALITY,NONMOTR_COUNT,NONMOTR_DEATH_COUNT,NONMOTR_SUSP_SERIOUS_INJ_COUNT,NTFY_HIWY_MAINT,PED_COUNT,PED_DEATH_COUNT,PED_SUSP_SERIOUS_INJ_COUNT,PERSON_COUNT,POLICE_AGCY,POSSIBLE_INJ_COUNT,RDWY_SURF_TYPE_CD,RELATION_TO_ROAD,ROAD_CONDITION,ROADWAY_CLEARED,SCH_BUS_IND,SCH_ZONE_IND,SECONDARY_CRASH,SMALL_TRUCK_COUNT,SPEC_JURIS_CD,SUSP_MINOR_INJ_COUNT,SUSP_SERIOUS_INJ_COUNT,SUV_COUNT,TCD_FUNC_CD,TCD_TYPE,TFC_DETOUR_IND,TIME_OF_DAY,TOT_INJ_COUNT,TOTAL_UNITS,UNB_DEATH_COUNT,UNB_SUSP_SERIOUS_INJ_COUNT,UNBELTED_OCC_COUNT,UNK_INJ_DEG_COUNT,UNK_INJ_PER_COUNT,URBAN_AREA,URBAN_RURAL,VAN_COUNT,VEHICLE_COUNT,WEATHER1,WEATHER2,WORK_ZONE_IND,WORK_ZONE_LOC,WORK_ZONE_TYPE,WORKERS_PRES,WZ_CLOSE_DETOUR,WZ_FLAGGER,WZ_LAW_OFFCR_IND,WZ_LN_CLOSURE,WZ_MOVING,WZ_OTHER,WZ_SHLDER_MDN,WZ_WORKERS_INJ_KILLED
2021041081,1240.0,1,0,0,0,0,0,0,0,0,1,0,,67,5,2021,2,39.9421,-75.1685,1228.0,6,0,0,0,0,0,0,0,1,,0,0,0,12,1,2,0,N,1,39 56:31.680,4.0,0,75 10:06.510,3,0,0,0,67301,0,0,0,N,0,0,0,2,67301,0,,6,1,1300.0,N,N,Y,0,,2,0,1,0,0,Y,1225,2,2,0,0,0,0,0,3,4,0,2,3,98.0,N,,,,,,,,,,,
2021048973,1602.0,2,0,0,0,0,0,0,0,0,1,0,35.0,67,5,2021,3,39.9538,-75.1389,1559.0,6,0,0,0,0,1,0,0,0,,0,0,0,15,1,1,0,N,1,39 57:13.600,4.0,3,75 08:20.200,3,0,0,0,67301,0,0,0,N,0,0,0,4,67501,0,,1,1,1631.0,N,N,N,0,,1,0,1,3,8,N,1559,1,4,0,0,0,0,1,3,4,1,4,3,3.0,Y,4.0,1.0,Y,,,N,Y,,,,N
2021048875,2200.0,1,0,0,0,0,0,0,0,0,8,0,,67,5,2021,5,39.9763,-75.2612,2144.0,6,0,0,0,0,0,0,0,0,,0,0,0,20,3,1,0,N,0,39 58:34.630,,0,75 15:40.150,4,0,0,0,67301,1,0,0,N,1,0,0,2,67301,1,,1,1,,N,N,N,0,,0,0,0,0,0,,2055,1,2,0,0,0,0,0,3,4,0,1,3,3.0,N,,,,,,,,,,,
2021078063,26.0,2,0,0,0,0,0,0,0,0,1,0,50.0,67,8,2021,5,39.9647,-75.1852,22.0,6,0,0,0,1,0,0,0,0,,0,0,0,0,3,0,0,N,0,39 57:52.985,,0,75 11:06.867,0,0,0,0,67301,0,0,0,N,0,0,0,3,68K01,0,,1,1,,N,N,N,0,,0,0,1,0,0,,15,0,3,0,0,0,0,0,3,4,0,3,3,,Y,4.0,1.0,Y,Y,N,Y,Y,N,N,Y,N
2021076598,1355.0,1,0,1,0,0,0,0,0,0,4,1,,67,8,2021,6,40.0403,-75.0585,1338.0,6,0,0,0,0,0,0,0,0,,0,1,0,13,1,1,1,,2,40 02:25.164,1.0,0,75 03:30.737,2,0,0,0,67301,0,0,0,N,0,0,0,2,67301,0,,1,1,1614.0,N,N,N,0,,0,1,0,3,2,Y,1325,1,2,0,0,0,0,0,3,4,0,2,3,3.0,N,,,,,,,,,,,
2021066086,903.0,1,0,0,0,0,0,0,0,0,1,0,45.0,67,5,2021,5,40.0177,-75.0487,903.0,6,0,0,0,0,0,1,0,0,,0,0,0,9,1,0,0,N,2,40 01:03.541,1.0,3,75 02:55.344,0,0,0,0,67301,0,0,0,N,0,0,0,3,68K01,0,,1,1,1024.0,N,N,Y,1,,0,0,0,0,0,N,903,0,3,0,0,0,0,0,3,4,1,3,3,3.0,Y,4.0,1.0,N,,,N,,,,Y,N
2021047840,343.0,1,0,0,0,0,0,0,0,0,7,0,,67,5,2021,1,40.0172,-75.1253,334.0,6,0,0,0,0,0,0,0,0,,0,0,0,3,3,1,0,N,0,40 01:01.780,,0,75 07:31.030,3,0,0,0,67301,0,0,0,N,0,0,0,1,67301,0,,6,1,,N,N,N,0,,1,0,0,0,0,,334,1,1,0,0,0,0,0,3,4,0,1,3,3.0,N,,,,,,,,,,,
2021076210,1322.0,1,0,0,0,0,0,0,0,0,7,0,,67,8,2021,1,40.0263,-75.0943,1320.0,6,0,0,0,0,0,0,0,0,,0,0,0,13,1,0,2,,0,40 01:34.556,,0,75 05:39.347,9,0,0,0,67301,0,0,0,N,0,0,0,2,67301,0,,4,1,,N,N,N,0,,0,0,0,3,3,,1320,0,1,0,0,2,0,2,3,4,0,1,3,,N,,,,,,,,,,,
2021047246,1758.0,2,0,0,0,0,0,0,0,0,1,0,,67,5,2021,1,40.0065,-75.2152,1758.0,6,0,0,0,0,0,0,0,0,,0,0,0,17,1,3,0,N,0,40 00:23.239,,0,75 12:54.695,3,0,0,0,67301,0,0,0,N,0,0,0,4,67301,0,,1,1,,N,N,N,0,,2,0,0,0,0,,1758,3,2,0,0,0,1,0,3,4,0,2,3,,N,,,,,,,,,,,
2021053936,1435.0,0,0,0,0,0,0,0,0,0,4,0,,67,5,2021,6,39.9576,-75.1457,1430.0,6,0,0,0,0,0,0,0,0,,0,0,0,14,1,1,1,,0,39 57:27.432,,0,75 08:44.473,3,0,0,0,67301,0,0,0,N,0,0,0,6,67301,0,,1,1,,N,N,N,1,,1,0,1,3,2,,1425,1,2,0,0,2,0,0,3,4,0,2,3,3.0,N,,,,,,,,,,,
2021048129,131.0,1,0,0,0,0,0,0,0,0,0,0,,67,5,2021,5,,,131.0,6,0,0,0,0,0,0,0,0,,0,0,0,1,3,0,0,N,1,,4.0,3,,0,0,0,0,67301,0,0,0,N,0,0,0,1,67501,0,,1,9,248.0,N,N,N,0,,0,0,0,3,8,N,131,0,1,0,0,0,0,0,3,3,0,1,3,,N,,,,,,,,,,,
2021076241,1327.0,0,0,0,0,0,0,0,0,0,7,1,,67,8,2021,6,39.9963,-75.2016,1311.0,6,0,0,0,0,0,1,0,0,,0,1,0,9,1,1,0,N,0,39 59:46.780,,0,75 12:05.770,3,0,0,0,67301,0,0,0,N,0,0,0,1,67301,0,,5,3,,N,N,N,0,,1,0,0,0,0,,900,1,1,0,0,0,0,0,3,4,0,1,3,3.0,N,,,,,,,,,,,
2021046924,1911.0,2,0,0,0,0,0,0,0,0,4,0,,67,5,2021,7,40.0644,-75.1535,1911.0,6,0,0,0,0,0,0,0,0,,0,0,0,17,1,1,5,,0,40 03:51.966,,0,75 09:12.592,3,0,0,0,67301,0,0,0,N,0,0,0,2,67301,0,,1,1,,N,N,N,0,,1,0,0,3,2,,1751,1,2,0,0,2,0,0,3,4,0,2,3,3.0,N,,,,,,,,,,,
2021048868,2120.0,0,0,0,0,0,0,0,0,0,4,0,,67,5,2021,4,39.911,-75.2304,2115.0,6,0,0,0,0,0,1,0,0,,0,0,0,21,3,0,1,,1,39 54:39.693,3.0,0,75 13:49.558,0,0,0,0,67301,0,0,0,N,0,0,0,3,67301,0,,1,9,100.0,N,N,N,1,,0,0,1,3,2,Y,2110,0,2,0,0,0,0,0,3,4,0,2,7,7.0,N,,,,,,,,,,,
2021076058,1919.0,1,0,0,0,0,0,0,0,0,4,0,,67,8,2021,7,40.0006,-75.1329,1918.0,6,0,0,0,0,0,0,0,0,,0,0,0,19,1,0,1,,0,40 00:02.271,,0,75 07:58.407,9,0,0,0,67301,0,0,0,N,0,0,0,2,67301,0,,1,1,,N,N,N,0,,0,0,1,3,2,,1900,0,2,0,0,0,0,1,3,4,0,2,3,3.0,N,,,,,,,,,,,
2021040443,1430.0,1,0,0,0,0,0,0,0,0,5,0,,67,5,2021,7,40.0626,-75.2394,1428.0,6,0,0,0,0,0,0,0,0,,0,0,0,14,1,1,3,,2,40 03:45.343,2.0,0,75 14:21.763,3,0,0,0,67301,0,0,0,N,0,0,0,2,67301,0,,1,1,1800.0,N,N,N,0,,1,0,1,0,0,Y,1425,1,2,0,0,0,0,0,3,4,0,2,3,3.0,N,,,,,,,,,,,
2021039896,118.0,1,0,0,0,0,0,0,0,0,7,0,,67,5,2021,2,40.0756,-75.0515,115.0,6,0,0,0,0,0,0,0,0,,0,0,0,1,3,1,0,N,2,40 04:32.100,7.0,0,75 03:05.250,3,0,0,0,67301,0,0,0,N,0,0,0,1,67301,0,,4,1,130.0,N,N,N,0,,1,0,0,0,0,Y,114,1,1,0,0,1,0,0,3,4,0,1,3,,N,,,,,,,,,,,
2021041651,1622.0,2,0,0,0,0,0,0,0,0,4,0,,67,5,2021,7,39.9714,-75.1594,1617.0,6,0,0,0,0,0,0,0,0,,0,0,0,16,1,3,1,,0,39 58:17.205,,0,75 09:33.736,4,0,0,0,67301,1,0,0,N,1,0,0,3,67301,1,,1,1,,N,N,Y,0,,0,0,0,3,2,,1613,3,3,0,0,0,2,0,3,4,0,2,3,3.0,N,,,,,,,,,,,
2021044129,1301.0,1,0,0,0,0,0,0,0,0,2,0,,67,5,2021,5,40.0002,-75.1493,1301.0,6,0,0,0,0,0,0,0,0,,0,0,0,11,1,0,3,,0,40 00:00.788,,0,75 08:57.562,9,0,0,0,67301,0,0,0,N,0,0,0,2,67301,0,,1,1,,N,N,N,0,,0,0,1,3,3,,1118,0,2,0,0,0,0,1,3,4,0,2,3,,N,,,,,,,,,,,
2021070530,2143.0,2,0,0,0,0,0,0,0,0,5,1,,67,7,2021,3,39.9877,-75.1429,2141.0,6,0,0,0,0,0,0,0,0,,0,1,0,21,3,0,0,N,0,39 59:15.860,,0,75 08:34.420,9,0,0,0,67301,0,0,0,N,0,0,0,1,67301,0,,6,1,,N,N,N,0,,0,0,0,0,0,,2110,0,3,0,0,0,0,1,3,4,0,3,3,3.0,N,,,,,,,,,,,
2021041067,1129.0,1,0,0,0,0,0,0,0,0,8,0,99.0,67,5,2021,2,40.0523,-75.008,1129.0,6,0,0,0,0,0,0,0,0,,0,0,0,9,1,1,1,,0,40 03:08.606,,0,75 00:28.400,8,0,0,0,67301,1,0,0,N,1,0,0,2,67301,0,,1,99,,N,N,N,0,,0,0,0,3,2,,900,1,2,0,0,0,1,0,3,4,0,1,99,,Y,8.0,2.0,Y,,Y,N,,,,,Y
2021070507,843.0,1,0,0,0,0,0,0,0,0,8,0,,67,7,2021,1,40.0042,-75.0939,840.0,6,0,0,0,0,0,0,0,0,,0,0,0,8,1,1,0,N,1,40 00:14.969,2.0,3,75 05:37.977,2,0,0,0,67301,1,0,1,N,1,0,1,2,67301,0,,1,1,910.0,N,N,N,0,,0,1,0,0,0,N,840,1,2,0,0,0,0,1,3,4,0,1,3,3.0,N,,,,,,,,,,,
2021069189,2141.0,0,0,0,0,0,0,0,0,0,7,0,,67,7,2021,2,39.8902,-75.2202,2136.0,6,0,0,0,0,0,0,0,0,,0,0,0,21,3,1,0,N,1,39 53:24.830,2.0,0,75 13:12.705,3,0,0,0,67301,0,0,0,N,0,0,0,1,68K01,0,,4,1,2148.0,N,N,N,0,,1,0,1,0,0,N,2136,1,1,0,0,0,0,0,3,4,0,1,3,,N,,,,,,,,,,,
2021053241,1749.0,0,0,0,0,0,0,0,0,0,5,0,,67,5,2021,6,39.9776,-75.2012,1731.0,6,0,0,0,0,0,0,0,0,,0,0,0,17,1,0,0,N,0,39 58:39.474,,0,75 12:04.240,0,0,0,0,67301,0,0,0,N,0,0,0,2,68K01,0,,1,9,,N,N,N,1,,0,0,1,0,0,,1709,0,2,0,0,0,0,0,3,4,0,2,7,,N,,,,,,,,,,,
2021077125,1722.0,1,0,0,0,0,0,0,0,0,4,0,,67,8,2021,2,39.9704,-75.15,1719.0,6,0,0,0,0,1,0,1,0,,0,0,0,17,1,1,1,,0,39 58:14.012,,0,75 08:59.857,4,0,0,0,67301,0,0,0,N,0,0,0,4,67301,1,,1,1,,N,N,N,0,,0,0,1,3,2,,1716,1,2,0,0,0,0,0,3,4,0,2,3,3.0,N,,,,,,,,,,,
2021048218,1100.0,1,0,0,0,0,0,0,0,0,4,0,,67,5,2021,4,40.0578,-75.0087,1053.0,6,0,0,0,0,0,0,1,0,,0,0,0,10,1,1,1,,0,40 03:28.059,,0,75 00:31.473,3,0,0,0,67301,0,0,0,N,0,0,0,2,67301,0,,1,1,,N,N,N,0,,1,0,1,3,2,,1049,1,2,0,0,0,0,0,3,4,0,2,3,3.0,N,,,,,,,,,,,
2021049748,1555.0,2,0,0,0,0,0,0,0,0,4,0,,67,5,2021,6,40.0364,-75.0376,1551.0,6,0,0,0,0,0,0,0,0,,0,0,0,15,1,4,1,,1,40 02:10.898,2.0,0,75 02:15.528,4,0,0,0,67301,0,0,0,N,0,0,0,5,67301,4,,1,9,1600.0,N,N,N,0,,0,0,0,3,3,N,1538,4,2,0,0,0,0,0,3,4,0,2,7,,N,,,,,,,,,,,
2021075706,308.0,0,0,0,0,0,0,0,0,0,8,0,,67,8,2021,7,40.0129,-75.1742,303.0,6,0,0,0,0,0,0,0,0,,0,0,0,2,3,1,0,N,0,40 00:46.542,,0,75 10:27.208,3,0,0,0,67301,1,0,0,N,1,0,0,2,67301,0,,1,1,,N,N,N,0,,1,0,0,0,0,,239,1,2,0,0,0,0,1,3,4,0,1,3,3.0,N,,,,,,,,,,,
2021046936,1736.0,2,0,0,0,0,0,0,0,0,4,0,,67,5,2021,7,39.9653,-75.2015,1735.0,6,0,0,0,0,0,1,0,0,,0,0,0,17,1,0,1,,0,39 57:55.040,,0,75 12:05.565,9,0,0,0,67301,0,0,0,N,0,0,0,2,67301,0,,1,1,,N,N,N,0,,0,0,0,3,3,,1730,0,2,0,0,1,0,1,3,4,0,2,3,3.0,N,,,,,,,,,,,
2021070954,1552.0,1,0,0,0,0,0,0,0,0,7,0,,67,7,2021,6,40.0151,-75.0852,1548.0,6,0,0,0,0,0,0,0,0,,0,0,0,15,1,1,0,N,0,40 00:54.325,,0,75 05:06.608,8,0,0,0,67301,0,0,0,N,0,0,0,1,67301,0,,4,1,,N,N,N,0,,0,0,0,0,0,,1538,1,1,0,0,1,1,0,3,4,0,1,3,,N,,,,,,,,,,,
2021046926,1914.0,2,0,0,0,0,0,0,0,0,5,0,,67,5,2021,1,40.0616,-75.1547,1908.0,6,0,0,0,0,0,0,0,0,,0,0,0,18,1,1,0,N,0,40 03:41.780,,0,75 09:17.040,3,0,0,0,67301,0,0,0,N,0,0,0,2,67301,0,,6,1,,N,N,N,0,,1,0,0,0,0,,1856,1,2,0,0,0,0,0,3,4,0,2,3,,N,,,,,,,,,,,
2021077184,2006.0,2,0,0,0,0,0,0,0,0,2,0,,67,8,2021,5,39.9473,-75.234,2005.0,6,0,0,0,0,0,0,0,0,,0,0,0,20,1,0,0,N,0,39 56:50.112,,0,75 14:02.401,0,0,0,0,67301,0,0,0,N,0,0,0,2,67301,0,,1,1,,N,N,N,0,,0,0,0,0,0,,2000,0,2,0,0,1,0,0,3,4,0,2,3,3.0,N,,,,,,,,,,,
2021075670,259.0,1,0,0,0,0,0,0,0,0,4,0,,67,8,2021,5,40.027,-75.1514,259.0,6,0,0,0,0,0,0,0,0,,0,0,0,2,3,0,0,N,0,40 01:37.040,,0,75 09:05.070,0,0,0,0,67301,0,0,0,N,0,0,0,1,67301,0,,1,9,,N,N,N,0,,0,0,0,0,0,,200,0,2,0,0,0,0,0,3,4,0,2,3,3.0,N,,,,,,,,,,,
2021048521,733.0,1,0,0,0,0,0,0,0,0,1,0,45.0,67,5,2021,4,40.0219,-75.0396,709.0,6,0,0,0,0,0,0,0,0,,0,0,0,6,1,0,0,N,0,40 01:18.766,,0,75 02:22.614,0,0,0,0,67301,0,0,0,N,0,0,0,5,68K01,0,,1,1,,N,N,N,1,,0,0,0,0,0,,654,0,2,0,0,0,0,0,3,4,0,2,3,3.0,Y,2.0,1.0,N,,,N,,,Y,,N
2021041280,1720.0,1,0,0,0,0,0,0,0,0,4,0,,67,5,2021,6,40.0038,-75.1574,1707.0,6,0,0,0,0,0,0,0,0,,0,0,0,16,1,3,1,,0,40 00:13.730,,0,75 09:26.481,3,0,0,0,67301,0,0,0,N,0,0,0,5,67301,0,,1,1,,N,N,N,0,,3,0,1,3,3,,1633,3,3,0,0,0,0,1,3,4,1,3,4,3.0,N,,,,,,,,,,,
2021069155,629.0,0,0,0,0,0,0,0,0,0,7,0,,67,7,2021,1,39.9628,-75.1833,629.0,6,0,0,0,0,0,0,0,0,,0,0,0,6,1,1,0,N,0,39 57:46.184,,0,75 10:59.817,3,0,0,0,67301,0,0,0,N,0,0,0,1,68K01,0,,2,1,,N,N,N,1,,1,0,0,0,0,,629,1,1,0,0,0,0,0,3,4,0,1,3,,N,,,,,,,,,,,
2021070386,938.0,1,0,0,0,0,0,0,0,0,7,0,,67,7,2021,7,40.0758,-75.0334,936.0,6,0,0,0,0,0,0,0,0,,0,0,0,9,1,1,0,N,2,40 04:32.996,1.0,0,75 02:00.066,3,0,0,0,67301,0,0,0,N,0,0,0,1,67301,0,,5,1,1030.0,N,N,N,0,,1,0,0,0,0,N,935,1,1,0,0,0,0,0,3,4,0,1,3,3.0,N,,,,,,,,,,,
2021041024,1453.0,0,0,0,0,0,0,0,0,0,1,0,,67,5,2021,3,39.909,-75.1514,1453.0,6,0,0,0,0,0,0,0,0,,0,0,0,14,1,1,0,N,0,39 54:32.300,,3,75 09:05.000,3,0,0,0,67301,0,0,0,N,0,0,0,2,67501,0,,1,1,,N,N,N,2,,1,0,0,0,0,,1453,1,2,0,0,0,0,0,3,4,0,2,3,3.0,N,,,,,,,,,,,
2021041102,1010.0,0,0,0,0,0,0,0,0,0,4,0,,67,5,2021,5,40.0259,-75.1538,1010.0,6,0,0,0,0,0,0,1,0,,0,0,0,9,1,0,1,,0,40 01:33.142,,0,75 09:13.654,9,0,0,0,67301,0,0,0,N,0,0,0,2,67301,0,,1,99,,N,N,N,0,,0,0,2,3,3,,900,0,2,0,0,2,0,1,3,4,0,2,3,,N,,,,,,,,,,,
2021041076,238.0,1,0,0,0,0,0,0,0,0,5,0,,67,5,2021,4,40.0182,-75.0749,230.0,6,0,0,0,0,0,1,0,0,,0,0,0,1,3,1,0,N,0,40 01:05.530,,0,75 04:29.720,3,0,0,0,67301,0,0,0,N,0,0,0,1,67301,0,,6,1,,N,N,N,0,,1,0,3,0,0,,155,1,5,0,0,0,0,0,3,4,1,5,3,,N,,,,,,,,,,,
2021042276,448.0,1,0,0,0,0,0,0,0,0,7,0,,67,5,2021,7,39.9729,-75.1207,448.0,6,0,0,0,0,0,0,0,0,,0,0,0,4,3,0,0,N,0,39 58:22.403,,0,75 07:14.426,0,0,0,0,67301,0,0,0,N,0,0,0,1,68K01,0,,4,8,,N,N,N,0,,0,0,0,0,0,,400,0,1,0,0,0,0,0,3,4,0,1,7,,N,,,,,,,,,,,
2021046949,1532.0,1,0,0,0,0,0,0,0,0,8,0,,67,5,2021,7,39.9928,-75.1822,1532.0,6,0,0,0,0,0,0,0,0,,0,0,0,15,1,1,0,N,0,39 59:34.160,,0,75 10:55.850,3,0,0,0,67301,1,0,0,N,1,0,0,2,67301,0,,1,1,,N,N,N,0,,1,0,0,0,0,,1531,1,2,0,0,0,0,0,3,4,0,1,3,4.0,N,,,,,,,,,,,
2021053665,1311.0,2,0,0,0,0,0,0,0,0,4,0,,67,5,2021,3,40.0252,-75.1406,1306.0,6,0,0,0,0,0,0,0,0,,0,0,0,13,1,0,2,,0,40 01:30.853,,0,75 08:26.289,0,0,0,0,67301,0,0,0,N,0,0,0,1,67301,0,,1,1,,N,N,N,0,,0,0,0,3,3,,1306,0,2,0,0,0,0,0,3,4,0,2,3,,N,,,,,,,,,,,
2021050840,740.0,1,0,0,0,0,0,0,0,0,7,0,,67,5,2021,1,39.9821,-75.1169,735.0,6,0,0,0,0,0,0,0,0,,0,0,0,7,1,1,0,N,0,39 58:55.731,,1,75 07:00.845,8,0,0,0,67301,0,0,0,N,0,0,0,1,67301,0,,4,9,,N,N,N,0,,0,0,0,0,0,,735,1,1,0,0,0,1,0,3,4,0,1,7,7.0,N,,,,,,,,,,,
2021077765,1610.0,1,0,0,0,0,0,0,0,0,1,0,,67,7,2021,7,40.0443,-75.0027,1610.0,6,0,0,0,0,0,0,0,0,,0,0,0,16,1,0,0,N,0,40 02:39.339,,0,75 00:09.763,0,0,0,0,67301,0,0,0,N,0,0,0,2,68K01,0,,1,9,,N,N,N,0,,0,0,0,0,0,,1610,0,2,0,0,0,0,0,3,4,1,2,7,,N,,,,,,,,,,,
2021047477,1317.0,0,0,0,0,0,0,0,0,0,5,0,,67,5,2021,3,40.0018,-75.1528,1313.0,6,0,0,0,0,0,0,0,1,,0,0,0,13,1,2,0,N,2,40 00:06.396,1.0,0,75 09:09.924,8,0,0,0,67301,1,0,0,N,0,0,0,2,67505,0,,6,1,1410.0,N,N,Y,0,,0,0,2,0,0,Y,1313,2,2,0,0,0,2,0,3,4,0,2,3,3.0,N,,,,,,,,,,,
2021050011,1543.0,3,0,0,0,0,0,0,0,0,1,0,50.0,67,5,2021,1,39.8988,-75.1803,1539.0,6,0,0,0,0,0,2,0,0,,0,0,0,15,1,1,0,N,2,39 53:55.568,2.0,0,75 10:48.965,3,0,0,0,67301,0,0,0,N,0,0,0,5,68K01,0,,1,1,100.0,N,N,N,0,,1,0,1,0,0,N,1539,1,4,0,0,0,0,0,3,4,0,4,3,,Y,4.0,1.0,N,,,N,Y,,,,N
2021047944,2032.0,2,0,0,0,0,0,0,0,0,1,0,,67,5,2021,3,39.9596,-75.2342,2024.0,6,0,0,0,1,0,0,0,0,,0,0,0,20,3,1,0,N,0,39 57:34.563,,0,75 14:03.132,3,0,0,0,67301,0,0,0,N,0,0,0,5,67301,0,,1,1,,N,N,N,0,,1,0,0,0,0,,2024,1,2,0,0,0,0,0,3,4,0,2,3,3.0,N,,,,,,,,,,,
2021050841,1434.0,1,0,0,0,0,0,0,0,0,1,0,,67,5,2021,1,39.9983,-75.1276,1430.0,6,0,0,0,0,0,0,0,0,,0,0,0,14,1,1,0,N,0,39 59:53.813,,0,75 07:39.213,3,0,0,0,67301,0,0,0,N,0,0,0,2,67301,0,,1,1,,N,N,N,2,,1,0,2,0,0,,1400,1,5,0,0,1,0,0,3,4,0,5,3,3.0,N,,,,,,,,,,,
2021048219,943.0,0,0,0,0,0,0,0,0,0,4,0,,67,5,2021,4,39.9585,-75.1656,940.0,6,0,0,0,0,0,1,0,0,,0,0,0,9,1,1,1,,1,39 57:30.644,1.0,3,75 09:56.168,3,0,0,0,67301,0,0,0,N,0,0,0,2,67301,0,,1,1,30.0,N,N,N,0,,1,0,1,3,2,Y,935,1,2,0,0,0,0,0,3,4,1,2,4,4.0,N,,,,,,,,,,,
2021051649,1255.0,1,0,0,0,0,0,0,0,0,4,0,,67,5,2021,7,40.0243,-75.1304,1255.0,6,0,0,0,0,0,1,0,0,,0,0,0,7,1,1,1,,0,40 01:27.407,,0,75 07:49.370,3,0,0,0,67301,0,0,0,N,0,0,0,2,67301,0,,1,99,,N,N,N,0,,1,0,1,3,2,,735,1,2,0,0,2,0,1,3,4,0,2,7,,N,,,,,,,,,,,
2021049743,2120.0,2,0,0,0,0,0,0,0,0,1,0,,67,5,2021,7,39.9379,-75.2339,2120.0,6,0,0,0,0,0,0,0,0,,0,0,0,21,3,0,1,,0,39 56:16.524,,0,75 14:02.111,9,0,0,0,67301,0,0,0,N,0,0,0,3,67301,0,,1,9,,N,N,N,0,,0,0,0,3,2,,2114,0,2,0,0,1,0,2,3,4,0,2,7,4.0,N,,,,,,,,,,,
2021075780,831.0,2,0,0,0,0,0,0,0,0,1,0,,67,8,2021,6,40.0082,-75.2023,831.0,6,0,0,0,0,0,0,0,0,,0,0,0,8,1,0,0,N,1,40 00:29.584,4.0,0,75 12:08.337,0,0,0,0,67301,0,0,0,N,0,0,0,3,68K01,0,,1,1,930.0,N,N,N,0,,0,0,1,0,0,N,831,0,3,0,0,0,0,0,3,4,0,3,3,,N,,,,,,,,,,,
2021048013,2240.0,2,0,0,0,0,0,0,0,0,5,0,,67,5,2021,7,39.9797,-75.1062,2240.0,6,0,0,0,0,0,0,0,0,,0,0,0,22,3,0,0,N,1,39 58:46.775,1.0,0,75 06:22.326,0,0,0,0,67301,0,0,0,N,0,0,0,2,68K01,0,,1,1,10.0,N,N,N,0,,0,0,0,0,0,N,2240,0,2,0,0,0,0,0,3,4,0,2,3,3.0,N,,,,,,,,,,,
2021070372,1120.0,0,0,0,0,0,0,0,0,0,1,1,,67,7,2021,3,39.9544,-75.1631,1119.0,6,0,0,0,0,0,0,0,0,,0,1,0,11,1,0,1,,0,39 57:15.859,,0,75 09:47.045,0,0,0,0,67301,0,0,0,N,0,0,0,2,67301,0,,1,1,,N,N,N,0,,0,0,1,3,2,,1118,0,2,0,0,2,0,0,3,4,0,2,3,3.0,N,,,,,,,,,,,
2021040694,1610.0,1,0,0,0,0,0,0,0,0,4,0,,67,5,2021,4,39.977,-75.1194,1607.0,6,0,0,0,0,0,0,0,0,,0,0,0,15,1,2,0,N,0,39 58:37.266,,7,75 07:09.906,3,0,0,0,67301,0,0,0,N,0,0,0,4,67301,0,,1,1,,N,N,N,0,,2,0,1,0,0,,1558,2,2,0,0,0,0,0,3,4,0,2,4,,N,,,,,,,,,,,
2021067873,2205.0,2,0,0,0,0,0,1,0,0,4,1,,67,7,2021,3,39.9747,-75.1983,2145.0,6,0,0,0,0,0,0,0,0,,0,0,0,21,3,1,2,,0,39 58:29.354,,2,75 11:54.397,8,0,0,0,67301,0,0,0,N,0,0,0,4,67508,0,,1,1,,N,N,Y,0,,0,0,0,3,2,,2145,1,4,0,0,0,1,0,3,4,0,4,3,3.0,N,,,,,,,,,,,
2021053639,1105.0,2,0,0,0,0,0,0,0,0,5,0,,67,5,2021,4,40.0257,-75.1219,1100.0,6,0,0,0,0,0,0,1,0,,0,0,0,10,1,0,0,N,0,40 01:32.534,,0,75 07:18.788,0,0,0,0,67301,0,0,0,N,0,0,0,5,67301,0,,1,1,,N,N,N,0,,0,0,3,0,0,,1050,0,5,0,0,0,0,0,3,4,0,5,3,4.0,N,,,,,,,,,,,