CRN,ARRIVAL_TM,AUTOMOBILE_COUNT,BELTED_DEATH_COUNT,BELTED_SUSP_SERIOUS_INJ_COUNT,BICYCLE_COUNT,BICYCLE_DEATH_COUNT,BICYCLE_SUSP_SERIOUS_INJ_COUNT,BUS_COUNT,CHLDPAS_DEATH_COUNT,CHLDPAS_SUSP_SERIOUS_INJ_COUNT,COLLISION_TYPE,COMM_VEH_COUNT,CONS_ZONE_SPD_LIM,COUNTY,CRASH_MONTH,CRASH_YEAR,DAY_OF_WEEK,DEC_LAT,DEC_LONG,DISPATCH_TM,DISTRICT,DRIVER_COUNT_16YR,DRIVER_COUNT_17YR,DRIVER_COUNT_18YR,DRIVER_COUNT_19YR,DRIVER_COUNT_20YR,DRIVER_COUNT_50_64YR,DRIVER_COUNT_65_74YR,DRIVER_COUNT_75PLUS,EST_HRS_CLOSED,FATAL_COUNT,HEAVY_TRUCK_COUNT,HORSE_BUGGY_COUNT,HOUR_OF_DAY,ILLUMINATION,INJURY_COUNT,INTERSECT_TYPE,INTERSECTION_RELATED,LANE_CLOSED,LATITUDE,LN_CLOSE_DIR,LOCATION_TYPE,LONGITUDE,MAX_SEVERITY_LEVEL,MCYCLE_DEATH_COUNT,MCYCLE_SUSP_SERIOUS_INJ_COUNT,MOTORCYCLE_COUNT,MUNICIPALITY,NONMOTR_COUNT,NONMOTR_DEATH_COUNT,NONMOTR_SUSP_SERIOUS_INJ_COUNT,NTFY_HIWY_MAINT,PED_COUNT,PED_DEATH_COUNT,PED_SUSP_SERIOUS_INJ_COUNT,PERSON_COUNT,POLICE_AGCY,POSSIBLE_INJ_COUNT,RDWY_SURF_TYPE_CD,RELATION_TO_ROAD,ROAD_CONDITION,ROADWAY_CLEARED,SCH_BUS_IND,SCH_ZONE_IND,SECONDARY_CRASH,SMALL_TRUCK_COUNT,SPEC_JURIS_CD,SUSP_MINOR_INJ_COUNT,SUSP_SERIOUS_INJ_COUNT,SUV_COUNT,TCD_FUNC_CD,TCD_TYPE,TFC_DETOUR_IND,TIME_OF_DAY,TOT_INJ_COUNT,TOTAL_UNITS,UNB_DEATH_COUNT,UNB_SUSP_SERIOUS_INJ_COUNT,UNBELTED_OCC_COUNT,UNK_INJ_DEG_COUNT,UNK_INJ_PER_COUNT,URBAN_AREA,URBAN_RURAL,VAN_COUNT,VEHICLE_COUNT,WEATHER1,WEATHER2,WORK_ZONE_IND,WORK_ZONE_LOC,WORK_ZONE_TYPE,WORKERS_PRES,WZ_CLOSE_DETOUR,WZ_FLAGGER,WZ_LAW_OFFCR_IND,WZ_LN_CLOSURE,WZ_MOVING,WZ_OTHER,WZ_SHLDER_MDN,WZ_WORKERS_INJ_KILLED
2021049389,1138.0,0,0,0,0,0,0,0,0,0,7,0,,67,5,2021,7,40.0409,-75.0053,1138.0,6,0,0,0,0,0,0,0,0,,0,0,0,11,1,0,0,N,2,40 02:27.254,2.0,0,75 00:18.926,0,0,0,0,67301,0,0,0,N,0,0,0,5,68K01,0,,4,9,1200.0,N,N,N,1,,0,0,0,0,0,N,1138,0,1,0,0,0,0,0,3,4,0,1,7,7.0,N,,,,,,,,,,,
2021077505,2155.0,2,0,0,0,0,0,0,0,0,5,0,,67,8,2021,2,39.9726,-75.2644,2148.0,6,0,0,0,0,1,0,0,0,,0,0,0,21,6,0,0,N,9,39 58:21.500,,0,75 15:51.970,0,0,0,0,67301,0,0,0,N,0,0,0,1,67301,0,,1,1,,N,N,N,1,,0,0,2,9,9,U,2145,0,5,0,0,0,0,0,3,4,0,5,3,3.0,N,,,,,,,,,,,
2021046957,1900.0,0,0,0,0,0,0,0,0,0,2,0,,67,5,2021,7,40.0213,-75.1471,1855.0,6,0,0,0,0,0,0,0,0,,0,0,0,18,4,2,5,,0,40 01:16.600,,0,75 08:49.570,3,0,0,0,67301,0,0,0,N,0,0,0,2,67301,0,,1,1,,N,N,N,0,,2,0,2,9,9,,1845,2,2,0,0,0,0,0,3,4,0,2,3,3.0,N,,,,,,,,,,,
2021076033,1349.0,1,0,0,0,0,0,0,0,0,2,0,,67,8,2021,7,39.9911,-75.1326,1349.0,6,0,0,0,0,0,0,0,0,,0,0,0,12,1,1,0,N,0,39 59:27.807,,7,75 07:57.427,3,0,0,0,67301,0,0,0,N,0,0,0,1,67301,0,,1,1,,N,N,N,0,,1,0,0,0,0,,1250,1,2,0,0,0,0,0,3,4,0,2,3,3.0,N,,,,,,,,,,,
2021046684,1502.0,2,0,0,0,0,0,0,0,0,4,0,,67,5,2021,1,39.9758,-75.1584,1500.0,6,0,0,0,0,0,0,0,0,,0,0,0,14,1,3,1,,0,39 58:33.126,,0,75 09:30.804,8,0,0,0,67301,0,0,0,N,0,0,0,5,67505,0,,1,1,,N,N,N,0,,0,0,0,3,2,,1452,3,2,0,0,0,3,1,3,4,0,2,3,3.0,N,,,,,,,,,,,
2021050831,400.0,2,0,0,0,0,0,0,0,0,1,0,,67,5,2021,5,39.9484,-75.2193,400.0,6,0,0,0,0,0,0,0,0,,0,0,0,2,3,1,5,,0,39 56:54.179,,0,75 13:09.311,8,0,0,0,67301,0,0,0,N,0,0,0,2,67301,0,,1,99,,N,N,N,0,,0,0,0,3,2,,200,1,2,0,0,0,1,1,3,4,0,2,3,3.0,N,,,,,,,,,,,
2021049180,1522.0,0,0,0,0,0,0,0,0,0,4,0,,67,5,2021,2,40.0495,-75.1465,1522.0,6,0,0,0,0,0,1,0,0,,0,0,0,13,1,3,1,,0,40 02:58.263,,0,75 08:47.316,4,0,0,0,67301,0,0,0,N,0,0,0,3,67301,1,,1,1,,N,N,N,0,,0,0,2,0,0,,1315,3,2,0,0,0,2,0,3,4,0,2,3,3.0,N,,,,,,,,,,,
2021046952,445.0,1,0,0,0,0,0,0,0,0,5,0,,67,5,2021,1,39.9813,-75.1085,435.0,6,0,0,0,0,0,1,0,0,,0,0,0,3,3,0,0,N,0,39 58:52.530,,0,75 06:30.640,0,0,0,0,67301,0,0,0,N,0,0,0,1,67301,0,,6,1,,N,N,N,1,,0,0,0,0,0,,340,0,2,0,0,1,0,0,3,4,0,2,3,3.0,N,,,,,,,,,,,
2021049185,2115.0,1,0,0,0,0,0,0,0,0,8,0,,67,5,2021,6,40.0321,-75.1335,2111.0,6,0,0,0,0,0,0,0,0,,0,0,0,21,3,1,1,,0,40 01:55.671,,0,75 08:00.553,3,0,0,0,67301,1,0,0,N,1,0,0,2,67301,0,,1,9,,N,N,N,0,,1,0,1,3,3,,2111,1,3,0,0,0,0,0,3,4,0,2,7,,N,,,,,,,,,,,
2021070394,905.0,0,0,0,0,0,0,0,0,0,4,0,,67,7,2021,5,39.9416,-75.2202,900.0,6,0,0,0,0,0,0,0,0,,0,1,0,8,1,1,1,,0,39 56:29.823,,0,75 13:12.601,8,0,0,0,67301,0,0,0,N,0,0,0,2,67301,0,,1,1,,N,N,Y,0,,0,0,2,3,2,,850,1,3,0,0,0,1,0,3,4,0,3,3,3.0,N,,,,,,,,,,,
2021048652,1512.0,0,0,0,0,0,0,0,0,0,4,0,,67,5,2021,5,40.0439,-75.2285,1509.0,6,0,0,0,0,0,1,0,0,,0,0,0,14,1,1,2,,0,40 02:37.932,,7,75 13:42.728,3,0,0,0,67301,0,0,0,N,0,0,0,2,67301,0,,1,1,,N,N,N,0,,1,0,2,3,2,,1440,1,2,0,0,0,0,0,3,4,0,2,3,3.0,N,,,,,,,,,,,
2021052649,2338.0,1,0,0,0,0,0,0,0,0,7,0,,67,5,2021,1,39.9555,-75.1481,2337.0,6,0,0,0,0,0,0,0,0,,0,0,0,23,3,0,0,N,1,39 57:19.762,4.0,2,75 08:53.200,0,0,0,0,67301,0,0,0,N,0,0,0,5,67501,0,,4,1,19.0,N,N,N,0,,0,0,1,0,0,N,2336,0,2,0,0,0,0,0,3,4,0,2,3,,N,,,,,,,,,,,
2021050560,1036.0,1,0,0,0,0,0,0,0,0,4,0,,67,5,2021,3,39.923,-75.2313,1035.0,6,0,0,0,0,0,1,0,0,,0,0,0,9,1,2,2,,0,39 55:22.837,,0,75 13:52.623,4,0,0,0,67301,0,0,0,N,0,0,0,2,67301,2,,1,1,,N,N,N,0,,0,0,1,3,3,,935,2,2,0,0,0,0,0,3,4,0,2,4,4.0,N,,,,,,,,,,,
2021050569,1952.0,1,0,0,0,0,0,0,0,0,5,0,,67,5,2021,7,39.9573,-75.2474,1946.0,6,0,0,0,0,0,1,0,0,,0,0,0,19,1,0,0,N,0,39 57:26.100,,0,75 14:50.800,9,0,0,0,67301,1,0,0,N,0,0,0,2,67301,0,,6,9,,N,N,N,0,,0,0,0,0,0,,1930,0,2,0,0,0,0,1,3,4,1,2,7,7.0,N,,,,,,,,,,,
2021047385,825.0,1,0,0,0,0,0,0,0,0,4,0,,67,5,2021,1,39.9155,-75.1379,810.0,6,0,0,0,0,0,0,0,0,,0,0,0,7,1,0,0,N,0,39 54:55.698,,7,75 08:16.478,0,0,0,1,67301,0,0,0,N,0,0,0,2,67301,0,,1,1,,N,N,N,0,,0,0,0,0,0,,759,0,2,0,0,0,0,0,3,4,0,2,3,3.0,N,,,,,,,,,,,
2021049277,1245.0,2,0,0,0,0,0,0,0,0,4,0,,67,5,2021,5,39.9916,-75.2281,1245.0,6,0,0,0,0,0,0,1,0,,0,0,0,12,1,0,1,,0,39 59:29.774,,0,75 13:41.019,0,0,0,0,67301,0,0,0,N,0,0,0,2,67301,0,,1,1,,N,N,N,0,,0,0,0,3,3,,1228,0,2,0,0,1,0,0,3,4,0,2,3,,N,,,,,,,,,,,
2021049276,2340.0,3,0,0,0,0,0,0,0,0,1,0,,67,5,2021,7,39.9552,-75.1629,2328.0,6,0,0,0,0,1,0,0,0,,0,0,0,23,3,3,0,N,0,39 57:18.566,,0,75 09:46.466,3,0,0,0,67301,0,0,0,N,0,0,0,6,67301,0,,1,9,,N,N,N,0,,3,0,1,0,0,,2326,3,4,0,0,0,0,0,3,4,0,4,7,7.0,N,,,,,,,,,,,
2021078131,1723.0,1,0,0,0,0,0,0,0,0,8,0,,67,8,2021,6,40.0365,-75.0631,1722.0,6,0,0,0,0,0,0,0,0,,0,0,0,15,1,1,0,N,0,40 02:11.425,,0,75 03:47.256,3,0,0,0,67301,1,0,0,N,1,0,0,1,67301,0,,5,1,,N,N,N,0,,1,0,0,0,0,,1535,1,2,0,0,0,0,0,3,4,0,1,4,,N,,,,,,,,,,,
2021048596,233.0,3,0,0,0,0,0,0,0,0,5,0,,67,5,2021,4,40.0321,-75.0821,227.0,6,0,0,2,0,0,0,0,0,,0,0,0,2,3,1,0,N,2,40 01:55.593,1.0,0,75 04:55.476,3,0,0,0,67301,0,0,0,N,0,0,0,6,67301,0,,1,1,400.0,N,N,N,0,,1,0,0,0,0,Y,225,1,3,0,0,0,0,2,3,4,0,3,3,3.0,N,,,,,,,,,,,
2021070476,1911.0,1,0,0,0,0,0,0,0,0,4,0,,67,7,2021,4,39.9765,-75.1842,1911.0,6,0,0,0,0,0,0,0,0,,0,0,0,18,1,0,1,,0,39 58:35.227,,0,75 11:02.965,0,0,0,0,67301,0,0,0,N,0,0,0,3,67301,0,,1,1,,N,N,N,0,,0,0,1,3,3,,1810,0,2,0,0,0,0,0,3,4,0,2,3,3.0,N,,,,,,,,,,,
2021072641,243.0,1,0,0,0,0,0,0,0,0,1,0,,67,7,2021,7,40.0109,-75.1209,243.0,6,0,0,0,0,0,0,0,0,,0,0,0,2,3,0,0,N,0,40 00:39.234,,0,75 07:15.169,0,0,0,1,67301,0,0,0,N,0,0,0,2,67301,0,,1,1,,N,N,N,0,,0,0,0,0,0,,242,0,2,0,0,0,0,0,3,4,0,2,3,3.0,N,,,,,,,,,,,
2021062926,150.0,1,0,0,0,0,0,0,0,0,7,0,,67,7,2021,1,40.035,-75.0182,137.0,6,0,0,0,0,0,0,0,0,,0,0,0,1,3,0,0,N,0,40 02:05.843,,0,75 01:05.482,0,0,0,0,67301,0,0,0,N,0,0,0,1,68K01,0,,2,1,,N,N,N,0,,0,0,0,0,0,,134,0,1,0,0,0,0,0,3,4,0,1,3,,N,,,,,,,,,,,
2021051903,1021.0,1,0,0,0,0,0,1,0,0,1,1,,67,5,2021,6,40.0032,-75.1525,1016.0,6,0,0,0,0,0,0,1,0,,0,0,0,10,1,4,5,,0,40 00:11.467,,0,75 09:09.273,4,0,0,0,67301,0,0,0,N,0,0,0,5,67508,4,,1,1,,N,N,Y,0,,0,0,0,0,0,,1016,4,2,0,0,0,0,0,3,4,0,2,3,3.0,N,,,,,,,,,,,
2021062916,831.0,1,0,0,0,0,0,0,0,0,7,0,,67,7,2021,6,39.9764,-75.1962,831.0,6,0,0,0,1,0,0,0,0,,0,0,0,8,1,0,0,N,0,39 58:35.129,,0,75 11:46.322,0,0,0,0,67301,0,0,0,N,0,0,0,1,68K01,0,,3,1,,N,N,N,0,,0,0,0,0,0,,831,0,1,0,0,0,0,0,3,4,0,1,4,,N,,,,,,,,,,,
2021062510,1152.0,1,0,0,0,0,0,0,0,0,1,0,,67,7,2021,7,39.9595,-75.1747,1146.0,6,0,0,0,0,1,0,1,0,,0,0,0,11,1,0,0,N,1,39 57:34.164,4.0,0,75 10:29.098,0,0,0,0,67301,0,0,0,N,0,0,0,2,68K01,0,,1,1,1223.0,N,N,N,0,,0,0,1,0,0,N,1145,0,2,0,0,0,0,0,3,4,0,2,3,,N,,,,,,,,,,,
2021063485,842.0,1,0,0,0,0,0,0,0,0,4,0,,67,6,2021,2,40.047,-75.0005,813.0,6,0,1,0,0,0,0,0,0,,0,0,0,8,1,1,0,N,1,40 02:49.067,1.0,0,75 00:01.876,3,0,0,0,67301,0,0,0,N,0,0,0,1,68K01,0,,4,1,954.0,N,N,N,0,,1,0,0,0,0,N,812,1,1,0,0,0,0,0,3,4,0,1,3,,N,,,,,,,,,,,
2021043324,1003.0,1,0,0,0,0,0,0,0,0,4,0,,67,5,2021,2,39.9447,-75.2263,951.0,6,0,0,0,0,0,0,0,0,,0,0,0,16,1,5,2,,0,39 56:40.900,,0,75 13:34.830,4,0,0,0,67301,0,0,0,N,0,0,0,8,67301,5,,1,1,,N,N,N,0,,0,0,1,3,3,,1600,5,2,0,0,0,0,1,3,4,0,2,3,,N,,,,,,,,,,,
2021070618,1847.0,1,0,0,0,0,0,0,0,0,4,0,,67,7,2021,4,39.9804,-75.1179,1845.0,6,0,0,0,0,0,1,0,0,,0,0,0,18,1,2,0,N,0,39 58:49.412,,0,75 07:04.397,2,0,0,0,67301,0,0,0,N,0,0,0,2,67301,0,,6,1,,N,N,N,0,,1,1,3,0,0,,1805,2,4,0,0,0,0,0,3,4,0,4,3,,N,,,,,,,,,,,
2021041059,1416.0,1,0,0,0,0,0,0,0,0,4,0,,67,5,2021,3,39.9195,-75.1579,1412.0,6,0,0,0,0,0,1,0,0,,0,0,0,14,1,1,2,,2,39 55:10.261,1.0,0,75 09:28.432,8,0,0,0,67301,0,0,0,N,0,0,0,3,67301,0,,1,99,1416.0,N,N,N,0,,0,0,1,3,3,N,1412,1,2,0,0,0,1,1,3,4,0,2,99,,N,,,,,,,,,,,
2021060511,2058.0,0,0,0,0,0,0,0,0,0,0,1,35.0,67,6,2021,2,39.9555,-75.1482,2000.0,6,0,0,0,0,0,1,0,0,,0,1,0,19,3,1,0,N,1,39 57:19.931,4.0,2,75 08:53.415,3,0,0,0,67301,0,0,0,N,0,0,0,1,67501,0,,1,1,136.0,N,N,N,0,,1,0,0,0,0,N,1957,1,1,0,0,0,0,0,3,4,0,1,3,,Y,5.0,1.0,Y,,,N,Y,,,,N
2021035613,230.0,0,0,0,0,0,0,0,0,0,7,0,,67,4,2021,4,40.047,-75.1511,226.0,6,0,0,0,0,0,0,0,0,,0,0,0,2,3,0,0,N,0,40 02:49.200,,0,75 09:03.800,0,0,0,0,67301,0,0,0,N,0,0,0,3,67301,0,,4,1,,N,N,N,1,,0,0,1,0,0,,225,0,2,0,0,3,0,0,3,4,0,2,3,3.0,N,,,,,,,,,,,
2021035577,1248.0,2,0,0,0,0,0,0,0,0,4,0,,67,4,2021,4,39.9575,-75.2173,1248.0,6,0,0,0,0,0,0,1,0,,0,0,0,12,1,1,1,,0,39 57:27.041,,0,75 13:02.421,3,0,0,0,67301,0,0,0,N,0,0,0,3,67301,0,,1,1,,N,N,N,0,,1,0,0,3,2,,1245,1,2,0,0,0,0,0,3,4,0,2,4,4.0,N,,,,,,,,,,,
2021035597,1601.0,2,0,0,0,0,0,0,0,0,4,0,,67,4,2021,4,39.9788,-75.1084,1601.0,6,0,0,0,0,0,0,0,0,,0,0,0,15,1,0,1,,1,39 58:43.337,5.0,0,75 06:31.082,0,0,0,0,67301,0,0,0,N,0,0,0,2,67301,0,,1,1,1645.0,N,N,N,0,,0,0,0,3,2,N,1537,0,2,0,0,0,0,0,3,4,0,2,4,4.0,N,,,,,,,,,,,
2021035611,1858.0,1,0,0,0,0,0,0,0,0,4,0,,67,4,2021,2,40.041,-75.1412,1858.0,6,0,0,0,0,0,0,0,0,,0,0,0,18,1,2,1,,1,40 02:27.600,2.0,0,75 08:28.413,4,0,0,0,67301,0,0,0,N,0,0,0,3,67301,2,,1,1,1915.0,N,N,N,0,,0,0,1,3,3,N,1854,2,2,0,0,0,0,0,3,4,0,2,3,3.0,N,,,,,,,,,,,
2021035517,759.0,0,0,0,0,0,0,0,0,0,4,0,,67,4,2021,4,40.0897,-75.057,736.0,6,0,0,0,0,0,0,0,0,,0,0,0,6,1,1,1,,0,40 05:22.829,,0,75 03:25.316,3,0,0,0,67301,0,0,0,N,0,0,0,2,67301,0,,1,1,,N,N,N,0,,1,0,2,3,2,,651,1,2,0,0,0,0,0,3,4,0,2,3,,N,,,,,,,,,,,
2021035622,2051.0,2,0,0,0,0,0,0,0,0,2,0,,67,4,2021,5,40.0152,-75.1699,2051.0,6,0,0,0,0,0,0,0,0,,0,0,0,20,3,1,1,,1,40 00:54.856,2.0,0,75 10:11.639,4,0,0,0,67301,0,0,0,N,0,0,0,3,67301,1,,1,1,2120.0,N,N,N,0,,0,0,0,3,2,Y,2051,1,2,0,0,1,0,0,3,4,0,2,3,,N,,,,,,,,,,,
2021034774,831.0,1,0,0,0,0,0,0,0,0,7,0,45.0,67,4,2021,3,40.0128,-75.0585,816.0,6,0,0,0,0,0,0,0,0,,0,0,0,8,1,1,0,N,1,40 00:45.973,1.0,0,75 03:30.520,3,0,0,0,67301,0,0,0,N,0,0,0,2,68K01,0,,3,9,846.0,N,N,N,0,,1,0,1,0,0,N,813,1,2,0,0,0,0,0,3,4,0,2,3,,Y,4.0,1.0,Y,N,N,N,N,N,N,Y,N
2021035575,1850.0,2,0,0,0,0,0,0,0,0,4,0,,67,4,2021,3,39.9551,-75.2298,1850.0,6,0,0,0,0,0,0,0,0,,0,0,0,18,1,2,1,,1,39 57:18.208,5.0,0,75 13:47.215,3,0,0,0,67301,0,0,0,N,0,0,0,2,67301,0,,1,1,2000.0,N,N,N,0,,1,0,0,3,2,N,1848,2,2,0,0,2,1,0,3,4,0,2,3,3.0,N,,,,,,,,,,,
2021033611,615.0,0,0,0,0,0,0,0,0,0,5,0,,67,4,2021,2,39.9231,-75.1503,615.0,6,0,0,0,0,0,0,0,0,,0,0,0,6,1,1,0,N,0,39 55:23.140,,0,75 09:01.020,3,0,0,0,67301,0,0,0,N,0,0,0,1,67301,0,,6,1,,N,N,N,1,,1,0,1,0,0,,610,1,2,0,0,0,0,0,3,4,0,2,3,3.0,N,,,,,,,,,,,
2021039733,1955.0,1,0,0,0,0,0,0,0,0,4,0,,67,5,2021,1,40.1224,-74.9989,1944.0,6,0,0,0,0,0,1,0,0,,0,0,0,19,1,1,2,,2,40 07:20.686,6.0,0,74 59:56.111,8,0,0,1,67301,0,0,0,N,0,0,0,3,67301,0,,1,1,30.0,N,N,N,0,,0,0,0,3,3,Y,1940,1,2,0,0,0,1,0,3,4,0,2,3,,N,,,,,,,,,,,
2021042275,516.0,1,0,0,0,0,0,0,0,0,7,0,,67,5,2021,7,40.0378,-75.0119,516.0,6,0,0,0,0,0,0,0,0,,0,0,0,4,3,0,0,N,0,40 02:16.126,,0,75 00:42.892,0,0,0,0,67301,0,0,0,N,0,0,0,1,68K01,0,,4,8,,N,N,N,0,,0,0,0,0,0,,417,0,1,0,0,0,0,0,3,4,0,1,7,7.0,N,,,,,,,,,,,
2021041648,2200.0,2,0,0,0,0,0,0,0,0,4,0,,67,5,2021,5,39.9272,-75.2363,2200.0,6,0,0,0,0,0,0,0,0,,0,0,0,22,3,0,1,,0,39 55:38.128,,0,75 14:10.774,0,0,0,0,67301,0,0,0,N,0,0,0,2,67301,0,,1,1,,N,N,N,0,,0,0,0,3,3,,2200,0,2,0,0,2,0,0,3,4,0,2,3,3.0,N,,,,,,,,,,,
2021041278,2235.0,4,0,0,0,0,0,0,0,0,4,0,,67,5,2021,2,40.0517,-75.153,2219.0,6,0,0,0,0,0,0,0,0,,0,0,0,22,3,2,1,,0,40 03:06.267,,0,75 09:10.785,2,0,0,0,67301,0,0,0,N,0,0,0,2,67301,1,,1,9,,N,N,Y,0,,0,1,1,3,2,,2202,2,5,0,0,0,0,0,3,4,0,5,7,,N,,,,,,,,,,,
2021069903,1840.0,2,0,0,0,0,0,0,0,0,4,0,,67,7,2021,3,39.9693,-75.1432,1835.0,6,0,0,0,0,0,0,0,0,,0,0,0,18,1,0,1,,0,39 58:09.564,,0,75 08:35.628,0,0,0,0,67301,0,0,0,N,0,0,0,2,67301,0,,1,1,,N,N,N,0,,0,0,0,3,3,,1834,0,2,0,0,2,0,0,3,4,0,2,3,3.0,N,,,,,,,,,,,
2021062746,254.0,1,0,0,0,0,0,0,0,0,7,0,,67,7,2021,7,39.9727,-75.1934,249.0,6,0,0,0,0,0,0,0,0,,0,0,0,2,3,1,0,N,2,39 58:21.708,4.0,2,75 11:36.352,8,0,0,0,67301,0,0,0,N,0,0,0,1,68K01,0,,4,1,330.0,N,N,N,0,,0,0,0,0,0,N,248,1,1,0,0,0,1,0,3,4,0,1,3,,N,,,,,,,,,,,
2021062535,701.0,0,0,0,0,0,0,0,0,0,7,0,,67,7,2021,3,39.9684,-75.1296,658.0,6,0,0,0,0,0,0,0,0,,0,0,0,6,1,1,7,N,2,39 58:06.174,1.0,2,75 07:46.403,8,0,0,0,67301,0,0,0,Y,0,0,0,1,68K01,0,,4,1,727.0,N,N,N,1,,0,0,0,0,0,Y,656,1,1,0,0,0,1,0,3,4,0,1,3,3.0,N,,,,,,,,,,,
2021033998,2032.0,1,0,0,0,0,0,0,0,0,4,0,,67,4,2021,3,39.9887,-75.1871,2030.0,6,0,0,0,0,0,0,0,0,,0,0,0,19,3,1,1,,0,39 59:19.164,,0,75 11:13.413,4,0,0,0,67301,0,0,0,N,0,0,0,2,67301,1,,1,1,,N,N,N,0,,0,0,1,3,2,,1938,1,2,0,0,0,0,1,3,4,0,2,3,,N,,,,,,,,,,,
2021063327,1813.0,1,0,0,0,0,0,0,0,0,1,0,,67,7,2021,4,39.9571,-75.1455,1805.0,6,0,0,0,0,0,0,0,0,,0,0,0,18,1,1,0,N,1,39 57:25.491,3.0,0,75 08:43.670,3,0,0,0,67301,0,0,0,N,0,0,0,3,68K01,0,,1,1,1820.0,N,N,N,0,,1,0,1,0,0,N,1803,1,2,0,0,0,0,1,3,4,0,2,3,,N,,,,,,,,,,,
2021062504,36.0,1,0,0,0,0,0,0,0,0,1,0,,67,7,2021,6,39.8934,-75.2301,18.0,6,0,0,0,0,0,1,0,0,,0,0,0,0,3,0,0,N,0,39 53:36.061,,0,75 13:48.485,0,0,0,0,67301,0,0,0,N,0,0,0,2,68K01,0,,1,8,,N,N,N,1,,0,0,0,0,0,,1,0,2,0,0,0,0,0,3,4,0,2,7,7.0,N,,,,,,,,,,,
2021043326,254.0,3,0,0,0,0,0,0,0,0,6,0,,67,5,2021,6,39.945,-75.2318,253.0,6,0,0,0,0,0,0,0,0,,0,0,0,2,3,0,0,N,0,39 56:42.100,,0,75 13:54.360,0,0,0,0,67301,0,0,0,N,0,0,0,2,67301,0,,1,1,,N,N,N,0,,0,0,1,0,0,,240,0,5,0,0,0,0,0,3,4,1,5,3,3.0,N,,,,,,,,,,,
2021069767,119.0,0,0,0,0,0,0,0,0,0,6,0,,67,6,2021,2,39.9658,-75.1865,119.0,6,0,0,0,0,0,1,0,0,,0,0,0,0,3,1,0,N,0,39 57:56.783,,0,75 11:11.288,3,0,0,0,67301,0,0,0,N,0,0,0,2,68K01,0,,1,1,,N,N,N,0,,1,0,2,0,0,,19,1,2,0,0,0,0,0,3,4,0,2,3,,N,,,,,,,,,,,
2021069841,1310.0,0,0,0,0,0,0,0,0,0,1,0,,67,7,2021,5,40.045,-75.0533,1300.0,6,0,0,0,0,0,0,0,0,,0,0,0,12,1,0,0,N,0,40 02:42.154,,0,75 03:11.927,0,0,0,0,67301,0,0,0,N,0,0,0,3,67301,0,,1,1,,N,N,N,0,,0,0,3,0,0,,1200,0,3,0,0,0,0,0,3,4,0,3,3,3.0,N,,,,,,,,,,,
2021041237,537.0,1,0,0,0,0,0,0,0,0,7,0,,67,5,2021,1,40.037,-75.0133,526.0,6,0,0,0,0,0,0,0,0,,0,0,0,5,3,1,0,N,0,40 02:13.297,,0,75 00:47.976,3,0,0,0,67301,0,0,0,N,0,0,0,1,68K01,0,,3,1,,N,N,N,0,,1,0,0,0,0,,525,1,1,0,0,0,0,0,3,4,0,1,3,,N,,,,,,,,,,,
2021042338,2018.0,2,0,0,0,0,0,0,0,0,4,0,,67,5,2021,3,40.0152,-75.1498,2018.0,6,0,0,0,1,0,1,0,0,,0,0,0,20,3,4,1,,0,40 00:55.044,,0,75 08:59.732,2,0,0,0,67301,0,0,0,N,0,0,0,7,67301,0,,1,1,,N,N,N,2,,1,1,1,3,2,,2018,4,5,0,1,3,2,0,3,4,0,5,3,3.0,N,,,,,,,,,,,
2021069159,813.0,1,0,0,0,0,0,0,0,0,5,1,45.0,67,7,2021,3,40.0056,-75.0753,734.0,6,0,0,0,0,0,1,0,0,,0,1,0,7,1,0,0,N,1,40 00:20.198,2.0,0,75 04:31.213,0,0,0,0,67301,0,0,0,N,0,0,0,3,68K01,0,,1,1,825.0,N,N,N,0,,0,0,1,0,0,N,731,0,3,0,0,0,0,0,3,4,0,3,3,,Y,2.0,1.0,N,,,N,,,,Y,N
2021069828,8.0,1,0,0,0,0,0,0,0,0,2,0,,67,7,2021,6,40.0765,-75.1742,8.0,6,0,0,0,0,0,0,0,0,,0,0,0,23,3,0,1,,0,40 04:35.558,,0,75 10:26.954,9,0,0,0,67301,0,0,0,N,0,0,0,2,67301,0,,1,1,,N,N,N,0,,0,0,1,3,3,,2347,0,2,0,0,0,0,1,3,4,0,2,3,3.0,N,,,,,,,,,,,
2021070374,1049.0,1,0,0,0,0,0,0,0,0,8,0,,67,7,2021,3,39.947,-75.1647,1049.0,6,0,0,0,0,0,1,0,0,,0,0,0,12,1,1,1,,0,39 56:49.129,,0,75 09:52.935,3,0,0,0,67301,1,0,0,N,1,0,0,2,67301,0,,1,1,,N,N,N,0,,1,0,0,3,2,,1235,1,2,0,0,0,0,0,3,4,0,1,3,3.0,N,,,,,,,,,,,
2021039076,321.0,1,0,0,0,0,0,0,0,0,4,0,,67,5,2021,7,39.9856,-75.1563,319.0,6,0,0,0,1,0,0,0,0,,0,0,0,3,3,0,0,N,0,39 59:08.087,,0,75 09:22.671,0,0,0,0,67301,0,0,0,N,0,0,0,2,67505,0,,1,1,,N,N,N,0,,0,0,1,0,0,,315,0,2,0,0,0,0,0,3,4,0,2,3,3.0,N,,,,,,,,,,,
2021035614,400.0,0,0,0,0,0,0,0,0,0,5,0,,67,4,2021,4,40.0216,-75.1497,400.0,6,0,0,0,0,0,0,0,0,,0,0,0,4,3,2,0,N,0,40 01:17.900,,0,75 08:58.900,3,0,0,0,67301,0,0,0,N,0,0,0,2,67301,0,,6,1,,N,N,N,0,,2,0,2,0,0,,400,2,3,0,0,2,0,0,3,4,0,3,3,3.0,N,,,,,,,,,,,