CRN,ARRIVAL_TM,AUTOMOBILE_COUNT,BELTED_DEATH_COUNT,BELTED_SUSP_SERIOUS_INJ_COUNT,BICYCLE_COUNT,BICYCLE_DEATH_COUNT,BICYCLE_SUSP_SERIOUS_INJ_COUNT,BUS_COUNT,CHLDPAS_DEATH_COUNT,CHLDPAS_SUSP_SERIOUS_INJ_COUNT,COLLISION_TYPE,COMM_VEH_COUNT,CONS_ZONE_SPD_LIM,COUNTY,CRASH_MONTH,CRASH_YEAR,DAY_OF_WEEK,DEC_LAT,DEC_LONG,DISPATCH_TM,DISTRICT,DRIVER_COUNT_16YR,DRIVER_COUNT_17YR,DRIVER_COUNT_18YR,DRIVER_COUNT_19YR,DRIVER_COUNT_20YR,DRIVER_COUNT_50_64YR,DRIVER_COUNT_65_74YR,DRIVER_COUNT_75PLUS,EST_HRS_CLOSED,FATAL_COUNT,HEAVY_TRUCK_COUNT,HORSE_BUGGY_COUNT,HOUR_OF_DAY,ILLUMINATION,INJURY_COUNT,INTERSECT_TYPE,INTERSECTION_RELATED,LANE_CLOSED,LATITUDE,LN_CLOSE_DIR,LOCATION_TYPE,LONGITUDE,MAX_SEVERITY_LEVEL,MCYCLE_DEATH_COUNT,MCYCLE_SUSP_SERIOUS_INJ_COUNT,MOTORCYCLE_COUNT,MUNICIPALITY,NONMOTR_COUNT,NONMOTR_DEATH_COUNT,NONMOTR_SUSP_SERIOUS_INJ_COUNT,NTFY_HIWY_MAINT,PED_COUNT,PED_DEATH_COUNT,PED_SUSP_SERIOUS_INJ_COUNT,PERSON_COUNT,POLICE_AGCY,POSSIBLE_INJ_COUNT,RDWY_SURF_TYPE_CD,RELATION_TO_ROAD,ROAD_CONDITION,ROADWAY_CLEARED,SCH_BUS_IND,SCH_ZONE_IND,SECONDARY_CRASH,SMALL_TRUCK_COUNT,SPEC_JURIS_CD,SUSP_MINOR_INJ_COUNT,SUSP_SERIOUS_INJ_COUNT,SUV_COUNT,TCD_FUNC_CD,TCD_TYPE,TFC_DETOUR_IND,TIME_OF_DAY,TOT_INJ_COUNT,TOTAL_UNITS,UNB_DEATH_COUNT,UNB_SUSP_SERIOUS_INJ_COUNT,UNBELTED_OCC_COUNT,UNK_INJ_DEG_COUNT,UNK_INJ_PER_COUNT,URBAN_AREA,URBAN_RURAL,VAN_COUNT,VEHICLE_COUNT,WEATHER1,WEATHER2,WORK_ZONE_IND,WORK_ZONE_LOC,WORK_ZONE_TYPE,WORKERS_PRES,WZ_CLOSE_DETOUR,WZ_FLAGGER,WZ_LAW_OFFCR_IND,WZ_LN_CLOSURE,WZ_MOVING,WZ_OTHER,WZ_SHLDER_MDN,WZ_WORKERS_INJ_KILLED
2021070681,207.0,2,0,0,0,0,0,0,0,0,5,0,,67,7,2021,1,40.0655,-75.0197,200.0,6,0,0,0,0,0,0,0,0,,0,0,0,1,3,1,0,N,0,40 03:55.690,,0,75 01:10.760,3,0,0,0,67301,0,0,0,N,0,0,0,1,67301,0,,1,1,,N,N,N,0,,1,0,0,0,0,,150,1,2,0,0,0,0,0,3,4,0,2,3,3.0,N,,,,,,,,,,,
2021040644,52.0,1,0,0,0,0,0,0,0,0,7,0,,67,5,2021,7,39.9748,-75.1944,47.0,6,0,0,0,0,0,0,0,0,,0,0,0,0,3,0,0,N,0,39 58:29.268,,0,75 11:39.890,0,0,0,0,67301,0,0,0,N,0,0,0,1,68K01,0,,3,1,,N,N,N,0,,0,0,0,0,0,,45,0,1,0,0,0,0,0,3,4,0,1,3,,N,,,,,,,,,,,
2021062322,1636.0,1,0,0,0,0,0,0,0,0,7,0,,67,7,2021,5,40.0131,-75.0579,1550.0,6,0,0,0,0,0,0,0,0,,0,0,0,15,1,1,0,N,0,40 00:47.140,,0,75 03:28.407,8,0,0,0,67301,0,0,0,N,0,0,0,1,68K01,0,,4,1,,N,N,N,0,,0,0,0,0,0,,1546,1,1,0,0,0,1,0,3,4,0,1,3,,N,,,,,,,,,,,
2021041106,2137.0,0,0,0,0,0,0,0,0,0,5,0,,67,5,2021,5,39.9975,-75.1672,2135.0,6,0,0,0,0,0,0,0,0,,0,0,0,21,3,0,0,N,2,39 59:51.010,5.0,0,75 10:01.790,0,0,0,0,67301,0,0,0,N,0,0,0,1,67301,0,,6,1,2229.0,N,N,N,0,,0,0,1,0,0,Y,2133,0,2,0,0,0,0,0,3,4,1,2,3,3.0,N,,,,,,,,,,,
2021069897,230.0,1,0,0,0,0,0,0,0,0,8,0,,67,7,2021,6,39.9795,-75.1184,228.0,6,0,0,0,0,0,0,0,0,,0,0,0,2,3,1,0,N,0,39 58:46.241,,0,75 07:06.123,4,0,0,0,67301,1,0,0,N,1,0,0,2,67301,1,,1,1,,N,N,N,0,,0,0,0,0,0,,222,1,2,0,0,0,0,0,3,4,0,1,3,3.0,N,,,,,,,,,,,
2021039457,1902.0,1,0,0,0,0,0,0,0,0,4,0,,67,5,2021,7,40.0847,-75.0251,1858.0,6,0,0,0,0,0,0,0,0,,0,0,0,18,1,1,1,,1,40 05:04.850,5.0,0,75 01:30.277,8,0,0,0,67301,0,0,0,N,0,0,0,3,67301,0,,1,1,30.0,N,N,N,0,,0,0,1,3,2,Y,1845,1,2,0,0,0,1,0,3,4,0,2,3,,N,,,,,,,,,,,
2021039333,405.0,2,0,0,0,0,0,0,0,0,5,0,,67,5,2021,1,39.9578,-75.1901,400.0,6,0,0,0,0,0,0,0,0,,0,0,0,4,3,0,0,N,0,39 57:27.900,,0,75 11:24.500,0,0,0,0,67301,0,0,0,N,0,0,0,1,67507,0,,6,1,,N,N,Y,0,,0,0,1,0,0,,400,0,3,0,0,0,0,0,3,4,0,3,3,3.0,N,,,,,,,,,,,
2021042274,418.0,1,0,0,0,0,0,0,0,0,7,0,,67,5,2021,7,39.9759,-75.1149,418.0,6,0,0,0,0,0,0,0,0,,0,0,0,3,3,0,0,N,0,39 58:33.061,,0,75 06:53.819,0,0,0,0,67301,0,0,0,N,0,0,0,2,68K01,0,,4,8,,N,N,N,0,,0,0,0,0,0,,346,0,1,0,0,0,0,0,3,4,0,1,7,,N,,,,,,,,,,,
2021053640,405.0,1,0,0,0,0,0,0,0,0,1,0,,67,5,2021,6,40.0059,-75.1498,45.0,6,0,0,0,0,0,0,0,0,,0,0,0,0,3,1,5,,0,40 00:21.160,,0,75 08:59.157,4,0,0,0,67301,0,0,0,N,0,0,0,2,67301,1,,1,1,,N,N,N,0,,0,0,0,3,2,,45,1,2,0,0,0,0,0,3,4,0,2,3,,N,,,,,,,,,,,
2021069827,1905.0,0,0,0,0,0,0,0,0,0,7,0,,67,7,2021,6,40.0443,-75.1583,1904.0,6,0,0,0,0,0,0,0,0,,0,0,0,18,1,0,0,N,0,40 02:39.430,,0,75 09:29.720,0,0,0,0,67301,0,0,0,N,0,0,0,1,67301,0,,5,1,,N,N,N,0,,0,0,1,0,0,,1851,0,1,0,0,0,0,0,3,4,0,1,3,,N,,,,,,,,,,,
2021033841,2216.0,0,0,0,0,0,0,0,0,0,4,0,,67,4,2021,3,40.0457,-75.0315,2212.0,6,0,0,0,1,0,1,0,0,,0,0,0,22,3,1,1,,0,40 02:44.428,,0,75 01:53.506,3,0,0,0,67301,0,0,0,N,0,0,0,2,67301,0,,1,1,,N,N,N,0,,1,0,2,3,2,,2206,1,2,0,0,0,0,0,3,4,0,2,3,3.0,N,,,,,,,,,,,
2021033994,2117.0,1,0,0,0,0,0,0,0,0,1,0,,67,4,2021,3,40.0507,-75.1733,2115.0,6,0,0,0,0,0,1,0,0,,0,0,0,21,3,0,1,,1,40 03:02.401,2.0,0,75 10:23.780,0,0,0,0,67301,0,0,0,N,0,0,0,3,67301,0,,1,1,1.0,N,N,N,1,,0,0,1,3,2,N,2114,0,3,0,0,2,0,0,3,4,0,3,3,3.0,N,,,,,,,,,,,
2021033844,453.0,2,0,0,0,0,0,0,0,0,4,0,,67,4,2021,3,39.9704,-75.2357,450.0,6,0,0,0,0,0,0,0,0,,0,0,0,4,3,0,1,,0,39 58:13.274,,0,75 14:08.548,9,0,0,0,67301,0,0,0,N,0,0,0,2,67301,0,,1,9,,N,N,N,0,,0,0,0,3,2,,449,0,2,0,0,0,0,1,3,4,0,2,7,4.0,N,,,,,,,,,,,
2021035505,1715.0,1,0,0,0,0,0,0,0,0,1,0,,67,4,2021,5,39.9333,-75.1434,1700.0,6,0,0,0,0,0,0,0,0,,0,0,0,18,1,1,2,,0,39 55:59.902,,0,75 08:36.154,3,0,0,0,67301,0,0,0,N,0,0,0,2,67301,0,,1,1,,N,N,N,0,,1,0,0,3,2,,1845,1,2,0,0,0,0,0,3,4,0,2,3,3.0,N,,,,,,,,,,,
2021034782,1806.0,0,0,0,0,0,0,0,0,0,1,0,45.0,67,4,2021,5,39.9948,-75.0837,1752.0,6,0,0,0,1,0,2,0,0,,0,0,0,17,1,0,0,N,1,39 59:41.268,1.0,0,75 05:01.201,0,0,0,0,67301,0,0,0,N,0,0,0,3,68K01,0,,1,1,1820.0,N,N,N,2,,0,0,1,0,0,N,1751,0,3,0,0,0,0,0,3,4,0,3,3,3.0,Y,2.0,1.0,N,,,N,Y,,Y,,N
2021033496,2339.0,2,0,0,0,0,0,0,0,0,4,0,,67,4,2021,2,40.1025,-75.0287,2321.0,6,0,0,0,0,2,0,0,0,,0,0,0,22,3,1,1,,0,40 06:08.948,,0,75 01:43.450,3,0,0,0,67301,0,0,0,N,0,0,0,2,67301,0,,1,9,,N,N,N,0,,1,0,0,3,2,,2235,1,2,0,0,0,0,1,3,4,0,2,7,,N,,,,,,,,,,,
2021058982,150.0,0,0,0,0,0,0,0,0,0,2,0,,67,6,2021,7,39.9068,-75.1738,150.0,6,0,0,0,0,0,0,0,0,,0,0,0,1,3,0,0,Y,1,39 54:24.516,2.0,0,75 10:25.824,0,0,0,0,67301,0,0,0,N,0,0,0,0,67505,0,,5,1,330.0,N,N,N,0,,0,0,1,0,0,Y,149,0,1,0,0,0,0,0,3,4,0,1,3,3.0,N,,,,,,,,,,,
2021040647,2103.0,1,0,0,0,0,0,0,0,0,7,0,,67,5,2021,7,40.0002,-75.1952,2053.0,6,0,0,0,1,0,0,0,0,,0,0,0,20,3,1,0,N,0,40 00:00.724,,0,75 11:42.606,4,0,0,0,67301,0,0,0,N,0,0,0,1,68K01,1,,3,1,,N,N,N,0,,0,0,0,0,0,,2045,1,1,0,0,0,0,0,3,4,0,1,3,,N,,,,,,,,,,,
2021041070,1639.0,1,0,0,0,0,0,0,0,0,4,0,,67,5,2021,4,40.0462,-75.1661,1637.0,6,0,0,0,0,0,0,0,0,,0,0,0,16,1,2,1,,0,40 02:46.473,,0,75 09:57.863,3,0,0,0,67301,0,0,0,N,0,0,0,3,67301,0,,1,1,,N,N,N,0,,2,0,1,3,3,,1630,2,2,0,0,0,0,1,3,4,0,2,3,,N,,,,,,,,,,,
2021033498,245.0,2,0,0,0,0,0,0,0,0,4,0,,67,4,2021,2,40.0237,-75.1646,245.0,6,0,0,0,0,0,1,0,0,,0,0,0,2,3,3,2,,2,40 01:25.397,7.0,0,75 09:52.628,8,0,0,0,67301,0,0,0,N,0,0,0,3,67301,0,,1,9,315.0,N,N,N,0,,0,0,0,0,0,Y,242,3,2,0,0,2,3,0,3,4,0,2,3,3.0,N,,,,,,,,,,,
2021061242,1027.0,0,0,0,0,0,0,1,0,0,8,1,,67,6,2021,5,39.9593,-75.1674,1020.0,6,0,0,0,0,0,0,0,0,,0,0,0,10,1,1,2,,0,39 57:33.569,,0,75 10:02.704,4,0,0,0,67301,1,0,0,N,1,0,0,2,67508,1,,1,1,,N,N,Y,0,,0,0,0,3,3,,1020,1,2,0,0,0,0,0,3,4,0,1,3,3.0,N,,,,,,,,,,,
2021035559,1302.0,1,0,0,0,0,0,0,0,0,4,0,,67,4,2021,4,40.0198,-75.0477,1301.0,6,0,0,0,0,0,0,0,0,,0,0,0,13,1,1,2,,0,40 01:11.413,,0,75 02:51.853,3,0,0,0,67301,0,0,0,N,0,0,0,2,67301,0,,1,1,,N,N,N,0,,1,0,0,3,3,,1300,1,2,0,0,0,0,1,3,4,0,2,3,3.0,N,,,,,,,,,,,
2021060479,1636.0,0,0,0,0,0,0,1,0,0,4,1,,67,6,2021,2,39.9477,-75.1511,1633.0,6,0,0,0,0,0,1,0,0,,0,0,0,16,1,0,1,,0,39 56:51.762,,0,75 09:03.936,0,0,0,0,67301,0,0,0,N,0,0,0,5,67508,0,,1,1,,N,N,Y,0,,0,0,1,3,2,,1633,0,2,0,0,2,0,0,3,4,0,2,3,3.0,N,,,,,,,,,,,
2021033997,1414.0,2,0,0,0,0,0,0,0,0,3,0,,67,4,2021,3,39.9909,-75.1618,1411.0,6,0,0,0,0,0,1,0,0,,0,0,0,14,1,1,0,N,0,39 59:27.400,,0,75 09:42.480,3,0,0,0,67301,0,0,0,N,0,0,0,2,67301,0,,1,1,,N,N,N,0,,1,0,0,0,0,,1408,1,2,0,0,1,0,0,3,4,0,2,3,3.0,N,,,,,,,,,,,
2021035670,2246.0,2,0,0,0,0,0,0,0,0,1,0,,67,4,2021,5,39.9461,-75.1894,2224.0,6,0,0,0,0,0,0,0,0,,0,0,0,22,3,0,0,N,0,39 56:45.796,,0,75 11:21.768,0,0,0,0,67301,0,0,0,N,0,0,0,2,68K01,0,,1,1,,N,N,N,0,,0,0,0,0,0,,2214,0,2,0,0,0,0,0,3,4,0,2,3,,N,,,,,,,,,,,
2021063511,1646.0,1,0,0,0,0,0,0,0,0,1,0,,67,7,2021,4,39.961,-75.1818,1621.0,6,0,0,0,0,0,1,0,0,,0,0,0,16,1,0,0,N,1,39 57:39.687,4.0,0,75 10:54.321,0,0,0,0,67301,0,0,0,N,0,0,0,3,68K01,0,,1,1,1650.0,N,N,N,0,,0,0,2,0,0,Y,1618,0,3,0,0,0,0,0,3,4,0,3,3,3.0,N,,,,,,,,,,,
2021062321,1527.0,1,0,0,0,0,0,0,0,0,4,0,,67,7,2021,5,39.9696,-75.1259,1510.0,6,0,0,0,0,0,0,0,1,,0,0,0,15,1,2,0,N,1,39 58:10.722,1.0,0,75 07:33.239,3,0,0,0,67301,0,0,0,N,0,0,0,2,68K01,0,,4,1,1545.0,N,N,N,0,,1,0,1,0,0,N,1506,2,2,0,0,0,1,0,3,4,0,2,3,,N,,,,,,,,,,,
2021035496,2040.0,2,0,0,0,0,0,0,0,0,4,0,,67,4,2021,4,40.0456,-75.0714,2037.0,6,0,0,0,0,0,0,0,0,,0,0,0,20,3,0,1,,1,40 02:44.136,2.0,0,75 04:17.168,0,0,0,0,67301,0,0,0,N,0,0,0,2,67301,0,,1,9,2100.0,N,N,N,0,,0,0,0,3,2,N,2035,0,2,0,0,0,0,0,3,4,0,2,7,4.0,N,,,,,,,,,,,
2021069805,935.0,1,0,0,0,0,0,0,0,0,4,0,,67,7,2021,2,40.0835,-74.9745,926.0,6,0,0,0,0,0,0,0,0,,0,0,0,8,1,2,0,N,0,40 05:00.676,,0,74 58:28.312,3,0,0,0,67301,0,0,0,N,0,0,0,2,67301,0,,1,1,,N,N,N,0,,2,0,1,0,0,,845,2,2,0,0,0,0,0,3,4,0,2,3,,N,,,,,,,,,,,
2021040340,2344.0,2,0,0,0,0,0,0,0,0,4,0,,67,5,2021,7,39.921,-75.2289,2344.0,6,0,0,0,0,1,0,0,0,,0,0,0,23,3,2,1,,0,39 55:15.752,,0,75 13:44.116,3,0,0,0,67301,0,0,0,N,0,0,0,3,67301,0,,1,1,,N,N,N,0,,2,0,0,3,2,,2344,2,2,0,0,0,0,0,3,4,0,2,3,3.0,N,,,,,,,,,,,
2021043148,2340.0,0,0,0,0,0,0,0,0,0,7,0,,67,5,2021,7,39.9218,-75.1905,2331.0,6,0,0,0,0,0,0,0,0,,0,0,0,23,3,0,0,N,1,39 55:18.392,1.0,1,75 11:25.730,0,0,0,0,67301,0,0,0,N,0,0,0,1,67301,0,,4,1,20.0,N,N,N,0,,0,0,1,0,0,N,2325,0,1,0,0,0,0,0,3,4,0,1,3,3.0,N,,,,,,,,,,,
2021035554,1550.0,0,0,0,0,0,0,0,0,0,1,0,,67,4,2021,3,40.0325,-75.0808,1540.0,6,0,0,0,0,0,0,0,0,,0,0,0,15,1,1,1,,1,40 01:57.052,1.0,0,75 04:50.912,8,0,0,0,67301,0,0,0,N,0,0,0,2,67301,0,,1,1,1610.0,N,N,N,1,,0,0,1,3,2,N,1508,1,2,0,0,0,1,0,3,4,0,2,3,,N,,,,,,,,,,,
2021062712,1618.0,1,0,0,0,0,0,0,0,0,1,0,,67,6,2021,2,39.9814,-75.1022,1606.0,6,0,0,0,0,0,0,0,0,,0,0,0,15,1,0,0,N,0,39 58:52.860,,0,75 06:07.919,0,0,0,0,67301,0,0,0,N,0,0,0,3,68K01,0,,1,1,,N,N,N,0,,0,0,2,0,0,,1547,0,3,0,0,0,0,0,3,4,0,3,3,,N,,,,,,,,,,,
2021035542,2325.0,2,0,0,0,0,0,0,0,0,1,0,,67,4,2021,4,40.069,-75.1565,2315.0,6,0,0,0,0,0,0,0,0,,0,0,0,22,3,0,0,N,1,40 04:08.264,3.0,0,75 09:23.522,9,0,0,0,67301,0,0,0,N,0,0,0,1,67301,0,,6,1,100.0,N,N,N,0,,0,0,2,0,0,N,2230,0,4,0,0,0,0,1,3,4,0,4,3,3.0,N,,,,,,,,,,,
2021062330,1629.0,2,0,0,0,0,0,0,0,0,1,1,,67,7,2021,7,39.9599,-75.178,1603.0,6,0,0,0,0,0,0,0,0,,0,1,0,16,1,2,0,N,1,39 57:35.647,4.0,3,75 10:40.880,3,0,0,0,67301,0,0,0,N,0,0,0,4,68K01,0,,1,9,1629.0,N,N,N,0,,2,0,1,0,0,N,1600,2,4,0,0,0,0,0,3,4,0,4,4,4.0,N,,,,,,,,,,,
2021062505,121.0,0,0,0,0,0,0,0,0,0,7,0,,67,7,2021,6,39.8933,-75.2296,121.0,6,0,0,0,0,0,0,0,0,,0,0,0,1,3,0,0,N,0,39 53:36.029,,0,75 13:46.510,0,0,0,0,67301,0,0,0,N,0,0,0,1,68K01,0,,4,9,,N,N,N,0,,0,0,1,0,0,,120,0,1,0,0,0,0,0,3,4,0,1,7,7.0,N,,,,,,,,,,,
2021062521,2253.0,2,0,0,0,0,0,0,0,0,1,0,,67,7,2021,1,39.9914,-75.2035,2253.0,6,0,0,0,0,0,0,0,0,,0,0,0,22,3,1,0,N,1,39 59:29.019,3.0,0,75 12:12.650,8,0,0,0,67301,0,0,0,N,0,0,0,2,68K01,0,,1,1,2322.0,N,N,N,0,,0,0,0,0,0,N,2230,1,2,0,0,0,1,0,3,4,0,2,3,3.0,N,,,,,,,,,,,
2021035527,110.0,2,0,0,0,0,0,0,0,0,4,0,,67,4,2021,5,40.0625,-75.0094,110.0,6,0,0,0,0,0,0,0,0,,0,0,0,1,3,1,1,,0,40 03:45.067,,0,75 00:33.961,8,0,0,0,67301,0,0,0,N,0,0,0,2,67301,0,,1,1,,N,N,N,0,,0,0,0,3,2,,108,1,2,0,0,0,1,0,3,4,0,2,3,3.0,N,,,,,,,,,,,
2021039935,2318.0,2,0,0,0,0,0,0,0,0,2,0,,67,5,2021,2,40.0492,-75.1507,2316.0,6,0,0,0,0,0,0,0,0,,0,0,0,23,3,1,0,N,2,40 02:56.990,2.0,0,75 09:02.450,3,0,0,0,67301,0,0,0,N,0,0,0,2,67301,0,,1,9,105.0,N,N,N,0,,1,0,0,0,0,Y,2313,1,2,0,0,0,0,0,3,4,0,2,7,7.0,N,,,,,,,,,,,
2021070546,1132.0,0,0,0,0,0,0,0,0,0,1,0,,67,7,2021,3,40.0203,-75.1422,1132.0,6,0,0,0,0,0,1,0,0,,0,0,0,11,1,0,0,N,0,40 01:13.113,,0,75 08:31.924,0,0,0,0,67301,0,0,0,N,0,0,0,2,67301,0,,1,1,,N,N,N,1,,0,0,1,0,0,,1125,0,2,0,0,0,0,0,3,4,0,2,3,3.0,N,,,,,,,,,,,
2021039738,2028.0,3,0,0,0,0,0,0,0,0,1,0,,67,5,2021,1,40.0399,-75.0321,2027.0,6,0,0,0,0,0,0,0,0,,0,0,0,20,3,0,0,N,0,40 02:23.721,,0,75 01:55.574,0,0,0,0,67301,0,0,0,N,0,0,0,1,67301,0,,6,1,,N,N,N,0,,0,0,1,0,0,,2026,0,4,0,0,0,0,0,3,4,0,4,3,3.0,N,,,,,,,,,,,
2021039069,220.0,1,0,0,0,0,0,0,0,0,4,0,,67,5,2021,7,39.9778,-75.1622,218.0,6,0,0,0,1,0,0,0,0,,0,0,0,2,3,0,1,,2,39 58:40.101,4.0,0,75 09:43.997,0,0,0,0,67301,0,0,0,N,0,0,0,3,67505,0,,1,1,300.0,N,N,N,0,,0,0,3,3,3,Y,216,0,4,0,0,0,0,0,3,4,0,4,3,3.0,N,,,,,,,,,,,
2021039465,2029.0,1,0,0,0,0,0,0,0,0,4,0,,67,5,2021,7,39.9904,-75.1245,2029.0,6,0,0,0,0,0,0,0,0,,0,0,0,18,4,1,2,,0,39 59:25.500,,1,75 07:28.200,2,0,0,0,67301,0,0,0,N,0,0,0,7,67301,0,,1,1,,N,N,N,0,,0,1,0,3,3,,1846,1,2,0,0,0,0,0,3,4,1,2,3,3.0,N,,,,,,,,,,,
2021040448,44.0,2,0,0,0,0,0,0,0,0,1,0,,67,5,2021,4,39.9674,-75.225,41.0,6,0,0,0,0,0,0,0,0,,0,0,0,0,3,1,0,N,0,39 58:02.711,,0,75 13:30.043,4,0,0,0,67301,0,0,0,N,0,0,0,2,67301,1,,1,1,,N,N,N,0,,0,0,0,0,0,,36,1,3,0,0,1,0,1,3,4,1,3,3,,N,,,,,,,,,,,
2021062912,134.0,0,0,0,0,0,0,0,0,0,7,1,,67,7,2021,6,40.0453,-75.0019,110.0,6,0,0,0,0,0,0,0,0,,0,1,0,1,3,0,7,,0,40 02:42.930,,2,75 00:06.821,9,0,0,0,67301,0,0,0,Y,0,0,0,1,68K01,0,,7,9,,N,N,N,0,,0,0,0,0,0,,102,0,1,0,0,0,0,1,3,4,0,1,7,,N,,,,,,,,,,,
2021033802,2215.0,0,0,0,0,0,0,0,0,0,8,0,,67,4,2021,3,39.9793,-75.1627,2215.0,6,0,0,0,1,0,0,0,0,,0,0,0,22,3,1,1,,0,39 58:45.483,,0,75 09:45.551,4,0,0,0,67301,1,0,0,N,1,0,0,3,67505,1,,1,1,,N,N,N,0,,0,0,1,3,2,,2212,1,2,0,0,0,0,0,3,4,0,1,3,3.0,N,,,,,,,,,,,
2021070571,806.0,2,0,0,0,0,0,0,0,0,1,0,,67,7,2021,3,39.9493,-75.1845,749.0,6,0,0,0,0,0,0,0,0,,0,0,0,7,1,0,0,N,0,39 56:57.519,,0,75 11:04.056,0,0,0,0,67301,0,0,0,N,0,0,0,2,68K01,0,,1,1,,N,N,N,0,,0,0,0,0,0,,747,0,2,0,0,0,0,0,3,4,0,2,3,,N,,,,,,,,,,,
2021041101,419.0,2,0,0,0,0,0,0,0,0,7,0,,67,5,2021,5,40.0455,-75.1432,418.0,6,0,0,0,0,0,0,0,0,,0,0,0,3,3,0,0,N,0,40 02:43.868,,0,75 08:35.560,0,0,0,0,67301,0,0,0,N,0,0,0,1,67301,0,,5,1,,N,N,N,0,,0,0,0,0,0,,334,0,2,0,0,0,0,0,3,4,0,2,3,3.0,N,,,,,,,,,,,
2021069764,1106.0,2,0,0,0,0,0,0,0,0,4,0,,67,4,2021,5,39.9612,-75.1423,1106.0,6,0,0,0,0,0,0,0,0,,0,0,0,11,1,1,1,,0,39 57:40.269,,0,75 08:32.382,4,0,0,0,67301,0,0,0,N,0,0,0,2,67301,1,,1,1,,N,N,N,0,,0,0,0,3,3,,1106,1,2,0,0,0,0,0,3,4,0,2,3,3.0,N,,,,,,,,,,,
2021045870,640.0,2,0,0,0,0,0,0,0,0,1,0,,67,5,2021,7,40.0053,-75.1955,639.0,6,0,0,0,0,0,0,0,0,,0,0,0,6,1,1,0,N,0,40 00:19.053,,0,75 11:43.910,3,0,0,0,67301,0,0,0,N,0,0,0,1,68K01,0,,2,9,,N,N,Y,0,,1,0,0,0,0,,610,1,2,0,0,0,0,0,3,4,0,2,3,,N,,,,,,,,,,,
2021070011,1304.0,1,0,0,0,0,0,0,0,0,5,0,,67,7,2021,4,39.8982,-75.1838,1254.0,6,0,0,0,0,0,0,0,1,,0,0,0,12,1,0,0,N,0,39 53:53.415,,0,75 11:01.614,9,0,0,0,67301,0,0,0,N,0,0,0,3,68K01,0,,1,1,,N,N,N,0,,0,0,2,0,0,,1254,0,3,0,0,1,0,1,3,4,0,3,3,,N,,,,,,,,,,,
2021070669,146.0,1,0,0,0,0,0,0,0,0,4,0,,67,7,2021,5,40.0446,-75.1204,145.0,6,0,0,0,0,0,0,0,0,,0,0,0,1,3,0,0,N,0,40 02:40.548,,0,75 07:13.483,0,0,0,0,67301,0,0,0,N,0,0,0,1,67301,0,,4,1,,N,N,N,0,,0,0,1,0,0,,140,0,2,0,0,0,0,0,3,4,0,2,3,,N,,,,,,,,,,,
2021062721,1704.0,1,0,0,0,0,0,0,0,0,1,0,,67,6,2021,4,39.9428,-75.1933,1629.0,6,0,0,0,0,0,1,0,0,,0,0,0,16,1,2,0,N,0,39 56:33.956,,0,75 11:35.927,3,0,0,0,67301,0,0,0,N,0,0,0,4,68K01,1,,1,1,,N,N,N,1,,1,0,2,0,0,,1627,2,4,0,0,0,0,0,3,4,0,4,3,,N,,,,,,,,,,,
2021061911,312.0,1,0,0,0,0,0,0,0,0,2,0,,67,7,2021,2,39.9778,-75.151,310.0,6,0,0,0,0,0,1,0,0,,0,0,0,3,3,1,1,,0,39 58:40.016,,0,75 09:03.593,8,0,0,0,67301,0,0,0,N,0,0,0,2,67505,0,,1,1,,N,N,N,0,,0,0,1,3,2,,305,1,2,0,0,0,1,0,3,4,0,2,3,3.0,N,,,,,,,,,,,
2021035541,1924.0,2,0,0,0,0,0,0,0,0,4,0,,67,4,2021,4,40.0637,-75.2001,1911.0,6,0,0,0,0,0,0,0,0,,0,0,0,17,1,1,2,,0,40 03:49.283,,0,75 12:00.536,3,0,0,0,67301,0,0,0,N,0,0,0,2,67301,0,,1,9,,N,N,N,0,,1,0,0,3,3,,1740,1,2,0,0,0,0,0,3,4,0,2,7,7.0,N,,,,,,,,,,,
2021034145,2213.0,2,0,0,0,0,0,0,0,0,1,0,,67,4,2021,4,39.9059,-75.1329,2212.0,6,0,0,0,0,0,0,0,0,,0,0,0,22,3,2,0,N,2,39 54:21.200,4.0,3,75 07:58.500,8,0,0,0,67301,0,0,0,N,0,0,0,3,67501,0,,1,9,2250.0,N,N,N,0,,0,0,0,0,0,N,2212,2,2,0,0,0,2,0,3,4,0,2,7,4.0,N,,,,,,,,,,,
2021033775,22.0,1,0,0,0,0,0,0,0,0,7,0,,67,4,2021,3,40.0384,-75.0104,7.0,6,0,0,1,0,0,0,0,0,,0,0,0,0,3,0,0,N,1,40 02:18.170,2.0,0,75 00:37.262,0,0,0,0,67301,0,0,0,N,0,0,0,1,68K01,0,,2,9,30.0,N,N,N,0,,0,0,0,0,0,N,6,0,1,0,0,0,0,0,3,4,0,1,7,,N,,,,,,,,,,,
2021062524,308.0,2,0,0,0,0,0,0,0,0,1,0,,67,7,2021,2,39.976,-75.1147,308.0,6,0,0,0,0,0,0,0,0,,0,0,0,3,3,1,0,N,0,39 58:33.581,,0,75 06:52.833,3,0,0,0,67301,0,0,0,N,0,0,0,4,68K01,0,,1,1,,N,N,Y,0,,1,0,1,0,0,,308,1,3,0,0,0,0,1,3,4,0,3,3,,N,,,,,,,,,,,