CRN,ARRIVAL_TM,AUTOMOBILE_COUNT,BELTED_DEATH_COUNT,BELTED_SUSP_SERIOUS_INJ_COUNT,BICYCLE_COUNT,BICYCLE_DEATH_COUNT,BICYCLE_SUSP_SERIOUS_INJ_COUNT,BUS_COUNT,CHLDPAS_DEATH_COUNT,CHLDPAS_SUSP_SERIOUS_INJ_COUNT,COLLISION_TYPE,COMM_VEH_COUNT,CONS_ZONE_SPD_LIM,COUNTY,CRASH_MONTH,CRASH_YEAR,DAY_OF_WEEK,DEC_LAT,DEC_LONG,DISPATCH_TM,DISTRICT,DRIVER_COUNT_16YR,DRIVER_COUNT_17YR,DRIVER_COUNT_18YR,DRIVER_COUNT_19YR,DRIVER_COUNT_20YR,DRIVER_COUNT_50_64YR,DRIVER_COUNT_65_74YR,DRIVER_COUNT_75PLUS,EST_HRS_CLOSED,FATAL_COUNT,HEAVY_TRUCK_COUNT,HORSE_BUGGY_COUNT,HOUR_OF_DAY,ILLUMINATION,INJURY_COUNT,INTERSECT_TYPE,INTERSECTION_RELATED,LANE_CLOSED,LATITUDE,LN_CLOSE_DIR,LOCATION_TYPE,LONGITUDE,MAX_SEVERITY_LEVEL,MCYCLE_DEATH_COUNT,MCYCLE_SUSP_SERIOUS_INJ_COUNT,MOTORCYCLE_COUNT,MUNICIPALITY,NONMOTR_COUNT,NONMOTR_DEATH_COUNT,NONMOTR_SUSP_SERIOUS_INJ_COUNT,NTFY_HIWY_MAINT,PED_COUNT,PED_DEATH_COUNT,PED_SUSP_SERIOUS_INJ_COUNT,PERSON_COUNT,POLICE_AGCY,POSSIBLE_INJ_COUNT,RDWY_SURF_TYPE_CD,RELATION_TO_ROAD,ROAD_CONDITION,ROADWAY_CLEARED,SCH_BUS_IND,SCH_ZONE_IND,SECONDARY_CRASH,SMALL_TRUCK_COUNT,SPEC_JURIS_CD,SUSP_MINOR_INJ_COUNT,SUSP_SERIOUS_INJ_COUNT,SUV_COUNT,TCD_FUNC_CD,TCD_TYPE,TFC_DETOUR_IND,TIME_OF_DAY,TOT_INJ_COUNT,TOTAL_UNITS,UNB_DEATH_COUNT,UNB_SUSP_SERIOUS_INJ_COUNT,UNBELTED_OCC_COUNT,UNK_INJ_DEG_COUNT,UNK_INJ_PER_COUNT,URBAN_AREA,URBAN_RURAL,VAN_COUNT,VEHICLE_COUNT,WEATHER1,WEATHER2,WORK_ZONE_IND,WORK_ZONE_LOC,WORK_ZONE_TYPE,WORKERS_PRES,WZ_CLOSE_DETOUR,WZ_FLAGGER,WZ_LAW_OFFCR_IND,WZ_LN_CLOSURE,WZ_MOVING,WZ_OTHER,WZ_SHLDER_MDN,WZ_WORKERS_INJ_KILLED
2021033382,515.0,0,0,0,0,0,0,0,0,0,7,0,,67,4,2021,2,39.9609,-75.1819,510.0,6,0,0,0,0,0,0,0,0,,0,0,0,5,3,0,0,N,2,39 57:39.402,4.0,0,75 10:54.908,0,0,0,0,67301,0,0,0,N,0,0,0,1,68K01,0,,2,9,545.0,N,N,N,1,,0,0,0,0,0,N,503,0,1,0,0,0,0,0,3,4,0,1,3,3.0,N,,,,,,,,,,,
2021035594,1538.0,0,0,0,0,0,0,0,0,0,4,0,,67,4,2021,2,39.988,-75.1059,1536.0,6,0,0,0,0,0,0,1,0,,0,0,0,15,1,1,1,,0,39 59:16.945,,0,75 06:21.281,3,0,0,0,67301,0,0,0,N,0,0,0,3,67301,0,,1,1,,N,N,N,0,,1,0,2,3,2,,1518,1,2,0,0,1,0,0,3,4,0,2,4,3.0,N,,,,,,,,,,,
2021070348,824.0,1,0,0,0,0,0,0,0,0,8,0,,67,7,2021,6,40.0544,-75.0717,815.0,6,0,0,0,0,0,0,0,0,,0,0,0,8,1,1,1,,0,40 03:15.663,,0,75 04:17.959,2,0,0,0,67301,1,0,1,N,1,0,1,2,67301,0,,1,1,,N,N,N,0,,0,1,0,3,2,,800,1,2,0,0,0,0,0,3,4,0,1,3,,N,,,,,,,,,,,
2021070462,1917.0,1,0,0,0,0,0,0,0,0,2,0,,67,7,2021,7,39.9412,-75.2052,1916.0,6,0,0,0,0,0,0,0,1,,0,0,0,19,1,1,0,N,0,39 56:28.247,,3,75 12:18.563,3,0,0,0,67301,0,0,0,N,0,0,0,2,67301,0,,1,1,,N,N,N,1,,1,0,0,0,0,,1910,1,2,0,0,2,0,0,3,4,0,2,3,98.0,N,,,,,,,,,,,
2021039428,1337.0,1,0,0,0,0,0,0,0,0,1,0,,67,5,2021,1,39.9801,-75.1537,1331.0,6,0,0,0,0,0,0,0,0,,0,0,0,13,1,1,0,N,0,39 58:48.400,,0,75 09:13.400,3,0,0,0,67301,0,0,0,N,0,0,0,2,67505,0,,1,1,,N,N,N,0,,1,0,1,0,0,,1325,1,2,0,0,0,0,0,3,4,0,2,3,,N,,,,,,,,,,,
2021041090,1709.0,1,0,0,0,0,0,0,0,0,4,0,,67,5,2021,3,39.9905,-75.1279,1703.0,6,0,0,0,0,0,1,0,0,,0,0,0,17,1,1,0,N,0,39 59:25.955,,7,75 07:40.312,3,0,0,0,67301,0,0,0,N,0,0,0,2,67301,0,,1,1,,N,N,N,0,,1,0,1,0,0,,1701,1,2,0,0,0,0,0,3,4,0,2,3,3.0,N,,,,,,,,,,,
2021040346,1230.0,4,0,0,0,0,0,0,0,0,5,0,,67,5,2021,2,39.9883,-75.1706,1217.0,6,0,0,0,0,0,0,0,0,,0,0,0,12,1,0,0,N,0,39 59:18.000,,0,75 10:14.200,0,0,0,0,67301,0,0,0,N,0,0,0,1,67301,0,,6,1,,N,N,N,0,,0,0,0,0,0,,1200,0,4,0,0,0,0,0,3,4,0,4,3,3.0,N,,,,,,,,,,,
2021039864,1544.0,1,0,0,0,0,0,0,0,0,1,0,,67,5,2021,7,39.9109,-75.1528,1533.0,6,0,0,0,0,0,0,0,0,,0,0,0,15,1,0,0,N,2,39 54:39.100,1.0,2,75 09:10.100,9,0,0,0,67301,0,0,0,N,0,0,0,2,68K01,0,,1,1,10.0,N,N,N,1,,0,0,0,0,0,N,1531,0,2,0,0,0,0,1,3,4,0,2,3,3.0,N,,,,,,,,,,,
2021040155,1610.0,1,0,0,0,0,0,0,0,0,4,0,,67,5,2021,7,39.9182,-75.2088,1600.0,6,0,0,0,0,0,0,0,0,,0,0,0,15,1,3,2,,0,39 55:05.610,,0,75 12:31.544,3,0,0,0,67301,0,0,0,N,0,0,0,3,67301,0,,1,1,,N,N,N,0,,3,0,1,3,2,,1547,3,2,0,0,0,0,0,3,4,0,2,3,3.0,N,,,,,,,,,,,
2021045460,1832.0,3,0,0,0,0,0,0,0,0,4,0,,67,5,2021,3,39.9891,-75.1137,1830.0,6,0,0,0,0,0,1,0,0,,0,0,0,18,1,1,2,,2,39 59:20.752,7.0,0,75 06:49.402,3,0,0,0,67301,0,0,0,N,0,0,0,2,67301,0,,1,1,1930.0,N,N,N,0,,1,0,1,0,0,N,1830,1,4,0,0,2,0,0,3,4,0,4,3,3.0,N,,,,,,,,,,,
2021035494,31.0,2,0,0,0,0,0,0,0,0,4,0,,67,4,2021,3,40.0359,-75.0881,17.0,6,0,0,0,1,0,0,1,0,,0,0,0,23,3,0,1,,2,40 02:09.304,3.0,0,75 05:17.282,0,0,0,0,67301,0,0,0,N,0,0,0,2,67301,0,,1,1,135.0,N,N,N,0,,0,0,1,3,3,N,2341,0,3,0,0,0,0,0,3,4,0,3,3,3.0,N,,,,,,,,,,,
2021035518,1200.0,1,0,0,0,0,0,0,0,0,1,0,,67,4,2021,4,40.0878,-75.0351,1157.0,6,0,0,0,0,0,0,0,0,,0,0,0,11,1,1,0,N,0,40 05:16.167,,0,75 02:06.303,3,0,0,0,67301,0,0,0,N,0,0,0,3,67301,0,,1,1,,N,N,N,0,,1,0,1,0,0,,1147,1,2,0,0,2,0,0,3,4,0,2,3,3.0,N,,,,,,,,,,,
2021093274,346.0,5,0,0,0,0,0,0,0,0,5,0,,67,10,2021,7,40.009,-75.1675,344.0,6,0,0,0,0,0,0,0,0,,0,0,0,3,3,0,0,N,0,40 00:32.250,,0,75 10:03.130,9,0,0,0,67301,0,0,0,N,0,0,0,1,67301,0,,6,1,,N,N,N,0,,0,0,1,0,0,,336,0,6,0,0,1,0,1,3,4,0,6,3,3.0,N,,,,,,,,,,,
2021092263,239.0,2,0,0,0,0,0,0,0,0,4,0,,67,9,2021,3,39.9588,-75.2063,238.0,6,0,0,0,0,0,0,0,0,,0,0,0,2,3,0,1,,0,39 57:31.834,,0,75 12:22.608,0,0,0,0,67301,0,0,0,N,0,0,0,2,67301,0,,1,1,,N,N,N,0,,0,0,1,3,2,,233,0,3,0,0,0,0,0,3,4,0,3,3,3.0,N,,,,,,,,,,,
2021091719,1755.0,0,0,0,0,0,0,0,0,0,4,0,,67,9,2021,3,40.1204,-75.0234,1750.0,6,0,0,0,0,0,1,0,0,,0,0,0,17,1,1,0,N,0,40 07:13.380,,7,75 01:24.310,8,0,0,1,67301,0,0,0,N,0,0,0,2,67301,0,,1,1,,N,N,N,1,,0,0,0,0,0,,1745,1,2,0,0,0,1,0,3,4,0,2,3,,N,,,,,,,,,,,
2021094289,1551.0,1,0,0,0,0,0,0,0,0,4,0,,67,10,2021,1,39.9717,-75.1259,1551.0,6,0,0,0,0,0,0,1,0,,0,0,0,15,1,1,1,,0,39 58:18.518,,0,75 07:33.433,4,0,0,0,67301,0,0,0,N,0,0,0,3,67301,1,,1,1,,N,N,N,0,,0,0,1,3,2,,1525,1,2,0,0,1,0,0,3,4,0,2,3,3.0,N,,,,,,,,,,,
2021091800,517.0,0,0,0,0,0,0,0,0,0,7,0,,67,9,2021,3,40.0327,-75.1744,514.0,6,0,0,0,0,0,0,1,0,,0,0,0,5,3,0,1,,0,40 01:57.781,,0,75 10:27.850,0,0,0,0,67301,0,0,0,N,0,0,0,2,67301,0,,4,1,,N,N,N,0,,0,0,1,3,2,,512,0,1,0,0,0,0,0,3,4,0,1,3,3.0,N,,,,,,,,,,,
2021095221,1953.0,2,0,0,0,0,0,0,0,0,5,0,,67,10,2021,4,40.0422,-75.0969,1951.0,6,0,0,0,0,0,0,0,0,,0,0,0,19,1,0,0,N,0,40 02:31.970,,0,75 05:49.010,0,0,0,0,67301,0,0,0,N,0,0,0,1,67301,0,,6,1,,N,N,N,0,,0,0,1,0,0,,1901,0,4,0,0,0,0,0,3,4,1,4,3,,N,,,,,,,,,,,
2021092688,854.0,0,0,0,1,0,0,0,0,0,4,0,,67,10,2021,6,39.9919,-75.1632,854.0,6,0,0,0,0,0,0,1,0,,0,0,0,8,1,1,1,,0,39 59:30.836,,0,75 09:47.484,3,0,0,0,67301,1,0,0,N,0,0,0,2,67301,0,,1,1,,N,N,N,0,,1,0,1,3,3,,850,1,2,0,0,0,0,0,3,4,0,1,3,3.0,N,,,,,,,,,,,
2021096688,37.0,2,0,0,0,0,0,0,0,0,3,0,,67,10,2021,3,39.978,-75.1246,32.0,6,0,0,0,0,0,0,0,0,,0,0,0,0,3,0,0,N,0,39 58:40.720,,0,75 07:28.480,9,0,0,0,67301,0,0,0,N,0,0,0,2,67301,0,,1,1,,N,N,N,0,,0,0,0,0,0,,10,0,2,0,0,0,0,1,3,4,0,2,3,3.0,N,,,,,,,,,,,
2021119808,,1,0,0,0,0,0,0,0,0,4,0,,67,10,2021,6,39.928,-75.2193,,6,0,0,0,0,0,0,0,0,,0,0,0,10,1,0,1,,0,39 55:40.869,,0,75 13:09.477,0,0,0,0,67301,0,0,0,N,0,0,0,2,00000,0,,1,1,,N,N,N,0,,0,0,1,3,2,,1045,0,2,0,0,0,0,0,3,4,0,2,3,,N,,,,,,,,,,,
2021098396,900.0,0,0,0,1,0,0,0,0,0,4,0,,67,10,2021,2,39.9253,-75.1673,847.0,6,0,0,0,0,0,1,0,0,,0,0,0,7,1,1,1,,0,39 55:31.168,,0,75 10:02.389,3,0,0,0,67301,1,0,0,N,0,0,0,2,67301,0,,1,1,,N,N,N,0,,1,0,1,3,3,,730,1,2,0,0,0,0,0,3,4,0,1,4,4.0,N,,,,,,,,,,,
2021097574,100.0,1,0,0,0,0,0,0,0,0,4,0,,67,10,2021,5,39.9799,-75.1429,58.0,6,0,0,0,0,1,0,0,0,,0,0,0,0,3,1,1,,2,39 58:47.465,6.0,0,75 08:34.342,4,0,0,0,67301,0,0,0,N,0,0,0,4,67301,1,,1,1,45.0,N,N,N,0,,0,0,1,3,2,N,50,1,2,0,0,0,0,0,3,4,0,2,3,3.0,N,,,,,,,,,,,
2021096021,242.0,1,0,0,0,0,0,0,0,0,1,0,,67,10,2021,1,39.9782,-75.1526,240.0,6,0,0,0,0,0,0,0,0,,0,0,0,2,3,1,0,N,0,39 58:41.400,,0,75 09:09.200,4,0,0,0,67301,0,0,0,N,0,0,0,1,67505,1,,6,9,,N,N,Y,0,,0,0,3,0,0,,234,1,4,0,0,0,0,0,3,4,0,4,7,7.0,N,,,,,,,,,,,
2021098503,1350.0,1,0,0,0,0,0,0,0,0,1,0,,67,10,2021,3,39.9623,-75.2008,1348.0,6,0,0,0,0,0,0,0,0,,0,0,0,13,1,1,1,N,0,39 57:44.283,,0,75 12:02.720,8,0,0,0,67301,0,0,0,N,0,0,0,2,67301,0,,1,1,,N,N,N,0,,0,0,1,0,0,,1347,1,2,0,0,0,1,0,3,4,0,2,3,,N,,,,,,,,,,,
2021101036,37.0,2,0,0,0,0,0,0,0,0,5,0,,67,10,2021,7,40.0204,-75.1151,37.0,6,0,0,0,0,0,0,0,0,,0,0,0,21,3,0,0,N,0,40 01:13.490,,0,75 06:54.530,0,0,0,0,67301,0,0,0,N,0,0,0,1,67301,0,,6,9,,N,N,N,1,,0,0,0,0,0,,2145,0,3,0,0,0,0,0,3,4,0,3,7,,N,,,,,,,,,,,
2021097097,2329.0,3,0,0,0,0,0,0,0,0,5,0,,67,10,2021,3,39.9607,-75.1872,2328.0,6,0,0,0,0,1,0,0,0,,0,0,0,23,3,0,11,,2,39 57:38.372,3.0,0,75 11:13.927,0,0,0,0,67301,0,0,0,N,0,0,0,3,67507,0,,1,1,200.0,N,N,Y,0,,0,0,0,0,0,Y,2328,0,3,0,0,1,0,0,3,4,0,3,3,,N,,,,,,,,,,,
2021097218,1505.0,1,0,0,0,0,0,0,0,0,7,0,,67,10,2021,3,40.0364,-75.1494,1504.0,6,0,0,0,0,0,0,0,0,,0,0,0,14,1,0,0,N,0,40 02:11.110,,0,75 08:57.820,0,0,0,0,67301,0,0,0,N,0,0,0,1,67301,0,,4,1,,N,N,N,0,,0,0,0,0,0,,1458,0,1,0,0,0,0,0,3,4,0,1,3,3.0,N,,,,,,,,,,,
2021098491,1855.0,1,0,0,0,0,0,0,0,0,4,0,,67,10,2021,6,39.9757,-75.192,1855.0,6,0,0,0,0,0,0,0,1,,0,0,0,18,3,1,0,N,0,39 58:32.699,,0,75 11:31.230,3,0,0,0,67301,0,0,0,N,0,0,0,2,67301,0,,1,1,,N,N,N,0,,1,0,1,0,0,,1855,1,2,0,0,0,0,0,3,4,0,2,3,3.0,N,,,,,,,,,,,
2021098323,1736.0,0,0,0,1,0,0,0,0,0,4,0,,67,10,2021,6,40.0455,-75.1649,1735.0,6,0,0,0,0,0,1,0,0,,0,0,0,17,1,1,1,,0,40 02:43.799,,0,75 09:53.518,3,0,0,0,67301,1,0,0,N,0,0,0,2,67301,0,,1,1,,N,N,N,0,,1,0,1,3,2,,1725,1,2,0,0,0,0,0,3,4,0,1,3,98.0,N,,,,,,,,,,,
2021096373,1818.0,1,0,0,0,0,0,0,0,0,4,0,,67,10,2021,7,40.0276,-75.058,1817.0,6,0,0,0,0,0,0,1,0,,0,0,0,18,4,2,1,,1,40 01:39.399,1.0,0,75 03:28.979,3,0,0,0,67301,0,0,0,N,0,0,0,3,67301,0,,1,1,30.0,N,N,N,0,,2,0,1,3,3,N,1816,2,2,0,0,0,0,0,3,4,0,2,3,4.0,N,,,,,,,,,,,
2021093712,1940.0,0,0,0,0,0,0,0,0,0,7,0,,67,10,2021,1,39.9917,-75.23,1927.0,6,0,0,0,0,0,1,0,0,,0,0,0,19,4,3,0,N,0,39 59:30.120,,0,75 13:47.880,3,0,0,0,67301,0,0,0,N,0,0,0,3,67301,0,,5,1,,N,N,N,0,,3,0,0,0,0,,1912,3,1,0,0,0,0,0,3,4,1,1,3,4.0,N,,,,,,,,,,,
2021093216,1950.0,1,0,0,0,0,0,0,0,0,4,0,,67,9,2021,5,39.9697,-75.1416,1950.0,6,0,0,0,0,0,0,0,0,,0,0,0,16,1,1,1,,0,39 58:11.001,,0,75 08:29.592,8,0,0,0,67301,0,0,0,N,0,0,0,2,67301,0,,1,1,,N,N,N,0,,0,0,0,3,2,,1645,1,2,0,0,0,1,0,3,4,0,2,3,,N,,,,,,,,,,,
2021094066,1126.0,1,0,0,0,0,0,0,0,0,8,0,,67,10,2021,2,39.9538,-75.1751,1114.0,6,0,0,0,0,0,0,0,0,,0,0,0,8,1,1,1,,0,39 57:13.814,,0,75 10:30.270,4,0,0,0,67301,1,0,0,N,1,0,0,2,67301,1,,1,1,,N,N,N,0,,0,0,0,3,2,,800,1,2,0,0,0,0,0,3,4,0,1,4,4.0,N,,,,,,,,,,,
2021097085,2025.0,1,0,0,0,0,0,0,0,0,1,0,,67,10,2021,6,40.0599,-75.1501,2025.0,6,0,0,0,0,0,0,0,0,,0,0,0,14,1,1,1,,0,40 03:35.463,,0,75 09:00.467,8,0,0,0,67301,0,0,0,N,0,0,0,2,67301,0,,1,1,,N,N,N,0,,0,0,1,3,2,,1430,1,2,0,0,0,1,1,3,4,0,2,3,,N,,,,,,,,,,,
2021096483,1250.0,2,0,0,0,0,0,0,0,0,1,0,,67,10,2021,6,40.0341,-75.2083,1244.0,6,0,0,0,0,0,0,0,1,,0,0,0,12,1,1,2,,1,40 02:02.795,1.0,0,75 12:29.904,4,0,0,0,67301,0,0,0,N,0,0,0,3,67301,1,,1,1,1242.0,N,N,N,0,,0,0,0,3,2,N,1242,1,2,0,0,0,0,1,3,4,0,2,3,3.0,N,,,,,,,,,,,
2021093785,2118.0,1,0,0,0,0,0,0,0,0,4,0,,67,9,2021,4,39.9802,-75.1575,2116.0,6,0,0,0,0,0,0,0,0,,0,0,0,21,3,2,1,,0,39 58:48.767,,0,75 09:26.884,3,0,0,0,67301,0,0,0,N,0,0,0,3,67301,1,,1,1,,N,N,N,0,,1,0,1,3,2,,2116,2,2,0,0,0,0,1,3,4,0,2,3,,N,,,,,,,,,,,
2021094522,902.0,1,0,0,0,0,0,0,0,0,1,0,,67,10,2021,3,40.1216,-75.012,855.0,6,0,0,0,0,0,0,0,0,,0,0,0,8,1,1,0,N,0,40 07:17.700,,0,75 00:43.260,8,0,0,0,67301,0,0,0,N,0,0,0,5,67301,0,,1,9,,N,N,N,0,,0,0,1,0,0,,846,1,2,0,0,0,1,4,3,4,0,2,4,7.0,N,,,,,,,,,,,
2021093205,1400.0,1,0,0,1,0,0,0,0,0,4,0,,67,9,2021,5,39.9505,-75.1489,1400.0,6,0,0,0,0,0,0,0,0,,0,0,0,11,1,1,1,,0,39 57:01.895,,0,75 08:56.077,3,0,0,0,67301,1,0,0,N,0,0,0,2,67301,0,,1,1,,N,N,N,0,,1,0,0,3,2,,1115,1,2,0,0,0,0,1,3,4,0,1,3,,N,,,,,,,,,,,
2021092360,1025.0,0,0,0,0,0,0,0,0,0,5,0,,67,9,2021,3,39.947,-75.2398,1020.0,6,0,0,0,0,0,1,0,0,,0,0,0,10,1,1,0,N,0,39 56:49.280,,0,75 14:23.400,3,0,0,0,67301,0,0,0,N,0,0,0,2,67301,0,,1,1,,N,N,N,0,,1,0,3,0,0,,1010,1,4,0,0,0,0,0,3,4,1,4,4,4.0,N,,,,,,,,,,,
2021101325,2106.0,1,0,0,0,0,0,0,0,0,8,0,,67,9,2021,5,39.951,-75.1972,2105.0,6,0,0,0,0,0,1,0,0,,0,0,0,21,3,1,0,N,0,39 57:03.660,,0,75 11:49.760,3,0,0,0,67301,1,0,0,N,1,0,0,4,67504,0,,1,1,,N,N,N,0,,1,0,0,3,2,,2104,1,2,0,0,2,0,0,3,4,0,1,3,3.0,N,,,,,,,,,,,
2021091889,750.0,1,0,0,1,0,0,0,0,0,4,0,,67,9,2021,4,39.9546,-75.226,741.0,6,0,0,0,0,0,0,0,0,,0,0,0,7,1,1,1,,0,39 57:16.485,,0,75 13:33.593,4,0,0,0,67301,1,0,0,N,0,0,0,8,67301,1,,1,1,,N,N,N,0,,0,0,2,3,2,,740,1,4,0,0,6,0,1,3,4,0,3,3,3.0,N,,,,,,,,,,,
2021092494,1532.0,1,0,0,0,0,0,0,0,0,4,0,,67,9,2021,3,39.9653,-75.2015,1532.0,6,0,0,0,0,0,0,0,0,,0,0,0,15,1,1,1,,0,39 57:55.040,,0,75 12:05.565,8,0,0,0,67301,0,0,0,N,0,0,0,2,67301,0,,1,1,,N,N,N,0,,0,0,0,3,3,,1530,1,2,0,0,0,1,0,3,4,1,2,3,,N,,,,,,,,,,,
2021101031,2347.0,0,0,0,0,0,0,0,0,0,8,0,,67,10,2021,4,40.0157,-75.1401,2200.0,6,0,0,0,0,0,1,0,0,,0,0,0,22,3,1,1,,0,40 00:56.437,,0,75 08:24.334,3,0,0,0,67301,1,0,0,N,1,0,0,2,67301,0,,1,1,,N,N,N,0,,1,0,1,0,0,,2200,1,2,0,0,0,0,0,3,4,0,1,3,3.0,N,,,,,,,,,,,
2021097159,2308.0,2,0,0,1,0,1,0,0,0,4,0,,67,10,2021,2,39.9194,-75.1605,2307.0,6,0,0,0,0,0,0,0,0,,0,0,0,23,3,1,1,,0,39 55:09.739,,0,75 09:37.933,2,0,0,0,67301,1,0,1,N,0,0,0,2,67301,0,,1,1,,N,N,N,0,,0,1,0,3,3,,2305,1,3,0,0,0,0,0,3,4,0,2,3,3.0,N,,,,,,,,,,,
2021096658,2006.0,1,0,0,0,0,0,0,0,0,4,0,,67,10,2021,2,40.0086,-75.0688,2000.0,6,0,0,0,0,0,0,0,0,,0,0,0,19,3,1,1,,1,40 00:31.197,3.0,0,75 04:08.216,3,0,0,0,67301,0,0,0,N,0,0,0,2,67301,0,,1,1,2034.0,N,N,N,0,,1,0,1,3,2,N,1957,1,2,0,0,0,0,0,3,4,0,2,3,,N,,,,,,,,,,,
2021095888,805.0,1,0,0,0,0,0,0,0,0,4,0,,67,10,2021,7,39.9554,-75.1479,805.0,6,0,0,0,0,0,0,0,0,,0,0,0,8,1,0,3,,0,39 57:19.292,,2,75 08:52.528,0,0,0,0,67301,0,0,0,N,0,0,0,3,67501,0,,1,1,,N,N,N,1,,0,0,0,0,0,,805,0,2,0,0,0,0,0,3,4,0,2,3,3.0,N,,,,,,,,,,,
2021098007,35.0,1,0,0,0,0,0,0,0,0,7,0,,67,10,2021,6,40.0834,-75.0263,30.0,6,0,0,0,0,0,0,0,0,,0,0,0,0,3,0,0,N,0,40 04:59.853,,7,75 01:35.042,9,0,0,0,67301,0,0,0,N,0,0,0,1,67301,0,,3,1,,N,N,N,0,,0,0,0,3,2,,25,0,1,0,0,0,0,1,3,4,0,1,3,,N,,,,,,,,,,,
2021098176,625.0,1,0,0,0,0,0,0,0,0,4,0,,67,10,2021,6,39.9858,-75.2156,620.0,6,0,0,0,0,0,0,0,0,,0,0,0,6,3,3,1,,1,39 59:08.888,2.0,0,75 12:56.190,8,0,0,0,67301,0,0,0,N,0,0,0,3,67301,0,,1,1,810.0,N,N,N,0,,0,0,1,3,2,N,620,3,2,0,0,0,3,0,3,4,0,2,3,3.0,N,,,,,,,,,,,
2021097534,1813.0,0,0,0,0,0,0,0,0,0,6,0,,67,10,2021,4,40.0047,-75.1519,1811.0,6,0,0,0,0,0,0,0,0,,0,0,0,18,1,1,0,N,0,40 00:16.800,,0,75 09:06.700,3,0,0,0,67301,0,0,0,N,0,0,0,1,67505,0,,6,1,,N,N,N,0,,1,0,3,0,0,,1807,1,3,0,0,0,0,0,3,4,0,3,3,3.0,N,,,,,,,,,,,
2021096866,1510.0,1,0,0,0,0,0,0,0,0,8,0,,67,10,2021,3,39.9548,-75.1829,1505.0,6,0,0,0,0,0,0,0,0,,0,0,0,15,1,1,0,N,0,39 57:17.408,,0,75 10:58.501,2,0,0,0,67301,1,0,1,N,1,0,1,2,67507,0,,1,1,,N,N,N,0,,0,1,0,0,0,,1500,1,2,0,0,0,0,0,3,4,0,1,3,3.0,N,,,,,,,,,,,
2021102270,2148.0,0,0,0,0,0,0,0,0,0,8,0,,67,10,2021,2,40.039,-75.1446,2148.0,6,0,0,0,0,0,0,0,0,,0,0,0,21,3,1,1,,0,40 02:20.569,,0,75 08:40.591,3,0,0,1,67301,1,0,0,N,1,0,0,2,67301,0,,1,1,,N,N,N,0,,1,0,0,3,2,,2147,1,2,0,0,0,0,1,3,4,0,1,3,3.0,N,,,,,,,,,,,
2021097652,848.0,1,0,0,0,0,0,0,0,0,8,0,,67,10,2021,5,39.9756,-75.1563,838.0,6,0,0,0,0,0,0,0,0,,0,0,0,8,1,1,1,,0,39 58:32.062,,0,75 09:22.744,3,0,0,0,67301,1,0,0,N,1,0,0,3,67301,0,,1,1,,N,N,N,0,,1,0,0,3,3,,835,1,2,0,0,0,0,0,3,4,0,1,3,3.0,N,,,,,,,,,,,
2021099881,1056.0,3,0,0,0,0,0,0,0,0,4,0,,67,10,2021,2,39.9502,-75.233,1054.0,6,0,0,0,0,0,0,0,0,,0,0,0,10,1,1,2,,0,39 57:00.734,,0,75 13:58.904,3,0,0,0,67301,0,0,0,N,0,0,0,4,67301,0,,1,1,,N,N,N,0,,1,0,0,3,3,,1049,1,3,0,0,0,0,3,3,4,0,3,3,3.0,N,,,,,,,,,,,
2021099025,808.0,2,0,0,0,0,0,0,0,0,4,0,,67,10,2021,5,39.9111,-75.2303,756.0,6,0,0,0,0,0,0,0,0,,0,0,0,7,1,1,1,,1,39 54:39.956,1.0,0,75 13:49.162,8,0,0,0,67301,0,0,0,N,0,0,0,2,67301,0,,1,1,939.0,N,N,N,0,,0,0,0,3,2,N,728,1,2,0,0,1,1,0,3,4,0,2,3,3.0,N,,,,,,,,,,,
2021096372,945.0,1,0,0,0,0,0,0,0,0,4,0,,67,10,2021,2,39.9842,-75.1528,943.0,6,0,0,0,0,0,0,0,0,,0,0,0,9,1,1,1,,0,39 59:03.100,,0,75 09:10.215,3,0,0,0,67301,0,0,0,N,0,0,0,2,67505,0,,1,1,,N,N,N,0,,1,0,1,3,2,,935,1,2,0,0,0,0,0,3,4,0,2,3,3.0,N,,,,,,,,,,,
2021098601,505.0,0,0,0,0,0,0,0,0,0,0,0,,67,10,2021,6,39.9139,-75.1379,500.0,6,0,0,0,0,0,0,0,0,,0,0,0,4,2,1,0,N,0,39 54:50.070,,0,75 08:16.543,8,0,0,0,67301,0,0,0,N,0,0,0,1,67301,0,,3,1,,N,N,N,0,,0,0,1,0,0,,459,1,1,0,0,0,1,0,3,4,0,1,3,3.0,N,,,,,,,,,,,
2021096002,1845.0,1,0,0,0,0,0,0,0,0,4,0,,67,10,2021,7,40.0207,-75.0461,1837.0,6,0,0,0,0,0,0,0,0,,0,0,0,18,3,1,1,,0,40 01:14.502,,0,75 02:45.934,2,0,1,1,67301,0,0,0,N,0,0,0,2,67301,0,,1,1,,N,N,N,0,,0,1,0,3,3,,1833,1,2,0,0,0,0,0,3,4,0,2,3,3.0,N,,,,,,,,,,,
2021096052,1915.0,2,0,0,0,0,0,0,0,0,2,0,,67,10,2021,7,39.9918,-75.1864,1910.0,6,0,0,0,0,0,0,0,0,,0,0,0,19,3,0,1,,0,39 59:30.408,,0,75 11:10.966,0,0,0,0,67301,0,0,0,N,0,0,0,2,67301,0,,1,9,,N,N,N,0,,0,0,0,3,2,,1910,0,2,0,0,0,0,0,3,4,0,2,7,7.0,N,,,,,,,,,,,