CRN,ARRIVAL_TM,AUTOMOBILE_COUNT,BELTED_DEATH_COUNT,BELTED_SUSP_SERIOUS_INJ_COUNT,BICYCLE_COUNT,BICYCLE_DEATH_COUNT,BICYCLE_SUSP_SERIOUS_INJ_COUNT,BUS_COUNT,CHLDPAS_DEATH_COUNT,CHLDPAS_SUSP_SERIOUS_INJ_COUNT,COLLISION_TYPE,COMM_VEH_COUNT,CONS_ZONE_SPD_LIM,COUNTY,CRASH_MONTH,CRASH_YEAR,DAY_OF_WEEK,DEC_LAT,DEC_LONG,DISPATCH_TM,DISTRICT,DRIVER_COUNT_16YR,DRIVER_COUNT_17YR,DRIVER_COUNT_18YR,DRIVER_COUNT_19YR,DRIVER_COUNT_20YR,DRIVER_COUNT_50_64YR,DRIVER_COUNT_65_74YR,DRIVER_COUNT_75PLUS,EST_HRS_CLOSED,FATAL_COUNT,HEAVY_TRUCK_COUNT,HORSE_BUGGY_COUNT,HOUR_OF_DAY,ILLUMINATION,INJURY_COUNT,INTERSECT_TYPE,INTERSECTION_RELATED,LANE_CLOSED,LATITUDE,LN_CLOSE_DIR,LOCATION_TYPE,LONGITUDE,MAX_SEVERITY_LEVEL,MCYCLE_DEATH_COUNT,MCYCLE_SUSP_SERIOUS_INJ_COUNT,MOTORCYCLE_COUNT,MUNICIPALITY,NONMOTR_COUNT,NONMOTR_DEATH_COUNT,NONMOTR_SUSP_SERIOUS_INJ_COUNT,NTFY_HIWY_MAINT,PED_COUNT,PED_DEATH_COUNT,PED_SUSP_SERIOUS_INJ_COUNT,PERSON_COUNT,POLICE_AGCY,POSSIBLE_INJ_COUNT,RDWY_SURF_TYPE_CD,RELATION_TO_ROAD,ROAD_CONDITION,ROADWAY_CLEARED,SCH_BUS_IND,SCH_ZONE_IND,SECONDARY_CRASH,SMALL_TRUCK_COUNT,SPEC_JURIS_CD,SUSP_MINOR_INJ_COUNT,SUSP_SERIOUS_INJ_COUNT,SUV_COUNT,TCD_FUNC_CD,TCD_TYPE,TFC_DETOUR_IND,TIME_OF_DAY,TOT_INJ_COUNT,TOTAL_UNITS,UNB_DEATH_COUNT,UNB_SUSP_SERIOUS_INJ_COUNT,UNBELTED_OCC_COUNT,UNK_INJ_DEG_COUNT,UNK_INJ_PER_COUNT,URBAN_AREA,URBAN_RURAL,VAN_COUNT,VEHICLE_COUNT,WEATHER1,WEATHER2,WORK_ZONE_IND,WORK_ZONE_LOC,WORK_ZONE_TYPE,WORKERS_PRES,WZ_CLOSE_DETOUR,WZ_FLAGGER,WZ_LAW_OFFCR_IND,WZ_LN_CLOSURE,WZ_MOVING,WZ_OTHER,WZ_SHLDER_MDN,WZ_WORKERS_INJ_KILLED
2021088368,235.0,1,0,0,0,0,0,0,0,0,5,0,,67,9,2021,1,40.0447,-75.1212,225.0,6,0,0,0,0,0,0,0,0,,0,0,0,1,3,2,0,N,0,40 02:40.906,,0,75 07:16.310,3,0,0,0,67301,0,0,0,N,0,0,0,2,67301,0,,6,1,,N,N,N,0,,2,0,1,0,0,,156,2,2,0,0,0,0,0,3,4,0,2,3,,N,,,,,,,,,,,
2021090970,1310.0,0,0,0,0,0,0,0,0,0,8,0,,67,9,2021,7,40.0271,-75.041,1306.0,6,0,0,0,0,0,0,0,0,,0,0,0,12,1,1,1,,0,40 01:37.419,,0,75 02:27.883,2,0,0,0,67301,1,0,1,N,1,0,1,2,67301,0,,1,1,,N,N,N,0,,0,1,1,3,2,,1256,1,2,0,0,0,0,0,3,4,0,1,3,3.0,N,,,,,,,,,,,
2021107566,1551.0,1,0,0,0,0,0,0,0,0,4,0,,67,10,2021,4,40.0398,-75.1445,1551.0,6,0,0,0,1,0,1,0,0,,0,0,0,15,1,1,1,,0,40 02:23.374,,0,75 08:40.028,3,0,0,0,67301,0,0,0,N,0,0,0,3,67301,0,,1,1,,N,N,N,0,,1,0,1,3,2,,1551,1,2,0,0,0,0,0,3,4,0,2,3,3.0,N,,,,,,,,,,,
2021117532,,0,0,0,0,0,0,0,0,0,4,0,,67,10,2021,7,39.9664,-75.2076,,6,0,0,0,0,0,0,0,0,,0,0,0,13,1,1,1,,0,39 57:59.017,,0,75 12:27.213,8,0,0,0,67301,0,0,0,N,0,0,0,2,00000,0,,1,1,,N,N,N,0,,0,0,0,3,2,,1300,1,2,0,0,0,1,0,3,4,0,2,3,,N,,,,,,,,,,,
2021096170,1234.0,0,0,0,0,0,0,0,0,0,4,0,,67,10,2021,1,39.9707,-75.2326,1231.0,6,0,0,0,0,0,1,0,0,,0,0,0,12,1,1,1,,0,39 58:14.458,,0,75 13:57.306,3,0,0,1,67301,0,0,0,N,0,0,0,2,67301,0,,1,1,,N,N,N,0,,1,0,1,3,2,,1200,1,2,0,0,0,0,1,3,4,0,2,3,,N,,,,,,,,,,,
2021096549,2030.0,0,0,0,1,0,0,0,0,0,4,0,,67,10,2021,5,40.0504,-75.0515,2017.0,6,0,0,0,0,0,0,0,0,,0,0,0,20,4,1,2,,0,40 03:01.689,,0,75 03:05.355,3,0,0,0,67301,1,0,0,N,0,0,0,2,67301,0,,1,1,,N,N,N,0,,1,0,1,3,3,,2010,1,2,0,0,0,0,0,3,4,0,1,3,3.0,N,,,,,,,,,,,
2021093787,1837.0,3,0,0,0,0,0,0,0,0,5,0,,67,10,2021,1,39.9952,-75.1856,1837.0,6,0,0,0,0,0,0,0,0,,0,0,0,17,1,0,0,N,0,39 59:42.880,,0,75 11:08.150,0,0,0,0,67301,0,0,0,N,0,0,0,2,67301,0,,1,1,,N,N,N,0,,0,0,0,0,0,,1737,0,3,0,0,1,0,0,3,4,0,3,3,3.0,N,,,,,,,,,,,
2021093272,350.0,1,0,0,0,0,0,0,0,0,4,0,,67,10,2021,1,39.9847,-75.144,350.0,6,0,0,0,0,0,0,0,0,,0,0,0,3,3,2,1,,2,39 59:05.017,7.0,0,75 08:38.576,3,0,0,0,67301,0,0,0,N,0,0,0,2,67301,0,,1,1,500.0,N,N,N,0,,1,0,1,3,2,Y,350,2,2,0,0,1,1,0,3,4,0,2,3,3.0,N,,,,,,,,,,,
2021093119,2100.0,1,0,0,0,0,0,0,0,0,4,0,,67,9,2021,5,39.9672,-75.1699,2053.0,6,0,0,0,0,0,0,0,0,,0,0,0,20,3,0,0,N,0,39 58:02.000,,7,75 10:11.600,0,0,0,0,67301,0,0,0,N,0,0,0,2,67301,0,,1,1,,N,N,N,0,,0,0,0,0,0,,2049,0,2,0,0,0,0,0,3,4,1,2,3,3.0,N,,,,,,,,,,,
2021098298,1800.0,0,0,0,0,0,0,0,0,0,4,0,,67,10,2021,6,39.9799,-75.1429,1800.0,6,0,0,0,0,0,0,0,0,,0,0,0,14,1,0,1,,0,39 58:47.465,,0,75 08:34.342,9,0,0,0,67301,0,0,0,N,0,0,0,2,67301,0,,1,1,,N,N,N,0,,0,0,2,3,2,,1400,0,2,0,0,0,0,1,3,4,0,2,3,3.0,N,,,,,,,,,,,
2021097675,1020.0,2,0,0,0,0,0,0,0,0,4,0,,67,10,2021,5,39.9709,-75.1557,1020.0,6,0,0,0,0,0,0,0,0,,0,0,0,10,1,1,1,,0,39 58:15.737,,0,75 09:20.607,3,0,0,0,67301,0,0,0,N,0,0,0,3,67301,0,,1,1,,N,N,N,0,,1,0,0,3,1,,1011,1,2,0,0,0,0,0,3,4,0,2,3,3.0,N,,,,,,,,,,,
2021102803,1551.0,0,0,0,0,0,0,0,0,0,4,0,,67,10,2021,6,40.0129,-75.1182,1549.0,6,0,0,0,0,0,0,0,0,,0,0,0,15,1,3,0,N,1,40 00:46.260,3.0,7,75 07:05.630,8,0,0,0,67301,0,0,0,N,0,0,0,7,67301,0,,1,1,30.0,N,N,N,1,,0,0,2,0,0,Y,1544,3,4,0,0,0,3,0,3,4,1,4,3,3.0,N,,,,,,,,,,,
2021117582,,2,0,0,0,0,0,0,0,0,5,0,,67,10,2021,1,39.9997,-75.1951,,6,0,0,0,0,0,0,0,0,,0,0,0,7,1,1,0,N,0,39 59:59.097,,0,75 11:42.254,8,0,0,0,67301,0,0,0,N,0,0,0,2,00000,0,,1,1,,N,N,N,0,,0,0,0,0,0,,715,1,2,0,0,0,1,0,3,4,0,2,3,,N,,,,,,,,,,,
2021096325,2358.0,0,0,0,0,0,0,0,0,0,4,0,,67,10,2021,1,40.0549,-75.1552,2355.0,6,0,0,0,0,0,1,0,0,,0,0,0,23,3,1,1,,0,40 03:17.776,,0,75 09:18.554,3,0,0,0,67301,0,0,0,N,0,0,0,2,67301,0,,1,1,,N,N,N,0,,1,0,2,3,3,,2350,1,2,0,0,0,0,1,3,4,0,2,3,3.0,N,,,,,,,,,,,
2021104474,749.0,0,0,0,0,0,0,0,0,0,8,0,,67,10,2021,4,39.9558,-75.1915,739.0,6,0,0,0,0,0,0,0,0,,0,0,0,7,1,1,1,,2,39 57:20.966,2.0,0,75 11:29.280,3,0,0,0,67301,1,0,0,N,1,0,0,2,67508,0,,1,1,9999.0,N,N,Y,0,,1,0,1,3,2,N,739,1,2,0,0,1,0,0,3,4,0,1,3,3.0,N,,,,,,,,,,,
2021096173,2010.0,2,0,0,0,0,0,0,0,0,2,0,,67,10,2021,6,39.97,-75.2386,2006.0,6,0,0,0,0,0,1,0,0,,0,0,0,20,3,1,0,N,0,39 58:12.060,,0,75 14:19.040,3,0,0,0,67301,0,0,0,N,0,0,0,3,67301,0,,1,1,,N,N,N,0,,1,0,1,0,0,,2005,1,3,0,0,0,0,0,3,4,0,3,3,3.0,N,,,,,,,,,,,
2021098806,1618.0,1,0,0,0,0,0,0,0,0,7,0,,67,10,2021,5,40.012,-75.099,1611.0,6,0,0,0,0,0,0,0,1,,0,0,0,16,1,1,2,,0,40 00:43.189,,0,75 05:56.457,8,0,0,0,67301,0,0,0,N,0,0,0,1,67301,0,,4,1,,N,N,N,0,,0,0,0,3,3,,1608,1,1,0,0,0,1,0,3,4,0,1,3,3.0,N,,,,,,,,,,,
2021096051,450.0,3,0,0,0,0,0,0,0,0,5,0,,67,10,2021,7,39.9728,-75.1592,440.0,6,0,0,0,0,0,1,0,0,,0,0,0,3,3,1,0,N,0,39 58:22.097,,0,75 09:33.213,3,0,0,0,67301,0,0,0,N,0,0,0,1,67301,0,,6,1,,N,N,N,0,,1,0,0,0,0,,340,1,3,0,0,0,0,0,3,4,0,3,3,3.0,N,,,,,,,,,,,
2021098312,1715.0,0,0,0,0,0,0,0,0,0,4,0,,67,10,2021,6,39.9608,-75.1969,1713.0,6,0,0,0,0,0,1,0,0,,0,0,0,17,1,0,1,,0,39 57:38.872,,0,75 11:48.910,0,0,0,0,67301,0,0,0,N,0,0,0,2,67301,0,,1,1,,N,N,N,0,,0,0,1,3,3,,1707,0,2,0,0,0,0,0,3,4,1,2,3,3.0,N,,,,,,,,,,,
2021095937,254.0,4,0,0,0,0,0,0,0,0,4,0,,67,10,2021,7,39.9368,-75.2297,249.0,6,0,0,0,0,0,0,0,0,,0,0,0,2,3,0,1,,0,39 56:12.350,,0,75 13:46.966,9,0,0,0,67301,0,0,0,N,0,0,0,3,67301,0,,1,1,,N,N,N,0,,0,0,0,3,2,,240,0,5,0,0,0,0,3,3,4,0,5,3,3.0,N,,,,,,,,,,,
2021092348,802.0,2,0,0,0,0,0,0,0,0,4,0,,67,9,2021,5,39.9762,-75.1381,800.0,6,0,0,0,0,0,2,0,0,,0,0,0,7,1,4,1,,0,39 58:34.247,,0,75 08:17.235,3,0,0,0,67301,1,0,0,N,1,0,0,4,67301,0,,1,1,,N,N,N,0,,4,0,1,3,2,,759,4,4,0,0,0,0,0,3,4,0,3,3,3.0,N,,,,,,,,,,,
2021095316,1701.0,1,0,0,0,0,0,0,0,0,4,0,,67,10,2021,4,39.9681,-75.1601,1700.0,6,0,0,0,0,0,0,0,0,,0,0,0,18,1,1,2,,0,39 58:05.221,,0,75 09:36.378,3,0,0,0,67301,0,0,0,N,0,0,0,3,67301,0,,1,1,,N,N,N,0,,1,0,1,3,2,,1825,1,2,0,0,3,0,0,3,4,0,2,3,4.0,N,,,,,,,,,,,
2021092310,1818.0,0,0,0,1,0,0,0,0,0,4,0,,67,9,2021,4,39.9693,-75.1846,1816.0,6,0,0,0,0,0,0,0,0,,0,0,0,6,5,1,1,,0,39 58:09.574,,0,75 11:04.481,3,0,0,0,67301,1,0,0,N,0,0,0,2,67301,0,,1,1,,N,N,N,0,,1,0,0,3,2,,600,1,2,0,0,0,0,0,3,4,1,1,3,3.0,N,,,,,,,,,,,
2021095540,1730.0,1,0,0,0,0,0,0,0,0,8,0,,67,10,2021,4,39.9167,-75.1596,1721.0,6,0,0,0,0,0,0,0,0,,0,0,0,16,1,1,1,,0,39 55:00.037,,0,75 09:34.383,3,0,0,0,67301,1,0,0,N,1,0,0,2,67301,0,,1,1,,N,N,N,0,,1,0,0,3,3,,1643,1,2,0,0,0,0,1,3,4,0,1,3,4.0,N,,,,,,,,,,,
2021095417,215.0,0,0,0,0,0,0,1,0,0,1,1,,67,10,2021,7,39.9558,-75.1591,202.0,6,0,0,0,0,0,0,0,0,,0,0,0,2,3,2,1,,0,39 57:20.771,,0,75 09:32.581,3,0,0,0,67301,0,0,0,N,0,0,0,3,67508,0,,1,1,,N,N,Y,0,,2,0,1,3,2,,202,2,2,0,0,1,0,0,3,4,0,2,3,3.0,N,,,,,,,,,,,
2021097858,1654.0,2,0,0,0,0,0,0,0,0,1,0,45.0,67,10,2021,7,40.0237,-75.0336,1632.0,6,0,0,0,0,0,0,0,0,,0,0,0,16,1,1,0,N,0,40 01:25.187,,0,75 02:00.930,8,0,0,0,67301,0,0,0,N,0,0,0,3,68K01,0,,1,1,,N,N,N,0,,0,0,0,0,0,,1630,1,2,0,0,0,1,0,3,4,0,2,3,,Y,2.0,1.0,N,,,N,Y,,,Y,N
2021095065,1112.0,1,0,0,0,0,0,0,0,0,4,0,,67,10,2021,5,40.0077,-75.1515,1112.0,6,0,0,0,0,0,0,0,0,,0,0,0,11,1,5,1,,1,40 00:27.560,2.0,0,75 09:05.322,2,0,1,1,67301,0,0,0,N,0,0,0,5,67505,4,,1,1,1124.0,N,N,N,0,,0,1,0,3,2,N,1110,5,2,0,0,0,0,0,3,4,0,2,3,3.0,N,,,,,,,,,,,
2021102848,246.0,0,0,0,0,0,0,0,0,0,0,0,,67,10,2021,3,39.967,-75.1336,239.0,6,0,0,0,0,0,0,0,0,,0,0,0,2,3,0,0,N,1,39 58:01.037,1.0,0,75 08:01.096,0,0,0,0,67301,0,0,0,N,0,0,0,1,68K01,0,,1,9,330.0,N,N,N,0,,0,0,1,0,0,N,232,0,1,0,0,0,0,0,3,4,0,1,7,,N,,,,,,,,,,,
2021096778,1952.0,0,0,0,0,0,0,0,0,0,8,0,,67,10,2021,2,40.0065,-75.1175,1952.0,6,0,0,0,0,0,0,0,0,,0,0,0,15,1,1,0,N,0,40 00:23.236,,0,75 07:03.160,3,0,0,0,67301,1,0,0,N,1,0,0,2,67301,0,,1,1,,N,N,N,0,,1,0,0,0,0,,1509,1,2,0,0,0,0,0,3,4,0,1,3,3.0,N,,,,,,,,,,,
2021100162,2220.0,1,0,0,0,0,0,0,0,0,2,0,,67,10,2021,4,39.9574,-75.2232,2220.0,6,0,0,0,0,0,0,0,0,,0,0,0,22,3,0,0,N,0,39 57:26.760,,0,75 13:23.480,0,0,0,0,67301,0,0,0,N,0,0,0,1,67301,0,,6,1,,N,N,N,0,,0,0,2,0,0,,2220,0,3,0,0,0,0,0,3,4,0,3,3,,N,,,,,,,,,,,
2021098600,245.0,1,0,0,0,0,0,0,0,0,1,0,,67,10,2021,6,39.9113,-75.1691,240.0,6,0,0,0,0,0,1,0,0,,0,0,0,2,3,1,0,N,0,39 54:40.510,,0,75 10:08.630,3,0,0,0,67301,0,0,0,N,0,0,0,2,67301,0,,1,1,,N,N,N,0,,1,0,1,0,0,,230,1,2,0,0,0,0,0,3,4,0,2,3,3.0,N,,,,,,,,,,,
2021098744,1950.0,2,0,0,0,0,0,0,0,0,4,0,,67,10,2021,5,39.9614,-75.1498,1946.0,6,0,0,0,0,0,0,0,0,,0,0,0,19,3,0,1,,0,39 57:41.313,,0,75 08:59.272,0,0,0,0,67301,0,0,0,N,0,0,0,2,67301,0,,1,1,,N,N,N,0,,0,0,0,3,2,,1940,0,2,0,0,0,0,0,3,4,0,2,3,3.0,N,,,,,,,,,,,
2021097155,444.0,2,0,0,0,0,0,0,0,0,5,0,,67,10,2021,1,40.0286,-75.0979,433.0,6,0,0,0,0,0,0,0,0,,0,0,0,4,3,1,0,N,0,40 01:42.950,,0,75 05:52.310,3,0,0,0,67301,0,0,0,N,0,0,0,1,67301,0,,6,1,,N,N,N,1,,1,0,0,0,0,,432,1,3,0,0,1,0,0,3,4,0,3,3,,N,,,,,,,,,,,
2021098476,1109.0,2,0,0,0,0,0,0,0,0,4,0,,67,10,2021,7,39.9835,-75.1815,1107.0,6,0,0,0,0,0,0,0,0,,0,0,0,11,1,4,5,,0,39 59:00.448,,0,75 10:53.514,3,0,0,0,67301,0,0,0,N,0,0,0,4,67301,0,,1,1,,N,N,N,0,,4,0,0,3,2,,1105,4,2,0,0,0,0,0,3,4,0,2,3,3.0,N,,,,,,,,,,,
2021096851,715.0,3,0,0,0,0,0,0,0,0,4,0,,67,10,2021,3,39.978,-75.1638,714.0,6,0,0,0,0,0,1,0,0,,0,0,0,7,1,1,1,,0,39 58:40.814,,0,75 09:49.600,3,0,0,0,67301,0,0,0,N,0,0,0,2,67301,0,,1,1,,N,N,N,0,,1,0,2,3,3,,713,1,5,0,0,0,0,0,3,4,0,5,4,4.0,N,,,,,,,,,,,
2021095812,408.0,1,0,0,0,0,0,0,0,0,7,0,,67,10,2021,7,40.0746,-75.1777,407.0,6,0,0,0,0,0,0,0,0,,0,0,0,3,3,0,0,N,0,40 04:28.689,,0,75 10:39.698,0,0,0,0,67301,0,0,0,N,0,0,0,1,67301,0,,5,9,,N,N,N,0,,0,0,0,0,0,,356,0,1,0,0,0,0,0,3,4,0,1,3,3.0,N,,,,,,,,,,,
2021098475,1730.0,1,0,0,0,0,0,0,0,0,4,0,,67,10,2021,6,39.9864,-75.1696,1722.0,6,0,0,0,0,0,0,0,0,,0,0,0,17,1,1,1,,1,39 59:11.054,4.0,0,75 10:10.603,4,0,0,0,67301,0,0,0,N,0,0,0,3,67301,1,,1,1,1910.0,N,N,N,0,,0,0,1,3,2,Y,1720,1,2,0,0,2,0,0,3,4,0,2,3,3.0,N,,,,,,,,,,,
2021119805,,0,0,0,0,0,0,0,0,0,4,0,,67,10,2021,2,39.993,-75.1103,,6,0,0,0,0,0,1,1,0,,0,0,0,15,1,1,1,,0,39 59:34.645,,0,75 06:36.928,8,0,0,0,67301,0,0,0,N,0,0,0,2,00000,0,,1,1,,N,N,N,2,,0,0,0,3,2,,1500,1,2,0,0,1,1,0,3,4,0,2,3,,N,,,,,,,,,,,
2021096270,900.0,0,0,0,0,0,0,0,0,0,7,0,,67,10,2021,1,39.9618,-75.2428,900.0,6,0,0,0,0,0,0,0,0,,0,0,0,8,1,0,0,N,0,39 57:42.530,,0,75 14:34.180,9,0,0,0,67301,0,0,0,N,0,0,0,1,67301,0,,5,9,,N,N,N,1,,0,0,0,0,0,,857,0,1,0,0,1,0,1,3,4,0,1,4,7.0,N,,,,,,,,,,,
2021097939,2105.0,0,0,0,0,0,0,0,0,0,4,0,,67,10,2021,4,39.9257,-75.18,2100.0,6,0,0,0,0,0,0,0,0,,0,0,0,20,3,1,2,,0,39 55:32.519,,0,75 10:47.855,4,0,0,0,67301,0,0,0,N,0,0,0,3,67301,1,,1,1,,N,N,N,0,,0,0,1,0,0,,2050,1,2,0,0,1,0,0,3,4,0,2,3,3.0,N,,,,,,,,,,,
2021097644,1500.0,1,0,0,0,0,0,0,0,0,4,0,,67,10,2021,4,39.9878,-75.1676,1459.0,6,0,0,0,0,0,0,0,0,,0,0,0,14,1,3,1,,0,39 59:16.004,,0,75 10:03.532,3,0,0,0,67301,0,0,0,N,0,0,0,4,67301,0,,1,1,,N,N,N,0,,3,0,1,3,2,,1458,3,2,0,0,0,0,1,3,4,0,2,3,3.0,N,,,,,,,,,,,
2021102661,940.0,1,0,0,0,0,0,0,0,0,4,0,,67,10,2021,1,40.0032,-75.1414,927.0,6,0,0,0,0,0,0,0,0,,0,0,0,9,1,1,1,,0,40 00:11.462,,0,75 08:29.144,3,0,0,0,67301,0,0,0,N,0,0,0,2,67301,0,,1,9,,N,N,N,0,,1,0,1,0,0,,905,1,2,0,0,0,0,0,3,4,0,2,4,4.0,N,,,,,,,,,,,
2021098174,1900.0,0,0,0,0,0,0,0,0,0,1,0,,67,10,2021,2,39.9449,-75.2392,1900.0,6,0,0,0,0,0,2,0,0,,0,0,0,9,1,1,2,,0,39 56:41.817,,0,75 14:21.027,3,0,0,0,67301,0,0,0,N,0,0,0,2,67301,0,,1,1,,N,N,N,0,,1,0,2,3,3,,930,1,2,0,0,0,0,0,3,4,0,2,4,,N,,,,,,,,,,,
2021097353,2216.0,0,0,0,0,0,0,0,0,0,4,0,,67,10,2021,2,40.0351,-75.0709,2210.0,6,0,0,0,0,0,1,0,0,,0,0,0,22,3,1,1,,1,40 02:06.421,7.0,0,75 04:15.407,3,0,0,0,67301,0,0,0,N,0,0,0,2,67301,0,,1,1,2250.0,N,N,N,0,,1,0,2,3,2,N,2208,1,2,0,0,0,0,0,3,4,0,2,3,3.0,N,,,,,,,,,,,
2021097958,154.0,1,0,0,0,0,0,0,0,0,7,0,,67,10,2021,3,40.0311,-75.1465,135.0,6,0,0,0,0,0,0,0,0,,0,0,0,1,3,0,0,N,1,40 01:51.801,1.0,0,75 08:47.350,0,0,0,0,67301,0,0,0,N,0,0,0,1,67301,0,,3,1,252.0,N,N,N,0,,0,0,0,0,0,Y,133,0,2,0,0,0,0,0,3,4,0,1,3,3.0,N,,,,,,,,,,,
2021097940,1940.0,1,0,0,0,0,0,0,0,0,8,0,,67,10,2021,4,39.9447,-75.1652,1930.0,6,0,0,0,0,0,0,0,0,,0,0,0,18,1,1,1,,0,39 56:40.784,,0,75 09:54.813,8,0,0,0,67301,1,0,0,N,1,0,0,2,67301,0,,1,1,,N,N,N,0,,0,0,0,3,2,,1800,1,2,0,0,0,1,1,3,4,0,1,3,,N,,,,,,,,,,,
2021100696,105.0,2,0,0,0,0,0,0,0,0,4,0,,67,10,2021,7,39.9434,-75.2323,101.0,6,0,0,0,0,0,0,0,0,,0,0,0,1,3,2,1,,0,39 56:36.138,,0,75 13:56.392,2,0,0,0,67301,0,0,0,N,0,0,0,2,67301,0,,1,1,,N,N,Y,0,,0,2,2,9,5,,100,2,4,0,0,0,0,0,3,4,0,4,3,3.0,N,,,,,,,,,,,
2021094678,1304.0,0,0,0,0,0,0,0,0,0,8,0,,67,10,2021,4,39.9974,-75.0733,1246.0,6,0,0,0,0,0,0,1,0,,0,0,0,12,1,1,1,,0,39 59:50.672,,0,75 04:23.843,3,0,0,0,67301,1,0,0,N,1,0,0,2,67301,0,,1,1,,N,N,N,1,,1,0,0,3,2,,1245,1,2,0,0,0,0,0,3,4,0,1,3,3.0,N,,,,,,,,,,,
2021096673,142.0,2,0,0,0,0,0,0,0,0,4,0,,67,10,2021,4,39.9599,-75.2432,140.0,6,0,0,0,0,0,0,0,0,,0,0,0,1,3,2,1,,0,39 57:35.686,,0,75 14:35.573,8,0,0,0,67301,0,0,0,N,0,0,0,3,67301,0,,1,1,,N,N,N,0,,0,0,1,3,3,,140,2,3,0,0,0,2,0,3,4,0,3,3,3.0,N,,,,,,,,,,,
2021093886,1705.0,2,0,0,0,0,0,0,0,0,4,0,,67,10,2021,6,40.0312,-75.054,1656.0,6,0,0,0,0,0,0,0,0,,0,0,0,15,1,2,2,,1,40 01:52.383,2.0,0,75 03:14.707,3,0,0,0,67301,0,0,0,N,0,0,0,2,67301,0,,1,1,1723.0,N,N,N,0,,2,0,0,3,3,N,1518,2,2,0,0,0,0,0,3,4,0,2,3,3.0,N,,,,,,,,,,,
2021094707,845.0,1,0,0,0,0,0,0,0,0,8,0,,67,9,2021,4,40.019,-75.194,835.0,6,0,0,0,0,0,1,0,0,,0,0,0,6,1,1,2,,0,40 01:08.389,,0,75 11:38.364,3,0,0,0,67301,1,0,0,N,1,0,0,2,67301,0,,1,1,,N,N,N,0,,1,0,0,0,0,,654,1,2,0,0,0,0,1,3,4,0,1,3,3.0,N,,,,,,,,,,,
2021096351,1902.0,1,0,0,0,0,0,0,0,0,4,0,,67,10,2021,2,39.9973,-75.1203,1902.0,6,0,0,1,0,0,0,0,0,,0,0,0,19,3,1,1,,0,39 59:50.432,,0,75 07:13.150,4,0,0,1,67301,0,0,0,N,0,0,0,2,67301,1,,1,1,,N,N,N,0,,0,0,0,3,3,,1900,1,2,0,0,1,0,0,3,4,0,2,3,3.0,N,,,,,,,,,,,
2021098667,1215.0,0,0,0,0,0,0,0,0,0,8,0,,67,10,2021,5,39.9617,-75.1365,1204.0,6,0,0,0,0,0,1,0,0,,0,0,0,11,1,1,2,,0,39 57:42.244,,0,75 08:11.375,2,0,0,0,67301,1,0,1,N,1,0,1,2,67301,0,,1,1,,N,N,N,0,,0,1,1,3,2,,1100,1,2,0,0,0,0,0,3,4,0,1,3,3.0,N,,,,,,,,,,,
2021095785,1611.0,1,0,0,0,0,0,0,0,0,4,0,,67,10,2021,6,39.9702,-75.1597,1610.0,6,0,0,0,0,0,1,0,0,,0,0,0,16,1,6,1,,1,39 58:12.846,1.0,0,75 09:35.189,8,0,0,0,67301,0,0,0,N,0,0,0,8,67301,0,,1,1,1659.0,N,N,N,0,,0,0,0,3,2,N,1606,6,2,0,0,0,6,0,3,4,1,2,3,4.0,N,,,,,,,,,,,
2021097364,1552.0,2,0,0,0,0,0,0,0,0,1,0,,67,10,2021,2,39.9659,-75.2272,1535.0,6,0,0,0,0,0,0,0,0,,0,0,0,15,1,0,0,Y,2,39 57:57.380,6.0,0,75 13:37.912,0,0,0,0,67301,0,0,0,N,0,0,0,2,67301,0,,1,1,1630.0,N,N,N,0,,0,0,0,3,2,Y,1535,0,2,0,0,0,0,0,3,4,0,2,3,3.0,N,,,,,,,,,,,
2021096271,1010.0,1,0,0,0,0,0,0,0,0,4,0,,67,10,2021,7,40.0047,-75.1521,942.0,6,0,0,0,0,0,1,0,0,,0,0,0,16,1,0,1,,0,40 00:16.847,,0,75 09:07.652,0,0,0,0,67301,0,0,0,N,0,0,0,2,67301,0,,1,1,,N,N,N,0,,0,0,1,3,2,,1630,0,2,0,0,0,0,0,3,4,0,2,4,,N,,,,,,,,,,,
2021096279,1708.0,1,0,0,0,0,0,0,0,0,7,0,,67,10,2021,1,39.8929,-75.2236,1646.0,6,0,0,0,0,0,0,0,0,,0,0,0,15,1,0,0,N,0,39 53:34.290,,1,75 13:24.970,0,0,0,0,67301,0,0,0,N,0,0,0,1,67301,0,,4,9,,N,N,N,0,,0,0,0,0,0,,1548,0,1,0,0,0,0,0,3,4,0,1,7,7.0,N,,,,,,,,,,,
2021100373,1637.0,2,0,0,0,0,0,0,0,0,1,0,,67,10,2021,7,39.9867,-75.208,1637.0,6,0,0,0,0,0,0,1,0,,0,0,0,16,1,2,0,N,2,39 59:12.159,3.0,0,75 12:28.866,3,0,0,0,67301,0,0,0,N,0,0,0,5,68K01,0,,1,9,1640.0,N,N,N,1,,2,0,0,0,0,N,1634,2,3,0,0,0,0,0,3,4,0,3,7,,N,,,,,,,,,,,
2021117519,,0,0,0,0,0,0,0,0,0,4,0,,67,10,2021,3,40.0745,-75.1664,,6,0,0,0,0,0,0,1,0,,0,0,0,8,3,1,1,,0,40 04:28.372,,0,75 09:59.032,8,0,0,0,67301,0,0,0,N,0,0,0,2,00000,0,,1,1,,N,N,N,0,,0,0,1,3,3,,820,1,2,0,0,0,1,0,3,4,0,2,3,,N,,,,,,,,,,,