CRN,ARRIVAL_TM,AUTOMOBILE_COUNT,BELTED_DEATH_COUNT,BELTED_SUSP_SERIOUS_INJ_COUNT,BICYCLE_COUNT,BICYCLE_DEATH_COUNT,BICYCLE_SUSP_SERIOUS_INJ_COUNT,BUS_COUNT,CHLDPAS_DEATH_COUNT,CHLDPAS_SUSP_SERIOUS_INJ_COUNT,COLLISION_TYPE,COMM_VEH_COUNT,CONS_ZONE_SPD_LIM,COUNTY,CRASH_MONTH,CRASH_YEAR,DAY_OF_WEEK,DEC_LAT,DEC_LONG,DISPATCH_TM,DISTRICT,DRIVER_COUNT_16YR,DRIVER_COUNT_17YR,DRIVER_COUNT_18YR,DRIVER_COUNT_19YR,DRIVER_COUNT_20YR,DRIVER_COUNT_50_64YR,DRIVER_COUNT_65_74YR,DRIVER_COUNT_75PLUS,EST_HRS_CLOSED,FATAL_COUNT,HEAVY_TRUCK_COUNT,HORSE_BUGGY_COUNT,HOUR_OF_DAY,ILLUMINATION,INJURY_COUNT,INTERSECT_TYPE,INTERSECTION_RELATED,LANE_CLOSED,LATITUDE,LN_CLOSE_DIR,LOCATION_TYPE,LONGITUDE,MAX_SEVERITY_LEVEL,MCYCLE_DEATH_COUNT,MCYCLE_SUSP_SERIOUS_INJ_COUNT,MOTORCYCLE_COUNT,MUNICIPALITY,NONMOTR_COUNT,NONMOTR_DEATH_COUNT,NONMOTR_SUSP_SERIOUS_INJ_COUNT,NTFY_HIWY_MAINT,PED_COUNT,PED_DEATH_COUNT,PED_SUSP_SERIOUS_INJ_COUNT,PERSON_COUNT,POLICE_AGCY,POSSIBLE_INJ_COUNT,RDWY_SURF_TYPE_CD,RELATION_TO_ROAD,ROAD_CONDITION,ROADWAY_CLEARED,SCH_BUS_IND,SCH_ZONE_IND,SECONDARY_CRASH,SMALL_TRUCK_COUNT,SPEC_JURIS_CD,SUSP_MINOR_INJ_COUNT,SUSP_SERIOUS_INJ_COUNT,SUV_COUNT,TCD_FUNC_CD,TCD_TYPE,TFC_DETOUR_IND,TIME_OF_DAY,TOT_INJ_COUNT,TOTAL_UNITS,UNB_DEATH_COUNT,UNB_SUSP_SERIOUS_INJ_COUNT,UNBELTED_OCC_COUNT,UNK_INJ_DEG_COUNT,UNK_INJ_PER_COUNT,URBAN_AREA,URBAN_RURAL,VAN_COUNT,VEHICLE_COUNT,WEATHER1,WEATHER2,WORK_ZONE_IND,WORK_ZONE_LOC,WORK_ZONE_TYPE,WORKERS_PRES,WZ_CLOSE_DETOUR,WZ_FLAGGER,WZ_LAW_OFFCR_IND,WZ_LN_CLOSURE,WZ_MOVING,WZ_OTHER,WZ_SHLDER_MDN,WZ_WORKERS_INJ_KILLED
2021098493,1905.0,1,0,0,0,0,0,0,0,0,4,0,,67,10,2021,6,40.013,-75.1503,1858.0,6,0,0,0,0,0,0,0,0,,0,0,0,18,3,2,3,,0,40 00:47.299,,0,75 09:01.419,4,0,0,0,67301,0,0,0,N,0,0,0,4,67301,2,,1,1,,N,N,N,0,,0,0,1,0,0,,1849,2,2,0,0,0,0,0,3,4,0,2,3,,N,,,,,,,,,,,
2021101035,248.0,1,0,0,0,0,0,0,0,0,7,0,,67,10,2021,6,40.0155,-75.1472,248.0,6,0,0,0,0,0,0,0,0,,0,0,0,2,3,0,0,N,0,40 00:55.790,,0,75 08:49.910,0,0,0,0,67301,0,0,0,N,0,0,0,1,67301,0,,4,1,,N,N,N,0,,0,0,0,0,0,,220,0,1,0,0,0,0,0,3,4,0,1,3,,N,,,,,,,,,,,
2021102781,1732.0,2,0,0,0,0,0,0,0,0,4,0,,67,10,2021,5,40.0072,-75.1234,1732.0,6,0,0,0,0,0,0,0,0,,0,0,0,17,1,2,1,,0,40 00:25.981,,0,75 07:24.378,3,0,0,0,67301,0,0,0,N,0,0,0,2,67301,0,,1,1,,N,N,N,0,,2,0,0,3,2,,1700,2,2,0,0,0,0,0,3,4,0,2,4,3.0,N,,,,,,,,,,,
2021112504,559.0,1,0,0,0,0,0,0,0,0,4,0,,67,10,2021,5,40.0488,-75.0016,551.0,6,0,0,0,0,0,2,0,0,,0,0,0,5,3,0,3,,1,40 02:55.792,3.0,2,75 00:05.725,0,0,0,0,67301,0,0,0,N,0,0,0,2,68K01,0,,1,1,605.0,N,N,Y,0,,0,0,1,0,0,N,551,0,2,0,0,0,0,0,3,4,0,2,3,,N,,,,,,,,,,,
2021095983,835.0,1,0,0,0,0,0,0,0,0,5,0,,67,10,2021,7,40.0583,-75.1465,830.0,6,0,1,0,0,0,0,0,0,,0,0,0,8,1,0,0,N,0,40 03:29.890,,0,75 08:47.340,0,0,0,0,67301,0,0,0,N,0,0,0,1,67301,0,,6,1,,N,N,N,0,,0,0,1,0,0,,822,0,2,0,0,0,0,0,3,4,0,2,3,3.0,N,,,,,,,,,,,
2021098492,134.0,1,0,0,0,0,0,0,0,0,4,0,,67,10,2021,5,40.0308,-75.1878,116.0,6,0,0,0,0,0,1,0,0,,0,0,0,1,3,0,1,,0,40 01:50.746,,0,75 11:15.959,0,0,0,0,67301,0,0,0,N,0,0,0,2,67301,0,,1,1,,N,N,N,0,,0,0,1,3,2,,102,0,2,0,0,0,0,0,3,4,0,2,3,3.0,N,,,,,,,,,,,
2021126899,2336.0,0,0,0,0,0,0,0,0,0,7,0,,67,12,2021,1,39.9746,-75.1995,2335.0,6,0,0,0,0,0,0,0,0,,0,0,0,21,3,0,2,,2,39 58:28.552,4.0,0,75 11:58.141,9,0,0,0,67301,0,0,0,N,0,0,0,1,67301,0,,9,1,131.0,N,N,N,0,,0,0,1,3,2,N,2139,0,1,0,0,0,0,1,3,4,0,1,3,,N,,,,,,,,,,,
2021095961,1700.0,1,0,0,1,0,1,0,0,0,4,0,,67,10,2021,6,39.9287,-75.23,1655.0,6,0,0,0,0,0,0,0,0,,0,0,0,16,1,1,0,N,0,39 55:43.150,,0,75 13:47.860,2,0,0,0,67301,1,0,1,N,0,0,0,2,67301,0,,1,1,,N,N,N,0,,0,1,0,0,0,,1605,1,2,0,0,0,0,0,3,4,0,1,3,,N,,,,,,,,,,,
2021095938,2109.0,1,0,0,0,0,0,0,0,0,4,0,,67,10,2021,4,40.0448,-75.1435,2102.0,6,0,0,0,0,0,1,0,0,,0,0,0,21,3,3,0,N,1,40 02:41.108,2.0,7,75 08:36.559,3,0,0,0,67301,0,0,0,N,0,0,0,5,67301,0,,1,1,2311.0,N,N,N,0,,3,0,1,0,0,Y,2100,3,2,0,0,0,0,0,3,4,0,2,3,3.0,N,,,,,,,,,,,
2021091802,643.0,2,0,0,0,0,0,0,0,0,4,0,,67,9,2021,4,39.9597,-75.1952,640.0,6,0,0,0,0,0,1,0,0,,0,0,0,6,5,1,1,,2,39 57:35.010,3.0,0,75 11:42.756,8,0,0,0,67301,0,0,0,N,0,0,0,2,67507,0,,1,1,750.0,N,N,N,0,,0,0,1,3,3,Y,630,1,3,0,0,0,1,0,3,4,0,3,3,,N,,,,,,,,,,,
2021092504,830.0,1,0,0,0,0,0,0,0,0,7,0,,67,9,2021,4,39.9652,-75.2222,829.0,6,0,0,0,1,0,0,0,0,,0,0,0,8,1,0,0,N,0,39 57:54.640,,0,75 13:19.760,9,0,0,0,67301,0,0,0,N,0,0,0,1,67301,0,,5,1,,N,N,N,0,,0,0,0,0,0,,828,0,1,0,0,1,0,1,3,4,0,1,3,3.0,N,,,,,,,,,,,
2021119444,2034.0,0,0,0,0,0,0,0,0,0,8,0,,67,10,2021,6,39.9709,-75.1557,2034.0,6,0,0,0,0,0,0,0,0,,0,0,0,9,1,1,1,,0,39 58:15.737,,0,75 09:20.607,8,0,0,0,67301,1,0,0,N,1,0,0,2,67301,0,,1,1,,N,N,N,0,,0,0,1,3,2,,915,1,2,0,0,0,1,1,3,4,0,1,3,3.0,N,,,,,,,,,,,
2021096343,1912.0,1,0,0,1,0,1,0,0,0,4,0,,67,10,2021,4,39.9547,-75.1944,1908.0,6,0,0,0,0,0,0,0,0,,0,0,0,19,3,1,1,,0,39 57:16.822,,0,75 11:40.080,2,0,0,0,67301,1,0,1,N,0,0,0,2,67504,0,,1,1,,N,N,N,0,,0,1,0,3,2,,1905,1,2,0,0,0,0,0,3,4,0,1,3,3.0,N,,,,,,,,,,,
2021102301,1853.0,0,0,0,0,0,0,0,0,0,8,0,,67,10,2021,3,40.0008,-75.1329,1853.0,6,0,0,0,0,0,0,0,0,,0,0,0,18,2,1,0,N,0,40 00:02.810,,0,75 07:58.380,3,0,0,0,67301,1,0,0,N,1,0,0,2,67301,0,,1,1,,N,N,N,1,,1,0,0,0,0,,1845,1,2,0,0,0,0,0,3,4,0,1,3,3.0,N,,,,,,,,,,,
2021096937,1720.0,1,0,0,0,0,0,0,0,0,1,0,,67,10,2021,3,40.0077,-75.1515,1715.0,6,0,0,0,0,0,0,0,0,,0,0,0,17,1,1,1,,0,40 00:27.648,,0,75 09:05.687,4,0,0,0,67301,0,0,0,N,0,0,0,5,67505,1,,1,1,,N,N,N,1,,0,0,0,3,2,,1710,1,2,0,0,3,0,0,3,4,0,2,4,4.0,N,,,,,,,,,,,
2021097765,1335.0,1,0,0,0,0,0,0,0,0,7,0,,67,10,2021,5,39.9124,-75.1739,1332.0,6,0,0,0,0,0,1,0,0,,0,0,0,13,1,1,7,,0,39 54:44.800,,8,75 10:26.200,3,0,0,0,67301,0,0,0,N,0,0,0,2,67501,0,,4,1,,N,N,N,0,,1,0,0,0,0,,1331,1,1,0,0,0,0,0,3,4,0,1,3,3.0,N,,,,,,,,,,,
2021115411,1904.0,2,0,0,0,0,0,0,0,0,1,0,,67,10,2021,7,40.0382,-75.0108,1904.0,6,0,1,0,0,1,0,0,0,,0,0,0,19,3,1,0,N,0,40 02:17.629,,0,75 00:38.753,3,0,0,0,67301,0,0,0,N,0,0,0,3,68K01,0,,1,9,,N,N,N,0,,1,0,0,0,0,,1904,1,2,0,0,0,0,0,3,4,0,2,7,,N,,,,,,,,,,,
2021096731,1350.0,2,0,0,0,0,0,0,0,0,4,0,,67,10,2021,2,40.0006,-75.1084,1340.0,6,0,0,0,0,0,0,0,0,,0,0,0,13,1,2,1,,0,40 00:02.151,,0,75 06:30.208,3,0,0,0,67301,0,0,0,N,0,0,0,2,67301,0,,1,1,,N,N,N,0,,2,0,2,9,3,,1328,2,4,0,0,0,0,0,3,4,0,4,4,4.0,N,,,,,,,,,,,
2021099956,1302.0,2,0,0,0,0,0,0,0,0,5,0,,67,10,2021,5,40.024,-75.131,1244.0,6,0,0,0,0,0,0,0,0,,0,0,0,12,1,1,0,N,0,40 01:26.549,,0,75 07:51.551,8,0,0,0,67301,0,0,0,N,0,0,0,1,67301,0,,6,1,,N,N,N,0,,0,0,0,0,0,,1242,1,2,0,0,0,1,0,3,4,0,2,3,3.0,N,,,,,,,,,,,
2021097100,2335.0,0,0,0,0,0,0,0,0,0,5,0,,67,10,2021,2,39.9233,-75.1871,2335.0,6,0,0,0,0,0,1,0,0,,0,0,0,23,3,0,0,N,2,39 55:23.990,2.0,0,75 11:13.470,0,0,0,0,67301,0,0,0,N,0,0,0,2,67301,0,,6,1,100.0,N,N,N,0,,0,0,2,0,0,Y,2335,0,2,0,0,0,0,0,3,4,0,2,3,3.0,N,,,,,,,,,,,
2021095765,1100.0,0,0,0,0,0,0,0,0,0,8,0,,67,10,2021,6,39.9966,-75.1754,1100.0,6,0,0,0,0,0,1,0,0,,0,0,0,10,1,1,0,N,2,39 59:47.883,6.0,0,75 10:31.517,3,0,0,0,67301,1,0,0,N,1,0,0,2,67301,0,,1,1,1115.0,N,N,N,0,,1,0,1,0,0,Y,1055,1,2,0,0,0,0,0,3,4,0,1,3,3.0,N,,,,,,,,,,,
2021096662,2340.0,1,0,0,0,0,0,0,0,0,7,0,,67,10,2021,1,39.9694,-75.2023,2331.0,6,0,0,0,0,0,0,0,0,,0,0,0,22,3,1,0,N,0,39 58:09.860,,0,75 12:08.240,3,0,0,0,67301,0,0,0,N,0,0,0,1,67301,0,,6,1,,N,N,N,0,,1,0,0,0,0,,2230,1,1,0,0,0,0,0,3,4,0,1,3,3.0,N,,,,,,,,,,,
2021096850,844.0,2,0,0,0,0,0,0,0,0,4,0,,67,10,2021,3,39.9671,-75.2067,844.0,6,0,0,0,0,0,0,0,0,,0,0,0,8,1,1,1,,0,39 58:01.543,,0,75 12:23.959,4,0,0,0,67301,0,0,0,N,0,0,0,2,67301,1,,1,1,,N,N,N,0,,0,0,0,3,3,,844,1,2,0,0,0,0,0,3,4,0,2,4,,N,,,,,,,,,,,
2021100344,1255.0,0,0,0,0,0,0,0,0,0,7,0,,67,10,2021,1,40.03,-75.0222,1242.0,6,0,0,0,0,1,0,0,0,,0,0,0,12,1,3,0,N,1,40 01:47.873,2.0,0,75 01:20.026,3,0,0,0,67301,0,0,0,N,0,0,0,4,68K01,0,,4,9,1300.0,N,N,N,1,,3,0,1,0,0,N,1240,3,2,0,0,0,0,0,3,4,0,2,7,7.0,N,,,,,,,,,,,
2021097077,745.0,2,0,0,0,0,0,0,0,0,1,0,,67,10,2021,6,40.0217,-75.1398,741.0,6,0,0,1,0,0,0,0,0,,0,0,0,7,1,1,5,,0,40 01:18.260,,0,75 08:23.123,3,0,0,0,67301,0,0,0,N,0,0,0,2,67301,0,,1,1,,N,N,N,0,,1,0,0,3,2,,740,1,2,0,0,1,0,0,3,4,0,2,3,,N,,,,,,,,,,,
2021096659,2317.0,2,0,0,0,0,0,0,0,0,2,0,,67,10,2021,2,39.9829,-75.1619,2317.0,6,0,0,0,0,0,0,0,0,,0,0,0,23,3,0,2,,2,39 58:58.289,2.0,0,75 09:42.961,0,0,0,0,67301,0,0,0,N,0,0,0,1,67505,0,,1,1,1.0,N,N,N,0,,0,0,0,0,0,Y,2317,0,2,0,0,1,0,0,3,4,0,2,3,,N,,,,,,,,,,,
2021098094,1730.0,0,0,0,0,0,0,0,0,0,7,0,,67,10,2021,5,40.0252,-75.2046,1725.0,6,0,0,0,0,0,0,0,0,,0,0,0,17,1,1,0,N,0,40 01:30.700,,0,75 12:16.650,3,0,0,0,67301,0,0,0,N,0,0,0,1,67301,0,,4,1,,N,N,N,0,,1,0,1,0,0,,1715,1,1,0,0,0,0,0,3,4,0,1,98,3.0,N,,,,,,,,,,,
2021094987,120.0,0,0,0,0,0,0,0,0,0,4,0,,67,10,2021,1,39.9517,-75.2369,115.0,6,0,1,0,0,0,0,0,0,,0,0,0,0,3,1,1,,0,39 57:06.123,,0,75 14:12.685,3,0,0,0,67301,0,0,0,N,0,0,0,2,67301,0,,1,1,,N,N,N,0,,1,0,2,3,2,,15,1,2,0,0,0,0,1,3,4,0,2,3,3.0,N,,,,,,,,,,,
2021097260,732.0,0,0,0,0,0,0,0,0,0,5,0,,67,9,2021,5,39.9904,-75.0867,716.0,6,0,0,0,0,0,0,0,0,,0,0,0,6,1,1,0,N,1,39 59:25.332,1.0,0,75 05:12.163,8,0,0,0,67301,0,0,0,Y,0,0,0,2,68K01,0,,1,1,745.0,N,N,N,0,,0,0,1,3,8,N,647,1,2,0,0,1,1,0,3,4,1,2,3,,N,,,,,,,,,,,
2021093269,2248.0,3,0,0,0,0,0,0,0,0,6,0,,67,9,2021,4,39.9261,-75.2349,2248.0,6,0,0,0,0,0,0,0,0,,0,0,0,22,3,1,0,N,0,39 55:33.795,,0,75 14:05.621,3,0,0,0,67301,0,0,0,N,0,0,0,1,67301,0,,6,1,,N,N,N,0,,1,0,2,0,0,,2248,1,5,0,0,1,0,0,3,4,0,5,3,,N,,,,,,,,,,,
2021110218,109.0,0,0,0,0,0,0,0,0,0,7,0,,67,10,2021,7,39.979,-75.098,108.0,6,0,0,0,0,0,0,0,0,,0,0,0,1,3,0,0,N,0,39 58:44.519,,0,75 05:52.707,9,0,0,0,67301,0,0,0,N,0,0,0,1,67301,0,,4,1,,N,N,N,0,,0,0,1,0,0,,107,0,1,0,0,0,0,1,3,4,0,1,3,3.0,N,,,,,,,,,,,
2021094650,2210.0,0,0,0,0,0,0,0,0,0,7,0,,67,10,2021,4,39.9551,-75.177,2157.0,6,0,0,0,0,0,0,0,0,,0,0,0,21,3,0,0,N,0,39 57:18.425,,3,75 10:37.105,9,0,0,0,67301,0,0,0,N,0,0,0,1,67301,0,,4,1,,N,N,N,0,,0,0,1,0,0,,2140,0,1,0,0,0,0,1,3,4,0,1,3,3.0,N,,,,,,,,,,,
2021093271,1715.0,1,0,0,0,0,0,0,0,0,6,0,,67,10,2021,7,39.897,-75.2512,1711.0,6,0,0,0,0,0,1,1,0,,0,0,0,17,1,3,0,N,0,39 53:49.098,,0,75 15:04.154,3,0,0,0,67301,0,0,0,N,0,0,0,4,67301,1,,1,1,,N,N,Y,0,,1,0,2,0,0,,1700,3,3,0,0,0,1,1,3,4,0,3,3,3.0,N,,,,,,,,,,,
2021093895,2122.0,1,0,0,0,0,0,0,0,0,1,0,,67,10,2021,7,39.8846,-75.2506,2114.0,6,0,0,0,0,0,0,1,0,,0,0,0,20,3,0,0,N,1,39 53:04.389,3.0,0,75 15:02.298,0,0,0,0,67301,0,0,0,N,0,0,0,6,67301,0,,1,1,2145.0,N,N,N,0,,0,0,1,0,0,N,2054,0,2,0,0,0,0,0,3,4,0,2,3,,N,,,,,,,,,,,
2021092782,1554.0,1,0,0,0,0,0,0,0,0,8,0,,67,10,2021,6,39.9865,-75.1579,1554.0,6,0,0,0,0,0,0,0,0,,0,0,0,15,1,1,1,,0,39 59:11.485,,0,75 09:28.427,4,0,0,0,67301,1,0,0,N,1,0,0,2,67505,1,,1,1,,N,N,N,0,,0,0,0,2,2,,1550,1,2,0,0,0,0,0,3,4,0,1,3,3.0,N,,,,,,,,,,,
2021095399,918.0,1,0,0,0,0,0,0,0,0,4,0,,67,10,2021,5,40.0402,-75.0313,918.0,6,0,0,0,0,0,0,0,0,,0,0,0,8,1,0,2,,1,40 02:24.789,2.0,0,75 01:52.656,0,0,0,0,67301,0,0,0,N,0,0,0,3,67301,0,,1,1,100.0,N,N,N,1,,0,0,1,0,0,N,858,0,3,0,0,0,0,0,3,4,0,3,3,,N,,,,,,,,,,,
2021104725,1346.0,2,0,0,0,0,0,0,0,0,4,0,,67,10,2021,7,40.0149,-75.0802,1343.0,6,0,0,0,0,1,1,0,0,,0,0,0,13,1,0,1,,0,40 00:53.534,,0,75 04:48.745,0,0,0,0,67301,0,0,0,N,0,0,0,4,67301,0,,1,1,,N,N,Y,0,,0,0,0,3,3,,1330,0,2,0,0,4,0,0,3,4,0,2,3,3.0,N,,,,,,,,,,,
2021095446,1120.0,0,0,0,0,0,0,0,0,0,1,0,,67,10,2021,1,39.9168,-75.1713,1113.0,6,0,0,0,0,0,1,0,0,,0,0,0,11,1,1,1,,0,39 55:00.583,,0,75 10:16.768,3,0,0,0,67301,0,0,0,N,0,0,0,2,67301,0,,1,1,,N,N,N,0,,1,0,1,3,2,,1106,1,2,0,0,1,0,0,3,4,0,2,3,3.0,N,,,,,,,,,,,
2021102302,1014.0,4,0,0,0,0,0,0,0,0,1,0,,67,10,2021,5,39.9988,-75.119,1003.0,6,0,0,0,0,0,1,0,0,,0,0,0,9,1,1,1,,2,39 59:55.795,4.0,0,75 07:08.439,3,0,0,0,67301,0,0,0,N,0,0,0,3,67301,0,,1,1,1140.0,N,N,N,1,,1,0,2,3,3,N,935,1,7,0,0,0,0,1,3,4,0,7,4,4.0,N,,,,,,,,,,,
2021093552,1125.0,0,0,0,0,0,0,0,0,0,7,0,,67,9,2021,3,39.9953,-75.0932,1116.0,6,0,0,0,0,0,0,0,0,,0,0,0,11,1,0,0,N,0,39 59:43.050,,0,75 05:35.683,0,0,0,0,67301,0,0,0,N,0,0,0,1,67301,0,,4,9,,N,N,N,0,,0,0,0,0,0,,1100,0,1,0,0,0,0,0,3,4,1,1,3,4.0,N,,,,,,,,,,,
2021092295,1039.0,0,0,0,0,0,0,0,0,0,4,0,,67,9,2021,4,39.899,-75.1749,1030.0,6,0,0,0,0,0,1,1,0,,0,0,0,10,1,0,1,,1,39 53:56.100,1.0,2,75 10:29.600,0,0,0,0,67301,0,0,0,N,0,0,0,2,67301,0,,1,1,1130.0,N,N,N,1,,0,0,0,3,2,Y,1029,0,2,0,0,0,0,0,3,4,1,2,3,3.0,N,,,,,,,,,,,
2021098022,215.0,1,0,0,0,0,0,0,0,0,1,0,,67,10,2021,6,39.9833,-75.1189,214.0,6,0,0,0,0,0,0,0,0,,0,0,0,2,3,0,0,N,0,39 58:59.987,,0,75 07:08.043,9,0,0,0,67301,0,0,0,N,0,0,0,1,67301,0,,3,1,,N,N,N,0,,0,0,0,0,0,,211,0,2,0,0,0,0,1,3,4,0,2,3,,N,,,,,,,,,,,
2021094297,1741.0,0,0,0,0,0,0,0,0,0,8,0,,67,10,2021,3,39.9859,-75.1612,1740.0,6,0,0,0,0,0,0,0,0,,0,0,0,17,4,1,0,N,0,39 59:09.360,,0,75 09:40.160,4,0,0,0,67301,1,0,0,N,1,0,0,2,67301,1,,1,1,,N,N,N,1,,0,0,0,0,0,,1739,1,2,0,0,1,0,0,3,4,0,1,3,3.0,N,,,,,,,,,,,
2021097760,1224.0,1,0,0,0,0,0,0,0,0,8,0,,67,10,2021,3,39.964,-75.1628,1224.0,6,0,0,0,0,0,0,0,0,,0,0,0,10,1,1,1,,0,39 57:50.446,,0,75 09:46.123,2,0,0,0,67301,1,0,1,N,1,0,1,2,67301,0,,1,99,,N,N,N,0,,0,1,0,3,3,,1045,1,2,0,0,0,0,0,3,4,0,1,3,3.0,N,,,,,,,,,,,
2021097538,1254.0,1,0,0,0,0,0,0,0,0,5,0,,67,10,2021,1,39.9784,-75.2137,1244.0,6,0,0,0,0,0,1,0,0,,0,0,0,10,1,0,0,N,0,39 58:42.105,,0,75 12:49.214,0,0,0,0,67301,0,0,0,N,0,0,0,2,67301,0,,1,1,,N,N,N,1,,0,0,0,0,0,,1040,0,2,0,0,0,0,0,3,4,0,2,4,4.0,N,,,,,,,,,,,
2021100347,2332.0,0,0,0,0,0,0,0,0,0,0,0,55.0,67,10,2021,1,39.8981,-75.1833,2323.0,6,0,0,0,0,0,0,0,0,,0,0,0,23,3,1,0,N,2,39 53:53.133,1.0,0,75 10:59.950,2,0,1,1,67301,0,0,0,N,0,0,0,1,68K01,0,,1,1,45.0,N,N,N,0,,0,1,0,0,0,N,2312,1,1,0,0,0,0,0,3,4,0,1,3,,Y,4.0,1.0,N,,,N,Y,,,Y,N
2021103390,612.0,0,0,0,0,0,0,0,0,0,8,0,,67,10,2021,3,40.0935,-74.9804,612.0,6,0,0,0,0,0,0,0,0,,0,0,0,6,5,1,0,N,0,40 05:36.503,,0,74 58:49.472,3,0,0,0,67301,1,0,0,N,1,0,0,2,67301,0,,1,1,,N,N,N,1,,1,0,0,0,0,,611,1,2,0,0,0,0,0,3,4,0,1,3,3.0,N,,,,,,,,,,,
2021096019,35.0,1,0,0,0,0,0,0,0,0,4,0,,67,10,2021,7,39.9586,-75.214,32.0,6,0,0,0,0,0,0,0,0,,0,0,0,0,3,1,1,,0,39 57:31.189,,1,75 12:50.310,3,0,0,0,67301,0,0,0,N,0,0,0,4,67301,0,,1,1,,N,N,N,0,,1,0,1,3,2,,30,1,3,0,0,0,0,0,3,4,1,3,3,,N,,,,,,,,,,,
2021099329,530.0,1,0,0,0,0,0,0,0,0,5,0,,67,10,2021,4,39.9781,-75.1282,526.0,6,0,0,0,0,0,0,0,0,,0,0,0,5,3,0,0,N,2,39 58:41.190,3.0,0,75 07:41.350,0,0,0,0,67301,1,0,0,N,0,0,0,2,67301,0,,6,1,644.0,N,N,N,0,,0,0,1,0,0,N,520,0,2,0,0,0,0,0,3,4,0,2,3,3.0,N,,,,,,,,,,,
2021097759,2030.0,2,0,0,0,0,0,0,0,0,4,0,25.0,67,10,2021,4,39.9569,-75.1676,2030.0,6,0,0,0,0,0,1,0,0,,0,0,0,20,3,0,1,,0,39 57:24.681,,0,75 10:03.417,0,0,0,0,67301,0,0,0,N,0,0,0,2,67301,0,,1,1,,N,N,N,0,,0,0,0,3,2,,2030,0,2,0,0,0,0,0,3,4,0,2,3,3.0,Y,2.0,1.0,N,N,N,N,Y,N,N,N,N
2021098173,1631.0,1,0,0,0,0,0,0,0,0,6,0,,67,10,2021,4,39.9185,-75.2259,1630.0,6,0,0,0,0,0,0,0,0,,0,0,0,16,1,2,1,,1,39 55:06.715,4.0,0,75 13:33.263,3,0,0,0,67301,0,0,0,N,0,0,0,6,67301,0,,1,1,1650.0,N,N,N,0,,2,0,1,3,2,Y,1623,2,2,0,0,0,0,0,3,4,0,2,3,,N,,,,,,,,,,,
2021096003,1933.0,3,0,0,0,0,0,0,0,0,4,0,,67,10,2021,6,40.0425,-75.1385,1933.0,6,0,0,0,0,0,0,0,0,,0,0,0,11,1,0,0,N,0,40 02:33.130,,0,75 08:18.440,9,0,0,0,67301,0,0,0,N,0,0,0,1,67301,0,,6,1,,N,N,N,0,,0,0,0,0,0,,1100,0,3,0,0,0,0,1,3,4,0,3,3,3.0,N,,,,,,,,,,,
2021098008,815.0,1,0,0,1,0,0,0,0,0,4,0,,67,10,2021,5,39.9696,-75.1407,812.0,6,0,0,0,0,0,0,0,0,,0,0,0,8,1,1,1,,0,39 58:10.883,,0,75 08:26.410,3,0,0,0,67301,1,0,0,N,0,0,0,2,67301,0,,1,1,,N,N,N,0,,1,0,0,0,0,,803,1,2,0,0,0,0,0,3,4,0,1,3,3.0,N,,,,,,,,,,,
2021095768,1910.0,1,0,0,0,0,0,0,0,0,8,0,,67,10,2021,6,39.9964,-75.1734,1910.0,6,0,0,0,0,0,1,0,0,,0,0,0,19,3,1,0,N,2,39 59:46.947,6.0,0,75 10:24.284,2,0,0,0,67301,1,0,1,N,1,0,1,3,67301,0,,1,1,1935.0,N,N,N,0,,0,1,0,0,0,Y,1908,1,2,0,0,0,0,0,3,4,0,1,3,3.0,N,,,,,,,,,,,
2021092686,2235.0,1,0,0,0,0,0,0,0,0,5,0,,67,9,2021,5,39.9653,-75.2401,2231.0,6,0,0,0,0,0,0,0,0,,0,0,0,22,3,0,0,N,0,39 57:54.900,,0,75 14:24.400,9,0,0,0,67301,2,0,0,N,0,0,0,3,67301,0,,6,1,,N,N,N,0,,0,0,2,0,0,,2225,0,3,0,0,1,0,1,3,4,0,3,3,3.0,N,,,,,,,,,,,
2021092678,827.0,0,0,0,0,0,0,0,0,0,8,0,,67,9,2021,4,40.0283,-75.1623,827.0,6,0,0,0,0,0,1,0,0,,0,0,0,8,1,1,1,,0,40 01:42.021,,0,75 09:44.156,3,0,0,0,67301,1,0,0,N,1,0,0,2,67301,0,,1,1,,N,N,N,0,,1,0,1,3,2,,825,1,2,0,0,0,0,0,3,4,0,1,3,3.0,N,,,,,,,,,,,
2021096636,1253.0,1,0,0,0,0,0,0,0,0,8,0,,67,10,2021,6,39.9662,-75.1535,1250.0,6,0,0,0,0,0,0,0,0,,0,0,0,12,1,1,1,,0,39 57:58.442,,0,75 09:12.703,4,0,0,0,67301,1,0,0,N,1,0,0,2,67301,1,,1,1,,N,N,N,0,,0,0,0,3,3,,1245,1,2,0,0,1,0,0,3,4,0,1,3,3.0,N,,,,,,,,,,,
2021095954,1303.0,3,0,0,0,0,0,0,0,0,4,0,,67,10,2021,5,39.9405,-75.2189,1300.0,6,0,0,0,0,0,0,0,0,,0,0,0,12,1,1,1,,0,39 56:25.922,,0,75 13:08.059,3,0,0,0,67301,0,0,0,N,0,0,0,2,67301,0,,1,98,,N,N,Y,0,,1,0,0,3,2,,1253,1,3,0,0,0,0,0,3,4,0,3,3,3.0,N,,,,,,,,,,,