CRN,ARRIVAL_TM,AUTOMOBILE_COUNT,BELTED_DEATH_COUNT,BELTED_SUSP_SERIOUS_INJ_COUNT,BICYCLE_COUNT,BICYCLE_DEATH_COUNT,BICYCLE_SUSP_SERIOUS_INJ_COUNT,BUS_COUNT,CHLDPAS_DEATH_COUNT,CHLDPAS_SUSP_SERIOUS_INJ_COUNT,COLLISION_TYPE,COMM_VEH_COUNT,CONS_ZONE_SPD_LIM,COUNTY,CRASH_MONTH,CRASH_YEAR,DAY_OF_WEEK,DEC_LAT,DEC_LONG,DISPATCH_TM,DISTRICT,DRIVER_COUNT_16YR,DRIVER_COUNT_17YR,DRIVER_COUNT_18YR,DRIVER_COUNT_19YR,DRIVER_COUNT_20YR,DRIVER_COUNT_50_64YR,DRIVER_COUNT_65_74YR,DRIVER_COUNT_75PLUS,EST_HRS_CLOSED,FATAL_COUNT,HEAVY_TRUCK_COUNT,HORSE_BUGGY_COUNT,HOUR_OF_DAY,ILLUMINATION,INJURY_COUNT,INTERSECT_TYPE,INTERSECTION_RELATED,LANE_CLOSED,LATITUDE,LN_CLOSE_DIR,LOCATION_TYPE,LONGITUDE,MAX_SEVERITY_LEVEL,MCYCLE_DEATH_COUNT,MCYCLE_SUSP_SERIOUS_INJ_COUNT,MOTORCYCLE_COUNT,MUNICIPALITY,NONMOTR_COUNT,NONMOTR_DEATH_COUNT,NONMOTR_SUSP_SERIOUS_INJ_COUNT,NTFY_HIWY_MAINT,PED_COUNT,PED_DEATH_COUNT,PED_SUSP_SERIOUS_INJ_COUNT,PERSON_COUNT,POLICE_AGCY,POSSIBLE_INJ_COUNT,RDWY_SURF_TYPE_CD,RELATION_TO_ROAD,ROAD_CONDITION,ROADWAY_CLEARED,SCH_BUS_IND,SCH_ZONE_IND,SECONDARY_CRASH,SMALL_TRUCK_COUNT,SPEC_JURIS_CD,SUSP_MINOR_INJ_COUNT,SUSP_SERIOUS_INJ_COUNT,SUV_COUNT,TCD_FUNC_CD,TCD_TYPE,TFC_DETOUR_IND,TIME_OF_DAY,TOT_INJ_COUNT,TOTAL_UNITS,UNB_DEATH_COUNT,UNB_SUSP_SERIOUS_INJ_COUNT,UNBELTED_OCC_COUNT,UNK_INJ_DEG_COUNT,UNK_INJ_PER_COUNT,URBAN_AREA,URBAN_RURAL,VAN_COUNT,VEHICLE_COUNT,WEATHER1,WEATHER2,WORK_ZONE_IND,WORK_ZONE_LOC,WORK_ZONE_TYPE,WORKERS_PRES,WZ_CLOSE_DETOUR,WZ_FLAGGER,WZ_LAW_OFFCR_IND,WZ_LN_CLOSURE,WZ_MOVING,WZ_OTHER,WZ_SHLDER_MDN,WZ_WORKERS_INJ_KILLED
2021096341,752.0,0,0,0,0,0,0,0,0,0,8,0,,67,9,2021,2,39.9504,-75.1926,752.0,6,0,0,0,0,0,1,0,0,,0,0,0,7,1,1,1,,0,39 57:01.592,,0,75 11:33.415,4,0,0,0,67301,1,0,0,N,1,0,0,2,67504,1,,1,1,,N,N,N,0,,0,0,1,3,2,,752,1,2,0,0,0,0,0,3,4,0,1,3,,N,,,,,,,,,,,
2021093120,925.0,1,0,0,0,0,0,0,0,0,1,0,,67,9,2021,2,40.0235,-75.1394,916.0,6,0,0,0,0,0,1,0,0,,0,0,0,8,1,1,1,,0,40 01:24.455,,0,75 08:21.721,3,0,0,0,67301,0,0,0,N,0,0,0,3,67301,0,,1,1,,N,N,N,0,,1,0,1,3,2,,810,1,2,0,0,0,0,1,3,4,0,2,3,3.0,N,,,,,,,,,,,
2021088437,1700.0,1,0,0,0,0,0,0,0,0,4,0,,67,9,2021,1,39.9064,-75.1812,1644.0,6,0,0,0,0,0,0,0,0,,0,0,0,16,1,1,0,N,1,39 54:22.970,4.0,7,75 10:52.290,3,0,0,0,67301,0,0,0,N,0,0,0,2,67301,0,,1,1,1720.0,N,N,N,0,,1,0,0,0,0,N,1642,1,2,0,0,0,0,0,3,4,1,2,3,3.0,N,,,,,,,,,,,
2021089596,859.0,1,0,0,0,0,0,0,0,0,5,0,,67,9,2021,3,40.0062,-75.0903,824.0,6,0,0,0,0,0,1,0,0,,0,0,0,0,8,0,0,N,0,40 00:22.378,,0,75 05:24.947,9,0,0,0,67301,1,0,0,N,0,0,0,2,67301,0,,6,1,,N,N,N,1,,0,0,1,0,0,,10,0,3,0,0,0,0,1,3,4,0,3,3,,N,,,,,,,,,,,
2021117476,,0,0,0,0,0,0,0,0,0,4,0,,67,9,2021,7,40.0013,-75.1261,,6,0,0,0,0,0,0,0,0,,0,0,0,5,3,3,1,,0,40 00:04.608,,0,75 07:33.794,8,0,0,0,67301,0,0,0,N,0,0,0,4,00000,0,,1,1,,N,N,N,0,,0,0,0,3,3,,500,3,2,0,0,0,3,0,3,4,1,2,3,,N,,,,,,,,,,,
2021090595,1846.0,2,0,0,0,0,0,0,0,0,4,0,,67,9,2021,7,39.9688,-75.2454,1845.0,6,0,0,0,0,0,0,0,1,,0,0,0,18,1,0,1,,0,39 58:07.841,,0,75 14:43.541,0,0,0,0,67301,0,0,0,N,0,0,0,2,67301,0,,1,1,,N,N,N,0,,0,0,0,3,2,,1845,0,2,0,0,2,0,0,3,4,0,2,3,3.0,N,,,,,,,,,,,
2021092806,1450.0,0,0,0,0,0,0,0,0,0,8,0,,67,9,2021,1,39.9985,-75.1294,1450.0,6,0,0,0,0,0,1,0,0,,0,0,0,21,3,1,0,N,0,39 59:54.700,,0,75 07:45.929,3,0,0,0,67301,1,0,0,N,1,0,0,2,67301,0,,1,99,,N,N,N,0,,1,0,0,0,0,,2120,1,2,0,0,0,0,1,3,4,1,1,3,3.0,N,,,,,,,,,,,
2021088614,140.0,0,0,0,0,0,0,0,0,0,7,0,,67,9,2021,2,40.0027,-75.1618,140.0,6,0,0,0,0,0,0,0,0,,0,0,0,1,3,0,0,N,0,40 00:09.869,,0,75 09:42.465,0,0,0,0,67301,0,0,0,N,0,0,0,1,67301,0,,4,1,,N,N,N,0,,0,0,1,0,0,,140,0,1,0,0,0,0,0,3,4,0,1,3,,N,,,,,,,,,,,
2021098714,2155.0,0,0,0,0,0,0,0,0,0,4,0,,67,10,2021,7,40.0649,-75.0094,2153.0,6,0,0,0,0,0,0,1,0,,0,0,0,21,3,0,2,,1,40 03:53.543,1.0,0,75 00:33.914,0,0,0,0,67301,0,0,0,N,0,0,0,4,67301,0,,1,9,100.0,N,N,N,1,,0,0,0,3,3,Y,2152,0,2,0,0,0,0,0,3,4,1,2,4,4.0,N,,,,,,,,,,,
2021099849,1116.0,0,0,0,0,0,0,0,0,0,7,0,,67,10,2021,2,40.0001,-75.1779,1116.0,6,0,0,0,0,0,0,0,0,,0,0,0,15,8,0,2,,0,40 00:00.424,,0,75 10:40.450,0,0,0,0,67301,0,0,0,N,0,0,0,1,67301,0,,5,1,,N,N,N,0,,0,0,1,3,2,,1530,0,1,0,0,0,0,0,3,4,0,1,3,,N,,,,,,,,,,,
2021099389,1730.0,0,0,0,0,0,0,0,0,0,5,0,,67,10,2021,2,39.9766,-75.2049,1728.0,6,0,0,0,0,0,0,0,0,,0,0,0,17,4,1,0,N,0,39 58:35.850,,0,75 12:17.560,2,0,1,1,67301,0,0,0,N,0,0,0,2,67301,0,,1,1,,N,N,N,0,,0,1,1,0,0,,1724,1,2,0,0,0,0,0,3,4,0,2,3,3.0,N,,,,,,,,,,,
2021100288,806.0,0,0,0,0,0,0,0,0,0,7,0,,67,10,2021,4,40.0484,-75.0029,800.0,6,0,0,0,0,0,0,0,0,,0,0,0,8,1,1,3,,2,40 02:54.136,1.0,2,75 00:10.583,3,0,0,0,67301,0,0,0,N,0,0,0,1,67301,0,,4,1,900.0,N,N,N,0,,1,0,1,0,0,Y,800,1,1,0,0,0,0,0,3,4,0,1,3,3.0,N,,,,,,,,,,,
2021123115,,1,0,0,0,0,0,0,0,0,1,0,,67,11,2021,2,39.962,-75.1829,,6,0,0,0,0,0,1,0,0,,0,0,0,19,3,0,0,N,0,39 57:43.308,,0,75 10:58.605,0,0,0,0,67301,0,0,0,N,0,0,0,2,00000,0,,1,1,,N,N,N,0,,0,0,1,0,0,,1925,0,2,0,0,0,0,0,3,4,0,2,3,,N,,,,,,,,,,,
2021102528,1936.0,0,0,0,0,0,0,0,0,0,8,0,,67,10,2021,2,39.9859,-75.1661,1933.0,6,0,0,0,0,0,0,0,0,,0,0,0,19,3,1,1,,0,39 59:09.409,,0,75 09:58.013,4,0,0,0,67301,1,0,0,N,1,0,0,2,67301,1,,1,9,,N,N,N,0,,0,0,0,3,2,,1933,1,2,0,0,0,0,0,3,4,1,1,7,5.0,N,,,,,,,,,,,
2021101471,750.0,0,0,0,0,0,0,0,0,0,7,0,,67,10,2021,7,40.0962,-75.0052,739.0,6,0,0,0,0,0,0,0,0,,0,0,0,6,5,0,0,N,0,40 05:46.460,,0,75 00:18.870,0,0,0,0,67301,0,0,0,N,0,0,0,1,67301,0,,5,99,,N,N,N,0,,0,0,1,0,0,,615,0,1,0,0,0,0,0,3,4,0,1,99,4.0,N,,,,,,,,,,,
2021101568,2302.0,1,0,0,0,0,0,0,0,0,5,0,,67,10,2021,7,39.9554,-75.148,2302.0,6,0,0,0,0,0,0,0,0,,0,0,0,23,3,0,0,N,0,39 57:19.480,,2,75 08:52.805,0,0,0,0,67301,0,0,0,N,0,0,0,3,67501,0,,1,1,,N,N,N,0,,0,0,1,0,0,,2302,0,2,0,0,0,0,0,3,4,0,2,3,,N,,,,,,,,,,,
2021100617,640.0,2,0,0,0,0,0,0,0,0,5,0,,67,10,2021,3,40.0698,-75.0695,639.0,6,0,0,0,0,0,0,0,0,,0,0,0,6,5,0,0,N,1,40 04:11.262,6.0,0,75 04:10.371,0,0,0,0,67301,0,0,0,N,0,0,0,1,67301,0,,6,1,655.0,N,N,N,0,,0,0,1,0,0,N,610,0,4,0,0,1,0,0,3,4,1,4,3,3.0,N,,,,,,,,,,,
2021100044,1620.0,2,0,0,0,0,0,0,0,0,4,0,,67,10,2021,7,40.0031,-75.1773,1615.0,6,0,0,0,0,0,1,0,0,,0,0,0,16,1,1,1,,0,40 00:11.177,,0,75 10:38.108,3,0,0,0,67301,0,0,0,N,0,0,0,2,67301,0,,1,1,,N,N,N,0,,1,0,0,3,2,,1612,1,2,0,0,0,0,0,3,4,0,2,4,4.0,N,,,,,,,,,,,
2021097941,1922.0,0,0,0,0,0,0,0,0,0,8,0,,67,10,2021,2,40.0767,-75.1703,1915.0,6,0,0,0,0,0,0,0,0,,0,0,0,19,2,1,1,,0,40 04:36.267,,0,75 10:13.036,3,0,0,0,67301,1,0,0,N,1,0,0,2,67301,0,,1,1,,N,N,N,0,,1,0,1,3,3,,1911,1,2,0,0,0,0,0,3,4,0,1,3,,N,,,,,,,,,,,
2021098277,1437.0,1,0,0,0,0,0,0,0,0,1,0,,67,10,2021,5,39.9494,-75.1417,1426.0,6,0,0,0,0,0,0,0,0,,0,0,0,14,1,1,0,N,0,39 56:57.920,,2,75 08:30.158,8,0,0,0,67301,0,0,0,N,0,0,0,3,68K01,0,,1,1,,N,N,N,1,,0,0,0,0,0,,1422,1,2,0,0,0,1,0,3,4,0,2,3,3.0,N,,,,,,,,,,,
2021095419,510.0,1,0,0,0,0,0,0,0,0,6,0,,67,10,2021,6,39.9953,-75.1579,504.0,6,0,0,0,1,0,0,0,0,,0,0,0,5,3,0,0,N,0,39 59:43.190,,0,75 09:28.440,0,0,0,0,67301,0,0,0,N,0,0,0,1,67301,0,,6,1,,N,N,N,1,,0,0,0,0,0,,500,0,2,0,0,1,0,0,3,4,0,2,3,,N,,,,,,,,,,,
2021098599,1110.0,0,0,0,0,0,0,0,0,0,1,0,,67,10,2021,3,39.9437,-75.1654,1105.0,6,0,0,0,0,0,1,0,0,,0,0,0,10,1,2,1,,0,39 56:37.148,,0,75 09:55.602,4,0,0,0,67301,0,0,0,N,0,0,0,3,67301,2,,1,1,,N,N,N,1,,0,0,1,3,2,,1000,2,2,0,0,0,0,0,3,4,0,2,4,4.0,N,,,,,,,,,,,
2021096862,1655.0,2,0,0,0,0,0,0,0,0,4,0,,67,10,2021,1,40.0428,-75.0631,1650.0,6,0,0,0,0,0,0,0,0,,0,0,0,16,1,2,1,,0,40 02:34.113,,0,75 03:47.339,3,0,0,0,67301,0,0,0,N,0,0,0,3,67301,0,,1,9,,N,N,N,0,,2,0,1,3,2,,1630,2,3,0,0,0,0,0,3,4,0,3,7,7.0,N,,,,,,,,,,,
2021098313,1742.0,0,0,0,1,0,0,0,0,0,4,0,,67,10,2021,6,39.9861,-75.1422,1742.0,6,0,0,0,0,0,0,0,0,,0,0,0,17,1,1,1,,0,39 59:09.958,,0,75 08:31.793,8,0,0,0,67301,1,0,0,N,0,0,0,2,67301,0,,1,1,,N,N,N,0,,0,0,0,3,3,,1730,1,2,0,0,0,1,0,3,4,0,1,3,3.0,N,,,,,,,,,,,
2021102835,2222.0,2,0,0,0,0,0,0,0,0,5,0,,67,10,2021,7,40.0045,-75.1395,2217.0,6,0,0,0,0,0,1,0,0,,0,0,0,21,3,0,0,N,0,40 00:16.100,,0,75 08:22.300,0,0,0,0,67301,0,0,0,N,0,0,0,1,67301,0,,6,9,,N,N,N,0,,0,0,0,0,0,,2144,0,2,0,0,0,0,0,3,4,0,2,7,,N,,,,,,,,,,,
2021097918,1827.0,0,0,0,0,0,0,0,0,0,8,0,,67,10,2021,4,39.9681,-75.1601,1827.0,6,0,0,0,0,0,1,0,0,,0,0,0,17,4,1,2,,0,39 58:05.658,,0,75 09:36.812,3,0,0,0,67301,1,0,0,N,1,0,0,2,67301,0,,1,1,,N,N,N,0,,1,0,1,0,0,,1710,1,2,0,0,1,0,0,3,4,0,1,3,3.0,N,,,,,,,,,,,
2021097547,1831.0,1,0,0,0,0,0,0,0,0,8,0,,67,10,2021,4,40.0309,-75.1667,1830.0,6,0,0,0,0,0,1,0,0,,0,0,0,18,3,1,2,,2,40 01:51.238,5.0,0,75 09:59.999,3,0,0,0,67301,1,0,0,N,1,0,0,2,67301,0,,1,1,1845.0,N,N,N,0,,1,0,0,0,0,Y,1830,1,2,0,0,1,0,0,3,4,0,1,3,3.0,N,,,,,,,,,,,
2021089936,1523.0,1,0,0,0,0,0,0,0,0,5,0,,67,9,2021,4,40.0289,-75.205,1516.0,6,0,0,0,1,1,1,0,0,,0,0,0,15,1,0,0,N,0,40 01:44.063,,0,75 12:17.847,0,0,0,0,67301,0,0,0,N,0,0,0,6,67301,0,,1,1,,N,N,N,0,,0,0,3,0,0,,1500,0,4,0,0,0,0,0,3,4,0,4,3,3.0,N,,,,,,,,,,,
2021092346,1655.0,0,0,0,0,0,0,0,0,0,8,0,,67,9,2021,7,39.9563,-75.2395,1650.0,6,0,0,0,0,0,1,0,0,,0,0,0,16,1,2,0,N,0,39 57:22.560,,0,75 14:22.270,3,0,0,0,67301,2,0,0,N,2,0,0,3,67301,0,,1,1,,N,N,N,0,,2,0,1,0,0,,1636,2,3,0,0,0,0,0,3,4,0,1,3,3.0,N,,,,,,,,,,,
2021090672,1740.0,0,0,0,0,0,0,0,0,0,4,0,,67,9,2021,2,39.9693,-75.1846,1728.0,6,0,0,0,0,0,0,0,0,,0,0,0,17,1,1,1,,2,39 58:09.095,4.0,0,75 11:04.050,2,0,1,1,67301,0,0,0,N,0,0,0,3,67301,0,,1,1,100.0,N,N,N,0,,0,1,1,3,2,Y,1715,1,2,0,0,0,0,0,3,4,0,2,3,3.0,N,,,,,,,,,,,
2021117436,,1,0,0,0,0,0,0,0,0,4,0,,67,9,2021,4,39.9416,-75.2202,,6,0,0,0,0,0,0,0,0,,0,0,0,19,1,1,1,,0,39 56:29.823,,0,75 13:12.601,8,0,0,0,67301,0,0,0,N,0,0,0,2,00000,0,,1,1,,N,N,N,0,,0,0,1,3,2,,1930,1,2,0,0,0,1,0,3,4,0,2,3,,N,,,,,,,,,,,
2021117475,,1,0,0,0,0,0,0,0,0,1,0,,67,9,2021,3,40.1065,-74.9989,,6,0,0,0,0,0,1,0,0,,0,0,0,11,1,1,2,,0,40 06:23.287,,0,74 59:55.982,8,0,0,0,67301,0,0,0,N,0,0,0,2,00000,0,,1,1,,N,N,N,0,,0,0,1,3,2,,1140,1,2,0,0,0,1,0,3,4,0,2,3,,N,,,,,,,,,,,
2021105506,,1,0,0,0,0,0,0,0,0,1,0,,67,9,2021,2,,,,6,0,0,0,0,0,0,1,0,,0,0,0,11,1,1,0,N,0,,,0,,4,0,0,0,67301,0,0,0,N,0,0,0,3,00000,1,,1,1,,N,N,N,0,,0,0,1,0,0,,1100,1,2,0,0,0,0,0,3,3,0,2,3,,N,,,,,,,,,,,
2021119803,,1,0,1,0,0,0,0,0,0,4,0,,67,9,2021,5,39.9042,-75.1646,,6,0,0,0,0,0,2,0,0,,0,0,0,10,1,1,1,,0,39 54:15.296,,0,75 09:52.687,2,0,0,0,67301,0,0,0,N,0,0,0,2,00000,0,,1,1,,N,N,N,0,,0,1,0,3,2,,1030,1,2,0,0,0,0,0,3,4,1,2,3,,N,,,,,,,,,,,
2021090821,959.0,1,0,0,0,0,0,0,0,0,1,0,,67,9,2021,5,39.961,-75.1499,957.0,6,0,0,0,0,0,1,0,0,,0,0,0,9,1,1,0,Y,0,39 57:39.530,,0,75 08:59.660,3,0,0,0,67301,0,0,0,N,0,0,0,2,67301,0,,1,1,,N,N,N,0,,1,0,1,3,2,,955,1,2,0,0,0,0,0,3,4,0,2,4,4.0,N,,,,,,,,,,,
2021091947,1541.0,2,0,0,0,0,0,0,0,0,1,0,,67,9,2021,7,39.9848,-75.0949,1532.0,6,0,0,0,0,0,2,0,0,,0,0,0,15,1,2,0,N,2,39 59:05.153,1.0,0,75 05:41.620,3,0,0,0,67301,0,0,0,N,0,0,0,5,68K01,0,,1,1,1615.0,N,N,N,0,,2,0,1,0,0,N,1523,2,3,0,0,0,0,0,3,4,0,3,3,,N,,,,,,,,,,,
2021091340,1106.0,1,0,0,0,0,0,0,0,0,5,0,,67,9,2021,1,40.0097,-75.0661,1103.0,6,0,0,0,0,0,0,0,0,,0,0,0,11,1,1,0,N,2,40 00:35.040,2.0,0,75 03:58.070,8,0,0,0,67301,0,0,0,N,0,0,0,4,67301,0,,6,1,1309.0,N,N,Y,0,,0,0,3,0,0,N,1102,1,4,0,0,1,1,2,3,4,0,4,3,,N,,,,,,,,,,,
2021092885,855.0,1,0,0,0,0,0,0,0,0,5,0,25.0,67,9,2021,1,39.9805,-75.1046,849.0,6,0,0,0,0,0,1,0,0,,0,0,0,8,1,0,0,N,0,39 58:49.899,,0,75 06:16.529,0,0,0,0,67301,0,0,0,N,0,0,0,2,68K01,0,,1,1,,N,N,N,0,,0,0,1,0,0,,841,0,2,0,0,0,0,0,3,4,0,2,3,,Y,4.0,1.0,N,,,N,,,,Y,N
2021096792,702.0,1,0,0,0,0,0,0,0,0,7,0,,67,9,2021,2,39.9717,-75.1933,651.0,6,0,0,0,0,0,0,0,0,,0,0,0,6,1,1,7,,2,39 58:18.224,4.0,2,75 11:35.996,3,0,0,0,67301,0,0,0,N,0,0,0,1,68K01,0,,7,1,707.0,N,N,N,0,,1,0,0,0,0,N,649,1,1,0,0,0,0,0,3,4,0,1,3,,N,,,,,,,,,,,
2021093609,1920.0,0,0,0,0,0,0,0,0,0,4,0,,67,9,2021,2,39.993,-75.1103,1920.0,6,0,0,0,0,0,1,0,0,,0,0,0,18,1,2,1,,0,39 59:34.645,,0,75 06:36.928,4,0,0,0,67301,0,0,0,N,0,0,0,4,67301,2,,1,1,,N,N,N,1,,0,0,2,3,2,,1820,2,3,0,0,4,0,2,3,4,0,3,3,,N,,,,,,,,,,,
2021105503,,0,0,0,0,0,0,1,0,0,5,1,,67,9,2021,6,39.9989,-75.1669,,6,0,0,0,0,0,1,0,0,,0,0,0,13,1,2,0,N,0,39 59:56.200,,0,75 10:00.800,8,0,0,0,67301,0,0,0,N,0,0,0,3,00000,0,,1,1,,N,N,N,0,,0,0,1,0,0,,1330,2,2,0,0,0,2,0,3,4,0,2,3,,N,,,,,,,,,,,
2021105695,,2,0,0,0,0,0,0,0,0,1,0,,67,9,2021,2,40.0085,-75.0722,,6,0,0,0,0,0,0,0,0,,0,0,0,16,1,3,0,Y,0,40 00:30.666,,0,75 04:19.741,8,0,0,0,67301,0,0,0,N,0,0,0,4,00000,0,,1,1,,N,N,N,0,,0,0,0,3,2,,1600,3,2,0,0,0,3,0,3,4,0,2,3,,N,,,,,,,,,,,
2021099850,1220.0,0,0,0,0,0,0,0,0,0,5,0,,67,10,2021,3,40.0149,-75.1562,1220.0,6,0,0,0,0,0,1,0,0,,0,0,0,12,1,0,0,N,0,40 00:53.540,,0,75 09:22.318,0,0,0,0,67301,0,0,0,N,0,0,0,3,67301,0,,1,1,,N,Y,N,1,,0,0,0,0,0,,1220,0,2,0,0,0,0,0,3,4,1,2,3,3.0,N,,,,,,,,,,,
2021099352,342.0,1,0,0,0,0,0,0,0,0,1,0,,67,10,2021,1,40.0458,-75.0772,338.0,6,0,0,0,0,0,0,0,0,,0,0,0,3,3,0,0,N,2,40 02:45.040,3.0,0,75 04:38.070,9,0,0,0,67301,0,0,0,N,0,0,0,1,67301,0,,6,1,448.0,N,N,N,0,,0,0,2,0,0,Y,335,0,3,0,0,0,0,1,3,4,0,3,3,3.0,N,,,,,,,,,,,
2021104126,1502.0,1,0,0,0,0,0,0,0,0,8,0,,67,10,2021,3,40.0564,-75.0751,1457.0,6,0,0,0,0,0,0,0,0,,0,0,0,14,1,1,1,,0,40 03:22.903,,0,75 04:30.486,8,0,0,0,67301,1,0,0,N,1,0,0,2,67301,0,,1,1,,N,Y,N,0,,0,0,0,3,2,,1453,1,2,0,0,0,1,0,3,4,0,1,3,3.0,N,,,,,,,,,,,
2021101220,1759.0,0,0,0,0,0,0,0,0,0,8,0,,67,10,2021,5,39.9215,-75.1473,1750.0,6,0,0,0,0,0,0,0,0,,0,0,0,17,1,2,1,,0,39 55:17.340,,0,75 08:50.248,3,0,0,0,67301,1,0,0,N,1,0,0,2,67301,0,,1,1,,N,N,N,0,,2,0,0,3,3,,1748,2,2,0,0,1,0,0,3,4,1,1,3,3.0,N,,,,,,,,,,,
2021100600,1255.0,1,0,0,0,0,0,0,0,0,4,0,,67,10,2021,4,39.9746,-75.1992,1240.0,6,0,0,0,0,0,0,0,0,,0,0,0,12,1,0,1,,0,39 58:28.663,,2,75 11:57.118,0,0,0,0,67301,0,0,0,N,0,0,0,2,67301,0,,1,1,,N,N,N,0,,0,0,1,3,2,,1205,0,2,0,0,0,0,0,3,4,0,2,3,3.0,N,,,,,,,,,,,
2021100697,1519.0,0,0,0,0,0,0,0,0,0,4,0,,67,10,2021,7,39.9453,-75.2295,1519.0,6,0,1,0,0,0,0,0,0,,0,0,0,15,1,1,1,,1,39 56:43.086,4.0,0,75 13:46.506,3,0,0,0,67301,0,0,0,N,0,0,0,2,67301,0,,1,1,1700.0,N,N,N,0,,1,0,1,3,2,N,1519,1,2,0,0,1,0,0,3,4,1,2,3,3.0,N,,,,,,,,,,,
2021098184,1525.0,1,0,0,0,0,0,0,0,0,8,0,,67,10,2021,5,40.0358,-75.0427,1520.0,6,0,0,0,0,0,0,0,0,,0,0,0,15,1,1,0,N,0,40 02:08.775,,0,75 02:33.690,8,0,0,0,67301,1,0,0,N,1,0,0,2,67301,0,,1,1,,N,N,N,0,,0,0,1,0,0,,1509,1,3,0,0,1,1,0,3,4,0,2,3,3.0,N,,,,,,,,,,,
2021097546,519.0,1,0,0,0,0,0,0,0,0,5,0,,67,10,2021,3,39.9624,-75.1749,518.0,6,0,0,0,0,0,0,0,0,,0,0,0,5,3,0,0,N,1,39 57:44.730,1.0,0,75 10:29.460,0,0,0,0,67301,0,0,0,N,0,0,0,2,67301,0,,6,1,645.0,N,N,N,0,,0,0,1,0,0,N,515,0,2,0,0,0,0,0,3,4,0,2,3,3.0,N,,,,,,,,,,,
2021097917,2000.0,1,0,0,0,0,0,0,0,0,4,0,,67,10,2021,5,39.96,-75.1926,1953.0,6,0,0,0,0,0,0,0,0,,0,0,0,18,1,0,1,,1,39 57:36.079,4.0,0,75 11:33.233,0,0,0,0,67301,0,0,0,N,0,0,0,2,67507,0,,1,1,840.0,N,N,N,0,,0,0,1,3,2,N,1810,0,2,0,0,1,0,0,3,4,0,2,3,,N,,,,,,,,,,,
2021097928,2114.0,1,0,0,0,0,0,0,0,0,5,0,,67,10,2021,3,39.9528,-75.2406,2109.0,6,0,0,0,0,0,1,0,0,,0,0,0,20,3,0,0,N,0,39 57:10.250,,0,75 14:26.330,9,0,0,0,67301,0,0,0,N,0,0,0,1,67301,0,,6,1,,N,N,N,0,,0,0,3,0,0,,2055,0,4,0,0,0,0,1,3,4,0,4,3,,N,,,,,,,,,,,
2021128282,1800.0,2,0,0,0,0,0,0,0,0,4,0,,67,12,2021,2,40.018,-75.097,1758.0,6,0,0,0,0,0,0,1,0,,0,0,0,17,3,1,12,,0,40 01:04.736,,0,75 05:49.156,3,0,0,0,67301,0,0,0,N,0,0,0,3,67301,0,,1,9,,N,N,N,0,,1,0,0,3,4,,1754,1,2,0,0,0,0,0,3,4,0,2,7,,N,,,,,,,,,,,
2021097079,2113.0,2,0,0,0,0,0,0,0,0,4,0,,67,10,2021,2,40.0366,-75.1372,2113.0,6,0,0,0,0,0,1,0,0,,0,0,0,16,1,1,1,,0,40 02:11.641,,0,75 08:13.966,8,0,0,0,67301,0,0,0,N,0,0,0,2,67301,0,,1,1,,N,N,Y,0,,0,0,0,3,3,,1630,1,2,0,0,0,1,0,3,4,0,2,3,,N,,,,,,,,,,,
2021091096,1057.0,2,0,0,0,0,0,0,0,0,5,0,,67,9,2021,5,40.0271,-75.0927,1050.0,6,0,0,0,0,1,1,1,0,,0,0,0,10,1,0,0,N,1,40 01:37.226,1.0,0,75 05:34.133,9,0,0,0,67301,0,0,0,N,0,0,0,4,67301,0,,1,1,1300.0,N,N,N,0,,0,0,0,0,0,N,1038,0,4,0,0,1,0,1,3,4,1,4,4,4.0,N,,,,,,,,,,,
2021117458,,1,0,0,0,0,0,0,0,0,4,0,,67,9,2021,6,40.0314,-75.1548,,6,0,0,0,0,0,0,0,0,,0,0,0,6,1,1,1,,0,40 01:53.219,,0,75 09:17.182,3,0,0,0,67301,0,0,0,N,0,0,0,2,00000,0,,1,9,,N,N,N,0,,1,0,1,3,2,,620,1,2,0,0,0,0,0,3,4,0,2,3,,N,,,,,,,,,,,
2021096939,1810.0,0,0,0,0,0,0,0,0,0,1,0,,67,9,2021,2,40.0118,-75.1343,1809.0,6,0,0,0,0,0,0,0,0,,0,0,0,18,1,2,3,,0,40 00:42.487,,0,75 08:03.551,4,0,0,0,67301,0,0,0,N,0,0,0,4,67301,2,,1,1,,N,N,N,0,,0,0,1,3,3,,1804,2,2,0,0,0,0,0,3,4,1,2,3,3.0,N,,,,,,,,,,,
2021094123,910.0,2,0,0,0,0,0,0,0,0,4,0,,67,9,2021,6,40.0088,-75.1225,850.0,6,0,0,0,0,0,0,0,0,,0,0,0,8,1,0,0,N,0,40 00:31.603,,7,75 07:21.149,0,0,0,0,67301,0,0,0,N,0,0,0,2,67301,0,,1,1,,N,N,N,0,,0,0,0,0,0,,850,0,2,0,0,0,0,0,3,4,0,2,3,3.0,N,,,,,,,,,,,
2021090959,843.0,1,0,0,0,0,0,0,0,0,4,0,,67,9,2021,2,39.9622,-75.1913,840.0,6,0,0,0,0,1,0,0,0,,0,0,0,8,1,0,1,,0,39 57:43.801,,0,75 11:28.582,0,0,0,0,67301,0,0,0,N,0,0,0,2,67507,0,,1,1,,N,N,N,0,,0,0,1,3,2,,840,0,2,0,0,0,0,0,3,4,0,2,3,,N,,,,,,,,,,,