CRN,ARRIVAL_TM,AUTOMOBILE_COUNT,BELTED_DEATH_COUNT,BELTED_SUSP_SERIOUS_INJ_COUNT,BICYCLE_COUNT,BICYCLE_DEATH_COUNT,BICYCLE_SUSP_SERIOUS_INJ_COUNT,BUS_COUNT,CHLDPAS_DEATH_COUNT,CHLDPAS_SUSP_SERIOUS_INJ_COUNT,COLLISION_TYPE,COMM_VEH_COUNT,CONS_ZONE_SPD_LIM,COUNTY,CRASH_MONTH,CRASH_YEAR,DAY_OF_WEEK,DEC_LAT,DEC_LONG,DISPATCH_TM,DISTRICT,DRIVER_COUNT_16YR,DRIVER_COUNT_17YR,DRIVER_COUNT_18YR,DRIVER_COUNT_19YR,DRIVER_COUNT_20YR,DRIVER_COUNT_50_64YR,DRIVER_COUNT_65_74YR,DRIVER_COUNT_75PLUS,EST_HRS_CLOSED,FATAL_COUNT,HEAVY_TRUCK_COUNT,HORSE_BUGGY_COUNT,HOUR_OF_DAY,ILLUMINATION,INJURY_COUNT,INTERSECT_TYPE,INTERSECTION_RELATED,LANE_CLOSED,LATITUDE,LN_CLOSE_DIR,LOCATION_TYPE,LONGITUDE,MAX_SEVERITY_LEVEL,MCYCLE_DEATH_COUNT,MCYCLE_SUSP_SERIOUS_INJ_COUNT,MOTORCYCLE_COUNT,MUNICIPALITY,NONMOTR_COUNT,NONMOTR_DEATH_COUNT,NONMOTR_SUSP_SERIOUS_INJ_COUNT,NTFY_HIWY_MAINT,PED_COUNT,PED_DEATH_COUNT,PED_SUSP_SERIOUS_INJ_COUNT,PERSON_COUNT,POLICE_AGCY,POSSIBLE_INJ_COUNT,RDWY_SURF_TYPE_CD,RELATION_TO_ROAD,ROAD_CONDITION,ROADWAY_CLEARED,SCH_BUS_IND,SCH_ZONE_IND,SECONDARY_CRASH,SMALL_TRUCK_COUNT,SPEC_JURIS_CD,SUSP_MINOR_INJ_COUNT,SUSP_SERIOUS_INJ_COUNT,SUV_COUNT,TCD_FUNC_CD,TCD_TYPE,TFC_DETOUR_IND,TIME_OF_DAY,TOT_INJ_COUNT,TOTAL_UNITS,UNB_DEATH_COUNT,UNB_SUSP_SERIOUS_INJ_COUNT,UNBELTED_OCC_COUNT,UNK_INJ_DEG_COUNT,UNK_INJ_PER_COUNT,URBAN_AREA,URBAN_RURAL,VAN_COUNT,VEHICLE_COUNT,WEATHER1,WEATHER2,WORK_ZONE_IND,WORK_ZONE_LOC,WORK_ZONE_TYPE,WORKERS_PRES,WZ_CLOSE_DETOUR,WZ_FLAGGER,WZ_LAW_OFFCR_IND,WZ_LN_CLOSURE,WZ_MOVING,WZ_OTHER,WZ_SHLDER_MDN,WZ_WORKERS_INJ_KILLED
2021093015,813.0,1,0,0,1,0,0,0,0,0,4,0,,67,9,2021,6,39.957,-75.1692,812.0,6,0,0,0,0,0,0,0,0,,0,0,0,8,1,1,5,,0,39 57:25.004,,0,75 10:09.709,8,0,0,0,67301,1,0,0,N,0,0,0,2,67301,0,,1,1,,N,N,N,0,,0,0,0,3,2,,810,1,2,0,0,0,1,0,3,4,0,1,3,3.0,N,,,,,,,,,,,
2021088612,18.0,0,0,0,0,0,0,0,0,0,5,0,,67,9,2021,1,40.0078,-75.1549,15.0,6,0,0,0,0,0,0,0,0,,0,0,0,23,3,0,0,N,2,40 00:28.200,1.0,0,75 09:17.490,0,0,0,0,67301,0,0,0,N,0,0,0,1,67301,0,,6,1,120.0,N,N,N,1,,0,0,3,0,0,N,2350,0,5,0,0,0,0,0,3,4,1,5,3,,N,,,,,,,,,,,
2021088541,558.0,1,0,0,0,0,0,0,0,0,4,0,,67,9,2021,1,39.9429,-75.2268,554.0,6,0,0,0,0,0,0,0,0,,0,0,0,5,3,1,1,,0,39 56:34.598,,0,75 13:36.458,3,0,0,0,67301,0,0,0,N,0,0,0,2,67301,0,,1,1,,N,N,N,0,,1,0,1,3,2,,540,1,2,0,0,0,0,0,3,4,0,2,3,3.0,N,,,,,,,,,,,
2021092556,1615.0,3,0,0,0,0,0,0,0,0,5,0,,67,9,2021,2,40.029,-75.1458,1610.0,6,0,0,0,0,0,1,1,0,,0,0,0,15,1,2,0,N,2,40 01:44.360,6.0,0,75 08:44.750,3,0,0,0,67301,0,0,0,N,0,0,0,3,67301,0,,1,1,100.0,N,N,N,0,,2,0,0,0,0,N,1550,2,3,0,0,0,0,0,3,4,0,3,3,3.0,N,,,,,,,,,,,
2021092925,1019.0,2,0,0,0,0,0,0,0,0,4,0,,67,9,2021,1,39.9716,-75.2428,1018.0,6,0,0,0,0,0,0,0,0,,0,0,0,10,1,0,1,,0,39 58:17.779,,0,75 14:34.148,0,0,0,0,67301,0,0,0,N,0,0,0,2,67301,0,,1,1,,N,N,N,0,,0,0,0,3,2,,1017,0,2,0,0,0,0,0,3,4,0,2,3,3.0,N,,,,,,,,,,,
2021098654,2130.0,0,0,0,0,0,0,0,0,0,8,0,,67,10,2021,7,39.9593,-75.1599,2120.0,6,0,0,0,0,0,0,0,0,,0,0,0,20,3,1,1,,0,39 57:33.533,,0,75 09:35.619,8,0,0,0,67301,1,0,0,N,1,0,0,2,67301,0,,1,9,,N,N,N,0,,0,0,1,3,2,,2000,1,2,0,0,1,1,1,3,4,0,1,7,,N,,,,,,,,,,,
2021098610,617.0,2,0,0,0,0,0,0,0,0,5,0,,67,10,2021,1,40.0607,-75.0826,610.0,6,0,0,0,0,0,2,0,0,,0,0,0,6,3,0,0,N,0,40 03:38.423,,0,75 04:57.260,0,0,0,0,67301,0,0,0,N,0,0,0,4,67301,0,,1,1,,N,N,N,0,,0,0,1,3,2,,600,0,3,0,0,0,0,0,3,4,0,3,4,4.0,N,,,,,,,,,,,
2021101326,53.0,3,0,0,0,0,0,0,0,0,5,0,,67,10,2021,1,40.0308,-75.1328,50.0,6,0,0,0,0,0,0,0,0,,0,0,0,0,3,0,0,N,2,40 01:50.920,2.0,0,75 07:58.020,0,0,0,0,67301,0,0,0,N,0,0,0,1,67301,0,,6,1,215.0,N,N,N,0,,0,0,4,0,0,Y,49,0,8,0,0,0,0,0,3,4,1,8,3,3.0,N,,,,,,,,,,,
2021107715,2100.0,2,0,0,0,0,0,0,0,0,1,0,,67,10,2021,1,39.9461,-75.1896,2056.0,6,0,0,0,0,0,0,0,0,,0,0,0,20,3,0,6,,0,39 56:45.818,,2,75 11:22.661,0,0,0,0,67301,0,0,0,N,0,0,0,3,68K01,0,,7,1,,N,N,N,0,,0,0,0,0,0,,2047,0,3,0,0,0,0,0,3,4,0,3,3,,N,,,,,,,,,,,
2021101380,1748.0,1,0,0,0,0,0,0,0,0,4,0,,67,10,2021,6,39.9037,-75.2432,1748.0,6,0,0,0,0,0,0,0,0,,0,0,0,17,3,6,1,,2,39 54:13.285,7.0,0,75 14:35.660,2,0,0,0,67301,0,0,0,N,0,0,0,7,67301,4,,1,1,2300.0,N,N,Y,0,,1,1,2,3,2,Y,1748,6,3,0,0,0,0,0,3,4,0,3,3,3.0,N,,,,,,,,,,,
2021096009,2246.0,1,0,0,0,0,0,0,0,0,7,0,,67,10,2021,7,39.9124,-75.174,2244.0,6,0,0,0,0,0,0,0,0,,0,0,0,22,3,0,7,,2,39 54:44.800,3.0,8,75 10:26.300,0,0,0,0,67301,0,0,0,N,0,0,0,1,67501,0,,7,1,2330.0,N,N,N,0,,0,0,0,0,0,Y,2244,0,1,0,0,0,0,0,3,4,0,1,3,3.0,N,,,,,,,,,,,
2021097078,2110.0,2,0,0,0,0,0,0,0,0,1,0,,67,10,2021,7,40.0358,-75.1239,2110.0,6,0,0,0,1,0,0,0,0,,0,0,0,19,3,0,0,N,0,40 02:08.740,,0,75 07:25.900,9,0,0,0,67301,0,0,0,N,0,0,0,3,67301,0,,1,1,,N,N,N,0,,0,0,1,0,0,,1911,0,3,0,0,0,0,1,3,4,0,3,3,3.0,N,,,,,,,,,,,
2021098005,1147.0,1,0,0,0,0,0,0,0,0,4,0,,67,10,2021,5,40.1317,-75.0122,1147.0,6,0,0,0,0,0,0,0,0,,0,0,0,11,1,2,1,,1,40 07:53.962,1.0,0,75 00:43.919,3,0,0,0,67301,0,0,0,N,0,0,0,2,67301,0,,1,1,1155.0,N,N,N,0,,2,0,1,3,2,N,1147,2,2,0,0,0,0,0,3,4,0,2,3,3.0,N,,,,,,,,,,,
2021101463,1425.0,0,0,0,1,0,0,0,0,0,4,0,,67,10,2021,7,39.9651,-75.2055,1425.0,6,0,0,0,0,0,0,0,0,,0,0,0,14,1,1,1,,0,39 57:54.349,,0,75 12:19.677,3,0,0,0,67301,1,0,0,N,0,0,0,2,67301,0,,1,1,,N,N,N,0,,1,0,0,3,2,,1400,1,2,0,0,0,0,0,3,4,1,1,3,3.0,N,,,,,,,,,,,
2021117409,,1,0,0,0,0,0,0,0,0,4,0,,67,9,2021,2,39.9985,-75.1293,,6,0,0,0,0,0,0,0,0,,0,0,0,17,1,2,1,,0,39 59:54.633,,0,75 07:45.412,8,0,0,0,67301,0,0,0,N,0,0,0,3,00000,0,,1,1,,N,N,N,1,,0,0,0,3,2,,1715,2,2,0,0,0,2,0,3,4,0,2,3,,N,,,,,,,,,,,
2021092685,1619.0,2,0,0,0,0,0,0,0,0,5,0,,67,9,2021,2,39.9496,-75.2352,1617.0,6,1,0,0,0,0,0,0,0,,0,0,0,16,1,0,0,N,0,39 56:58.720,,0,75 14:06.850,9,0,0,0,67301,0,0,0,N,0,0,0,1,67301,0,,6,1,,N,N,N,1,,0,0,0,0,0,,1615,0,3,0,0,0,0,1,3,4,0,3,3,3.0,N,,,,,,,,,,,
2021090668,1626.0,1,0,0,0,0,0,0,0,0,1,0,,67,9,2021,7,39.9549,-75.1456,1622.0,6,0,0,0,0,0,1,0,0,,0,0,0,16,1,2,0,N,2,39 57:17.800,4.0,3,75 08:44.000,3,0,0,0,67301,0,0,0,N,0,0,0,5,67501,0,,1,1,1630.0,N,N,N,0,,2,0,2,0,0,N,1621,2,3,0,0,0,0,0,3,4,0,3,3,3.0,N,,,,,,,,,,,
2021088082,1600.0,2,0,0,0,0,0,0,0,0,4,0,,67,9,2021,7,40.0588,-75.0506,1554.0,6,1,0,0,0,0,0,0,0,,0,0,0,15,1,3,1,,0,40 03:31.504,,0,75 03:02.099,3,0,0,0,67301,0,0,0,N,0,0,0,3,67301,0,,1,1,,N,N,N,0,,3,0,0,3,3,,1534,3,2,0,0,0,0,0,3,4,0,2,3,3.0,N,,,,,,,,,,,
2021088367,35.0,2,0,0,0,0,0,0,0,0,6,0,,67,9,2021,7,40.0267,-75.1284,26.0,6,0,0,0,0,0,1,0,0,,0,0,0,23,3,0,0,N,0,40 01:36.230,,0,75 07:42.350,9,0,0,0,67301,0,0,0,N,0,0,0,1,67301,0,,1,1,,N,N,N,0,,0,0,0,0,0,,2350,0,2,0,0,0,0,1,3,4,0,2,3,3.0,N,,,,,,,,,,,
2021089952,1650.0,1,0,0,0,0,0,0,0,0,3,0,,67,9,2021,4,39.9538,-75.2331,1645.0,6,0,0,0,0,0,0,0,0,,0,0,0,16,1,2,0,N,1,39 57:13.740,6.0,0,75 13:59.100,3,0,0,0,67301,1,0,0,N,0,0,0,2,67301,0,,6,1,2000.0,N,N,N,0,,2,0,2,0,0,N,1640,2,3,0,0,0,0,0,3,4,0,3,3,3.0,N,,,,,,,,,,,
2021092886,917.0,1,0,0,0,0,0,0,0,0,5,0,,67,9,2021,1,39.961,-75.1406,917.0,6,0,0,0,0,0,1,0,0,,0,0,0,9,1,1,0,N,1,39 57:39.444,2.0,2,75 08:26.170,3,0,0,0,67301,0,0,0,N,0,0,0,2,68K01,0,,1,1,922.0,N,N,N,0,,1,0,1,0,0,N,915,1,2,0,0,0,0,0,3,4,0,2,3,3.0,N,,,,,,,,,,,
2021115278,545.0,1,0,0,0,0,0,0,0,0,2,0,,67,9,2021,3,40.0424,-75.2263,543.0,6,0,0,0,0,0,0,0,0,,0,0,0,5,3,1,2,,1,40 02:32.735,1.0,0,75 13:34.636,3,0,0,0,67301,0,0,0,N,0,0,0,3,67301,0,,1,1,600.0,N,N,N,0,,1,0,2,3,2,N,542,1,3,0,0,1,0,1,3,4,0,3,3,,N,,,,,,,,,,,
2021090858,1030.0,0,0,0,0,0,0,0,0,0,5,0,,67,9,2021,7,39.9409,-75.1435,1018.0,6,0,0,0,0,0,1,0,0,,0,0,0,10,1,1,0,N,2,39 56:27.177,2.0,0,75 08:36.590,8,0,0,1,67301,0,0,0,N,0,0,0,2,68K01,0,,1,1,1049.0,N,N,N,0,,0,0,1,0,0,N,1015,1,2,0,0,0,1,0,3,4,0,2,3,3.0,N,,,,,,,,,,,
2021090078,806.0,1,0,0,0,0,0,0,0,0,5,0,,67,9,2021,1,40.0355,-75.1229,806.0,6,0,0,0,0,0,0,0,0,,0,0,0,7,1,0,0,N,0,40 02:07.655,,0,75 07:22.508,0,0,0,0,67301,0,0,0,N,0,0,0,1,67301,0,,6,1,,N,N,N,0,,0,0,1,0,0,,730,0,3,0,0,0,0,0,3,4,1,3,3,3.0,N,,,,,,,,,,,
2021091993,755.0,2,0,0,0,0,0,0,0,0,4,0,,67,9,2021,2,40.0432,-75.0629,748.0,6,0,0,0,0,0,0,0,1,,0,0,0,6,3,0,0,N,1,40 02:35.440,5.0,0,75 03:46.421,0,0,0,0,67301,0,0,0,N,0,0,0,2,67301,0,,1,1,200.0,N,N,N,0,,0,0,0,0,0,N,636,0,2,0,0,0,0,0,3,4,0,2,3,,N,,,,,,,,,,,
2021090676,1300.0,1,0,0,0,0,0,0,0,0,4,0,,67,9,2021,6,39.931,-75.243,1253.0,6,0,0,0,0,0,1,0,0,,0,0,0,12,1,2,3,,0,39 55:51.548,,0,75 14:34.635,2,0,0,0,67301,0,0,0,N,0,0,0,3,67301,0,,1,1,,N,N,N,0,,0,1,1,0,0,,1245,2,2,0,0,0,1,0,3,4,0,2,3,,N,,,,,,,,,,,
2021091267,1700.0,0,0,0,0,0,0,0,0,0,8,0,,67,9,2021,2,39.9231,-75.1699,1700.0,6,0,0,0,0,0,1,0,0,,0,0,0,15,1,1,1,,0,39 55:23.323,,0,75 10:12.037,3,0,0,0,67301,1,0,0,N,1,0,0,2,67301,0,,1,1,,N,N,N,0,,1,0,1,3,2,,1515,1,2,0,0,0,0,0,3,4,0,1,3,,N,,,,,,,,,,,
2021090416,1255.0,0,0,0,0,0,0,0,0,0,4,0,,67,9,2021,6,40.0099,-75.156,1253.0,6,0,0,0,1,0,0,0,0,,0,0,0,12,1,1,1,,0,40 00:35.524,,0,75 09:21.688,2,0,1,1,67301,0,0,0,N,0,0,0,2,67301,0,,1,1,,N,N,N,0,,0,1,1,3,2,,1251,1,2,0,0,0,0,0,3,4,0,2,3,3.0,N,,,,,,,,,,,
2021100177,2045.0,0,0,0,0,0,0,0,0,0,8,0,,67,10,2021,2,39.933,-75.1914,2041.0,6,0,0,0,0,0,0,0,0,,0,0,0,20,3,1,0,N,0,39 55:58.720,,0,75 11:28.870,3,0,0,0,67301,1,0,0,N,1,0,0,2,67301,0,,1,1,,N,N,N,0,,1,0,0,0,0,,2020,1,2,0,0,0,0,0,3,4,0,1,3,,N,,,,,,,,,,,
2021102098,2145.0,0,0,0,0,0,0,0,0,0,8,0,,67,10,2021,1,39.9211,-75.1938,2140.0,6,0,0,0,0,0,0,1,0,,0,0,0,21,3,1,1,,0,39 55:16.550,,0,75 11:37.727,3,0,0,0,67301,1,0,0,N,1,0,0,2,67301,0,,1,1,,N,N,N,1,,1,0,0,3,2,,2140,1,2,0,0,0,0,0,3,4,0,1,3,,N,,,,,,,,,,,
2021099505,1848.0,1,0,0,0,0,0,0,0,0,8,0,,67,10,2021,3,40.0027,-75.2235,1844.0,6,0,0,0,0,0,0,0,0,,0,0,0,18,3,1,0,N,1,40 00:09.630,2.0,0,75 13:24.547,2,0,0,0,67301,1,0,1,N,1,0,1,2,46104,0,,1,1,2030.0,N,N,N,0,,0,1,0,3,2,N,1844,1,2,0,0,0,0,0,3,4,0,1,3,,N,,,,,,,,,,,
2021099762,1740.0,1,0,0,0,0,0,0,0,0,4,0,,67,10,2021,3,39.9667,-75.2111,1732.0,6,0,0,0,0,0,1,0,0,,0,0,0,17,1,0,1,,0,39 58:00.292,,0,75 12:39.920,9,0,0,0,67301,0,0,0,N,0,0,0,4,67301,0,,1,1,,N,N,Y,0,,0,0,0,3,2,,1711,0,3,0,0,0,0,2,3,4,0,3,3,3.0,N,,,,,,,,,,,
2021100046,1930.0,2,0,0,0,0,0,0,0,0,1,0,,67,10,2021,7,40.0139,-75.1583,1926.0,6,0,0,0,0,0,0,0,0,,0,0,0,18,3,1,0,N,0,40 00:49.997,,0,75 09:29.798,4,0,0,0,67301,0,0,0,N,0,0,0,2,67301,1,,1,9,,N,N,N,0,,0,0,0,0,0,,1850,1,2,0,0,0,0,0,3,4,0,2,7,4.0,N,,,,,,,,,,,
2021102473,1900.0,0,0,0,0,0,0,0,0,0,4,0,,67,10,2021,1,40.0475,-75.1428,1854.0,6,0,0,0,0,0,0,0,0,,0,0,0,18,3,1,1,,0,40 02:50.940,,0,75 08:34.016,3,0,0,1,67301,0,0,0,N,0,0,0,2,67301,0,,1,1,,N,N,N,0,,1,0,1,3,2,,1845,1,2,0,0,0,0,0,3,4,0,2,3,,N,,,,,,,,,,,
2021101304,620.0,3,0,0,0,0,0,0,0,0,5,0,,67,10,2021,7,39.9825,-75.144,612.0,6,0,0,0,0,0,0,0,0,,0,0,0,6,3,0,0,N,0,39 58:57.070,,0,75 08:38.220,0,0,0,0,67301,0,0,0,N,0,0,0,1,67301,0,,6,1,,N,N,N,0,,0,0,0,0,0,,600,0,3,0,0,0,0,0,3,4,0,3,3,3.0,N,,,,,,,,,,,
2021098754,1710.0,0,0,0,0,0,0,0,0,0,4,0,,67,10,2021,7,39.9818,-75.1171,1706.0,6,0,0,0,0,0,0,0,0,,0,0,0,16,1,2,0,N,0,39 58:54.366,,7,75 07:01.539,2,0,1,1,67301,0,0,0,N,0,0,0,2,67301,0,,1,9,,N,N,N,0,,1,1,1,0,0,,1657,2,2,0,0,0,0,0,3,4,0,2,7,7.0,N,,,,,,,,,,,
2021104140,905.0,3,0,0,0,0,0,0,0,0,1,0,,67,10,2021,5,40.0539,-75.0492,853.0,6,0,0,0,0,0,1,0,0,,0,0,0,8,1,0,0,N,2,40 03:14.107,2.0,0,75 02:57.173,0,0,0,0,67301,0,0,0,N,0,0,0,3,67301,0,,1,1,925.0,N,N,N,0,,0,0,0,0,0,Y,852,0,3,0,0,0,0,0,3,4,0,3,3,,N,,,,,,,,,,,
2021101569,2027.0,1,0,0,0,0,0,0,0,0,5,0,,67,10,2021,1,39.9794,-75.1594,2026.0,6,0,0,0,0,0,0,0,0,,0,0,0,20,3,1,0,N,2,39 58:45.970,2.0,0,75 09:33.970,3,0,0,0,67301,1,0,0,N,0,0,0,2,67505,0,,6,1,2130.0,N,N,N,0,,1,0,1,0,0,Y,2025,1,2,0,0,0,0,0,3,4,0,2,3,3.0,N,,,,,,,,,,,
2021101028,248.0,2,0,0,0,0,0,0,0,0,5,0,,67,9,2021,6,40.0067,-75.1408,247.0,6,0,0,0,0,0,0,0,0,,0,0,0,1,3,0,0,N,0,40 00:24.150,,0,75 08:26.740,9,0,0,0,67301,0,0,0,N,0,0,0,1,67301,0,,6,1,,N,N,N,0,,0,0,4,0,0,,154,0,6,0,0,0,0,1,3,4,0,6,3,3.0,N,,,,,,,,,,,
2021105315,2035.0,1,0,0,0,0,0,0,0,0,4,0,,67,9,2021,1,39.958,-75.1488,2033.0,6,0,0,0,0,0,0,0,0,,0,0,0,20,3,0,1,,0,39 57:28.881,,0,75 08:55.758,0,0,0,0,67301,0,0,0,N,0,0,0,4,67301,0,,1,1,,N,N,N,0,,0,0,1,3,2,,2030,0,2,0,0,0,0,0,3,4,0,2,3,3.0,N,,,,,,,,,,,
2021090756,1033.0,0,0,0,0,0,0,0,0,0,5,0,,67,9,2021,7,40.0345,-75.0514,1025.0,6,0,0,0,0,0,0,0,0,,0,0,0,10,1,1,0,N,1,40 02:04.220,3.0,0,75 03:05.170,8,0,0,0,67301,0,0,0,N,0,0,0,2,67301,0,,1,1,1108.0,N,N,N,1,,0,0,1,0,0,N,1000,1,2,0,0,0,1,0,3,4,0,2,3,3.0,N,,,,,,,,,,,
2021091353,919.0,1,0,0,0,0,0,0,0,0,1,0,,67,9,2021,2,40.0378,-75.0731,913.0,6,0,0,0,0,0,0,0,0,,0,0,0,9,1,2,0,N,0,40 02:16.000,,0,75 04:23.200,8,0,0,0,67301,0,0,0,N,0,0,0,4,67301,0,,1,1,,N,Y,N,0,,0,0,1,0,0,,910,2,2,0,0,0,2,1,3,4,0,2,3,3.0,N,,,,,,,,,,,
2021090885,239.0,0,0,0,0,0,0,0,0,0,7,0,,67,9,2021,1,40.0052,-75.1675,239.0,6,0,0,0,0,0,0,0,0,,0,0,0,2,3,0,3,,0,40 00:18.705,,0,75 10:02.989,0,0,0,0,67301,0,0,0,N,0,0,0,1,67301,0,,4,1,,N,N,N,0,,0,0,1,0,0,,239,0,1,0,0,0,0,0,3,4,0,1,3,,N,,,,,,,,,,,
2021110217,1210.0,0,0,0,1,0,0,0,0,0,4,0,,67,9,2021,5,39.9904,-75.1246,1200.0,6,0,0,0,0,0,0,0,0,,0,0,0,10,1,1,2,,0,39 59:25.400,,0,75 07:28.400,4,0,0,0,67301,1,0,0,N,0,0,0,2,67301,1,,1,99,,N,N,N,0,,0,0,0,3,3,,1000,1,2,0,0,0,0,0,3,4,0,1,99,3.0,N,,,,,,,,,,,
2021090757,320.0,2,0,0,0,0,0,0,0,0,4,0,,67,9,2021,1,39.9753,-75.1652,318.0,6,0,0,0,0,0,0,0,0,,0,0,0,2,3,1,1,,0,39 58:31.117,,0,75 09:54.656,4,0,0,0,67301,0,0,0,N,0,0,0,2,67301,1,,1,1,,N,N,N,0,,0,0,0,3,2,,230,1,2,0,0,0,0,1,3,4,0,2,3,3.0,N,,,,,,,,,,,
2021091506,1845.0,1,0,0,1,0,0,0,0,0,5,0,,67,9,2021,1,39.9692,-75.2065,1835.0,6,0,0,0,0,0,0,0,0,,0,0,0,18,1,1,0,N,0,39 58:08.980,,0,75 12:23.550,3,0,0,0,67301,1,0,0,N,0,0,0,2,67301,0,,1,1,,N,N,N,0,,1,0,0,0,0,,1805,1,2,0,0,1,0,0,3,4,0,1,3,3.0,N,,,,,,,,,,,
2021089947,1840.0,1,0,0,0,0,0,0,0,0,4,0,,67,9,2021,5,40.0724,-75.1579,1829.0,6,0,1,0,0,0,0,0,0,,0,0,0,18,1,1,1,,0,40 04:20.625,,0,75 09:28.371,8,0,0,0,67301,0,0,0,N,0,0,0,2,67301,0,,1,9,,N,N,N,1,,0,0,3,3,2,,1823,1,5,0,0,0,1,0,3,4,0,5,7,4.0,N,,,,,,,,,,,
2021091333,148.0,1,0,0,0,0,0,0,0,0,4,0,,67,9,2021,2,40.0275,-75.1464,148.0,6,0,0,0,0,0,0,0,0,,0,0,0,23,3,0,1,,0,40 01:39.158,,0,75 08:47.122,0,0,0,0,67301,0,0,0,N,0,0,0,2,67301,0,,1,1,,N,N,N,0,,0,0,1,3,2,,2330,0,2,0,0,0,0,0,3,4,0,2,3,,N,,,,,,,,,,,
2021101563,1742.0,2,0,0,0,0,0,0,0,0,4,0,,67,10,2021,1,39.9933,-75.186,1740.0,6,0,0,0,0,0,0,0,0,,0,0,0,14,1,1,1,,0,39 59:35.912,,0,75 11:09.686,3,0,0,0,67301,0,0,0,N,0,0,0,2,67301,0,,1,1,,N,N,N,0,,1,0,0,3,2,,1430,1,2,0,0,1,0,1,3,4,0,2,3,3.0,N,,,,,,,,,,,
2021102131,349.0,1,0,0,0,0,0,0,0,0,5,0,,67,10,2021,1,40.056,-75.0471,339.0,6,0,0,0,0,0,0,0,0,,0,0,0,3,3,2,0,N,0,40 03:21.770,,0,75 02:49.462,3,0,0,0,67301,0,0,0,N,0,0,0,2,67301,0,,1,1,,N,N,N,0,,2,0,1,0,0,,321,2,2,0,0,0,0,0,3,4,0,2,3,3.0,N,,,,,,,,,,,
2021101842,2031.0,1,0,0,0,0,0,0,0,0,2,0,,67,10,2021,1,40.0433,-75.167,2030.0,6,0,0,0,0,0,2,0,0,,0,0,0,19,3,1,0,N,0,40 02:36.000,,0,75 10:01.300,4,0,0,0,67301,0,0,0,N,0,0,0,2,67301,1,,1,1,,N,N,N,0,,0,0,1,0,0,,1945,1,2,0,0,0,0,1,3,4,0,2,3,3.0,N,,,,,,,,,,,
2021103404,1559.0,0,0,0,0,0,0,0,0,0,5,0,,67,10,2021,1,40.0802,-75.0273,1548.0,6,0,0,0,0,0,1,0,0,,0,0,0,15,1,1,0,Y,1,40 04:48.720,4.0,0,75 01:38.386,3,0,0,0,67301,0,0,0,N,0,0,0,3,67301,0,,1,1,100.0,N,N,N,1,,1,0,2,3,2,N,1540,1,3,0,0,3,0,0,3,4,0,3,3,3.0,N,,,,,,,,,,,
2021099353,452.0,1,0,0,0,0,0,0,0,0,1,0,,67,10,2021,1,40.0359,-75.0777,450.0,6,0,0,0,0,0,0,0,0,,0,0,0,4,3,2,1,,0,40 02:09.085,,0,75 04:39.583,3,0,0,0,67301,0,0,0,N,0,0,0,3,67301,0,,1,1,,N,N,N,0,,2,0,1,3,2,,448,2,2,0,0,2,0,1,3,4,0,2,3,,N,,,,,,,,,,,
2021102214,1944.0,0,0,0,0,0,0,0,0,0,1,0,,67,10,2021,7,40.022,-75.0789,1944.0,6,0,0,0,0,0,0,0,0,,0,0,0,19,3,0,0,N,0,40 01:19.037,,0,75 04:43.892,0,0,0,0,67301,0,0,0,N,0,0,0,1,67301,0,,6,9,,N,N,N,0,,0,0,2,0,0,,1929,0,2,0,0,1,0,0,3,4,0,2,7,4.0,N,,,,,,,,,,,
2021104291,1745.0,0,0,0,0,0,0,0,0,0,8,0,,67,10,2021,1,40.0169,-75.1495,1745.0,6,0,0,0,0,0,0,0,0,,0,0,0,21,3,1,1,,0,40 01:00.679,,0,75 08:58.505,3,0,0,0,67301,1,0,0,N,1,0,0,2,67301,0,,1,99,,N,N,N,0,,1,0,0,3,2,,2100,1,2,0,0,0,0,1,3,4,0,1,99,,N,,,,,,,,,,,
2021099306,31.0,2,0,0,0,0,0,0,0,0,1,0,,67,10,2021,2,39.9833,-75.1568,31.0,6,0,0,0,0,0,0,0,0,,0,0,0,22,3,0,0,N,0,39 58:59.967,,0,75 09:24.442,0,0,0,0,67301,0,0,0,N,0,0,0,1,67505,0,,6,1,,N,N,N,0,,0,0,0,0,0,,2235,0,2,0,0,0,0,0,3,4,0,2,3,,N,,,,,,,,,,,
2021099754,1606.0,1,0,0,0,0,0,0,0,0,5,0,,67,10,2021,2,40.0182,-75.0739,1600.0,6,0,0,0,0,0,0,0,0,,0,0,0,15,1,1,0,N,0,40 01:05.420,,0,75 04:25.910,3,0,0,0,67301,0,0,0,N,0,0,0,2,67301,0,,1,1,,N,N,N,0,,1,0,1,0,0,,1528,1,2,0,0,0,0,0,3,4,0,2,3,3.0,N,,,,,,,,,,,
2021101093,135.0,1,0,0,1,0,0,0,0,0,4,0,,67,10,2021,7,39.9478,-75.2254,132.0,6,0,0,0,0,0,0,0,0,,0,0,0,1,3,1,1,,0,39 56:51.959,,0,75 13:31.342,8,0,0,0,67301,1,0,0,N,0,0,0,2,67301,0,,1,1,,N,N,N,0,,0,0,0,0,0,,108,1,2,0,0,0,1,0,3,4,0,1,3,3.0,N,,,,,,,,,,,