CRN,ARRIVAL_TM,AUTOMOBILE_COUNT,BELTED_DEATH_COUNT,BELTED_SUSP_SERIOUS_INJ_COUNT,BICYCLE_COUNT,BICYCLE_DEATH_COUNT,BICYCLE_SUSP_SERIOUS_INJ_COUNT,BUS_COUNT,CHLDPAS_DEATH_COUNT,CHLDPAS_SUSP_SERIOUS_INJ_COUNT,COLLISION_TYPE,COMM_VEH_COUNT,CONS_ZONE_SPD_LIM,COUNTY,CRASH_MONTH,CRASH_YEAR,DAY_OF_WEEK,DEC_LAT,DEC_LONG,DISPATCH_TM,DISTRICT,DRIVER_COUNT_16YR,DRIVER_COUNT_17YR,DRIVER_COUNT_18YR,DRIVER_COUNT_19YR,DRIVER_COUNT_20YR,DRIVER_COUNT_50_64YR,DRIVER_COUNT_65_74YR,DRIVER_COUNT_75PLUS,EST_HRS_CLOSED,FATAL_COUNT,HEAVY_TRUCK_COUNT,HORSE_BUGGY_COUNT,HOUR_OF_DAY,ILLUMINATION,INJURY_COUNT,INTERSECT_TYPE,INTERSECTION_RELATED,LANE_CLOSED,LATITUDE,LN_CLOSE_DIR,LOCATION_TYPE,LONGITUDE,MAX_SEVERITY_LEVEL,MCYCLE_DEATH_COUNT,MCYCLE_SUSP_SERIOUS_INJ_COUNT,MOTORCYCLE_COUNT,MUNICIPALITY,NONMOTR_COUNT,NONMOTR_DEATH_COUNT,NONMOTR_SUSP_SERIOUS_INJ_COUNT,NTFY_HIWY_MAINT,PED_COUNT,PED_DEATH_COUNT,PED_SUSP_SERIOUS_INJ_COUNT,PERSON_COUNT,POLICE_AGCY,POSSIBLE_INJ_COUNT,RDWY_SURF_TYPE_CD,RELATION_TO_ROAD,ROAD_CONDITION,ROADWAY_CLEARED,SCH_BUS_IND,SCH_ZONE_IND,SECONDARY_CRASH,SMALL_TRUCK_COUNT,SPEC_JURIS_CD,SUSP_MINOR_INJ_COUNT,SUSP_SERIOUS_INJ_COUNT,SUV_COUNT,TCD_FUNC_CD,TCD_TYPE,TFC_DETOUR_IND,TIME_OF_DAY,TOT_INJ_COUNT,TOTAL_UNITS,UNB_DEATH_COUNT,UNB_SUSP_SERIOUS_INJ_COUNT,UNBELTED_OCC_COUNT,UNK_INJ_DEG_COUNT,UNK_INJ_PER_COUNT,URBAN_AREA,URBAN_RURAL,VAN_COUNT,VEHICLE_COUNT,WEATHER1,WEATHER2,WORK_ZONE_IND,WORK_ZONE_LOC,WORK_ZONE_TYPE,WORKERS_PRES,WZ_CLOSE_DETOUR,WZ_FLAGGER,WZ_LAW_OFFCR_IND,WZ_LN_CLOSURE,WZ_MOVING,WZ_OTHER,WZ_SHLDER_MDN,WZ_WORKERS_INJ_KILLED
2021088597,2046.0,2,0,0,0,0,0,0,0,0,1,0,,67,9,2021,1,40.0322,-75.0513,2046.0,6,0,0,0,0,0,0,0,0,,0,0,0,20,3,1,0,N,0,40 01:55.903,,0,75 03:04.574,2,0,0,0,67301,0,0,0,N,0,0,0,2,67301,0,,1,1,,N,N,N,0,,0,1,0,0,0,,2044,1,2,0,0,0,0,0,3,4,0,2,3,,N,,,,,,,,,,,
2021101008,2331.0,1,0,0,0,0,0,0,0,0,4,0,,67,9,2021,2,40.0111,-75.1416,2327.0,6,0,0,0,0,0,0,0,0,,0,0,0,23,3,1,1,,2,40 00:40.139,7.0,0,75 08:29.662,3,0,0,0,67301,0,0,0,N,0,0,0,3,67301,0,,1,1,51.0,N,N,N,0,,1,0,1,3,3,N,2326,1,2,0,0,0,0,0,3,4,0,2,3,3.0,N,,,,,,,,,,,
2021089834,1700.0,1,0,0,0,0,0,0,0,0,4,0,,67,9,2021,4,39.9463,-75.2441,1700.0,6,0,0,0,1,0,0,0,0,,0,0,0,15,1,0,1,,0,39 56:46.761,,0,75 14:38.612,9,0,0,0,67301,0,0,0,N,0,0,0,2,67301,0,,1,1,,N,N,N,0,,0,0,0,3,2,,1500,0,2,0,0,0,0,1,3,4,1,2,3,4.0,N,,,,,,,,,,,
2021091255,920.0,1,0,0,0,0,0,0,0,0,6,0,,67,9,2021,2,40.0743,-75.0348,915.0,6,0,0,0,0,0,0,0,0,,0,0,0,9,1,1,1,,0,40 04:27.539,,0,75 02:05.367,4,0,0,0,67301,0,0,0,N,0,0,0,2,67301,1,,1,1,,N,N,N,0,,0,0,0,3,2,,910,1,2,0,0,0,0,0,3,4,0,2,3,,N,,,,,,,,,,,
2021090414,853.0,1,0,0,0,0,0,0,0,0,1,0,,67,9,2021,7,39.9765,-75.1894,853.0,6,0,0,0,0,0,1,0,0,,0,0,0,7,1,2,3,,0,39 58:35.233,,0,75 11:21.692,3,0,0,0,67301,0,0,0,N,0,0,0,4,67301,0,,1,1,,N,N,N,0,,2,0,1,3,3,,708,2,2,0,0,0,0,0,3,4,0,2,3,3.0,N,,,,,,,,,,,
2021092359,2200.0,1,0,0,0,0,0,0,0,0,4,0,,67,9,2021,2,39.9553,-75.2319,2149.0,6,0,0,0,0,0,0,1,0,,0,0,0,21,3,1,1,,0,39 57:19.191,,0,75 13:55.012,3,0,0,0,67301,0,0,0,N,0,0,0,2,67301,0,,1,1,,N,N,N,0,,1,0,2,3,2,,2130,1,3,0,0,0,0,0,3,4,0,3,3,,N,,,,,,,,,,,
2021101155,914.0,2,0,0,0,0,0,0,0,0,5,0,,67,10,2021,3,40.0279,-75.0395,914.0,6,0,0,0,0,0,0,0,0,,0,0,0,9,1,1,0,N,0,40 01:40.315,,0,75 02:22.242,3,0,0,0,67301,0,0,0,N,0,0,0,1,67301,0,,6,1,,N,N,N,0,,1,0,0,0,0,,910,1,3,0,0,0,0,0,3,4,1,3,3,3.0,N,,,,,,,,,,,
2021099837,916.0,2,0,0,0,0,0,0,0,0,4,0,,67,10,2021,3,39.9877,-75.1545,900.0,6,0,0,0,0,0,0,0,0,,0,0,0,9,1,1,1,,1,39 59:15.679,3.0,0,75 09:16.209,3,0,0,0,67301,0,0,0,N,0,0,0,4,67301,0,,1,1,945.0,N,N,Y,0,,1,0,1,3,3,Y,900,1,3,0,0,0,0,0,3,4,0,3,3,,N,,,,,,,,,,,
2021107777,1835.0,0,0,0,0,0,0,0,0,0,7,0,,67,10,2021,4,39.9828,-75.111,1828.0,6,0,0,0,0,0,0,0,0,,0,0,0,17,4,1,0,N,0,39 58:58.240,,0,75 06:39.480,3,0,0,0,67301,0,0,0,N,0,0,0,1,67301,0,,5,1,,N,N,N,0,,1,0,0,0,0,,1739,1,1,0,0,0,0,0,3,4,1,1,3,3.0,N,,,,,,,,,,,
2021100675,114.0,1,0,0,0,0,0,0,0,0,4,0,,67,10,2021,4,39.9705,-75.151,113.0,6,0,0,0,0,0,0,0,0,,0,0,0,12,1,0,1,,0,39 58:13.623,,1,75 09:03.509,0,0,0,0,67301,0,0,0,N,0,0,0,2,67301,0,,1,1,,N,N,N,0,,0,0,1,3,3,,1220,0,2,0,0,2,0,0,3,4,0,2,3,4.0,N,,,,,,,,,,,
2021105612,2241.0,2,0,0,0,0,0,0,0,0,6,0,,67,10,2021,1,40.0177,-75.1407,2241.0,6,0,0,0,0,0,1,0,0,,0,0,0,22,3,0,0,N,0,40 01:03.550,,0,75 08:26.540,9,0,0,0,67301,0,0,0,N,0,0,0,2,67301,0,,1,1,,N,N,N,0,,0,0,1,0,0,,2200,0,4,0,0,1,0,1,3,4,1,4,3,3.0,N,,,,,,,,,,,
2021100279,728.0,0,0,0,0,0,0,0,0,0,4,0,,67,10,2021,4,39.9121,-75.1505,726.0,6,0,0,0,0,0,1,0,0,,0,0,0,5,3,0,2,,2,39 54:43.410,3.0,2,75 09:01.860,0,0,0,0,67301,0,0,0,N,0,0,0,2,67301,0,,1,1,946.0,N,N,N,0,,0,0,2,3,2,N,521,0,2,0,0,0,0,0,3,4,0,2,3,,N,,,,,,,,,,,
2021102824,1552.0,1,0,0,0,0,0,0,0,0,1,0,,67,10,2021,7,39.9083,-75.1469,1552.0,6,0,1,0,0,0,1,0,0,,0,0,0,15,1,1,0,N,2,39 54:29.900,4.0,3,75 08:48.900,8,0,0,0,67301,0,0,0,N,0,0,0,2,67501,0,,1,1,1620.0,N,N,N,0,,0,0,1,3,8,N,1552,1,2,0,0,0,1,0,3,4,0,2,3,,N,,,,,,,,,,,
2021117490,,1,0,0,0,0,0,0,0,0,1,0,,67,10,2021,5,39.9453,-75.2295,,6,0,0,0,0,0,1,0,0,,0,0,0,16,1,1,1,,0,39 56:43.086,,0,75 13:46.506,3,0,0,0,67301,0,0,0,N,0,0,0,2,00000,0,,1,1,,N,N,N,1,,1,0,0,3,2,,1652,1,2,0,0,0,0,0,3,4,0,2,3,,N,,,,,,,,,,,
2021100571,1815.0,0,0,0,1,0,0,0,0,0,1,0,,67,10,2021,4,39.9729,-75.2191,1810.0,6,0,0,0,0,0,0,0,0,,0,0,0,14,1,2,3,,0,39 58:22.296,,0,75 13:08.835,3,0,0,0,67301,1,0,0,N,0,0,0,2,67301,0,,1,1,,N,N,N,0,,2,0,1,0,0,,1446,2,2,0,0,1,0,0,3,4,0,1,3,3.0,N,,,,,,,,,,,
2021102129,553.0,3,0,0,0,0,0,0,0,0,5,0,,67,10,2021,1,40.0559,-75.0742,553.0,6,0,0,0,0,0,0,0,0,,0,0,0,5,3,0,0,N,2,40 03:21.326,6.0,0,75 04:27.139,9,0,0,0,67301,0,0,0,N,0,0,0,3,67301,0,,6,1,650.0,N,N,Y,0,,0,0,0,0,0,N,553,0,4,0,0,0,0,1,3,4,1,4,3,,N,,,,,,,,,,,
2021117939,,1,0,0,0,0,0,0,0,0,1,0,,67,11,2021,4,39.9294,-75.1503,,6,0,0,0,0,0,0,1,0,,0,0,0,15,1,1,1,,0,39 55:45.739,,0,75 09:00.914,8,0,0,0,67301,0,0,0,N,0,0,0,2,00000,0,,1,1,,N,N,N,1,,0,0,0,3,2,,1540,1,2,0,0,0,1,0,3,4,0,2,3,,N,,,,,,,,,,,
2021099412,705.0,3,0,0,0,0,0,0,0,0,1,0,,67,10,2021,1,40.0929,-74.981,700.0,6,0,0,0,0,0,0,0,0,,0,0,0,6,1,1,0,N,0,40 05:34.297,,0,74 58:51.587,3,0,0,0,67301,0,0,0,N,0,0,0,1,67301,0,,6,1,,N,N,N,1,,1,0,0,0,0,,650,1,4,0,0,0,0,0,3,4,0,4,3,3.0,N,,,,,,,,,,,
2021103485,1425.0,2,0,0,0,0,0,0,0,0,1,0,,67,10,2021,2,40.0871,-75.0408,1410.0,6,0,0,0,0,0,1,0,0,,0,0,0,14,1,2,3,,1,40 05:13.701,4.0,0,75 02:26.839,4,0,0,0,67301,0,0,0,N,0,0,0,3,67301,2,,1,1,1420.0,N,N,N,0,,0,0,0,3,2,Y,1400,2,3,0,0,0,0,0,3,4,1,3,3,3.0,N,,,,,,,,,,,
2021101166,825.0,1,0,0,0,0,0,1,0,0,4,1,,67,10,2021,5,39.9848,-75.1777,820.0,6,0,0,0,0,0,1,0,0,,0,0,0,8,1,0,1,,0,39 59:05.366,,0,75 10:39.640,0,0,0,0,67301,0,0,0,N,0,0,0,2,67301,0,,1,1,,Y,N,N,0,,0,0,0,3,2,,810,0,2,0,0,1,0,0,3,4,0,2,3,3.0,N,,,,,,,,,,,
2021100042,2023.0,1,0,0,0,0,0,0,0,0,5,0,,67,10,2021,3,39.9862,-75.2479,2018.0,6,0,0,0,1,0,1,0,0,,0,0,0,18,3,0,0,N,0,39 59:10.427,,0,75 14:52.313,0,0,0,0,67301,0,0,0,N,0,0,0,3,67301,0,,1,1,,N,N,N,0,,0,0,1,0,0,,1803,0,2,0,0,0,0,0,3,4,0,2,3,,N,,,,,,,,,,,
2021101509,847.0,2,0,0,0,0,0,0,0,0,5,0,,67,10,2021,5,39.9718,-75.2459,841.0,6,0,0,0,0,0,0,1,0,,0,0,0,8,1,2,0,N,0,39 58:18.530,,0,75 14:45.360,3,0,0,0,67301,0,0,0,N,0,0,0,2,67301,0,,1,1,,N,N,N,0,,2,0,0,0,0,,801,2,2,0,0,0,0,0,3,4,0,2,3,,N,,,,,,,,,,,
2021102662,1530.0,0,0,0,0,0,0,0,0,0,5,0,,67,10,2021,2,40.0053,-75.1278,1520.0,6,0,0,1,0,0,0,0,0,,0,0,0,15,1,0,0,N,1,40 00:19.190,5.0,3,75 07:40.210,0,0,0,0,67301,0,0,0,N,0,0,0,4,67301,0,,1,4,20.0,N,N,N,0,,0,0,2,0,0,Y,1520,0,2,0,0,4,0,0,3,4,0,2,3,4.0,N,,,,,,,,,,,
2021102250,1312.0,1,0,0,0,0,0,0,0,0,4,0,,67,10,2021,1,40.0265,-75.0422,1309.0,6,0,0,0,0,0,0,0,0,,0,0,0,12,1,2,1,,0,40 01:35.410,,0,75 02:31.777,3,0,0,0,67301,0,0,0,N,0,0,0,3,67301,0,,1,1,,N,N,N,0,,2,0,1,3,3,,1246,2,2,0,0,0,0,0,3,4,0,2,3,,N,,,,,,,,,,,
2021093031,930.0,1,0,0,0,0,0,0,0,0,4,0,,67,9,2021,2,39.9435,-75.2352,930.0,6,0,0,0,0,0,1,1,0,,0,0,0,9,1,1,1,,0,39 56:36.600,,0,75 14:06.878,4,0,0,0,67301,0,0,0,N,0,0,0,2,67301,1,,1,1,,N,N,N,0,,0,0,1,3,3,,930,1,2,0,0,0,0,0,3,4,0,2,3,3.0,N,,,,,,,,,,,
2021090758,714.0,1,0,0,0,0,0,0,0,0,5,0,,67,9,2021,1,39.9946,-75.1117,714.0,6,0,0,0,0,0,0,0,0,,0,0,0,7,1,1,0,N,0,39 59:40.650,,0,75 06:42.236,3,0,0,0,67301,0,0,0,N,0,0,0,1,67301,0,,6,1,,N,N,N,0,,1,0,2,0,0,,714,1,3,0,0,0,0,0,3,4,0,3,3,3.0,N,,,,,,,,,,,
2021097193,1939.0,1,0,0,0,0,0,0,0,0,4,0,,67,9,2021,7,39.9653,-75.2015,1939.0,6,0,0,0,0,0,1,0,0,,0,0,0,19,3,0,1,,0,39 57:55.040,,0,75 12:05.565,0,0,0,0,67301,0,0,0,N,0,0,0,2,67301,0,,1,1,,N,N,N,0,,0,0,1,3,3,,1935,0,2,0,0,0,0,0,3,4,0,2,3,3.0,N,,,,,,,,,,,
2021088736,1656.0,1,0,0,0,0,0,0,0,0,5,0,,67,9,2021,7,40.0328,-75.1404,1655.0,6,0,0,0,0,0,1,0,0,,0,0,0,16,1,1,0,N,0,40 01:58.090,,0,75 08:25.290,3,0,0,0,67301,1,0,0,N,1,0,0,4,67301,0,,1,1,,N,N,N,0,,1,0,1,0,0,,1653,1,3,0,0,2,0,0,3,4,0,2,3,3.0,N,,,,,,,,,,,
2021091731,910.0,1,0,0,0,0,0,0,0,0,4,0,,67,9,2021,2,39.94,-75.2002,907.0,6,0,0,0,0,0,0,0,0,,0,0,0,8,1,4,2,,0,39 56:24.356,,0,75 12:00.663,3,0,0,0,67301,0,0,0,N,0,0,0,4,67301,0,,1,1,,N,N,N,0,,4,0,0,3,3,,815,4,2,0,0,0,0,0,3,4,1,2,3,3.0,N,,,,,,,,,,,
2021090327,2349.0,2,0,0,0,0,0,0,0,0,6,0,,67,9,2021,6,40.0548,-75.1934,2343.0,6,0,0,0,0,0,0,0,0,,0,0,0,22,3,0,0,N,0,40 03:17.390,,0,75 11:36.340,0,0,0,0,67301,0,0,0,N,0,0,0,1,67301,0,,6,1,,N,N,N,0,,0,0,0,0,0,,2228,0,3,0,0,0,0,0,3,4,0,3,3,,N,,,,,,,,,,,
2021091489,1927.0,1,0,0,0,0,0,0,0,0,8,0,,67,9,2021,7,39.9662,-75.2248,1925.0,6,0,0,0,0,0,0,0,0,,0,0,0,19,3,1,2,,0,39 57:58.462,,0,75 13:29.288,3,0,0,0,67301,1,0,0,N,1,0,0,2,67301,0,,1,1,,N,N,N,0,,1,0,0,9,9,,1921,1,2,0,0,0,0,0,3,4,0,1,3,,N,,,,,,,,,,,
2021090523,1806.0,2,0,0,0,0,0,0,0,0,5,0,,67,9,2021,5,39.9829,-75.2539,1737.0,6,0,0,0,0,0,1,0,0,,0,0,0,15,1,0,0,N,0,39 58:58.530,,7,75 15:13.940,0,0,0,0,67301,0,0,0,N,0,0,0,2,67301,0,,1,9,,N,N,N,0,,0,0,0,0,0,,1525,0,2,0,0,1,0,0,3,4,0,2,7,4.0,N,,,,,,,,,,,
2021103129,1837.0,3,0,0,0,0,0,0,0,0,6,0,,67,10,2021,1,40.0392,-75.0595,1831.0,6,0,0,0,0,0,0,1,0,,0,0,0,18,3,6,0,N,1,40 02:21.211,1.0,0,75 03:34.321,8,0,0,0,67301,0,0,0,N,0,0,0,6,67301,0,,1,1,150.0,N,N,N,0,,0,0,0,0,0,Y,1828,6,3,0,0,0,6,0,3,4,0,3,3,3.0,N,,,,,,,,,,,
2021099994,1720.0,0,0,0,0,0,0,0,0,0,4,0,,67,10,2021,3,40.0635,-75.1527,1716.0,6,0,0,0,0,0,1,0,0,,0,0,0,17,1,2,0,N,0,40 03:48.760,,0,75 09:09.600,2,0,1,1,67301,0,0,0,N,0,0,0,2,67301,0,,1,1,,N,N,N,0,,1,1,1,0,0,,1702,2,2,0,0,0,0,0,3,4,0,2,3,,N,,,,,,,,,,,
2021099769,1800.0,2,0,0,0,0,0,0,0,0,4,0,,67,10,2021,2,39.9895,-75.1564,1758.0,6,0,0,0,0,0,0,1,0,,0,0,0,17,1,0,1,,0,39 59:22.124,,0,75 09:23.205,9,0,0,0,67301,0,0,0,N,0,0,0,2,67301,0,,1,1,,N,N,Y,0,,0,0,1,3,3,,1750,0,3,0,0,0,0,1,3,4,0,3,3,3.0,N,,,,,,,,,,,
2021103025,1400.0,1,0,0,0,0,0,0,0,0,4,0,,67,10,2021,3,39.904,-75.2401,1348.0,6,0,0,0,0,0,0,0,0,,0,0,0,13,1,4,1,,1,39 54:14.563,4.0,0,75 14:24.409,8,0,0,0,67301,0,0,0,N,0,0,0,5,67301,0,,1,1,1452.0,N,N,N,0,,0,0,1,3,2,N,1318,4,3,0,0,1,4,0,3,4,0,3,3,3.0,N,,,,,,,,,,,
2021100885,1221.0,1,0,0,0,0,0,0,0,0,4,0,,67,10,2021,6,39.9178,-75.2118,1217.0,6,0,0,0,0,0,0,0,0,,0,0,0,12,1,1,0,N,1,39 55:03.944,4.0,7,75 12:42.335,4,0,0,0,67301,0,0,0,N,0,0,0,3,67301,1,,1,1,30.0,N,N,N,1,,0,0,0,0,0,N,1217,1,2,0,0,0,0,1,3,4,0,2,3,3.0,N,,,,,,,,,,,
2021115647,926.0,1,0,0,0,0,0,0,0,0,1,0,,67,10,2021,3,40.0325,-75.0208,835.0,6,0,0,0,0,0,0,0,0,,0,0,0,8,1,0,0,N,2,40 01:57.041,1.0,0,75 01:14.910,0,0,0,0,67301,0,0,0,N,0,0,0,2,68K01,0,,1,9,945.0,N,N,N,0,,0,0,1,0,0,N,833,0,2,0,0,0,0,0,3,4,0,2,7,,N,,,,,,,,,,,
2021100703,37.0,4,0,0,0,0,0,0,0,0,1,0,,67,10,2021,5,39.9413,-75.2233,35.0,6,0,0,0,0,0,0,0,0,,0,0,0,0,3,1,0,N,0,39 56:28.600,,0,75 13:23.990,3,0,0,0,67301,0,0,0,N,0,0,0,1,67301,0,,6,1,,N,N,N,0,,1,0,0,0,0,,33,1,4,0,0,1,0,0,3,4,0,4,3,3.0,N,,,,,,,,,,,
2021103186,2319.0,2,0,0,0,0,0,0,0,0,5,0,,67,10,2021,1,40.0101,-75.1383,2319.0,6,0,0,0,0,0,0,0,0,,0,0,0,23,3,0,0,N,2,40 00:36.260,2.0,0,75 08:17.850,9,0,0,0,67301,0,0,0,N,0,0,0,1,67301,0,,6,1,150.0,N,N,N,1,,0,0,2,0,0,Y,2312,0,6,0,0,0,0,1,3,4,1,6,3,3.0,N,,,,,,,,,,,
2021102837,2231.0,1,0,0,0,0,0,0,0,0,8,0,,67,10,2021,2,40.0138,-75.126,2229.0,6,0,0,0,0,0,0,0,0,,0,0,0,22,3,1,1,,0,40 00:49.824,,0,75 07:33.527,3,0,0,0,67301,1,0,0,N,1,0,0,2,67301,0,,1,1,,N,N,N,0,,1,0,0,3,2,,2215,1,2,0,0,0,0,0,3,4,0,1,3,,N,,,,,,,,,,,
2021089173,405.0,2,0,0,0,0,0,0,0,0,4,0,,67,9,2021,2,40.0228,-75.159,403.0,6,0,0,0,0,0,0,0,0,,0,0,0,3,3,1,5,,0,40 01:22.042,,0,75 09:32.483,3,0,0,0,67301,0,0,0,N,0,0,0,2,67301,0,,1,1,,N,N,N,0,,1,0,0,3,2,,352,1,2,0,0,0,0,0,3,4,0,2,3,3.0,N,,,,,,,,,,,
2021092430,1309.0,0,0,0,0,0,0,0,0,0,4,0,,67,9,2021,6,40.0573,-75.1407,1303.0,6,0,0,0,0,0,1,0,0,,0,0,0,13,1,1,1,,0,40 03:26.402,,0,75 08:26.444,3,0,0,0,67301,0,0,0,N,0,0,0,2,67301,0,,1,1,,N,N,N,0,,1,0,2,3,3,,1302,1,2,0,0,0,0,0,3,4,0,2,3,3.0,N,,,,,,,,,,,
2021100178,1405.0,1,0,0,0,0,0,0,0,0,4,0,,67,9,2021,4,39.9858,-75.2156,1405.0,6,0,0,0,0,1,0,0,0,,0,0,0,14,1,1,1,,0,39 59:08.888,,0,75 12:56.190,8,0,0,0,67301,0,0,0,N,0,0,0,4,67301,0,,1,1,,N,N,N,0,,0,0,1,3,2,,1400,1,2,0,0,0,1,1,3,4,0,2,3,3.0,N,,,,,,,,,,,
2021091326,1905.0,3,0,0,0,0,0,0,0,0,1,0,,67,9,2021,6,39.9552,-75.1983,1906.0,6,0,0,0,0,0,1,0,0,,0,0,0,19,4,2,1,,0,39 57:18.548,,0,75 11:53.953,8,0,0,0,67301,0,0,0,N,0,0,0,4,67504,0,,1,1,,N,N,Y,0,,0,0,0,3,2,,1905,2,3,0,0,0,2,0,3,4,0,3,3,3.0,N,,,,,,,,,,,
2021088820,1645.0,1,0,0,0,0,0,0,0,0,4,0,,67,9,2021,2,40.1167,-75.0198,1644.0,6,0,0,0,0,1,0,0,1,,0,0,0,16,1,3,1,,2,40 07:00.028,2.0,0,75 01:11.660,3,0,0,0,67301,0,0,0,N,0,0,0,3,67301,0,,1,1,1755.0,N,N,N,0,,3,0,0,3,2,Y,1642,3,2,0,0,0,0,0,3,4,1,2,3,4.0,N,,,,,,,,,,,
2021090808,555.0,2,0,0,0,0,0,0,0,0,4,0,,67,9,2021,7,39.992,-75.1402,551.0,6,0,0,0,0,0,0,0,0,,0,0,0,5,3,1,1,,0,39 59:31.689,,0,75 08:24.712,3,0,0,0,67301,0,0,0,N,0,0,0,2,67301,0,,1,1,,N,N,N,0,,1,0,0,3,2,,551,1,2,0,0,1,0,0,3,4,0,2,3,3.0,N,,,,,,,,,,,
2021127228,,2,0,0,0,0,0,0,0,0,4,0,,67,9,2021,6,39.9444,-75.2309,,6,0,0,0,0,0,0,1,0,,0,0,0,20,4,1,1,,0,39 56:39.619,,0,75 13:51.440,8,0,0,0,67301,0,0,0,N,0,0,0,2,00000,0,,1,1,,N,N,N,0,,0,0,0,3,3,,2000,1,2,0,0,0,1,0,3,4,0,2,3,,N,,,,,,,,,,,
2021088357,1645.0,1,0,0,0,0,0,0,0,0,4,0,,67,9,2021,1,40.0599,-75.1734,1643.0,6,0,0,0,0,0,1,0,0,,0,0,0,16,1,2,1,,1,40 03:35.475,5.0,0,75 10:24.377,3,0,0,0,67301,0,0,0,N,0,0,0,3,67301,0,,1,1,1710.0,N,N,N,0,,2,0,2,3,2,Y,1640,2,3,0,0,3,0,0,3,4,0,3,3,3.0,N,,,,,,,,,,,
2021100839,1635.0,0,0,0,0,0,0,0,0,0,4,0,,67,10,2021,6,40.0013,-75.1529,1635.0,6,0,0,0,0,0,1,0,0,,0,0,0,14,1,1,0,N,0,40 00:04.808,,7,75 09:10.269,3,0,0,0,67301,0,0,0,N,0,0,0,3,67505,0,,1,1,,N,N,N,1,,1,0,1,0,0,,1435,1,2,0,0,0,0,0,3,4,0,2,3,3.0,N,,,,,,,,,,,
2021102269,528.0,1,0,0,0,0,0,0,0,0,1,0,,67,10,2021,6,39.9819,-75.239,518.0,6,0,0,0,0,0,0,0,0,,0,0,0,16,1,2,1,,0,39 58:55.028,,0,75 14:20.537,4,0,0,0,67301,0,0,0,N,0,0,0,3,67301,2,,1,1,,N,N,N,0,,0,0,1,3,2,,1615,2,2,0,0,0,0,1,3,4,0,2,3,,N,,,,,,,,,,,
2021103135,202.0,1,0,0,0,0,0,0,0,0,7,0,,67,10,2021,1,39.9555,-75.1482,202.0,6,0,0,0,0,0,0,0,0,,0,0,0,2,3,0,0,N,2,39 57:19.901,4.0,2,75 08:53.389,0,0,0,0,67301,0,0,0,N,0,0,0,3,67501,0,,3,1,230.0,N,N,N,0,,0,0,0,0,0,Y,202,0,1,0,0,0,0,0,3,4,0,1,3,,N,,,,,,,,,,,
2021107931,1205.0,1,0,0,0,0,0,0,0,0,4,0,,67,10,2021,2,39.9761,-75.2386,1140.0,6,0,0,0,0,0,0,0,0,,0,0,0,11,1,1,1,,0,39 58:33.981,,0,75 14:18.866,3,0,0,0,67301,0,0,0,N,0,0,0,3,67508,0,,1,1,,N,N,Y,0,,1,0,0,3,2,,1140,1,2,0,0,0,0,0,3,4,0,2,3,3.0,N,,,,,,,,,,,
2021101333,1618.0,1,0,0,0,0,0,0,0,0,4,0,,67,10,2021,7,40.0548,-75.169,1617.0,6,0,1,0,0,0,1,0,0,,0,0,0,16,1,1,1,,0,40 03:17.448,,0,75 10:08.247,3,0,0,0,67301,0,0,0,N,0,0,0,3,67301,0,,1,9,,N,N,N,1,,1,0,0,3,2,,1610,1,3,0,0,0,0,0,3,4,1,3,7,,N,,,,,,,,,,,
2021119811,,1,0,0,0,0,0,0,0,0,1,0,,67,10,2021,3,40.0115,-75.1318,,6,0,0,0,0,0,0,1,0,,0,0,0,8,1,1,2,,0,40 00:41.387,,0,75 07:54.518,8,0,0,0,67301,0,0,0,N,0,0,0,2,00000,0,,1,1,,N,N,N,0,,0,0,1,0,0,,830,1,2,0,0,0,1,0,3,4,0,2,3,,N,,,,,,,,,,,
2021123120,,0,0,0,0,0,0,0,0,0,1,0,,67,10,2021,7,39.9579,-75.1619,,6,0,0,0,0,0,1,0,0,,0,0,0,11,1,4,0,N,0,39 57:28.345,,0,75 09:42.718,8,0,0,0,67301,0,0,0,N,0,0,0,5,00000,0,,1,1,,N,N,N,0,,0,0,1,0,0,,1101,4,2,0,0,0,4,0,3,4,0,2,3,,N,,,,,,,,,,,
2021101001,145.0,1,0,0,0,0,0,0,0,0,4,0,,67,10,2021,5,40.0285,-75.1469,140.0,6,0,0,0,0,0,0,0,0,,0,0,0,1,3,2,0,N,0,40 01:42.547,,0,75 08:48.967,3,0,0,0,67301,0,0,0,N,0,0,0,3,67301,0,,1,1,,N,N,N,0,,2,0,1,0,0,,122,2,2,0,0,1,0,0,3,4,0,2,3,3.0,N,,,,,,,,,,,
2021098009,1015.0,1,0,0,0,0,0,0,0,0,7,0,,67,10,2021,5,39.9704,-75.1244,1010.0,6,0,0,0,0,0,0,0,0,,0,0,0,10,1,1,0,N,0,39 58:13.303,,0,75 07:27.690,3,0,0,0,67301,0,0,0,N,0,0,0,1,67301,0,,4,1,,N,N,Y,0,,1,0,0,0,0,,1008,1,1,0,0,0,0,0,3,4,0,1,3,3.0,N,,,,,,,,,,,
2021101346,205.0,1,0,0,0,0,0,0,0,0,5,0,,67,10,2021,1,39.9013,-75.1401,205.0,6,0,0,0,0,0,0,0,0,,0,0,0,1,6,0,0,N,0,39 54:04.730,,0,75 08:24.470,0,0,0,0,67301,0,0,0,N,0,0,0,2,67301,0,,1,99,,N,N,N,0,,0,0,0,0,0,,111,0,2,0,0,0,0,0,3,4,0,2,3,,N,,,,,,,,,,,