CRN,ARRIVAL_TM,AUTOMOBILE_COUNT,BELTED_DEATH_COUNT,BELTED_SUSP_SERIOUS_INJ_COUNT,BICYCLE_COUNT,BICYCLE_DEATH_COUNT,BICYCLE_SUSP_SERIOUS_INJ_COUNT,BUS_COUNT,CHLDPAS_DEATH_COUNT,CHLDPAS_SUSP_SERIOUS_INJ_COUNT,COLLISION_TYPE,COMM_VEH_COUNT,CONS_ZONE_SPD_LIM,COUNTY,CRASH_MONTH,CRASH_YEAR,DAY_OF_WEEK,DEC_LAT,DEC_LONG,DISPATCH_TM,DISTRICT,DRIVER_COUNT_16YR,DRIVER_COUNT_17YR,DRIVER_COUNT_18YR,DRIVER_COUNT_19YR,DRIVER_COUNT_20YR,DRIVER_COUNT_50_64YR,DRIVER_COUNT_65_74YR,DRIVER_COUNT_75PLUS,EST_HRS_CLOSED,FATAL_COUNT,HEAVY_TRUCK_COUNT,HORSE_BUGGY_COUNT,HOUR_OF_DAY,ILLUMINATION,INJURY_COUNT,INTERSECT_TYPE,INTERSECTION_RELATED,LANE_CLOSED,LATITUDE,LN_CLOSE_DIR,LOCATION_TYPE,LONGITUDE,MAX_SEVERITY_LEVEL,MCYCLE_DEATH_COUNT,MCYCLE_SUSP_SERIOUS_INJ_COUNT,MOTORCYCLE_COUNT,MUNICIPALITY,NONMOTR_COUNT,NONMOTR_DEATH_COUNT,NONMOTR_SUSP_SERIOUS_INJ_COUNT,NTFY_HIWY_MAINT,PED_COUNT,PED_DEATH_COUNT,PED_SUSP_SERIOUS_INJ_COUNT,PERSON_COUNT,POLICE_AGCY,POSSIBLE_INJ_COUNT,RDWY_SURF_TYPE_CD,RELATION_TO_ROAD,ROAD_CONDITION,ROADWAY_CLEARED,SCH_BUS_IND,SCH_ZONE_IND,SECONDARY_CRASH,SMALL_TRUCK_COUNT,SPEC_JURIS_CD,SUSP_MINOR_INJ_COUNT,SUSP_SERIOUS_INJ_COUNT,SUV_COUNT,TCD_FUNC_CD,TCD_TYPE,TFC_DETOUR_IND,TIME_OF_DAY,TOT_INJ_COUNT,TOTAL_UNITS,UNB_DEATH_COUNT,UNB_SUSP_SERIOUS_INJ_COUNT,UNBELTED_OCC_COUNT,UNK_INJ_DEG_COUNT,UNK_INJ_PER_COUNT,URBAN_AREA,URBAN_RURAL,VAN_COUNT,VEHICLE_COUNT,WEATHER1,WEATHER2,WORK_ZONE_IND,WORK_ZONE_LOC,WORK_ZONE_TYPE,WORKERS_PRES,WZ_CLOSE_DETOUR,WZ_FLAGGER,WZ_LAW_OFFCR_IND,WZ_LN_CLOSURE,WZ_MOVING,WZ_OTHER,WZ_SHLDER_MDN,WZ_WORKERS_INJ_KILLED
2021098756,2134.0,1,0,0,0,0,0,0,0,0,4,0,,67,10,2021,7,39.9849,-75.1204,2133.0,6,0,0,0,0,0,0,0,0,,0,0,0,21,3,2,0,N,0,39 59:05.502,,0,75 07:13.454,3,0,0,0,67301,0,0,0,N,0,0,0,3,67301,0,,1,9,,N,N,N,0,,2,0,2,0,0,,2124,2,3,0,0,3,0,0,3,4,0,3,7,,N,,,,,,,,,,,
2021098694,750.0,2,0,0,0,0,0,0,0,0,5,0,,67,10,2021,7,40.0404,-75.0706,745.0,6,0,0,0,0,0,0,0,0,,0,0,0,6,3,0,0,N,0,40 02:25.540,,0,75 04:14.230,0,0,0,0,67301,0,0,0,N,0,0,0,1,67301,0,,6,1,,N,N,N,1,,0,0,0,0,0,,630,0,4,0,0,0,0,0,3,4,1,4,3,3.0,N,,,,,,,,,,,
2021103403,1148.0,1,0,0,0,0,0,0,0,0,4,0,,67,10,2021,5,40.0563,-74.9859,1137.0,6,0,1,0,0,0,0,0,0,,0,0,0,10,1,3,0,N,0,40 03:22.816,,7,74 59:09.077,3,0,0,0,67301,0,0,0,N,0,0,0,3,67301,1,,1,1,,N,N,N,0,,2,0,1,3,3,,1054,3,2,0,0,0,0,0,3,4,0,2,3,3.0,N,,,,,,,,,,,
2021101381,1717.0,1,0,0,0,0,0,0,0,0,1,0,,67,10,2021,7,39.9191,-75.206,1717.0,6,0,0,0,0,0,0,1,0,,0,0,0,17,4,1,0,N,0,39 55:08.788,,3,75 12:21.556,3,0,0,0,67301,0,0,0,N,0,0,0,2,67301,0,,1,9,,N,N,N,0,,1,0,0,0,0,,1710,1,2,0,0,0,0,0,3,4,1,2,4,7.0,N,,,,,,,,,,,
2021098867,2135.0,1,0,0,0,0,0,0,0,0,4,0,,67,10,2021,7,40.0467,-75.1454,2135.0,6,0,0,0,0,0,0,0,0,,0,0,0,21,3,1,2,,0,40 02:48.278,,0,75 08:43.490,4,0,0,0,67301,0,0,0,N,0,0,0,2,67301,1,,1,9,,N,N,N,0,,0,0,1,0,0,,2103,1,2,0,0,0,0,1,3,4,0,2,7,7.0,N,,,,,,,,,,,
2021118013,,0,0,0,0,0,0,0,0,0,4,0,,67,11,2021,6,40.0246,-75.1306,,6,0,0,0,0,0,0,0,0,,0,0,0,21,3,1,1,,0,40 01:28.473,,0,75 07:49.998,4,0,0,0,67301,0,0,0,N,0,0,0,2,00000,1,,1,1,,N,N,N,0,,0,0,1,3,2,,2145,1,2,0,0,0,0,0,3,4,0,2,3,,N,,,,,,,,,,,
2021101957,1709.0,0,0,0,0,0,0,0,0,0,4,0,,67,10,2021,2,40.0049,-75.1787,1709.0,6,0,0,0,0,0,1,0,0,,0,0,0,17,1,2,5,,1,40 00:17.766,6.0,0,75 10:43.386,4,0,0,0,67301,0,0,0,N,0,0,0,2,67301,2,,1,1,1730.0,N,N,N,0,,0,0,2,3,2,N,1709,2,2,0,0,0,0,0,3,4,0,2,3,,N,,,,,,,,,,,
2021101066,243.0,1,0,0,0,0,0,0,0,0,4,0,,67,10,2021,7,40.0147,-75.1182,243.0,6,0,0,0,0,1,1,0,0,,0,0,0,2,3,3,0,N,0,40 00:52.836,,7,75 07:05.397,3,0,0,0,67301,0,0,0,N,0,0,0,4,67301,0,,1,1,,N,N,N,0,,1,0,1,0,0,,230,3,2,0,0,0,2,0,3,4,0,2,3,3.0,N,,,,,,,,,,,
2021099633,1455.0,2,0,0,0,0,0,0,0,0,1,0,,67,10,2021,2,39.9244,-75.1696,1453.0,6,0,0,0,0,0,1,1,1,,0,0,0,14,1,2,1,,0,39 55:27.728,,0,75 10:10.600,3,0,0,0,67301,0,0,0,N,0,0,0,3,67301,0,,1,1,,N,N,N,0,,2,0,1,3,2,,1436,2,3,0,0,0,0,0,3,4,0,3,4,4.0,N,,,,,,,,,,,
2021101382,1827.0,0,0,0,0,0,0,0,0,0,0,0,,67,9,2021,4,40.0261,-75.1165,1825.0,6,0,0,0,1,0,0,0,0,,0,0,0,18,1,2,0,N,0,40 01:34.130,,0,75 06:59.470,3,0,0,1,67301,0,0,0,N,0,0,0,2,67301,0,,1,1,,N,N,N,0,,2,0,0,0,0,,1820,2,1,0,0,0,0,0,3,4,0,1,3,3.0,N,,,,,,,,,,,
2021091071,1240.0,0,0,0,0,0,0,0,0,0,8,0,,67,9,2021,5,39.9513,-75.1551,1237.0,6,0,0,0,0,0,1,0,0,,0,0,0,12,1,1,1,,0,39 57:04.881,,0,75 09:18.550,3,0,0,0,67301,1,0,0,N,1,0,0,2,67301,0,,1,1,,N,N,N,1,,1,0,0,3,2,,1235,1,2,0,0,0,0,0,3,4,0,1,4,4.0,N,,,,,,,,,,,
2021090954,2050.0,2,0,0,0,0,0,0,0,0,4,0,,67,9,2021,1,40.0271,-75.1427,2046.0,6,0,0,0,0,0,0,0,0,,0,0,0,20,3,1,1,,1,40 01:37.397,7.0,0,75 08:33.565,3,0,0,0,67301,0,0,0,N,0,0,0,2,67301,0,,1,1,2219.0,N,N,N,0,,1,0,0,3,3,N,2046,1,2,0,0,1,0,0,3,4,0,2,3,,N,,,,,,,,,,,
2021089839,935.0,2,0,0,0,0,0,0,0,0,1,0,,67,9,2021,5,40.0604,-74.9904,925.0,6,0,0,1,0,0,0,1,0,,0,0,0,9,1,1,1,,0,40 03:37.434,,0,74 59:25.565,3,0,0,0,67301,0,0,0,N,0,0,0,4,67301,0,,1,1,,N,N,N,0,,1,0,1,3,2,,916,1,3,0,0,0,0,0,3,4,0,3,3,3.0,N,,,,,,,,,,,
2021089145,1925.0,0,0,0,0,0,0,0,0,0,4,0,,67,9,2021,2,40.0127,-75.0726,1916.0,6,0,0,0,0,0,0,0,0,,0,0,0,19,3,2,1,,1,40 00:45.713,2.0,0,75 04:21.246,2,0,1,1,67301,0,0,0,N,0,0,0,3,67301,0,,1,1,2126.0,N,N,N,0,,1,1,1,0,0,Y,1913,2,2,0,0,0,0,0,3,4,0,2,3,,N,,,,,,,,,,,
2021099122,1656.0,0,0,0,1,0,0,0,0,0,4,0,,67,10,2021,1,39.9155,-75.1815,1655.0,6,0,0,0,0,0,0,0,0,,0,0,0,16,1,1,0,N,0,39 54:55.620,,0,75 10:53.240,3,0,0,0,67301,1,0,0,N,0,0,0,2,67301,0,,1,1,,N,N,N,0,,1,0,0,0,0,,1655,1,2,0,0,0,0,0,3,4,1,1,3,3.0,N,,,,,,,,,,,
2021098974,1347.0,2,0,0,0,0,0,0,0,0,5,0,,67,10,2021,1,40.03,-75.0743,1339.0,6,0,0,0,0,0,0,0,0,,0,0,0,13,1,0,0,N,0,40 01:48.110,,0,75 04:27.490,0,0,0,0,67301,0,0,0,N,0,0,0,1,67301,0,,6,1,,N,N,Y,0,,0,0,1,0,0,,1330,0,3,0,0,0,0,0,3,4,0,3,3,3.0,N,,,,,,,,,,,
2021099388,1137.0,1,0,0,0,0,0,0,0,0,4,0,,67,10,2021,2,40.015,-75.0935,1115.0,6,0,0,0,0,0,0,0,0,,0,0,0,11,1,0,1,,0,40 00:54.118,,0,75 05:36.430,0,0,0,0,67301,0,0,0,N,0,0,0,2,67301,0,,1,1,,N,N,N,0,,0,0,1,3,3,,1106,0,2,0,0,0,0,0,3,4,0,2,3,3.0,N,,,,,,,,,,,
2021101078,950.0,2,0,0,0,0,0,0,0,0,4,0,,67,10,2021,4,40.0486,-75.1515,939.0,6,0,0,0,0,0,0,0,0,,0,0,0,8,1,2,1,,0,40 02:54.960,,0,75 09:05.446,3,0,0,0,67301,0,0,0,N,0,0,0,2,67301,0,,1,1,,N,N,Y,0,,2,0,0,3,3,,811,2,2,0,0,0,0,0,3,4,0,2,3,3.0,N,,,,,,,,,,,
2021126442,857.0,0,0,0,0,0,0,0,0,0,8,0,,67,12,2021,2,40.0011,-75.1247,855.0,6,0,0,0,0,0,0,0,0,,1,0,0,7,5,0,1,,0,40 00:03.985,,0,75 07:29.066,1,0,0,0,67301,1,1,0,N,1,1,0,2,67301,0,2.0,1,1,,N,N,N,0,0.0,0,0,0,3,2,,730,0,2,0,0,0,0,1,3,4,0,1,3,,N,,,,,,,,,,,
2021101287,1545.0,0,0,0,0,0,0,0,0,0,8,0,,67,10,2021,5,40.058,-75.139,1545.0,6,0,0,0,0,0,1,0,0,,0,0,0,6,5,1,1,,0,40 03:28.818,,0,75 08:20.636,8,0,0,0,67301,1,0,0,N,1,0,0,2,67301,0,,1,1,,N,N,N,0,,0,0,1,3,2,,640,1,2,0,0,1,1,0,3,4,0,1,99,,N,,,,,,,,,,,
2021101076,2116.0,0,0,0,0,0,0,0,0,0,8,0,,67,10,2021,6,39.9364,-75.219,2112.0,6,0,0,0,0,0,0,0,0,,0,0,0,21,3,1,1,,0,39 56:10.978,,0,75 13:08.360,2,0,0,0,67301,1,0,1,N,1,0,1,2,67301,0,,1,1,,N,N,N,0,,0,1,0,3,2,,2103,1,2,0,0,0,0,0,3,4,0,1,3,3.0,N,,,,,,,,,,,
2021100038,1701.0,0,0,0,0,0,0,0,0,0,4,0,,67,10,2021,1,39.9836,-75.247,1701.0,6,0,0,0,0,0,0,0,0,,0,0,0,16,1,1,1,,0,39 59:00.913,,0,75 14:49.652,3,0,0,0,67301,0,0,0,N,0,0,0,3,67301,0,,1,1,,N,N,N,0,,1,0,1,3,2,,1630,1,2,0,0,0,0,0,3,4,0,2,3,3.0,N,,,,,,,,,,,
2021098558,703.0,0,0,0,0,0,0,0,0,0,7,0,,67,10,2021,7,39.891,-75.2219,652.0,6,0,0,0,0,0,1,0,0,,0,0,0,6,1,0,0,N,0,39 53:27.452,,0,75 13:18.965,0,0,0,0,67301,0,0,0,N,0,0,0,1,68K01,0,,3,1,,N,N,N,1,,0,0,0,0,0,,651,0,1,0,0,0,0,0,3,4,0,1,3,3.0,N,,,,,,,,,,,
2021101562,1533.0,0,0,0,0,0,0,0,0,0,4,0,,67,10,2021,1,39.9755,-75.1909,1530.0,6,0,0,0,0,0,0,1,0,,0,0,0,15,1,0,3,,0,39 58:31.664,,0,75 11:27.272,0,0,0,0,67301,0,0,0,N,0,0,0,2,67301,0,,1,1,,N,N,N,0,,0,0,2,0,0,,1517,0,2,0,0,0,0,0,3,4,0,2,3,3.0,N,,,,,,,,,,,
2021102237,208.0,1,0,0,0,0,0,0,0,0,5,0,,67,10,2021,1,40.0165,-75.1751,201.0,6,0,0,0,0,0,0,0,0,,0,0,0,1,3,1,0,N,0,40 00:59.573,,0,75 10:30.198,3,0,0,0,67301,0,0,0,N,0,0,0,5,67301,0,,2,1,,N,N,N,0,,1,0,1,0,0,,123,1,3,0,0,0,0,0,3,4,0,2,3,3.0,N,,,,,,,,,,,
2021101636,126.0,1,0,0,0,0,0,0,0,0,98,0,,67,10,2021,2,40.0413,-75.1153,118.0,6,0,0,0,0,0,0,0,0,,0,0,0,1,3,0,0,N,0,40 02:28.700,,0,75 06:55.060,0,0,0,0,67301,0,0,0,N,0,0,0,1,67301,0,,1,1,,N,N,N,0,,0,0,0,0,0,,110,0,1,0,0,0,0,0,3,4,0,1,3,3.0,N,,,,,,,,,,,
2021098099,800.0,2,0,0,0,0,0,0,0,0,4,0,,67,10,2021,6,39.9754,-75.1918,757.0,6,0,0,0,0,0,0,1,0,,0,0,0,7,1,2,0,N,0,39 58:31.558,,7,75 11:30.581,3,0,0,0,67301,0,0,0,N,0,0,0,4,67301,0,,1,1,,N,N,N,0,,2,0,1,0,0,,733,2,3,0,0,0,0,0,3,4,0,3,3,3.0,N,,,,,,,,,,,
2021099414,2030.0,1,0,0,0,0,0,0,0,0,4,0,,67,10,2021,1,39.9865,-75.1579,2030.0,6,0,0,0,0,0,0,0,0,,0,0,0,20,3,0,1,,0,39 59:11.485,,0,75 09:28.427,9,0,0,0,67301,0,0,0,N,0,0,0,2,67301,0,,1,1,,N,N,N,0,,0,0,1,3,2,,2029,0,2,0,0,1,0,1,3,4,0,2,3,3.0,N,,,,,,,,,,,
2021102963,346.0,1,0,0,0,0,0,0,0,0,1,0,,67,10,2021,2,39.9988,-75.1313,345.0,6,0,0,0,0,0,1,0,0,,0,0,0,18,1,3,1,,0,39 59:55.564,,0,75 07:52.533,8,0,0,0,67301,0,0,0,N,0,0,0,4,67301,0,,1,99,,N,N,N,1,,0,0,0,3,2,,1835,3,2,0,0,0,3,0,3,4,0,2,3,3.0,N,,,,,,,,,,,
2021099504,2310.0,2,0,0,0,0,0,0,0,0,1,0,,67,10,2021,4,40.0041,-75.2205,2310.0,6,0,0,0,0,0,0,0,0,,0,0,0,23,3,1,0,Y,0,40 00:14.715,,0,75 13:13.648,8,0,0,0,67301,0,0,0,N,0,0,0,3,46104,0,,1,1,,N,N,N,0,,0,0,0,0,0,,2310,1,2,0,0,0,1,0,3,4,0,2,3,,N,,,,,,,,,,,
2021102425,853.0,1,0,0,0,0,0,0,0,0,4,0,,67,10,2021,3,40.0497,-75.1717,853.0,6,0,0,0,0,0,0,0,0,,0,0,0,8,1,1,1,,0,40 02:58.996,,0,75 10:18.240,3,0,0,0,67301,0,0,0,N,0,0,0,3,67301,0,,1,9,,N,N,N,0,,1,0,1,3,3,,853,1,2,0,0,0,0,0,3,4,0,2,4,3.0,N,,,,,,,,,,,
2021099413,247.0,1,0,0,0,0,0,0,0,0,2,0,,67,10,2021,2,40.0629,-75.0048,240.0,6,0,0,0,0,0,0,0,0,,0,0,0,2,3,0,0,N,0,40 03:46.400,,0,75 00:17.170,0,0,0,0,67301,0,0,0,N,0,0,0,1,67301,0,,6,1,,N,N,N,0,,0,0,0,0,0,,235,0,2,0,0,1,0,0,3,4,1,2,3,3.0,N,,,,,,,,,,,
2021106902,1200.0,1,0,0,0,0,0,0,0,0,0,0,,67,10,2021,6,39.893,-75.2281,1156.0,6,0,0,0,0,0,0,0,0,,0,0,0,11,1,1,0,N,0,39 53:34.812,,0,75 13:41.306,3,0,0,0,67301,0,0,0,N,0,0,0,1,68K01,0,,1,1,,N,N,N,0,,1,0,0,0,0,,1154,1,1,0,0,0,0,0,3,4,0,1,3,,N,,,,,,,,,,,
2021101646,337.0,1,0,0,0,0,0,0,0,0,8,0,,67,10,2021,7,39.9689,-75.1344,335.0,6,0,0,0,0,0,0,0,0,,0,0,0,3,3,1,1,,0,39 58:08.006,,0,75 08:03.925,3,0,0,0,67301,1,0,0,N,1,0,0,3,67301,0,,1,1,,N,N,N,0,,1,0,0,3,2,,326,1,2,0,0,0,0,0,3,4,0,1,3,3.0,N,,,,,,,,,,,
2021091072,2007.0,0,0,0,0,0,0,0,0,0,8,0,,67,9,2021,7,39.9704,-75.1596,2007.0,6,0,0,0,0,0,0,0,0,,0,0,0,1,3,1,0,N,0,39 58:13.459,,0,75 09:34.576,3,0,0,0,67301,1,0,0,N,1,0,0,2,67301,0,,1,1,,N,N,N,0,,1,0,0,0,0,,100,1,2,0,0,0,0,0,3,4,0,1,3,4.0,N,,,,,,,,,,,
2021093084,1745.0,1,0,0,0,0,0,0,0,0,4,0,,67,9,2021,2,40.0458,-75.1432,1745.0,6,0,0,0,0,0,0,1,0,,0,0,0,16,1,1,2,,0,40 02:44.679,,0,75 08:35.773,8,0,0,0,67301,0,0,0,N,0,0,0,5,67301,0,,1,1,,N,N,N,1,,0,0,1,0,0,,1645,1,3,0,0,5,1,1,3,4,0,3,3,,N,,,,,,,,,,,
2021093426,1605.0,0,0,0,0,0,0,0,0,0,1,0,,67,9,2021,4,39.9517,-75.1415,1600.0,6,0,0,0,0,0,1,0,0,,0,0,0,15,1,1,0,N,1,39 57:06.012,2.0,0,75 08:29.307,3,0,0,1,67301,0,0,0,N,0,0,0,2,68K01,0,,1,1,1640.0,N,N,N,0,,1,0,1,0,0,N,1559,1,2,0,0,0,0,0,3,4,0,2,3,3.0,N,,,,,,,,,,,
2021093018,1640.0,2,0,0,0,0,0,0,0,0,1,0,,67,9,2021,2,40.0364,-75.1452,1640.0,6,0,0,0,0,0,0,0,0,,0,0,0,16,1,1,0,N,0,40 02:11.149,,0,75 08:42.703,4,0,0,0,67301,0,0,0,N,0,0,0,2,67301,1,,1,1,,N,N,N,0,,0,0,0,0,0,,1605,1,2,0,0,2,0,1,3,4,0,2,3,,N,,,,,,,,,,,
2021090809,215.0,0,0,0,0,0,0,0,0,0,4,0,,67,9,2021,1,39.9702,-75.1451,214.0,6,0,0,0,0,0,0,0,0,,0,0,0,2,3,2,1,,0,39 58:12.569,,0,75 08:42.214,4,0,0,0,67301,0,0,0,N,0,0,0,3,67301,2,,1,1,,N,N,N,0,,0,0,1,3,2,,210,2,2,0,0,0,0,0,3,4,0,2,3,3.0,N,,,,,,,,,,,
2021088365,307.0,1,0,0,0,0,0,0,0,0,5,0,,67,9,2021,1,40.0499,-75.165,305.0,6,0,0,0,0,0,1,0,0,,0,0,0,3,3,0,0,N,0,40 02:59.530,,0,75 09:53.930,9,0,0,0,67301,0,0,0,N,0,0,0,1,67301,0,,6,1,,N,N,N,1,,0,0,0,0,0,,300,0,2,0,0,0,0,1,3,4,0,2,3,3.0,N,,,,,,,,,,,
2021100833,1012.0,1,0,0,0,0,0,0,0,0,7,0,,67,10,2021,1,40.01,-75.0966,1008.0,6,0,0,0,0,0,0,0,0,,0,0,0,5,6,0,0,N,0,40 00:36.170,,0,75 05:47.660,0,0,0,0,67301,0,0,0,N,0,0,0,1,67301,0,,4,99,,N,N,N,0,,0,0,0,0,0,,530,0,1,0,0,0,0,0,3,4,0,1,98,98.0,N,,,,,,,,,,,
2021123110,,1,0,0,0,0,0,0,0,0,1,0,,67,11,2021,3,39.9668,-75.1879,,6,0,0,0,0,0,0,1,0,,0,0,0,17,1,1,0,N,0,39 58:00.517,,0,75 11:16.284,8,0,0,0,67301,0,0,0,N,0,0,0,2,00000,0,,1,1,,N,N,N,0,,0,0,1,0,0,,1716,1,2,0,0,0,1,0,3,4,0,2,3,,N,,,,,,,,,,,
2021101413,756.0,2,0,0,0,0,0,0,0,0,1,0,,67,10,2021,1,39.9501,-75.1459,743.0,6,0,0,0,0,0,0,0,0,,0,0,0,2,3,1,0,N,0,39 57:00.534,,0,75 08:45.291,8,0,0,0,67301,0,0,0,N,0,0,0,2,67301,0,,1,1,,N,N,N,0,,0,0,0,0,0,,230,1,2,0,0,0,1,0,3,4,0,2,3,98.0,N,,,,,,,,,,,
2021100601,2034.0,0,0,0,0,0,0,0,0,0,4,0,,67,10,2021,5,39.9578,-75.2081,2034.0,6,0,0,0,0,0,1,0,0,,0,0,0,19,3,0,1,,0,39 57:28.610,,0,75 12:29.280,0,0,0,0,67301,0,0,0,N,0,0,0,3,67301,0,,1,1,,N,N,N,0,,0,0,1,3,2,,1935,0,2,0,0,0,0,0,3,4,1,2,3,3.0,N,,,,,,,,,,,
2021099547,1619.0,1,0,0,1,0,0,0,0,0,2,0,,67,10,2021,3,39.9824,-75.1533,1617.0,6,0,0,0,0,0,0,0,0,,0,0,0,15,1,1,0,N,0,39 58:56.600,,0,75 09:11.700,8,0,0,0,67301,1,0,0,N,0,0,0,2,67505,0,,1,1,,N,N,N,0,,0,0,0,0,0,,1544,1,2,0,0,0,1,1,3,4,0,1,3,3.0,N,,,,,,,,,,,
2021107779,1537.0,0,0,0,0,0,0,0,0,0,8,0,,67,10,2021,2,39.9964,-75.1135,1537.0,6,0,0,0,0,0,0,0,0,,0,0,0,15,1,1,5,,1,39 59:47.175,4.0,0,75 06:48.425,3,0,0,0,67301,1,0,0,N,1,0,0,2,67301,0,,1,1,1629.0,N,N,N,1,,1,0,0,3,2,N,1537,1,2,0,0,0,0,0,3,4,0,1,3,,N,,,,,,,,,,,
2021102441,1300.0,0,0,0,0,0,0,0,0,0,8,0,,67,10,2021,5,39.9067,-75.1834,1254.0,6,0,0,0,0,0,0,0,0,,0,0,0,12,1,1,2,,0,39 54:24.119,,0,75 11:00.207,4,0,0,0,67301,1,0,0,N,1,0,0,2,67301,1,,1,1,,N,N,N,0,,0,0,1,3,2,,1220,1,2,0,0,1,0,0,3,4,0,1,3,4.0,N,,,,,,,,,,,
2021099937,1924.0,1,0,0,0,0,0,0,0,0,5,0,,67,10,2021,2,40.0061,-75.1968,1908.0,6,0,1,0,0,0,0,0,0,,0,0,0,19,1,1,0,N,0,40 00:22.118,,0,75 11:48.646,3,0,0,0,67301,0,0,0,N,0,0,0,2,68K01,0,,1,1,,N,N,N,0,,1,0,1,0,0,,1902,1,2,0,0,0,0,0,3,4,0,2,3,3.0,N,,,,,,,,,,,
2021099797,538.0,2,0,0,0,0,0,0,0,0,5,0,,67,10,2021,1,39.9348,-75.1708,528.0,6,0,0,0,0,0,0,0,0,,0,0,0,5,3,0,0,N,2,39 56:05.220,1.0,0,75 10:14.740,0,0,0,0,67301,0,0,0,N,0,0,0,1,67301,0,,6,1,600.0,N,N,N,0,,0,0,4,0,0,Y,520,0,6,0,0,0,0,0,3,4,0,6,3,3.0,N,,,,,,,,,,,
2021099354,2100.0,1,0,0,0,0,0,0,0,0,5,0,,67,10,2021,1,40.0415,-75.0675,2100.0,6,0,0,0,1,0,0,0,0,,0,0,0,21,3,0,0,N,0,40 02:29.450,,0,75 04:02.830,0,0,0,0,67301,0,0,0,N,0,0,0,1,67301,0,,6,1,,N,N,N,1,,0,0,0,0,0,,2100,0,2,0,0,1,0,0,3,4,0,2,3,3.0,N,,,,,,,,,,,
2021098598,113.0,1,0,0,0,0,0,0,0,0,1,0,,67,10,2021,7,40.0363,-75.0826,43.0,6,0,0,0,0,0,0,0,0,,0,0,0,0,3,0,0,N,2,40 02:10.780,5.0,0,75 04:57.520,0,0,0,0,67301,0,0,0,N,0,0,0,3,67301,0,,1,1,242.0,N,N,N,1,,0,0,1,0,0,N,42,0,3,0,0,0,0,0,3,4,0,3,3,,N,,,,,,,,,,,
2021102697,1040.0,1,0,0,0,0,0,0,0,0,4,0,,67,10,2021,1,39.9751,-75.195,1037.0,6,0,0,0,0,0,0,0,0,,0,0,0,10,1,2,1,,0,39 58:30.316,,0,75 11:41.875,2,0,0,0,67301,0,0,0,N,0,0,0,2,67301,0,,1,1,,N,N,N,0,,1,1,1,3,2,,1021,2,2,0,0,0,0,0,3,4,0,2,3,3.0,N,,,,,,,,,,,
2021095205,1214.0,0,0,0,0,0,0,0,0,0,1,0,,67,10,2021,3,40.0588,-75.1317,1208.0,6,0,0,0,0,1,1,0,0,,0,0,0,12,1,3,2,,1,40 03:31.739,4.0,0,75 07:54.035,3,0,0,0,67301,0,0,0,N,0,0,0,4,46102,1,,1,1,1250.0,N,N,N,0,,2,0,3,0,0,N,1205,3,4,0,0,0,0,0,3,4,1,4,4,,N,,,,,,,,,,,
2021104049,30.0,4,0,0,0,0,0,0,0,0,6,0,,67,10,2021,7,39.915,-75.1577,30.0,6,0,0,0,0,0,0,0,0,,0,0,0,0,3,2,2,,2,39 54:54.098,3.0,0,75 09:27.608,3,0,0,0,67301,1,0,0,N,1,0,0,3,67301,0,,1,1,230.0,N,N,N,1,,2,0,2,3,2,N,20,2,8,0,0,0,0,0,3,4,0,7,3,3.0,N,,,,,,,,,,,
2021103298,1200.0,0,0,0,0,0,0,0,0,0,4,0,,67,10,2021,2,39.9828,-75.1422,1200.0,6,0,0,0,0,0,1,0,0,,0,0,0,12,1,2,1,,0,39 58:58.231,,0,75 08:31.970,3,0,0,0,67301,0,0,0,N,0,0,0,3,67301,0,,1,1,,N,N,N,0,,2,0,2,3,2,,1215,2,2,0,0,3,0,0,3,4,0,2,3,4.0,N,,,,,,,,,,,
2021099085,800.0,2,0,0,0,0,0,0,0,0,7,0,,67,10,2021,2,39.9711,-75.2287,747.0,6,0,0,0,0,0,0,0,0,,0,0,0,7,1,0,1,,2,39 58:15.920,2.0,0,75 13:43.424,0,0,0,0,67301,0,0,0,N,0,0,0,1,67301,0,,4,1,941.0,N,N,N,1,,0,0,0,3,2,N,730,0,3,0,0,0,0,0,3,4,0,3,3,3.0,N,,,,,,,,,,,
2021102783,1302.0,1,0,0,0,0,0,0,0,0,4,0,,67,10,2021,1,40.0022,-75.1576,1302.0,6,0,0,0,0,0,0,0,0,,0,0,0,15,1,1,1,,0,40 00:07.957,,0,75 09:27.721,3,0,0,0,67301,0,0,0,N,0,0,0,5,67301,0,,1,1,,N,N,N,1,,1,0,0,3,2,,1504,1,2,0,0,5,0,0,3,4,0,2,3,3.0,N,,,,,,,,,,,
2021100254,1140.0,2,0,0,0,0,0,0,0,0,1,0,,67,10,2021,4,39.9648,-75.2241,1137.0,6,0,0,0,0,0,0,1,0,,0,0,0,11,1,0,0,N,0,39 57:53.235,,0,75 13:26.624,9,0,0,0,67301,0,0,0,N,0,0,0,1,67301,0,,1,1,,N,N,N,0,,0,0,1,0,0,,1137,0,3,0,0,0,0,1,3,4,0,3,3,,N,,,,,,,,,,,