CRN,ARRIVAL_TM,AUTOMOBILE_COUNT,BELTED_DEATH_COUNT,BELTED_SUSP_SERIOUS_INJ_COUNT,BICYCLE_COUNT,BICYCLE_DEATH_COUNT,BICYCLE_SUSP_SERIOUS_INJ_COUNT,BUS_COUNT,CHLDPAS_DEATH_COUNT,CHLDPAS_SUSP_SERIOUS_INJ_COUNT,COLLISION_TYPE,COMM_VEH_COUNT,CONS_ZONE_SPD_LIM,COUNTY,CRASH_MONTH,CRASH_YEAR,DAY_OF_WEEK,DEC_LAT,DEC_LONG,DISPATCH_TM,DISTRICT,DRIVER_COUNT_16YR,DRIVER_COUNT_17YR,DRIVER_COUNT_18YR,DRIVER_COUNT_19YR,DRIVER_COUNT_20YR,DRIVER_COUNT_50_64YR,DRIVER_COUNT_65_74YR,DRIVER_COUNT_75PLUS,EST_HRS_CLOSED,FATAL_COUNT,HEAVY_TRUCK_COUNT,HORSE_BUGGY_COUNT,HOUR_OF_DAY,ILLUMINATION,INJURY_COUNT,INTERSECT_TYPE,INTERSECTION_RELATED,LANE_CLOSED,LATITUDE,LN_CLOSE_DIR,LOCATION_TYPE,LONGITUDE,MAX_SEVERITY_LEVEL,MCYCLE_DEATH_COUNT,MCYCLE_SUSP_SERIOUS_INJ_COUNT,MOTORCYCLE_COUNT,MUNICIPALITY,NONMOTR_COUNT,NONMOTR_DEATH_COUNT,NONMOTR_SUSP_SERIOUS_INJ_COUNT,NTFY_HIWY_MAINT,PED_COUNT,PED_DEATH_COUNT,PED_SUSP_SERIOUS_INJ_COUNT,PERSON_COUNT,POLICE_AGCY,POSSIBLE_INJ_COUNT,RDWY_SURF_TYPE_CD,RELATION_TO_ROAD,ROAD_CONDITION,ROADWAY_CLEARED,SCH_BUS_IND,SCH_ZONE_IND,SECONDARY_CRASH,SMALL_TRUCK_COUNT,SPEC_JURIS_CD,SUSP_MINOR_INJ_COUNT,SUSP_SERIOUS_INJ_COUNT,SUV_COUNT,TCD_FUNC_CD,TCD_TYPE,TFC_DETOUR_IND,TIME_OF_DAY,TOT_INJ_COUNT,TOTAL_UNITS,UNB_DEATH_COUNT,UNB_SUSP_SERIOUS_INJ_COUNT,UNBELTED_OCC_COUNT,UNK_INJ_DEG_COUNT,UNK_INJ_PER_COUNT,URBAN_AREA,URBAN_RURAL,VAN_COUNT,VEHICLE_COUNT,WEATHER1,WEATHER2,WORK_ZONE_IND,WORK_ZONE_LOC,WORK_ZONE_TYPE,WORKERS_PRES,WZ_CLOSE_DETOUR,WZ_FLAGGER,WZ_LAW_OFFCR_IND,WZ_LN_CLOSURE,WZ_MOVING,WZ_OTHER,WZ_SHLDER_MDN,WZ_WORKERS_INJ_KILLED
2021089432,1603.0,1,0,0,0,0,0,0,0,0,5,0,,67,8,2021,6,39.9904,-75.2052,1603.0,6,0,0,1,0,0,0,0,0,,0,0,0,16,1,1,0,N,0,39 59:25.349,,0,75 12:18.858,3,0,0,0,67301,0,0,0,N,0,0,0,3,68K01,0,,1,9,,N,N,N,0,,1,0,2,0,0,,1603,1,3,0,0,0,0,0,3,4,0,3,3,,N,,,,,,,,,,,
2021081127,1332.0,2,0,0,0,0,0,0,0,0,4,0,,67,8,2021,7,40.0488,-75.1661,1325.0,6,0,0,0,0,1,0,0,0,,0,0,0,13,1,1,1,,0,40 02:55.770,,0,75 09:57.837,3,0,0,0,67301,0,0,0,N,0,0,0,2,67301,0,,1,9,,N,N,N,0,,1,0,0,3,3,,1308,1,2,0,0,0,0,0,3,4,0,2,7,4.0,N,,,,,,,,,,,
2021084724,1245.0,0,0,0,0,0,0,0,0,0,4,0,,67,8,2021,3,39.9354,-75.1967,1245.0,6,0,0,0,0,0,0,1,0,,0,0,0,12,1,1,1,,0,39 56:07.409,,0,75 11:48.290,3,0,0,0,67301,0,0,0,N,0,0,0,2,67301,0,,1,1,,N,N,N,0,,1,0,1,3,3,,1230,1,2,0,0,0,0,0,3,4,1,2,3,3.0,N,,,,,,,,,,,
2021081128,1639.0,1,0,0,0,0,0,0,0,0,6,0,,67,8,2021,7,40.0549,-75.1864,1638.0,6,0,0,0,0,0,1,0,0,,0,0,0,16,1,1,0,N,0,40 03:17.510,,0,75 11:11.050,8,0,0,0,67301,0,0,0,N,0,0,0,1,67301,0,,6,9,,N,N,N,0,,0,0,1,0,0,,1631,1,2,0,0,0,1,0,3,4,0,2,3,7.0,N,,,,,,,,,,,
2021087748,209.0,0,0,0,0,0,0,0,0,0,7,0,,67,9,2021,6,40.0564,-75.1971,159.0,6,0,0,0,0,0,1,0,0,,0,0,0,1,3,1,2,,0,40 03:22.927,,0,75 11:49.613,8,0,0,0,67301,0,0,0,N,0,0,0,1,67301,0,,5,1,,N,N,N,0,,0,0,1,3,3,,140,1,1,0,0,0,1,0,3,4,0,1,3,3.0,N,,,,,,,,,,,
2021088087,2158.0,2,0,0,0,0,0,0,0,0,4,0,,67,8,2021,2,40.0145,-75.1311,2158.0,6,0,0,0,1,0,0,0,0,,0,0,0,21,4,2,1,,0,40 00:52.264,,0,75 07:52.028,3,0,0,0,67301,0,0,0,N,0,0,0,2,67301,0,,1,1,,N,N,N,0,,2,0,1,3,1,,2100,2,3,0,0,0,0,0,3,4,0,3,3,4.0,N,,,,,,,,,,,
2021083584,1405.0,0,0,0,0,0,0,0,0,0,1,0,,67,9,2021,6,40.0928,-75.0129,1353.0,6,0,0,0,0,0,0,0,0,,0,0,0,13,1,0,0,N,1,40 05:34.120,4.0,7,75 00:46.450,9,0,0,0,67301,0,0,0,N,0,0,0,2,67301,0,,1,1,1429.0,N,N,N,0,,0,0,2,3,3,N,1338,0,2,0,0,0,0,1,3,4,0,2,3,,N,,,,,,,,,,,
2021091386,1145.0,4,0,0,0,0,0,0,0,0,5,0,,67,8,2021,3,39.9513,-75.1801,1130.0,6,0,0,0,0,0,0,0,0,,0,0,0,11,1,1,0,N,1,39 57:04.745,4.0,3,75 10:48.381,4,0,0,0,67301,0,0,0,N,0,0,0,4,67301,1,,1,1,1230.0,N,N,N,0,,0,0,1,0,0,N,1100,1,6,0,0,0,0,0,3,4,1,6,3,3.0,N,,,,,,,,,,,
2021084014,853.0,1,0,0,0,0,0,0,0,0,4,0,,67,8,2021,3,40.005,-75.1786,849.0,6,0,0,0,0,0,1,0,0,,0,0,0,8,1,2,5,,0,40 00:17.766,,0,75 10:43.386,3,0,0,0,67301,0,0,0,N,0,0,0,3,67301,0,,1,1,,N,N,N,0,,2,0,1,3,2,,835,2,2,0,0,0,0,0,3,4,0,2,3,,N,,,,,,,,,,,
2021083505,1815.0,2,0,0,0,0,0,0,0,0,4,0,,67,9,2021,4,39.9716,-75.2428,1804.0,6,0,0,0,0,0,1,0,0,,0,0,0,18,4,0,1,,0,39 58:17.779,,0,75 14:34.148,0,0,0,0,67301,0,0,0,N,0,0,0,2,67301,0,,1,9,,N,N,N,0,,0,0,2,3,2,,1800,0,4,0,0,1,0,0,3,4,0,4,7,7.0,N,,,,,,,,,,,
2021107196,124.0,2,0,0,0,0,0,0,0,0,4,0,,67,8,2021,7,40.0485,-75.0937,119.0,6,0,0,1,0,0,0,0,0,,0,0,0,1,3,0,1,,2,40 02:54.566,6.0,0,75 05:37.204,0,0,0,0,67301,0,0,0,N,0,0,0,2,67301,0,,1,1,230.0,N,N,N,0,,0,0,0,3,2,Y,105,0,2,0,0,0,0,0,3,4,0,2,3,,N,,,,,,,,,,,
2021083401,1000.0,2,0,0,0,0,0,0,0,0,4,0,,67,9,2021,4,39.9767,-75.2387,957.0,6,0,0,0,0,0,0,0,0,,0,0,0,9,1,0,2,,0,39 58:36.181,,0,75 14:19.309,0,0,0,0,67301,0,0,0,N,0,0,0,1,67301,0,,1,9,,N,N,N,0,,0,0,1,3,3,,952,0,3,0,0,0,0,0,3,4,0,3,3,4.0,N,,,,,,,,,,,
2021086255,1232.0,1,0,0,0,0,0,0,0,0,4,0,,67,9,2021,1,40.0404,-75.1666,1232.0,6,0,0,0,0,0,0,0,0,,0,0,0,23,3,0,1,,0,40 02:25.339,,0,75 09:59.853,9,0,0,0,67301,0,0,0,N,0,0,0,2,67301,0,,1,1,,N,N,N,1,,0,0,0,3,3,,2350,0,2,0,0,1,0,1,3,4,0,2,3,,N,,,,,,,,,,,
2021084831,1630.0,1,0,1,0,0,0,0,0,0,7,0,,67,9,2021,4,39.9337,-75.2315,1627.0,6,0,0,0,0,0,0,0,0,,0,0,0,16,1,1,1,,0,39 56:01.190,,0,75 13:53.533,2,0,0,0,67301,0,0,0,N,0,0,0,1,67301,0,,5,1,,N,N,N,0,,0,1,0,3,3,,1627,1,1,0,0,0,0,0,3,4,0,1,3,3.0,N,,,,,,,,,,,
2021083514,1655.0,1,0,0,0,0,0,0,0,0,4,0,,67,9,2021,4,40.0564,-75.0533,1648.0,6,0,0,0,0,0,1,0,0,,0,0,0,16,1,1,1,,0,40 03:23.309,,0,75 03:12.243,3,0,0,0,67301,0,0,0,N,0,0,0,2,67301,0,,1,8,,N,N,N,0,,1,0,1,3,2,,1633,1,2,0,0,0,0,0,3,4,0,2,7,4.0,N,,,,,,,,,,,
2021117991,,1,0,0,0,0,0,0,0,0,4,0,,67,7,2021,5,39.9293,-75.2422,,6,0,0,0,0,0,0,0,0,,0,0,0,22,3,2,2,,0,39 55:45.381,,0,75 14:31.831,8,0,0,0,67301,0,0,0,N,0,0,0,3,00000,0,,1,1,,N,N,N,0,,0,0,1,3,3,,2230,2,2,0,0,0,2,0,3,4,0,2,3,,N,,,,,,,,,,,
2021124415,2346.0,1,0,0,0,0,0,0,0,0,7,0,,67,12,2021,6,39.9929,-75.2357,2344.0,6,0,0,0,0,0,0,0,0,,0,0,0,22,3,0,0,N,0,39 59:34.330,,0,75 14:08.370,0,0,0,0,67301,0,0,0,N,0,0,0,1,67301,0,,5,1,,N,N,N,0,,0,0,0,0,0,,2245,0,1,0,0,0,0,0,3,4,0,1,3,3.0,N,,,,,,,,,,,
2021126130,200.0,1,0,0,0,0,0,0,0,0,4,0,,67,12,2021,2,39.9545,-75.2058,155.0,6,0,0,0,0,0,0,0,0,,0,0,0,1,3,0,0,N,0,39 57:16.282,,0,75 12:20.962,0,0,0,0,67301,0,0,0,N,0,0,0,1,67504,0,,6,1,,N,N,N,0,,0,0,1,0,0,,150,0,2,0,0,0,0,0,3,4,0,2,3,3.0,N,,,,,,,,,,,
2021114654,,1,0,0,0,0,0,0,0,0,5,0,,67,7,2021,7,40.0148,-75.0855,,6,0,0,0,0,1,0,0,0,,0,0,0,14,1,2,1,,0,40 00:53.164,,1,75 05:07.676,8,0,0,0,67301,0,0,0,N,0,0,0,3,00000,0,,1,1,,N,N,N,0,,0,0,0,3,2,,1435,2,2,0,0,0,2,0,3,4,0,2,3,,N,,,,,,,,,,,
2021126179,2130.0,0,0,0,0,0,0,0,0,0,4,0,,67,12,2021,5,40.018,-75.155,2130.0,6,0,0,0,0,0,0,0,0,,0,0,0,21,3,1,2,,9,40 01:04.885,,0,75 09:18.101,3,0,0,0,67301,0,0,0,N,0,0,0,1,67301,0,,1,1,,N,N,N,0,,1,0,2,3,2,U,2100,1,2,0,0,0,0,0,3,4,0,2,3,,N,,,,,,,,,,,
2021123861,1130.0,1,0,0,0,0,0,0,0,0,2,0,,67,12,2021,6,40.096,-74.9768,1130.0,6,0,0,0,0,0,0,0,1,,0,0,0,7,5,1,0,N,0,40 05:45.430,,7,74 58:36.413,3,0,0,0,67301,0,0,0,N,0,0,0,2,67301,0,,5,1,,N,N,N,0,,1,0,1,0,0,,748,1,2,0,0,0,0,0,3,4,0,2,3,3.0,N,,,,,,,,,,,
2021125617,1519.0,1,0,0,0,0,0,0,0,0,5,0,,67,12,2021,7,40.0318,-75.0214,1501.0,6,0,0,1,0,0,0,0,0,,0,0,0,14,1,0,0,N,2,40 01:54.412,2.0,0,75 01:17.162,0,0,0,0,67301,0,0,0,N,0,0,0,2,68K01,0,,3,9,1600.0,N,N,N,0,,0,0,0,0,0,N,1433,0,2,0,0,0,0,0,3,4,0,2,7,,N,,,,,,,,,,,
2021118001,,2,0,0,0,0,0,0,0,0,1,0,,67,7,2021,3,39.9566,-75.1524,,6,0,0,0,0,0,1,0,0,,0,0,0,7,1,2,5,,0,39 57:23.708,,2,75 09:08.624,8,0,0,0,67301,0,0,0,N,0,0,0,3,00000,0,,1,1,,N,N,N,0,,0,0,0,3,2,,700,2,2,0,0,0,2,0,3,4,0,2,3,,N,,,,,,,,,,,
2021083373,827.0,2,0,0,0,0,0,0,0,0,4,0,,67,9,2021,6,40.0687,-75.1568,820.0,6,0,0,0,0,0,0,1,0,,0,0,0,8,1,1,5,,1,40 04:07.186,4.0,0,75 09:24.430,3,0,0,0,67301,0,0,0,N,0,0,0,4,67301,0,,1,1,915.0,N,N,N,0,,1,0,1,3,2,Y,803,1,3,0,0,0,0,0,3,4,0,3,3,3.0,N,,,,,,,,,,,
2021081562,2040.0,2,0,0,0,0,0,0,0,0,1,0,,67,8,2021,1,40.0279,-75.1204,2040.0,6,0,0,0,0,0,1,0,0,,0,0,0,15,1,1,0,N,0,40 01:40.333,,0,75 07:13.467,4,0,0,0,67301,0,0,0,N,0,0,0,3,67301,1,,1,99,,N,N,N,0,,0,0,1,0,0,,1526,1,3,0,0,3,0,2,3,4,0,3,99,,N,,,,,,,,,,,
2021085873,1900.0,0,0,0,0,0,0,0,0,0,8,0,,67,9,2021,6,40.0199,-75.0897,1858.0,6,0,0,0,0,0,0,0,0,,0,0,0,18,1,1,1,,0,40 01:11.474,,0,75 05:22.963,8,0,0,0,67301,1,0,0,N,1,0,0,2,67301,0,,1,1,,N,N,N,0,,0,0,0,3,3,,1845,1,2,0,0,0,1,1,3,4,0,1,3,4.0,N,,,,,,,,,,,
2021125628,1736.0,1,0,0,0,0,0,0,0,0,1,0,,67,12,2021,1,39.9673,-75.1334,1730.0,6,0,1,0,0,0,0,0,0,,0,0,0,17,3,0,0,N,1,39 58:02.124,2.0,0,75 08:00.094,0,0,0,0,67301,0,0,0,N,0,0,0,8,68K01,0,,1,1,1740.0,N,N,N,0,,0,0,1,0,0,N,1727,0,2,0,0,0,0,0,3,4,0,2,3,3.0,N,,,,,,,,,,,
2021085650,1512.0,1,0,0,0,0,0,0,0,0,4,0,,67,9,2021,6,40.0021,-75.1442,1506.0,6,0,0,1,0,0,1,0,0,,0,0,0,14,1,0,5,,1,40 00:07.582,7.0,0,75 08:39.242,9,0,0,0,67301,0,0,0,N,0,0,0,5,67301,0,,1,1,1640.0,N,N,Y,0,,0,0,3,3,2,N,1448,0,4,0,0,2,0,1,3,4,0,4,3,3.0,N,,,,,,,,,,,
2021121459,1923.0,2,0,0,0,0,0,0,0,0,4,0,,67,12,2021,7,39.9416,-75.2201,1922.0,6,0,0,0,0,0,0,0,0,,0,0,0,19,3,0,1,,0,39 56:29.823,,0,75 13:12.601,0,0,0,0,67301,0,0,0,N,0,0,0,2,67301,0,,1,9,,N,N,N,0,,0,0,0,3,2,,1922,0,2,0,0,0,0,0,3,4,0,2,7,7.0,N,,,,,,,,,,,
2021081301,222.0,1,0,0,0,0,0,0,0,0,4,0,,67,8,2021,2,39.981,-75.1397,221.0,6,0,0,0,0,0,0,0,0,,0,0,0,2,3,1,1,,2,39 58:51.531,1.0,0,75 08:22.837,4,0,0,0,67301,0,0,0,N,0,0,0,1,67301,1,,1,1,259.0,N,N,N,0,,0,0,2,3,3,Y,221,1,3,0,0,0,0,0,3,4,0,3,3,3.0,N,,,,,,,,,,,
2021083515,1238.0,3,0,0,0,0,0,0,0,0,5,0,,67,8,2021,3,40.0194,-75.2108,1235.0,6,0,0,0,0,0,1,0,0,,0,0,0,12,1,1,0,N,2,40 01:09.933,5.0,0,75 12:39.009,3,0,0,0,67301,0,0,0,N,0,0,0,1,67301,0,,6,1,1300.0,N,N,N,0,,1,0,0,0,0,Y,1230,1,3,0,0,0,0,0,3,4,0,3,3,,N,,,,,,,,,,,
2021083365,1636.0,0,0,0,0,0,0,0,0,0,8,0,,67,8,2021,3,39.9626,-75.2346,1635.0,6,0,0,0,0,0,1,0,0,,0,0,0,16,1,1,0,N,0,39 57:45.240,,0,75 14:04.500,3,0,0,0,67301,1,0,0,N,1,0,0,2,67301,0,,1,1,,N,N,N,0,,1,0,1,0,0,,1630,1,2,0,0,0,0,0,3,4,0,1,3,3.0,N,,,,,,,,,,,
2021124029,33.0,2,0,0,0,0,0,0,0,0,5,0,,67,12,2021,7,40.0941,-75.0199,19.0,6,0,0,0,0,0,0,0,0,,0,0,0,0,3,0,0,N,2,40 05:38.860,1.0,0,75 01:11.670,0,0,0,0,67301,0,0,0,N,0,0,0,1,67301,0,,1,1,300.0,N,N,N,1,,0,0,0,0,0,Y,15,0,3,0,0,0,0,0,3,4,0,3,3,,N,,,,,,,,,,,
2021081169,1731.0,1,0,0,0,0,0,0,0,0,4,0,,67,8,2021,7,40.0369,-75.1451,1730.0,6,0,0,1,0,0,0,1,0,,0,0,0,17,1,2,2,,0,40 02:12.984,,0,75 08:42.301,3,0,0,0,67301,0,0,0,N,0,0,0,2,67301,0,,1,9,,N,N,N,0,,2,0,1,3,2,,1727,2,2,0,0,0,0,0,3,4,0,2,7,4.0,N,,,,,,,,,,,
2021124085,705.0,1,0,0,0,0,0,0,0,0,5,0,,67,12,2021,7,40.0149,-75.2067,655.0,6,0,0,0,0,0,0,0,0,,0,0,0,6,5,0,0,N,1,40 00:53.677,2.0,0,75 12:24.223,0,0,0,0,67301,0,0,0,N,0,0,0,1,67301,0,,1,9,815.0,N,N,N,0,,0,0,0,0,0,N,630,0,2,0,0,0,0,0,3,4,0,2,7,,N,,,,,,,,,,,
2021124430,1435.0,3,0,0,0,0,0,0,0,0,4,0,,67,12,2021,5,39.9505,-75.2269,1435.0,6,0,0,0,0,0,0,0,0,,0,0,0,14,1,0,1,,0,39 57:01.671,,0,75 13:36.676,0,0,0,0,67301,0,0,0,N,0,0,0,3,67301,0,,1,1,,N,N,N,0,,0,0,0,3,2,,1428,0,3,0,0,3,0,0,3,4,0,3,3,3.0,N,,,,,,,,,,,
2021081795,350.0,1,0,0,0,0,0,0,0,0,7,0,,67,8,2021,3,39.949,-75.1693,344.0,6,0,0,0,0,0,0,0,0,,0,0,0,3,3,0,0,N,0,39 56:56.420,,0,75 10:09.450,0,0,0,0,67301,0,0,0,N,0,0,0,1,67301,0,,1,1,,N,N,N,0,,0,0,0,0,0,,337,0,1,0,0,0,0,0,3,4,0,1,3,,N,,,,,,,,,,,
2021117351,,2,0,0,0,0,0,0,0,0,4,0,,67,8,2021,3,39.9294,-75.1693,,6,0,0,0,0,0,0,0,0,,0,0,0,13,1,0,2,Y,0,39 55:45.685,,0,75 10:09.627,0,0,0,0,67301,0,0,0,N,0,0,0,2,00000,0,,1,1,,N,N,N,0,,0,0,0,3,3,,1350,0,4,0,0,0,0,0,3,4,0,4,3,,N,,,,,,,,,,,
2021089137,845.0,1,0,0,0,0,0,0,0,0,7,0,,67,9,2021,4,40.059,-75.2006,831.0,6,0,0,0,1,0,0,1,0,,0,0,0,8,1,1,0,N,0,40 03:32.490,,0,75 12:02.250,3,0,0,0,67301,0,0,0,N,0,0,0,3,67301,0,,4,9,,N,N,N,0,,1,0,2,0,0,,823,1,3,0,0,0,0,0,3,4,0,3,7,4.0,N,,,,,,,,,,,
2021124634,2345.0,1,0,0,0,0,0,0,0,0,5,1,,67,12,2021,6,40.0159,-75.1754,2333.0,6,0,0,0,0,0,0,0,0,,0,1,0,21,3,1,0,N,2,40 00:57.300,1.0,0,75 10:31.610,8,0,0,0,67301,0,0,0,N,0,0,0,1,67301,0,,6,1,122.0,N,N,N,0,,0,0,0,0,0,Y,2136,1,2,0,0,1,1,0,3,4,0,2,3,3.0,N,,,,,,,,,,,
2021081947,1802.0,1,0,0,0,0,0,0,0,0,8,0,,67,8,2021,1,39.9221,-75.2357,1759.0,6,0,0,0,0,0,0,0,0,,0,0,0,17,1,1,0,N,0,39 55:19.619,,0,75 14:08.659,3,0,0,0,67301,1,0,0,N,1,0,0,2,67301,0,,1,1,,N,N,N,0,,1,0,0,0,0,,1757,1,2,0,0,1,0,0,3,4,0,1,3,4.0,N,,,,,,,,,,,
2021083199,518.0,1,0,0,0,0,0,0,0,0,4,0,,67,9,2021,4,39.9704,-75.147,515.0,6,0,0,0,0,0,0,0,0,,0,0,0,5,3,1,0,N,0,39 58:13.263,,0,75 08:49.196,3,0,0,0,67301,0,0,0,N,0,0,0,2,67301,0,,1,9,,N,N,N,0,,1,0,0,0,0,,500,1,2,0,0,0,0,0,3,4,1,2,7,,N,,,,,,,,,,,
2021087569,2031.0,2,0,0,0,0,0,0,0,0,4,0,,67,9,2021,3,39.9551,-75.2298,2027.0,6,0,0,0,0,0,0,0,0,,0,0,0,20,3,2,1,,0,39 57:18.208,,0,75 13:47.215,3,0,0,0,67301,0,0,0,N,0,0,0,2,67301,0,,1,1,,N,N,N,0,,2,0,0,3,2,,2027,2,2,0,0,0,0,0,3,4,0,2,3,3.0,N,,,,,,,,,,,
2021127450,1154.0,2,0,0,0,0,0,0,0,0,2,0,,67,12,2021,7,39.9336,-75.2317,1154.0,6,0,0,0,0,0,0,0,0,,0,0,0,11,1,1,0,N,0,39 56:00.810,,0,75 13:54.070,3,0,0,0,67301,0,0,0,N,0,0,0,1,67301,0,,1,9,,N,N,N,0,,1,0,0,0,0,,1153,1,2,0,0,0,0,0,3,4,0,2,7,7.0,N,,,,,,,,,,,
2021125821,953.0,1,0,0,0,0,0,0,0,0,4,1,,67,12,2021,6,40.0076,-75.1314,938.0,6,0,0,0,0,0,1,0,0,,0,1,0,9,1,1,0,N,0,40 00:27.490,,7,75 07:53.130,3,0,0,0,67301,0,0,0,N,0,0,0,3,67301,0,,1,1,,N,N,N,0,,1,0,0,0,0,,900,1,2,0,0,0,0,1,3,4,0,2,3,3.0,N,,,,,,,,,,,
2021085681,2159.0,0,0,0,0,0,0,0,0,0,7,0,,67,9,2021,5,40.0212,-75.0796,2158.0,6,0,0,0,0,0,0,0,0,,0,0,0,21,3,1,0,N,0,40 01:16.419,,1,75 04:46.640,3,0,0,0,67301,0,0,0,N,0,0,0,1,67301,0,,4,1,,N,N,N,0,,1,0,1,0,0,,2157,1,1,0,0,0,0,0,3,4,0,1,3,3.0,N,,,,,,,,,,,
2021086259,0.0,0,0,0,0,0,0,0,0,0,4,0,,67,9,2021,7,40.0366,-75.1372,245.0,6,0,0,0,0,0,0,0,0,,0,0,0,20,3,1,1,,0,40 02:11.641,,0,75 08:13.966,8,0,0,0,67301,0,0,0,N,0,0,0,2,67301,0,,1,1,,N,N,N,0,,0,0,2,3,3,,2050,1,2,0,0,0,1,0,3,4,0,2,3,3.0,N,,,,,,,,,,,
2021083469,2210.0,1,0,0,0,0,0,0,0,0,4,0,,67,9,2021,5,39.977,-75.1782,2201.0,6,0,0,0,0,0,0,0,0,,0,0,0,22,3,0,1,,0,39 58:37.178,,0,75 10:41.501,0,0,0,0,67301,1,0,0,N,0,0,0,3,67301,0,,1,1,,N,N,N,0,,0,0,2,3,2,,2200,0,3,0,0,0,0,0,3,4,0,3,3,3.0,N,,,,,,,,,,,
2021082035,1556.0,2,0,0,0,0,0,0,0,0,4,0,,67,8,2021,7,40.0624,-75.0471,1548.0,6,0,0,0,0,0,0,1,0,,0,0,0,15,1,1,1,,0,40 03:44.816,,0,75 02:49.588,3,0,0,0,67301,0,0,0,N,0,0,0,4,67301,0,,1,1,,N,N,N,0,,1,0,0,3,3,,1537,1,2,0,0,0,0,0,3,4,0,2,4,,N,,,,,,,,,,,
2021124993,1440.0,0,0,0,1,0,1,0,0,0,5,1,,67,12,2021,1,39.9494,-75.1708,1423.0,6,0,0,0,0,0,1,0,0,,0,1,0,14,1,1,0,N,0,39 56:57.690,,0,75 10:15.020,2,0,0,0,67301,1,0,1,N,0,0,0,2,67301,0,,1,1,,N,N,N,0,,0,1,0,0,0,,1414,1,2,0,0,0,0,0,3,4,0,1,3,3.0,N,,,,,,,,,,,
2021082512,218.0,1,0,0,0,0,0,0,0,0,7,0,,67,8,2021,1,39.9557,-75.1483,217.0,6,0,0,0,0,0,0,0,0,,0,0,0,2,3,2,0,N,2,39 57:20.567,4.0,2,75 08:53.919,8,0,0,0,67301,0,0,0,N,0,0,0,2,67501,0,,4,1,259.0,N,N,N,0,,0,0,0,3,8,N,217,2,1,0,0,2,2,0,3,4,0,1,3,3.0,N,,,,,,,,,,,
2021084027,1828.0,1,0,0,1,0,0,0,0,0,4,0,,67,8,2021,3,39.9338,-75.1939,1828.0,6,0,0,0,0,0,0,0,0,,0,0,0,18,1,1,2,,0,39 56:01.562,,0,75 11:37.931,4,0,0,0,67301,1,0,0,N,0,0,0,2,67301,1,,1,1,,N,N,N,0,,0,0,0,3,3,,1825,1,2,0,0,1,0,0,3,4,0,1,3,,N,,,,,,,,,,,
2021125019,1922.0,1,0,0,0,0,0,0,0,0,4,0,,67,12,2021,2,40.0429,-75.1076,1920.0,6,0,0,0,0,1,1,0,0,,0,0,0,18,3,0,1,,1,40 02:34.458,1.0,0,75 06:27.241,0,0,0,0,67301,0,0,0,N,0,0,0,2,67301,0,,1,1,1945.0,N,N,N,0,,0,0,1,0,0,N,1851,0,2,0,0,0,0,0,3,4,0,2,3,,N,,,,,,,,,,,
2021083631,2339.0,2,0,0,0,0,0,0,0,0,4,0,,67,8,2021,3,40.0275,-75.1464,2333.0,6,0,0,0,0,0,0,0,0,,0,0,0,21,3,1,1,,0,40 01:39.158,,0,75 08:47.122,3,0,0,0,67301,0,0,0,N,0,0,0,3,67301,0,,1,1,,N,N,N,0,,1,0,0,3,2,,2118,1,2,0,0,0,0,0,3,4,0,2,3,,N,,,,,,,,,,,
2021082037,917.0,0,0,0,0,0,0,0,0,0,5,0,,67,8,2021,2,40.0833,-75.0396,903.0,6,0,0,0,0,0,1,0,0,,0,0,0,9,1,1,0,Y,0,40 04:59.794,,0,75 02:22.559,3,0,0,0,67301,0,0,0,N,0,0,0,2,67301,0,,1,98,,N,N,N,0,,1,0,2,0,0,,900,1,2,0,0,1,0,0,3,4,0,2,3,,N,,,,,,,,,,,
2021117350,,1,0,0,0,0,0,0,0,0,4,0,,67,8,2021,6,39.9384,-75.2248,,6,0,0,0,0,0,1,0,0,,0,0,0,15,1,1,2,,0,39 56:18.128,,0,75 13:29.333,8,0,0,0,67301,0,0,0,N,0,0,0,2,00000,0,,1,1,,N,N,N,1,,0,0,0,3,3,,1540,1,2,0,0,0,1,0,3,4,0,2,3,,N,,,,,,,,,,,
2021086365,1150.0,0,0,0,0,0,0,0,0,0,8,0,,67,8,2021,3,39.9324,-75.1617,1139.0,6,0,0,0,0,0,0,0,0,,0,0,0,11,1,1,0,N,0,39 55:56.810,,7,75 09:41.960,3,0,0,0,67301,1,0,0,N,1,0,0,2,67301,0,,1,1,,N,N,N,0,,1,0,1,0,0,,1136,1,2,0,0,0,0,0,3,4,0,1,3,3.0,N,,,,,,,,,,,
2021083443,208.0,3,0,0,0,0,0,0,0,0,5,0,,67,9,2021,5,40.0275,-75.1181,208.0,6,0,0,0,0,0,0,0,0,,0,0,0,1,3,0,0,N,2,40 01:38.890,3.0,0,75 07:05.290,0,0,0,0,67301,0,0,0,N,0,0,0,1,67301,0,,6,9,350.0,N,N,N,1,,0,0,2,0,0,Y,130,0,7,0,0,1,0,0,3,4,1,7,4,,N,,,,,,,,,,,