CRN,ARRIVAL_TM,AUTOMOBILE_COUNT,BELTED_DEATH_COUNT,BELTED_SUSP_SERIOUS_INJ_COUNT,BICYCLE_COUNT,BICYCLE_DEATH_COUNT,BICYCLE_SUSP_SERIOUS_INJ_COUNT,BUS_COUNT,CHLDPAS_DEATH_COUNT,CHLDPAS_SUSP_SERIOUS_INJ_COUNT,COLLISION_TYPE,COMM_VEH_COUNT,CONS_ZONE_SPD_LIM,COUNTY,CRASH_MONTH,CRASH_YEAR,DAY_OF_WEEK,DEC_LAT,DEC_LONG,DISPATCH_TM,DISTRICT,DRIVER_COUNT_16YR,DRIVER_COUNT_17YR,DRIVER_COUNT_18YR,DRIVER_COUNT_19YR,DRIVER_COUNT_20YR,DRIVER_COUNT_50_64YR,DRIVER_COUNT_65_74YR,DRIVER_COUNT_75PLUS,EST_HRS_CLOSED,FATAL_COUNT,HEAVY_TRUCK_COUNT,HORSE_BUGGY_COUNT,HOUR_OF_DAY,ILLUMINATION,INJURY_COUNT,INTERSECT_TYPE,INTERSECTION_RELATED,LANE_CLOSED,LATITUDE,LN_CLOSE_DIR,LOCATION_TYPE,LONGITUDE,MAX_SEVERITY_LEVEL,MCYCLE_DEATH_COUNT,MCYCLE_SUSP_SERIOUS_INJ_COUNT,MOTORCYCLE_COUNT,MUNICIPALITY,NONMOTR_COUNT,NONMOTR_DEATH_COUNT,NONMOTR_SUSP_SERIOUS_INJ_COUNT,NTFY_HIWY_MAINT,PED_COUNT,PED_DEATH_COUNT,PED_SUSP_SERIOUS_INJ_COUNT,PERSON_COUNT,POLICE_AGCY,POSSIBLE_INJ_COUNT,RDWY_SURF_TYPE_CD,RELATION_TO_ROAD,ROAD_CONDITION,ROADWAY_CLEARED,SCH_BUS_IND,SCH_ZONE_IND,SECONDARY_CRASH,SMALL_TRUCK_COUNT,SPEC_JURIS_CD,SUSP_MINOR_INJ_COUNT,SUSP_SERIOUS_INJ_COUNT,SUV_COUNT,TCD_FUNC_CD,TCD_TYPE,TFC_DETOUR_IND,TIME_OF_DAY,TOT_INJ_COUNT,TOTAL_UNITS,UNB_DEATH_COUNT,UNB_SUSP_SERIOUS_INJ_COUNT,UNBELTED_OCC_COUNT,UNK_INJ_DEG_COUNT,UNK_INJ_PER_COUNT,URBAN_AREA,URBAN_RURAL,VAN_COUNT,VEHICLE_COUNT,WEATHER1,WEATHER2,WORK_ZONE_IND,WORK_ZONE_LOC,WORK_ZONE_TYPE,WORKERS_PRES,WZ_CLOSE_DETOUR,WZ_FLAGGER,WZ_LAW_OFFCR_IND,WZ_LN_CLOSURE,WZ_MOVING,WZ_OTHER,WZ_SHLDER_MDN,WZ_WORKERS_INJ_KILLED
2021083163,1623.0,1,0,0,0,0,0,0,0,0,7,0,,67,9,2021,5,40.0318,-75.0209,1619.0,6,0,0,0,0,0,0,0,0,,0,0,0,16,1,1,0,N,0,40 01:54.466,,0,75 01:15.079,3,0,0,0,67301,0,0,0,N,0,0,0,1,67301,0,,1,1,,N,N,N,0,,1,0,0,0,0,,1619,1,1,0,0,0,0,0,3,4,0,1,3,3.0,N,,,,,,,,,,,
2021124636,1608.0,0,0,0,0,0,0,0,0,0,7,0,,67,12,2021,7,40.0236,-75.1605,1608.0,6,0,0,0,0,0,0,0,0,,0,0,0,15,1,0,0,N,9,40 01:25.020,,0,75 09:37.850,0,0,0,0,67301,0,0,0,N,0,0,0,2,67301,0,,4,9,,N,N,N,0,,0,0,1,0,0,U,1545,0,1,0,0,0,0,0,3,4,0,1,7,4.0,N,,,,,,,,,,,
2021085822,1830.0,1,0,0,1,0,0,0,0,0,4,0,,67,9,2021,3,39.9293,-75.1686,1810.0,6,0,0,0,0,0,0,0,0,,0,0,0,17,1,1,1,,0,39 55:45.434,,0,75 10:06.804,3,0,0,0,67301,1,0,0,N,0,0,0,2,67301,0,,1,1,,N,N,N,0,,1,0,0,3,2,,1718,1,2,0,0,1,0,1,3,4,0,1,3,3.0,N,,,,,,,,,,,
2021083757,450.0,1,0,0,0,0,0,0,0,0,5,0,,67,8,2021,3,39.9219,-75.182,443.0,6,0,0,0,0,0,0,0,0,,0,0,0,4,3,0,0,N,0,39 55:18.840,,0,75 10:55.330,0,0,0,0,67301,0,0,0,N,0,0,0,1,67301,0,,1,1,,N,N,Y,0,,0,0,2,0,0,,437,0,4,0,0,0,0,0,3,4,0,4,3,,N,,,,,,,,,,,
2021126217,1719.0,1,0,0,0,0,0,0,0,0,1,0,,67,12,2021,2,39.9468,-75.1421,1705.0,6,0,0,0,0,0,0,1,0,,0,0,0,17,3,2,0,N,0,39 56:48.648,,0,75 08:31.409,8,0,0,0,67301,0,0,0,N,0,0,0,4,68K01,0,,1,1,,N,N,N,0,,0,0,1,3,8,,1703,2,3,0,0,0,2,1,3,4,0,3,3,,N,,,,,,,,,,,
2021125350,1420.0,0,0,0,0,0,0,1,0,0,4,2,,67,12,2021,5,39.9225,-75.1549,1350.0,6,0,0,0,0,0,0,0,0,,0,1,0,13,1,4,1,,2,39 55:20.952,1.0,0,75 09:18.195,3,0,0,0,67301,0,0,0,N,0,0,0,5,67508,3,,1,1,9999.0,N,N,Y,0,,1,0,0,3,2,Y,1350,4,2,0,0,0,0,0,3,4,0,2,3,3.0,N,,,,,,,,,,,
2021126214,1550.0,1,0,0,0,0,0,0,0,0,1,0,,67,12,2021,1,40.0198,-75.045,1537.0,6,0,0,0,0,0,0,0,0,,0,0,0,15,1,1,0,N,0,40 01:11.219,,0,75 02:41.968,4,0,0,0,67301,0,0,0,N,0,0,0,2,68K01,1,,1,1,,N,N,N,0,,0,0,1,0,0,,1510,1,2,0,0,0,0,0,3,4,0,2,3,,N,,,,,,,,,,,
2021125854,1136.0,1,0,0,0,0,0,0,0,0,5,0,,67,12,2021,7,39.96,-75.18,1116.0,6,0,1,0,0,0,0,0,0,,0,0,0,11,1,0,0,N,0,39 57:36.111,,0,75 10:47.907,0,0,0,0,67301,0,0,0,N,0,0,0,4,68K01,0,,1,8,,N,N,N,0,,0,0,1,0,0,,1113,0,2,0,0,0,0,0,3,4,0,2,4,4.0,N,,,,,,,,,,,
2021114698,,1,0,0,0,0,0,0,0,0,4,0,,67,8,2021,4,40.0544,-75.1552,,6,0,0,0,0,0,1,0,0,,0,0,0,13,1,2,1,,0,40 03:15.699,,0,75 09:18.662,2,0,0,0,67301,0,0,0,N,0,0,0,4,00000,0,,1,1,,N,N,N,0,,0,1,0,3,3,,1315,2,2,0,0,0,1,0,3,4,0,2,3,,N,,,,,,,,,,,
2021083274,2140.0,1,0,0,0,0,0,0,0,0,8,0,,67,8,2021,1,40.0169,-75.1495,2134.0,6,0,0,0,0,0,0,0,0,,0,0,0,21,3,1,1,,0,40 01:00.679,,0,75 08:58.505,3,0,0,0,67301,1,0,0,N,1,0,0,2,67301,0,,1,1,,N,N,N,0,,1,0,0,3,2,,2108,1,2,0,0,0,0,0,3,4,0,1,3,3.0,N,,,,,,,,,,,
2021123480,2315.0,1,0,0,0,0,0,0,0,0,4,1,,67,12,2021,5,39.9103,-75.1509,2310.0,6,0,0,0,0,0,0,0,0,,0,1,0,22,3,0,1,,0,39 54:37.249,,2,75 09:03.078,0,0,0,0,67301,0,0,0,N,0,0,0,2,67301,0,,1,1,,N,N,N,0,,0,0,0,3,2,,2232,0,2,0,0,0,0,0,3,4,0,2,3,3.0,N,,,,,,,,,,,
2021084918,845.0,1,0,0,0,0,0,0,0,0,2,0,,67,9,2021,6,40.0428,-75.1135,827.0,6,0,0,0,0,0,0,1,0,,0,0,0,8,1,1,1,,0,40 02:33.864,,0,75 06:48.811,8,0,0,0,67301,0,0,0,N,0,0,0,2,67301,0,,1,1,,N,N,N,0,,0,0,1,3,2,,827,1,2,0,0,2,1,0,3,4,0,2,3,,N,,,,,,,,,,,
2021119774,,1,0,0,0,0,0,0,0,0,4,0,,67,8,2021,5,39.904,-75.2401,,6,0,0,0,0,0,1,0,0,,0,0,0,9,1,1,1,,0,39 54:14.563,,0,75 14:24.409,8,0,0,0,67301,0,0,0,N,0,0,0,2,00000,0,,1,1,,N,N,N,0,,0,0,1,3,2,,900,1,2,0,0,0,1,0,3,4,0,2,3,,N,,,,,,,,,,,
2021126016,835.0,0,0,0,0,0,0,0,0,0,5,1,,67,12,2021,7,39.9836,-75.2082,829.0,6,0,0,0,0,0,0,1,0,,0,1,0,8,1,1,0,N,2,39 59:00.838,3.0,0,75 12:29.682,8,0,0,0,67301,0,0,0,N,0,0,0,2,68K01,0,,1,9,840.0,N,N,N,1,,0,0,0,0,0,N,827,1,2,0,0,0,1,0,3,4,0,2,4,,N,,,,,,,,,,,
2021117357,,0,0,0,0,0,0,0,0,0,0,0,,67,8,2021,1,39.9883,-75.2139,,6,0,0,0,0,0,0,0,0,,0,0,0,20,4,1,0,N,0,39 59:17.800,,0,75 12:49.900,2,0,1,1,67301,0,0,0,N,0,0,0,1,00000,0,,1,1,,N,N,N,0,,0,1,0,0,0,,2015,1,2,0,0,0,0,0,3,4,0,1,3,,N,,,,,,,,,,,
2021083240,1730.0,1,0,0,0,0,0,0,0,0,5,0,,67,8,2021,3,39.9849,-75.1329,1730.0,6,0,0,0,0,0,0,0,0,,0,0,0,17,1,0,0,N,0,39 59:05.661,,0,75 07:58.583,0,0,0,0,67301,0,0,0,N,0,0,0,1,67301,0,,1,1,,N,N,N,0,,0,0,2,0,0,,1730,0,3,0,0,0,0,0,3,4,0,3,4,4.0,N,,,,,,,,,,,
2021126227,854.0,1,0,0,0,0,0,0,0,0,1,0,,67,12,2021,2,39.9844,-75.0955,830.0,6,0,0,0,0,0,0,1,0,,0,0,0,8,1,1,0,N,2,39 59:04.014,1.0,0,75 05:43.902,8,0,0,0,67301,0,0,0,N,0,0,0,3,68K01,0,,1,1,945.0,N,N,N,0,,0,0,1,0,0,N,828,1,3,0,0,0,1,0,3,4,1,3,3,,N,,,,,,,,,,,
2021117361,,1,0,0,0,0,0,0,0,0,1,0,,67,8,2021,1,40.0039,-75.1705,,6,0,0,0,0,0,0,0,0,,0,0,0,13,1,1,0,N,0,40 00:13.927,,0,75 10:13.899,8,0,0,0,67301,0,0,0,N,0,0,0,2,00000,0,,1,1,,N,N,N,0,,0,0,1,0,0,,1330,1,3,0,0,0,1,0,3,4,0,3,3,,N,,,,,,,,,,,
2021081453,759.0,1,0,0,0,0,0,0,0,0,4,0,,67,8,2021,2,40.0105,-75.0791,759.0,6,0,0,0,0,0,0,0,0,,0,0,0,7,1,1,1,,0,40 00:37.775,,0,75 04:44.609,4,0,0,0,67301,0,0,0,N,0,0,0,1,67301,1,,1,1,,N,N,N,0,,0,0,2,3,2,,755,1,3,0,0,1,0,0,3,4,0,3,3,,N,,,,,,,,,,,
2021124409,857.0,0,0,0,0,0,0,0,0,0,8,0,,67,12,2021,3,39.9765,-75.2268,853.0,6,0,0,0,0,0,1,0,0,,0,0,0,8,1,1,0,N,0,39 58:35.324,,0,75 13:36.305,3,0,0,0,67301,1,0,0,N,1,0,0,2,67301,0,,1,1,,N,N,N,0,,1,0,1,0,0,,849,1,2,0,0,0,0,0,3,4,0,1,3,3.0,N,,,,,,,,,,,
2021124744,2240.0,1,0,0,0,0,0,1,0,0,4,1,,67,12,2021,7,39.9877,-75.167,2235.0,6,0,0,0,0,0,0,0,0,,0,0,0,22,3,2,1,,2,39 59:15.698,4.0,0,75 10:01.131,3,0,0,0,67301,0,0,0,N,0,0,0,3,67301,0,,1,9,2315.0,N,N,N,0,,2,0,1,3,3,N,2230,2,3,0,0,0,0,0,3,4,0,3,4,7.0,N,,,,,,,,,,,
2021082143,221.0,1,0,0,0,0,0,0,0,0,4,0,,67,8,2021,3,40.0297,-75.0484,216.0,6,0,0,0,0,0,0,0,0,,0,0,0,2,3,0,0,N,0,40 01:46.800,,0,75 02:54.400,0,0,0,0,67301,0,0,0,N,0,0,0,2,67301,0,,4,1,,N,N,N,0,,0,0,1,0,0,,206,0,2,0,0,0,0,0,3,4,0,2,3,3.0,N,,,,,,,,,,,
2021081950,2015.0,1,0,0,0,0,0,0,0,0,4,0,,67,8,2021,2,40.0678,-75.1594,2005.0,6,0,0,0,0,0,1,0,0,,0,0,0,20,3,1,0,N,0,40 04:04.090,,7,75 09:33.750,3,0,0,1,67301,0,0,0,N,0,0,0,2,67301,0,,1,1,,N,N,N,0,,1,0,0,0,0,,2000,1,2,0,0,0,0,0,3,4,0,2,3,,N,,,,,,,,,,,
2021125990,1620.0,1,0,0,0,0,0,0,0,0,8,0,,67,12,2021,7,40.0871,-75.0408,1616.0,6,0,0,0,0,0,0,0,0,,0,0,0,16,3,1,1,,1,40 05:14.015,3.0,0,75 02:28.339,2,0,0,0,67301,1,0,1,N,1,0,1,2,67301,0,,1,1,1740.0,N,N,N,0,,0,1,0,0,0,N,1603,1,2,0,0,0,0,0,3,4,0,1,3,,N,,,,,,,,,,,
2021083758,2316.0,0,0,0,1,0,0,0,0,0,5,0,,67,9,2021,7,39.9269,-75.1691,2316.0,6,0,0,0,0,0,0,0,0,,0,0,0,21,3,1,1,,0,39 55:36.564,,0,75 10:09.136,3,0,0,0,67301,1,0,0,N,0,0,0,2,67301,0,,1,1,,N,N,N,0,,1,0,1,3,2,,2114,1,2,0,0,0,0,0,3,4,0,1,3,,N,,,,,,,,,,,
2021085169,930.0,1,0,0,0,0,0,0,0,0,1,0,,67,9,2021,4,39.9795,-75.2463,910.0,6,0,0,0,0,0,1,0,0,,0,0,0,8,1,1,0,N,0,39 58:46.201,,0,75 14:46.606,4,0,0,0,67301,0,0,0,N,0,0,0,3,67301,1,,1,1,,N,N,N,0,,0,0,0,0,0,,805,1,3,0,0,3,0,0,3,4,2,3,3,3.0,N,,,,,,,,,,,
2021085680,2152.0,0,0,0,0,0,0,0,0,0,1,0,,67,9,2021,1,40.0365,-75.0585,2148.0,6,0,0,0,0,0,0,0,0,,0,0,0,21,3,0,0,N,1,40 02:11.430,6.0,0,75 03:30.540,9,0,0,0,67301,0,0,0,N,0,0,0,1,67301,0,,6,9,100.0,N,N,N,1,,0,0,4,0,0,Y,2147,0,6,0,0,0,0,1,3,4,1,6,7,7.0,N,,,,,,,,,,,
2021128186,1327.0,1,0,0,0,0,0,0,0,0,1,0,,67,12,2021,6,39.9569,-75.1528,1313.0,6,0,0,0,0,0,0,0,0,,0,0,0,13,1,0,0,N,0,39 57:24.996,,0,75 09:09.928,0,0,0,0,67301,0,0,0,N,0,0,0,3,68K01,0,,1,1,,N,N,N,0,,0,0,1,0,0,,1311,0,2,0,0,0,0,0,3,4,0,2,3,3.0,N,,,,,,,,,,,
2021086392,1852.0,1,0,0,0,0,0,0,0,0,4,0,25.0,67,9,2021,4,39.9569,-75.1676,1852.0,6,0,0,0,0,0,1,0,0,,0,0,0,17,3,0,1,,0,39 57:24.681,,0,75 10:03.417,0,0,0,0,67301,0,0,0,N,0,0,0,2,67301,0,,1,9,,N,N,N,0,,0,0,1,3,2,,1746,0,2,0,0,0,0,0,3,4,0,2,7,7.0,Y,4.0,1.0,N,N,N,N,Y,N,N,N,N
2021088052,1755.0,1,0,0,0,0,0,0,0,0,4,0,,67,8,2021,1,40.0024,-75.135,1750.0,6,0,0,0,0,0,0,0,0,,0,0,0,17,1,0,1,,0,40 00:08.748,,0,75 08:05.938,9,0,0,0,67301,0,0,0,N,0,0,0,2,67301,0,,1,1,,N,N,N,0,,0,0,1,3,3,,1721,0,2,0,0,0,0,2,3,4,0,2,3,,N,,,,,,,,,,,
2021124259,724.0,0,0,0,0,0,0,0,0,0,2,0,,67,12,2021,7,39.9838,-75.0973,716.0,6,0,0,0,0,0,1,0,0,,0,0,0,7,1,0,0,N,2,39 59:01.666,2.0,0,75 05:50.379,0,0,0,0,67301,0,0,0,N,0,0,0,1,68K01,0,,4,9,745.0,N,N,N,0,,0,0,0,0,0,N,714,0,1,0,0,0,0,0,3,4,1,1,7,7.0,N,,,,,,,,,,,
2021087464,600.0,3,0,0,0,0,0,0,0,0,4,0,,67,8,2021,1,39.9968,-75.1034,553.0,6,0,0,0,0,0,0,0,0,,0,0,0,5,5,0,1,,0,39 59:48.460,,0,75 06:12.128,9,0,0,0,67301,0,0,0,N,0,0,0,2,67301,0,,1,1,,N,N,N,0,,0,0,0,3,2,,541,0,3,0,0,0,0,1,3,4,0,3,3,3.0,N,,,,,,,,,,,
2021081798,108.0,1,0,0,0,0,0,0,0,0,4,0,,67,8,2021,3,40.0321,-75.1461,105.0,6,0,0,0,0,0,1,0,0,,0,0,0,1,3,1,1,,2,40 01:55.692,7.0,0,75 08:46.089,8,0,0,0,67301,0,0,0,N,0,0,0,3,67301,0,,1,1,234.0,N,N,N,0,,0,0,1,3,2,Y,102,1,2,0,0,0,1,0,3,4,0,2,3,,N,,,,,,,,,,,
2021084068,1840.0,2,0,0,0,0,0,0,0,0,5,0,,67,9,2021,5,39.9683,-75.1663,1835.0,6,0,0,0,0,0,0,0,0,,0,0,0,18,1,0,0,N,2,39 58:05.860,3.0,0,75 09:58.850,0,0,0,0,67301,0,0,0,N,0,0,0,1,67301,0,,6,1,1930.0,N,N,N,0,,0,0,2,0,0,Y,1830,0,4,0,0,0,0,0,3,4,0,4,3,3.0,N,,,,,,,,,,,
2021083149,919.0,0,0,0,0,0,0,0,0,0,4,0,,67,8,2021,3,40.0601,-75.1538,844.0,6,0,0,0,0,0,1,0,0,,0,0,0,8,1,3,1,,0,40 03:36.464,,0,75 09:13.553,3,0,0,0,67301,0,0,0,N,0,0,0,3,67301,2,,1,1,,N,N,N,0,,1,0,2,3,2,,842,3,3,0,0,0,0,0,3,4,1,3,3,,N,,,,,,,,,,,
2021124019,1615.0,1,0,0,0,0,0,0,0,0,2,0,,67,12,2021,7,39.959,-75.2289,1613.0,6,0,0,0,0,0,0,0,0,,0,0,0,16,4,2,1,,1,39 57:32.225,7.0,0,75 13:44.216,3,0,0,0,67301,0,0,0,N,0,0,0,4,67301,0,,1,1,1645.0,N,N,N,0,,1,0,1,3,2,Y,1611,2,2,0,0,0,1,0,3,4,0,2,3,3.0,N,,,,,,,,,,,
2021081474,1320.0,1,0,0,0,0,0,0,0,0,4,0,,67,8,2021,2,39.9848,-75.2372,1316.0,6,0,0,0,0,0,0,1,0,,0,0,0,13,1,1,5,,0,39 59:05.457,,0,75 14:14.047,3,0,0,0,67301,0,0,0,N,0,0,0,2,67301,0,,1,1,,N,N,N,0,,1,0,0,3,2,,1315,1,2,0,0,0,0,0,3,4,0,2,3,,N,,,,,,,,,,,
2021126747,1827.0,1,0,0,0,0,0,0,0,0,7,0,,67,12,2021,4,39.9832,-75.0987,1807.0,6,0,0,0,0,0,0,0,0,,0,0,0,18,3,0,7,N,2,39 58:59.403,2.0,2,75 05:55.361,9,0,0,0,67301,0,0,0,N,0,0,0,1,68K01,0,,7,1,1912.0,N,N,N,0,,0,0,0,0,0,Y,1805,0,1,0,0,0,0,1,3,4,0,1,3,,N,,,,,,,,,,,
2021087451,2329.0,2,0,0,0,0,0,0,0,0,4,0,,67,9,2021,2,39.9788,-75.1084,2228.0,6,0,0,0,0,0,0,0,0,,0,0,0,21,6,0,1,,0,39 58:43.743,,0,75 06:30.081,9,0,0,0,67301,0,0,0,N,0,0,0,2,67301,0,,1,1,,N,N,N,0,,0,0,0,3,1,,2123,0,2,0,0,1,0,2,3,4,0,2,3,3.0,N,,,,,,,,,,,
2021127492,1100.0,0,0,0,0,0,0,0,0,0,7,0,,67,12,2021,7,39.9488,-75.1416,1055.0,6,0,0,0,0,0,1,0,0,,0,0,0,10,1,0,0,N,2,39 56:55.806,1.0,0,75 08:29.704,0,0,0,0,67301,0,0,0,N,0,0,0,1,68K01,0,,4,9,1135.0,N,N,N,0,,0,0,1,0,0,N,1052,0,1,0,0,0,0,0,3,4,0,1,7,7.0,N,,,,,,,,,,,
2021085181,1726.0,2,0,0,0,0,0,0,0,0,4,0,,67,8,2021,3,39.9714,-75.1588,1723.0,6,0,0,0,0,0,0,0,0,,0,0,0,17,1,1,0,N,0,39 58:17.148,,7,75 09:31.712,4,0,0,0,67301,0,0,0,N,0,0,0,2,67301,1,,1,1,,N,N,N,0,,0,0,0,0,0,,1723,1,2,0,0,0,0,0,3,4,0,2,3,3.0,N,,,,,,,,,,,
2021080721,154.0,1,0,0,0,0,0,0,0,0,8,0,,67,8,2021,6,40.0295,-75.1467,151.0,6,0,0,0,0,0,0,0,0,,0,0,0,1,3,1,1,,0,40 01:46.120,,0,75 08:48.586,2,0,0,0,67301,1,0,1,N,1,0,1,2,67301,0,,1,1,,N,N,N,0,,0,1,0,3,2,,145,1,2,0,0,0,0,0,3,4,0,1,3,,N,,,,,,,,,,,
2021088083,1545.0,0,0,0,0,0,0,0,0,0,4,0,,67,8,2021,2,39.9981,-75.1389,1545.0,6,0,0,0,0,0,0,0,0,,0,0,0,15,1,3,1,,0,39 59:53.293,,0,75 08:19.899,3,0,0,0,67301,0,0,0,N,0,0,0,4,67301,0,,1,1,,N,N,N,0,,3,0,2,3,2,,1540,3,2,0,0,0,0,0,3,4,0,2,3,3.0,N,,,,,,,,,,,
2021082036,1644.0,1,0,0,0,0,0,0,0,0,4,0,,67,8,2021,1,40.0946,-75.0152,1638.0,6,0,0,1,0,0,0,0,0,,0,0,0,16,1,2,1,,0,40 05:40.718,,0,75 00:54.707,4,0,0,0,67301,0,0,0,N,0,0,0,3,67301,2,,1,1,,N,N,N,0,,0,0,1,3,2,,1637,2,2,0,0,0,0,0,3,4,0,2,3,3.0,N,,,,,,,,,,,
2021082932,2334.0,1,0,0,0,0,0,0,0,0,5,0,,67,8,2021,1,40.0257,-75.1213,2256.0,6,0,0,0,0,0,0,0,0,,0,0,0,22,3,1,0,N,0,40 01:32.407,,0,75 07:16.713,3,0,0,0,67301,0,0,0,N,0,0,0,1,67301,0,,6,1,,N,N,N,1,,1,0,1,0,0,,2256,1,3,0,0,0,0,0,3,4,0,3,3,3.0,N,,,,,,,,,,,
2021084621,457.0,1,0,0,0,0,0,0,0,0,7,0,,67,9,2021,5,40.0235,-75.0332,447.0,6,0,0,0,0,0,1,0,0,,0,0,0,4,3,1,7,,0,40 01:24.608,,2,75 01:59.390,8,0,0,0,67301,0,0,0,Y,0,0,0,1,68K01,0,,7,1,,N,N,N,0,,0,0,0,0,0,,444,1,1,0,0,0,1,0,3,4,0,1,3,,N,,,,,,,,,,,
2021088775,320.0,3,0,0,0,0,0,0,0,0,4,0,,67,8,2021,1,39.9592,-75.2434,320.0,6,0,0,0,0,0,0,0,0,,0,0,0,3,3,0,1,,0,39 57:33.025,,0,75 14:36.157,0,0,0,0,67301,0,0,0,N,0,0,0,3,67301,0,,1,1,,N,N,N,0,,0,0,0,3,1,,320,0,3,0,0,3,0,0,3,4,0,3,3,3.0,N,,,,,,,,,,,
2021114699,,2,0,0,0,0,0,0,0,0,4,0,,67,8,2021,7,39.9373,-75.2176,,6,0,0,0,0,0,1,0,0,,0,0,0,21,3,1,1,,0,39 56:14.434,,0,75 13:03.453,4,0,0,0,67301,0,0,0,N,0,0,0,2,00000,1,,1,1,,N,N,N,0,,0,0,0,3,3,,2140,1,2,0,0,0,0,0,3,4,0,2,3,,N,,,,,,,,,,,
2021121524,1319.0,1,0,0,0,0,0,0,0,0,2,0,,67,12,2021,7,40.0479,-75.1688,1316.0,6,0,0,0,0,0,0,0,0,,0,0,0,12,1,2,0,N,9,40 02:52.464,,0,75 10:07.610,3,0,0,0,67301,0,0,0,N,0,0,0,3,67301,0,,1,1,,N,N,N,0,,2,0,1,0,0,U,1244,2,2,0,0,1,0,1,3,4,0,2,3,98.0,N,,,,,,,,,,,
2021079726,20.0,2,0,0,0,0,0,0,0,0,4,0,,67,8,2021,3,39.9578,-75.2416,18.0,6,0,0,0,0,0,0,0,0,,0,0,0,0,3,0,1,,0,39 57:28.022,,0,75 14:29.886,0,0,0,0,67301,0,0,0,N,0,0,0,2,67301,0,,1,1,,N,N,N,0,,0,0,1,3,3,,9,0,3,0,0,0,0,0,3,4,0,3,3,3.0,N,,,,,,,,,,,
2021121732,2301.0,1,0,0,0,0,0,0,0,0,5,0,,67,12,2021,7,39.9612,-75.14,2235.0,6,0,0,0,0,0,0,0,0,,0,0,0,22,3,0,0,N,0,39 57:40.283,,0,75 08:23.838,0,0,0,0,67301,0,0,0,N,0,0,0,3,68K01,0,,1,1,,N,N,N,0,,0,0,1,0,0,,2218,0,2,0,0,0,0,0,3,4,0,2,3,3.0,N,,,,,,,,,,,
2021078859,1233.0,2,0,0,0,0,0,0,0,0,5,0,,67,8,2021,6,40.0061,-75.1936,1227.0,6,0,0,0,0,0,1,0,0,,0,0,0,12,1,2,3,,1,40 00:21.857,3.0,8,75 11:36.821,8,0,0,0,67301,0,0,0,N,0,0,0,6,68K01,0,,1,1,1323.0,N,N,N,0,,0,0,0,0,0,N,1227,2,2,0,0,1,2,0,3,4,0,2,4,,N,,,,,,,,,,,
2021121367,852.0,1,0,0,0,0,0,0,0,0,1,0,,67,12,2021,5,39.9122,-75.1487,833.0,6,0,0,0,0,0,1,0,0,,0,0,0,8,1,2,0,N,1,39 54:44.070,2.0,0,75 08:55.407,8,0,0,0,67301,0,0,0,N,0,0,0,4,68K01,0,,1,1,855.0,N,N,N,1,,0,0,0,3,8,N,831,2,2,0,0,0,2,0,3,4,0,2,3,,N,,,,,,,,,,,
2021121196,706.0,2,0,0,0,0,0,0,0,0,1,0,,67,12,2021,6,39.9949,-75.0839,655.0,6,0,0,0,0,0,0,0,0,,0,0,0,6,1,0,0,N,2,39 59:41.725,2.0,0,75 05:01.886,0,0,0,0,67301,0,0,0,N,0,0,0,2,68K01,0,,3,1,750.0,N,N,N,0,,0,0,0,0,0,N,654,0,2,0,0,0,0,0,3,4,0,2,3,,N,,,,,,,,,,,
2021079858,2302.0,1,0,0,0,0,0,0,0,0,4,0,,67,8,2021,3,39.9789,-75.1594,2300.0,6,0,0,0,1,0,0,0,0,,0,0,0,22,3,1,1,,0,39 58:43.987,,0,75 09:33.954,4,0,0,0,67301,0,0,0,N,0,0,0,2,67301,1,,1,1,,N,N,N,0,,0,0,0,3,2,,2259,1,2,0,0,0,0,0,3,4,1,2,3,3.0,N,,,,,,,,,,,
2021081797,2332.0,2,0,0,0,0,0,0,0,0,4,0,,67,8,2021,2,40.0314,-75.1524,2326.0,6,0,0,0,0,0,0,0,0,,0,0,0,21,3,1,1,,0,40 01:53.011,,0,75 09:08.560,3,0,0,0,67301,0,0,0,N,0,0,0,3,67301,0,,1,1,,N,N,N,0,,1,0,0,3,2,,2147,1,2,0,0,0,0,0,3,4,0,2,3,3.0,N,,,,,,,,,,,
2021121859,256.0,0,0,0,0,0,0,0,0,0,1,1,,67,10,2021,6,39.977,-75.1128,252.0,6,0,0,0,0,0,0,0,0,,0,1,0,2,3,2,0,N,2,39 58:37.258,1.0,0,75 06:45.952,3,0,0,0,67301,0,0,0,N,0,0,0,4,68K01,0,,1,1,430.0,N,N,Y,0,,2,0,1,0,0,N,252,2,2,0,0,0,0,0,3,4,0,2,3,,N,,,,,,,,,,,
2021080110,238.0,3,0,0,0,0,0,0,0,0,5,0,,67,8,2021,4,39.9702,-75.2325,236.0,6,0,0,0,0,0,0,0,0,,0,0,0,2,3,0,0,N,0,39 58:12.540,,0,75 13:56.940,0,0,0,0,67301,0,0,0,N,0,0,0,1,67301,0,,6,1,,N,N,N,0,,0,0,0,0,0,,200,0,3,0,0,0,0,0,3,4,0,3,3,,N,,,,,,,,,,,