CRN,ARRIVAL_TM,AUTOMOBILE_COUNT,BELTED_DEATH_COUNT,BELTED_SUSP_SERIOUS_INJ_COUNT,BICYCLE_COUNT,BICYCLE_DEATH_COUNT,BICYCLE_SUSP_SERIOUS_INJ_COUNT,BUS_COUNT,CHLDPAS_DEATH_COUNT,CHLDPAS_SUSP_SERIOUS_INJ_COUNT,COLLISION_TYPE,COMM_VEH_COUNT,CONS_ZONE_SPD_LIM,COUNTY,CRASH_MONTH,CRASH_YEAR,DAY_OF_WEEK,DEC_LAT,DEC_LONG,DISPATCH_TM,DISTRICT,DRIVER_COUNT_16YR,DRIVER_COUNT_17YR,DRIVER_COUNT_18YR,DRIVER_COUNT_19YR,DRIVER_COUNT_20YR,DRIVER_COUNT_50_64YR,DRIVER_COUNT_65_74YR,DRIVER_COUNT_75PLUS,EST_HRS_CLOSED,FATAL_COUNT,HEAVY_TRUCK_COUNT,HORSE_BUGGY_COUNT,HOUR_OF_DAY,ILLUMINATION,INJURY_COUNT,INTERSECT_TYPE,INTERSECTION_RELATED,LANE_CLOSED,LATITUDE,LN_CLOSE_DIR,LOCATION_TYPE,LONGITUDE,MAX_SEVERITY_LEVEL,MCYCLE_DEATH_COUNT,MCYCLE_SUSP_SERIOUS_INJ_COUNT,MOTORCYCLE_COUNT,MUNICIPALITY,NONMOTR_COUNT,NONMOTR_DEATH_COUNT,NONMOTR_SUSP_SERIOUS_INJ_COUNT,NTFY_HIWY_MAINT,PED_COUNT,PED_DEATH_COUNT,PED_SUSP_SERIOUS_INJ_COUNT,PERSON_COUNT,POLICE_AGCY,POSSIBLE_INJ_COUNT,RDWY_SURF_TYPE_CD,RELATION_TO_ROAD,ROAD_CONDITION,ROADWAY_CLEARED,SCH_BUS_IND,SCH_ZONE_IND,SECONDARY_CRASH,SMALL_TRUCK_COUNT,SPEC_JURIS_CD,SUSP_MINOR_INJ_COUNT,SUSP_SERIOUS_INJ_COUNT,SUV_COUNT,TCD_FUNC_CD,TCD_TYPE,TFC_DETOUR_IND,TIME_OF_DAY,TOT_INJ_COUNT,TOTAL_UNITS,UNB_DEATH_COUNT,UNB_SUSP_SERIOUS_INJ_COUNT,UNBELTED_OCC_COUNT,UNK_INJ_DEG_COUNT,UNK_INJ_PER_COUNT,URBAN_AREA,URBAN_RURAL,VAN_COUNT,VEHICLE_COUNT,WEATHER1,WEATHER2,WORK_ZONE_IND,WORK_ZONE_LOC,WORK_ZONE_TYPE,WORKERS_PRES,WZ_CLOSE_DETOUR,WZ_FLAGGER,WZ_LAW_OFFCR_IND,WZ_LN_CLOSURE,WZ_MOVING,WZ_OTHER,WZ_SHLDER_MDN,WZ_WORKERS_INJ_KILLED
2021123593,553.0,0,0,0,0,0,0,0,0,0,1,0,,67,12,2021,2,39.9677,-75.1895,553.0,6,0,0,0,0,0,0,0,0,,0,0,0,5,3,1,0,N,1,39 58:03.750,4.0,0,75 11:22.319,8,0,0,0,67301,0,0,0,N,0,0,0,3,68K01,0,,1,1,637.0,N,N,N,0,,0,0,2,0,0,N,539,1,2,0,0,0,1,2,3,4,0,2,3,,N,,,,,,,,,,,
2021114628,,1,0,0,0,0,0,0,0,0,1,0,,67,6,2021,6,40.0291,-75.0897,,6,0,0,0,0,0,0,0,0,,0,0,0,99,1,4,1,,0,40 01:44.600,,0,75 05:23.000,8,0,0,0,67301,0,0,0,N,0,0,0,5,00000,0,,1,1,,N,N,N,0,,0,0,1,3,2,,9999,4,2,0,0,0,4,0,3,4,0,2,3,,N,,,,,,,,,,,
2021080885,17.0,1,0,0,0,0,0,0,0,0,4,0,,67,8,2021,7,39.9034,-75.1584,17.0,6,0,0,0,0,0,0,0,0,,0,0,0,0,3,2,1,,1,39 54:12.416,4.0,0,75 09:30.383,3,0,0,0,67301,0,0,0,N,0,0,0,4,67301,1,,1,1,100.0,N,N,N,0,,1,0,0,3,2,N,10,2,2,0,0,4,0,0,3,4,1,2,3,3.0,N,,,,,,,,,,,
2021097817,2031.0,2,0,0,0,0,0,0,0,0,5,0,,67,8,2021,7,39.9463,-75.1422,2026.0,6,0,0,0,0,0,0,1,0,,0,0,0,20,3,2,0,N,1,39 56:46.648,1.0,0,75 08:31.837,8,0,0,0,67301,0,0,0,N,0,0,0,3,68K01,0,,1,1,2115.0,N,N,N,0,,0,0,0,0,0,N,2024,2,2,0,0,1,2,0,3,4,0,2,3,,N,,,,,,,,,,,
2021123066,1644.0,1,0,0,0,0,0,0,0,0,4,0,,67,12,2021,3,40.0086,-75.0688,1634.0,6,0,0,0,0,0,0,0,0,,0,0,0,16,4,1,1,,0,40 00:31.249,,0,75 04:07.877,3,0,0,0,67301,0,0,0,N,0,0,0,3,67301,0,,1,1,,N,N,Y,0,,1,0,0,3,2,,1633,1,2,0,0,0,0,0,3,4,0,2,3,3.0,N,,,,,,,,,,,
2021123529,946.0,1,0,0,0,0,0,0,0,0,5,1,,67,12,2021,5,40.025,-75.0331,942.0,6,0,0,0,0,0,1,0,0,,0,1,0,9,1,0,1,,0,40 01:30.034,,0,75 01:59.123,0,0,0,0,67301,0,0,0,N,0,0,0,2,67301,0,,1,1,,N,N,N,0,,0,0,0,0,0,,933,0,2,0,0,0,0,0,3,4,0,2,3,,N,,,,,,,,,,,
2021080385,2308.0,2,0,0,0,0,0,0,0,0,1,0,,67,8,2021,3,40.01,-75.186,2301.0,6,0,0,0,0,0,0,0,0,,0,0,0,22,3,0,0,N,2,40 00:36.042,1.0,0,75 11:09.633,0,0,0,0,67301,0,0,0,N,0,0,0,2,67301,0,,1,1,2325.0,N,N,N,0,,0,0,0,0,0,N,2242,0,2,0,0,0,0,0,3,4,0,2,3,3.0,N,,,,,,,,,,,
2021078391,2057.0,2,0,0,0,0,0,0,0,0,1,0,,67,8,2021,5,40.0216,-75.1484,2053.0,6,0,0,0,0,0,0,0,0,,0,0,0,20,3,2,0,N,0,40 01:17.808,,0,75 08:54.384,3,0,0,0,67301,0,0,0,N,0,0,0,3,67301,0,,1,1,,N,N,N,0,,2,0,0,0,0,,2039,2,2,0,0,0,0,0,3,4,0,2,3,3.0,N,,,,,,,,,,,
2021079286,1735.0,3,0,0,0,0,0,0,0,0,5,0,,67,8,2021,7,39.9383,-75.1421,1724.0,6,0,1,0,0,0,1,0,0,,0,0,0,17,1,0,0,Y,0,39 56:17.930,,0,75 08:31.568,0,0,0,0,67301,0,0,0,N,0,0,0,3,67301,0,,1,9,,N,N,N,0,,0,0,0,3,2,,1722,0,3,0,0,0,0,0,3,4,0,3,7,7.0,N,,,,,,,,,,,
2021121767,246.0,1,0,0,0,0,0,0,0,0,7,0,,67,12,2021,1,40.008,-75.1916,242.0,6,0,0,0,0,0,0,0,0,,0,0,0,2,3,1,6,,0,40 00:28.839,,8,75 11:30.581,2,0,0,0,67301,0,0,0,N,0,0,0,1,67301,0,,4,1,,N,N,N,0,,0,1,0,0,0,,208,1,1,0,0,0,0,0,3,4,0,1,3,3.0,N,,,,,,,,,,,
2021079208,1210.0,1,0,0,0,0,0,0,0,0,4,0,,67,8,2021,2,40.0664,-75.0187,1200.0,6,0,0,0,0,0,0,0,0,,0,0,0,11,1,1,2,,0,40 03:59.130,,7,75 01:07.438,4,0,0,1,67301,0,0,0,N,0,0,0,2,67301,1,,1,1,,N,N,N,0,,0,0,0,0,0,,1129,1,2,0,0,0,0,0,3,4,0,2,3,3.0,N,,,,,,,,,,,
2021124638,1625.0,1,0,0,0,0,0,0,0,0,7,0,,67,12,2021,7,40.0235,-75.1603,1621.0,6,0,0,0,0,0,0,0,0,,0,0,0,15,1,0,2,,0,40 01:24.456,,0,75 09:37.253,0,0,0,0,67301,0,0,0,N,0,0,0,0,67301,0,,5,9,,N,N,N,0,,0,0,0,0,0,,1557,0,1,0,0,0,0,0,3,4,0,1,7,4.0,N,,,,,,,,,,,
2021083322,2022.0,1,0,0,0,0,0,0,0,0,5,0,,67,9,2021,5,40.0782,-74.9903,2019.0,6,0,0,0,0,0,0,0,0,,0,0,0,20,3,1,0,N,0,40 04:41.650,,0,74 59:25.110,3,0,0,0,67301,0,0,0,N,0,0,0,1,67301,0,,6,1,,N,N,N,0,,1,0,1,0,0,,2019,1,2,0,0,0,0,0,3,4,0,2,3,3.0,N,,,,,,,,,,,
2021124023,1740.0,3,0,0,0,0,0,0,0,0,4,0,,67,12,2021,3,39.9472,-75.2342,1740.0,6,0,0,0,0,0,0,0,0,,0,0,0,15,1,1,0,N,0,39 56:49.900,,0,75 14:03.261,3,0,0,0,67301,0,0,0,N,0,0,0,5,67301,0,,1,1,,N,N,Y,0,,1,0,0,0,0,,1539,1,3,0,0,1,0,0,3,4,0,3,3,,N,,,,,,,,,,,
2021084070,1852.0,0,0,0,0,0,0,0,0,0,1,0,,67,8,2021,3,40.0231,-75.1372,1852.0,6,0,0,0,0,0,0,0,0,,0,0,0,16,1,1,1,,0,40 01:23.336,,0,75 08:13.783,4,0,0,0,67301,0,0,0,N,0,0,0,2,67301,1,,1,99,,N,N,N,1,,0,0,1,3,2,,1636,1,2,0,0,2,0,0,3,4,0,2,99,,N,,,,,,,,,,,
2021126002,815.0,3,0,0,0,0,0,0,0,0,5,0,,67,12,2021,5,39.9998,-75.1634,814.0,6,0,0,0,0,0,0,0,0,,0,0,0,8,1,0,0,N,0,39 59:59.290,,0,75 09:48.140,0,0,0,0,67301,0,0,0,N,0,0,0,0,67301,0,,1,1,,N,N,N,0,,0,0,1,0,0,,812,0,4,0,0,0,0,0,3,4,0,4,3,3.0,N,,,,,,,,,,,
2021080751,32.0,1,0,0,0,0,0,0,0,0,4,0,,67,8,2021,7,39.9547,-75.1495,30.0,6,0,0,0,0,0,0,0,0,,0,0,0,0,3,0,5,,0,39 57:16.781,,2,75 08:58.276,0,0,0,0,67301,0,0,0,N,0,0,0,2,67301,0,,1,1,,N,N,N,0,,0,0,1,3,2,,20,0,2,0,0,0,0,0,3,4,0,2,3,3.0,N,,,,,,,,,,,
2021103183,131.0,0,0,0,0,0,0,0,0,0,7,0,,67,8,2021,6,39.9955,-75.1541,59.0,6,0,0,0,0,0,0,0,0,,0,0,0,0,3,2,1,,0,39 59:43.943,,0,75 09:15.350,8,0,0,0,67301,0,0,0,N,0,0,0,2,67301,0,,4,1,,N,N,N,0,,0,0,1,3,2,,51,2,1,0,0,0,2,0,3,4,0,1,3,3.0,N,,,,,,,,,,,
2021122092,2225.0,1,0,0,0,0,0,0,0,0,1,1,,67,12,2021,7,40.0138,-75.126,2225.0,6,0,0,0,1,0,0,0,0,,0,1,0,21,3,0,1,,0,40 00:49.824,,0,75 07:33.527,0,0,0,0,67301,0,0,0,N,0,0,0,2,67301,0,,1,9,,N,N,N,0,,0,0,0,3,2,,2118,0,2,0,0,0,0,0,3,4,0,2,7,,N,,,,,,,,,,,
2021121693,858.0,1,0,0,0,0,0,0,0,0,1,0,,67,12,2021,5,39.9572,-75.1523,834.0,6,0,0,0,0,0,0,0,0,,0,0,0,8,1,1,0,N,0,39 57:25.740,,0,75 09:08.205,3,0,0,0,67301,0,0,0,N,0,0,0,2,68K01,0,,1,1,,N,N,N,0,,1,0,0,0,0,,827,1,2,0,0,0,0,0,3,4,0,2,3,,N,,,,,,,,,,,
2021078589,215.0,1,0,0,0,0,0,0,0,0,4,0,,67,8,2021,1,40.017,-75.1883,209.0,6,0,0,0,0,0,0,0,0,,0,0,0,2,3,3,1,,0,40 01:01.180,,0,75 11:17.957,3,0,0,0,67301,0,0,0,N,0,0,0,4,67301,1,,1,9,,N,N,N,0,,1,0,1,3,2,,203,3,2,0,0,2,1,1,3,4,0,2,7,7.0,N,,,,,,,,,,,
2021082806,806.0,1,0,0,0,0,0,0,0,0,1,0,,67,8,2021,6,40.0555,-75.0858,800.0,6,0,0,0,0,0,0,0,0,,0,0,0,8,1,1,1,,1,40 03:19.900,5.0,0,75 05:08.873,4,0,0,0,67301,0,0,0,N,0,0,0,4,67301,1,,1,1,900.0,N,N,N,1,,0,0,1,3,1,Y,800,1,4,0,0,0,0,0,3,4,1,4,3,3.0,N,,,,,,,,,,,
2021081632,125.0,2,0,0,0,0,0,0,0,0,1,0,,67,8,2021,3,39.9525,-75.141,118.0,6,0,0,0,0,0,0,0,0,,0,0,0,1,3,1,0,N,1,39 57:08.996,1.0,0,75 08:27.563,3,0,0,0,67301,0,0,0,N,0,0,0,2,68K01,0,,1,1,200.0,N,N,N,0,,1,0,0,0,0,N,112,1,2,0,0,1,0,0,3,4,0,2,3,,N,,,,,,,,,,,
2021079194,2119.0,1,0,0,0,0,0,0,0,0,4,0,,67,8,2021,7,40.113,-75.023,2119.0,6,0,0,0,0,0,1,0,0,,0,0,0,21,3,2,1,,0,40 06:46.730,,0,75 01:23.213,3,0,0,0,67301,0,0,0,N,0,0,0,2,67301,0,,1,9,,N,N,N,0,,2,0,1,3,2,,2118,2,2,0,0,1,0,0,3,4,0,2,7,,N,,,,,,,,,,,
2021103182,154.0,1,0,0,0,0,0,0,0,0,4,0,,67,8,2021,4,40.0101,-75.1214,152.0,6,0,0,0,0,0,0,0,0,,0,0,0,0,3,2,1,,1,40 00:36.436,6.0,0,75 07:17.178,2,0,1,1,67301,0,0,0,N,0,0,0,2,67301,0,,1,1,420.0,N,N,N,0,,1,1,1,3,2,Y,51,2,3,0,0,0,0,0,3,4,0,3,3,,N,,,,,,,,,,,
2021078445,922.0,1,0,0,0,0,0,0,0,0,4,0,,67,8,2021,6,39.9671,-75.2067,922.0,6,0,0,0,0,0,0,0,0,,0,0,0,8,1,1,1,,0,39 58:01.543,,0,75 12:23.959,3,0,0,0,67301,0,0,0,N,0,0,0,3,67301,0,,1,9,,N,N,N,0,,1,0,1,3,3,,847,1,2,0,0,0,0,0,3,4,0,2,3,3.0,N,,,,,,,,,,,
2021080886,1700.0,1,0,0,0,0,0,0,0,0,4,0,,67,8,2021,6,39.9165,-75.1693,1653.0,6,0,0,0,0,0,1,0,0,,0,0,0,16,1,2,1,,0,39 54:59.439,,0,75 10:09.463,4,0,0,0,67301,0,0,0,N,0,0,0,4,67301,2,,1,1,,N,N,N,0,,0,0,1,3,2,,1646,2,2,0,0,0,0,0,3,4,0,2,3,3.0,N,,,,,,,,,,,
2021078970,33.0,2,0,0,0,0,0,0,0,0,4,0,,67,8,2021,6,39.9341,-75.2164,25.0,6,0,0,0,0,0,0,0,0,,0,0,0,0,3,1,1,,0,39 56:02.921,,0,75 12:59.043,3,0,0,0,67301,0,0,0,N,0,0,0,2,67301,0,,1,1,,N,N,N,0,,1,0,0,3,3,,20,1,2,0,0,0,0,1,3,4,0,2,3,3.0,N,,,,,,,,,,,
2021119765,,0,0,0,0,0,0,0,0,0,5,0,,67,4,2021,5,39.9985,-75.2321,,6,0,0,0,0,0,0,0,0,,0,0,0,10,1,1,2,,0,39 59:54.588,,0,75 13:55.723,8,0,0,0,67301,0,0,0,N,0,0,0,2,00000,0,,1,1,,N,N,N,0,,0,0,2,0,0,,1005,1,2,0,0,0,1,0,3,4,0,2,3,,N,,,,,,,,,,,
2021123553,1821.0,1,0,0,0,0,0,0,0,0,4,0,,67,12,2021,5,40.0868,-74.9718,1819.0,6,0,0,0,0,0,0,0,0,,0,0,0,18,3,0,1,,0,40 05:12.438,,0,74 58:18.635,9,0,0,0,67301,0,0,0,N,0,0,0,2,67301,0,,1,1,,N,N,Y,0,,0,0,1,3,2,,1815,0,2,0,0,0,0,1,3,4,0,2,3,3.0,N,,,,,,,,,,,
2021118000,,2,0,0,0,0,0,0,0,0,4,0,,67,6,2021,5,39.9187,-75.2097,,6,0,0,0,0,0,0,0,0,,0,0,0,11,1,1,0,N,0,39 55:07.300,,7,75 12:34.800,8,0,0,0,67301,0,0,0,N,0,0,0,2,00000,0,,1,1,,N,N,N,0,,0,0,0,0,0,,1100,1,2,0,0,0,1,0,3,4,0,2,3,,N,,,,,,,,,,,
2021077557,2315.0,2,0,0,0,0,0,0,0,0,4,0,,67,8,2021,4,39.9704,-75.1605,2314.0,6,0,0,0,0,0,0,0,0,,0,0,0,22,3,0,1,,0,39 58:13.292,,0,75 09:37.979,9,0,0,0,67301,0,0,0,N,0,0,0,2,67301,0,,1,1,,N,N,N,0,,0,0,0,3,3,,2223,0,2,0,0,0,0,2,3,4,0,2,3,,N,,,,,,,,,,,
2021122518,2344.0,1,0,0,0,0,0,0,0,0,4,0,,67,12,2021,5,39.9474,-75.2398,2343.0,6,0,0,0,0,0,1,0,0,,0,0,0,22,3,1,1,,0,39 56:50.686,,0,75 14:23.103,8,0,0,0,67301,0,0,0,N,0,0,0,2,67301,0,,1,1,,N,N,N,0,,0,0,2,3,2,,2250,1,3,0,0,1,1,1,3,4,0,3,3,3.0,N,,,,,,,,,,,
2021077974,1955.0,0,0,0,0,0,0,0,0,0,8,0,,67,8,2021,5,40.0563,-75.1675,1950.0,6,0,0,0,0,0,0,1,0,,0,0,0,19,3,1,2,,0,40 03:22.508,,0,75 10:03.038,3,0,0,0,67301,1,0,0,N,1,0,0,2,67301,0,,1,1,,N,N,N,0,,1,0,1,3,2,,1945,1,2,0,0,0,0,0,3,4,0,1,3,,N,,,,,,,,,,,
2021114685,,0,0,0,0,0,0,0,0,0,4,0,,67,7,2021,5,39.9181,-75.171,,6,0,0,0,0,0,0,0,0,,0,0,0,19,1,0,1,,0,39 55:05.284,,0,75 10:15.516,0,0,0,1,67301,0,0,0,N,0,0,0,2,00000,0,,1,1,,N,N,N,0,,0,0,1,3,2,,1915,0,2,0,0,0,0,0,3,4,0,2,3,,N,,,,,,,,,,,
2021120661,733.0,0,0,0,0,0,0,0,0,0,1,1,,67,10,2021,4,39.9429,-75.1931,733.0,6,0,0,0,0,0,0,0,0,,0,1,0,6,1,0,0,N,2,39 56:34.558,3.0,0,75 11:35.332,0,0,0,0,67301,0,0,0,N,0,0,0,2,68K01,0,,1,1,748.0,N,N,N,0,,0,0,1,0,0,N,656,0,2,0,0,0,0,0,3,4,0,2,3,,N,,,,,,,,,,,
2021084819,1605.0,0,0,0,0,0,0,0,0,0,8,0,,67,8,2021,7,40.0225,-75.132,1600.0,6,0,0,0,0,0,0,0,0,,0,0,0,15,1,1,0,N,0,40 01:21.040,,0,75 07:55.310,8,0,0,0,67301,1,0,0,N,1,0,0,2,67301,0,,6,1,,N,N,N,0,,0,0,1,0,0,,1558,1,2,0,0,0,1,1,3,4,0,1,3,3.0,N,,,,,,,,,,,
2021084442,850.0,1,0,0,0,0,0,0,0,0,1,0,,67,9,2021,6,39.9787,-75.2031,843.0,6,0,0,0,1,0,1,0,0,,0,0,0,8,1,0,0,N,1,39 58:43.288,3.0,0,75 12:11.018,9,0,0,0,67301,0,0,0,N,0,0,0,3,68K01,0,,1,1,850.0,N,N,N,0,,0,0,1,0,0,N,840,0,3,0,0,0,0,1,3,4,0,3,3,3.0,N,,,,,,,,,,,
2021083159,1700.0,0,0,0,0,0,0,0,0,0,1,0,,67,8,2021,3,40.0945,-74.9585,1650.0,6,0,0,0,0,0,1,0,0,,0,0,0,16,1,1,2,,0,40 05:40.100,,0,74 57:30.600,4,0,0,0,67301,0,0,0,N,0,0,0,4,67301,1,,1,1,,N,N,N,0,,0,0,2,3,2,,1639,1,2,0,0,0,0,0,3,4,0,2,3,3.0,N,,,,,,,,,,,
2021087465,140.0,4,0,0,0,0,0,0,0,0,2,0,,67,8,2021,3,39.9922,-75.1172,127.0,6,0,0,0,0,0,0,0,0,,0,0,0,1,3,0,0,N,0,39 59:32.080,,0,75 07:01.970,0,0,0,0,67301,0,0,0,N,0,0,0,1,67301,0,,6,1,,N,N,N,1,,0,0,0,0,0,,112,0,6,0,0,0,0,0,3,4,1,6,3,3.0,N,,,,,,,,,,,
2021126000,1128.0,1,0,0,0,0,0,0,0,0,7,0,,67,10,2021,2,40.0177,-75.0487,1120.0,6,0,0,0,0,0,0,0,0,,0,0,0,11,1,0,0,N,0,40 01:03.581,,0,75 02:55.265,0,0,0,0,67301,0,0,0,N,0,0,0,1,68K01,0,,2,1,,N,N,N,0,,0,0,0,0,0,,1119,0,1,0,0,0,0,0,3,4,0,1,3,3.0,N,,,,,,,,,,,
2021124412,2342.0,3,0,0,0,0,0,0,0,0,1,0,,67,12,2021,5,39.9919,-75.2337,2340.0,6,0,0,0,0,0,0,0,0,,0,0,0,23,3,0,1,N,0,39 59:30.758,,0,75 14:01.217,0,0,0,0,67301,0,0,0,N,0,0,0,3,67301,0,,1,1,,N,N,N,0,,0,0,0,3,2,,2330,0,3,0,0,0,0,0,3,4,0,3,3,3.0,N,,,,,,,,,,,
2021125187,1842.0,1,0,0,0,0,0,0,0,0,1,0,,67,12,2021,6,40.0008,-75.0793,1835.0,6,0,0,0,0,1,0,0,0,,0,0,0,18,3,2,0,N,2,40 00:02.771,1.0,0,75 04:45.326,3,0,0,0,67301,0,0,0,N,0,0,0,2,68K01,0,,1,1,1850.0,N,N,N,0,,2,0,1,0,0,N,1832,2,2,0,0,0,0,0,3,4,0,2,3,,N,,,,,,,,,,,
2021079473,809.0,5,0,0,0,0,0,0,0,0,1,0,,67,8,2021,5,39.9092,-75.1932,805.0,6,0,0,0,0,0,0,0,1,,0,0,0,7,1,1,0,N,0,39 54:33.082,,0,75 11:35.377,3,0,0,0,67301,0,0,0,N,0,0,0,6,67301,0,,1,1,,N,N,Y,0,,1,0,1,0,0,,750,1,6,0,0,0,0,0,3,4,0,6,3,3.0,N,,,,,,,,,,,
2021121968,2226.0,1,0,0,0,0,0,0,0,0,7,0,,67,12,2021,1,39.8971,-75.1892,2213.0,6,0,0,0,1,0,0,0,0,,0,0,0,22,3,0,0,N,2,39 53:49.473,1.0,0,75 11:21.113,0,0,0,0,67301,0,0,0,N,0,0,0,1,68K01,0,,4,1,2245.0,N,N,N,0,,0,0,0,0,0,N,2212,0,1,0,0,0,0,0,3,4,0,1,3,,N,,,,,,,,,,,
2021079624,1037.0,2,0,0,0,0,0,0,0,0,4,0,,67,8,2021,7,40.0439,-75.0096,1037.0,6,0,0,1,0,0,0,0,0,,0,0,0,8,3,1,1,,0,40 02:38.081,,0,75 00:34.638,3,0,0,0,67301,0,0,0,N,0,0,0,3,67301,0,,1,9,,N,N,N,0,,1,0,0,3,3,,837,1,2,0,0,0,0,0,3,4,0,2,7,7.0,N,,,,,,,,,,,
2021120981,137.0,1,0,0,0,0,0,0,0,0,5,0,,67,12,2021,7,40.0372,-75.0795,135.0,6,0,0,0,0,0,0,0,0,,0,0,0,1,3,0,0,N,1,40 02:13.886,1.0,0,75 04:46.307,0,0,0,0,67301,0,0,0,N,0,0,0,1,67301,0,,1,9,230.0,N,N,N,0,,0,0,2,0,0,N,130,0,3,0,0,0,0,0,3,4,0,3,7,,N,,,,,,,,,,,
2021081354,1705.0,1,0,0,0,0,0,0,0,0,4,0,,67,8,2021,6,39.9334,-75.1439,1703.0,6,0,0,0,0,0,0,1,0,,0,0,0,17,1,0,0,N,0,39 56:00.240,,0,75 08:37.980,0,0,0,0,67301,0,0,0,N,0,0,0,3,67301,0,,1,1,,N,N,N,0,,0,0,0,0,0,,1701,0,2,0,0,0,0,0,3,4,1,2,3,,N,,,,,,,,,,,
2021078300,1323.0,0,0,0,0,0,0,0,0,0,0,0,,67,8,2021,7,39.909,-75.1509,1321.0,6,0,0,0,0,0,0,0,0,,0,0,0,13,1,1,0,N,1,39 54:32.300,4.0,3,75 09:03.100,3,0,0,1,67301,0,0,0,N,0,0,0,1,67501,0,,1,1,1335.0,N,N,N,0,,1,0,0,3,8,N,1321,1,1,0,0,0,0,0,3,4,0,1,3,,N,,,,,,,,,,,
2021114623,,2,0,0,0,0,0,0,0,0,3,0,,67,6,2021,6,,,,6,0,0,0,0,0,0,0,0,,0,0,0,14,1,0,0,N,0,,,7,,0,0,0,0,67301,0,0,0,N,0,0,0,2,00000,0,,1,1,,N,N,N,0,,0,0,0,9,9,,1430,0,2,0,0,0,0,0,3,3,0,2,3,,N,,,,,,,,,,,
2021079857,1520.0,2,0,0,0,0,0,0,0,0,1,0,,67,8,2021,4,39.9875,-75.1659,1515.0,6,0,0,0,0,0,0,0,0,,0,0,0,15,1,1,0,N,0,39 59:15.140,,0,75 09:57.260,3,0,0,0,67301,0,0,0,N,0,0,0,1,67301,0,,6,1,,N,N,N,0,,1,0,1,0,0,,1510,1,3,0,0,0,0,0,3,4,0,3,3,3.0,N,,,,,,,,,,,
2021121388,11.0,2,0,0,0,0,0,0,0,0,1,0,,67,12,2021,6,40.0097,-75.065,2358.0,6,0,0,0,0,0,0,0,0,,0,0,0,23,3,0,0,N,0,40 00:35.082,,0,75 03:54.145,0,0,0,0,67301,0,0,0,N,0,0,0,2,68K01,0,,1,9,,N,N,Y,0,,0,0,0,0,0,,2356,0,2,0,0,0,0,0,3,4,0,2,7,7.0,N,,,,,,,,,,,
2021122956,148.0,1,0,0,0,0,0,0,0,0,5,0,,67,12,2021,3,39.9507,-75.1831,130.0,6,0,0,0,0,1,0,0,0,,0,0,0,1,3,1,0,N,0,39 57:02.400,,0,75 10:59.061,3,0,0,0,67301,0,0,0,N,0,0,0,2,68K01,0,,1,1,,N,N,N,0,,1,0,0,0,0,,129,1,2,0,0,0,0,1,3,4,0,2,3,3.0,N,,,,,,,,,,,
2021122344,208.0,1,0,0,0,0,0,0,0,0,8,0,,67,10,2021,6,39.9794,-75.2039,206.0,6,0,0,0,0,0,0,0,0,,1,0,0,2,3,0,0,N,1,39 58:45.661,4.0,0,75 12:13.878,1,0,0,0,67301,1,1,0,N,1,1,0,2,68K01,0,1.0,1,1,445.0,N,N,N,0,0.0,0,0,0,0,0,N,205,0,2,0,0,0,0,0,3,4,0,1,3,,N,,,,,,,,,,,
2021122609,2145.0,1,0,0,0,0,0,1,0,0,1,1,,67,12,2021,1,39.9149,-75.1566,2110.0,6,0,0,0,0,0,0,0,0,,0,0,0,21,3,1,2,,0,39 54:53.602,,0,75 09:23.839,8,0,0,0,67301,0,0,0,N,0,0,0,3,67508,0,,1,1,,,,Y,0,,0,0,0,3,2,,2100,1,2,0,0,0,1,0,3,4,0,2,3,3.0,N,,,,,,,,,,,
2021086373,1050.0,0,0,0,0,0,0,1,0,0,1,1,,67,8,2021,6,39.9919,-75.1698,1036.0,6,0,0,0,0,0,0,0,0,,0,0,0,10,1,1,0,N,0,39 59:30.700,,0,75 10:11.400,8,0,0,0,67301,1,0,0,N,0,0,0,3,67508,0,,6,1,,N,N,Y,0,,0,0,0,0,0,,1036,1,2,0,0,0,1,0,3,4,0,2,3,3.0,N,,,,,,,,,,,
2021126230,1834.0,1,0,0,0,0,0,0,0,0,1,0,,67,12,2021,2,39.9651,-75.1857,1814.0,6,0,0,0,0,0,1,0,0,,0,0,0,18,3,2,0,N,1,39 57:54.434,3.0,0,75 11:08.482,3,0,0,0,67301,0,0,0,N,0,0,0,2,68K01,1,,1,1,1845.0,N,N,N,0,,1,0,1,0,0,N,1809,2,2,0,0,1,0,0,3,4,0,2,3,,N,,,,,,,,,,,
2021081855,1520.0,1,0,0,0,0,0,0,0,0,4,0,,67,8,2021,2,40.0712,-75.1914,1510.0,6,1,0,0,0,0,0,1,0,,0,0,0,15,1,0,2,,0,40 04:16.471,,0,75 11:28.867,0,0,0,0,67301,0,0,0,N,0,0,0,5,67301,0,,1,1,,N,N,Y,2,,0,0,0,3,3,,1509,0,3,0,0,0,0,0,3,4,0,3,3,3.0,N,,,,,,,,,,,
2021124994,444.0,0,0,0,0,0,0,0,0,0,8,0,,67,12,2021,7,39.9803,-75.1721,441.0,6,0,0,0,0,0,0,0,0,,1,0,0,4,3,0,0,N,0,39 58:49.176,,0,75 10:19.515,1,0,0,0,67301,1,1,0,N,1,1,0,2,67301,0,2.0,1,99,,N,N,N,0,0.0,0,0,1,0,0,,435,0,2,0,0,0,0,0,3,4,0,1,3,3.0,N,,,,,,,,,,,