CRN,ARRIVAL_TM,AUTOMOBILE_COUNT,BELTED_DEATH_COUNT,BELTED_SUSP_SERIOUS_INJ_COUNT,BICYCLE_COUNT,BICYCLE_DEATH_COUNT,BICYCLE_SUSP_SERIOUS_INJ_COUNT,BUS_COUNT,CHLDPAS_DEATH_COUNT,CHLDPAS_SUSP_SERIOUS_INJ_COUNT,COLLISION_TYPE,COMM_VEH_COUNT,CONS_ZONE_SPD_LIM,COUNTY,CRASH_MONTH,CRASH_YEAR,DAY_OF_WEEK,DEC_LAT,DEC_LONG,DISPATCH_TM,DISTRICT,DRIVER_COUNT_16YR,DRIVER_COUNT_17YR,DRIVER_COUNT_18YR,DRIVER_COUNT_19YR,DRIVER_COUNT_20YR,DRIVER_COUNT_50_64YR,DRIVER_COUNT_65_74YR,DRIVER_COUNT_75PLUS,EST_HRS_CLOSED,FATAL_COUNT,HEAVY_TRUCK_COUNT,HORSE_BUGGY_COUNT,HOUR_OF_DAY,ILLUMINATION,INJURY_COUNT,INTERSECT_TYPE,INTERSECTION_RELATED,LANE_CLOSED,LATITUDE,LN_CLOSE_DIR,LOCATION_TYPE,LONGITUDE,MAX_SEVERITY_LEVEL,MCYCLE_DEATH_COUNT,MCYCLE_SUSP_SERIOUS_INJ_COUNT,MOTORCYCLE_COUNT,MUNICIPALITY,NONMOTR_COUNT,NONMOTR_DEATH_COUNT,NONMOTR_SUSP_SERIOUS_INJ_COUNT,NTFY_HIWY_MAINT,PED_COUNT,PED_DEATH_COUNT,PED_SUSP_SERIOUS_INJ_COUNT,PERSON_COUNT,POLICE_AGCY,POSSIBLE_INJ_COUNT,RDWY_SURF_TYPE_CD,RELATION_TO_ROAD,ROAD_CONDITION,ROADWAY_CLEARED,SCH_BUS_IND,SCH_ZONE_IND,SECONDARY_CRASH,SMALL_TRUCK_COUNT,SPEC_JURIS_CD,SUSP_MINOR_INJ_COUNT,SUSP_SERIOUS_INJ_COUNT,SUV_COUNT,TCD_FUNC_CD,TCD_TYPE,TFC_DETOUR_IND,TIME_OF_DAY,TOT_INJ_COUNT,TOTAL_UNITS,UNB_DEATH_COUNT,UNB_SUSP_SERIOUS_INJ_COUNT,UNBELTED_OCC_COUNT,UNK_INJ_DEG_COUNT,UNK_INJ_PER_COUNT,URBAN_AREA,URBAN_RURAL,VAN_COUNT,VEHICLE_COUNT,WEATHER1,WEATHER2,WORK_ZONE_IND,WORK_ZONE_LOC,WORK_ZONE_TYPE,WORKERS_PRES,WZ_CLOSE_DETOUR,WZ_FLAGGER,WZ_LAW_OFFCR_IND,WZ_LN_CLOSURE,WZ_MOVING,WZ_OTHER,WZ_SHLDER_MDN,WZ_WORKERS_INJ_KILLED
2021080727,211.0,1,0,0,0,0,0,0,0,0,7,0,,67,8,2021,4,40.0183,-75.0489,211.0,6,0,0,0,0,0,0,0,0,,0,0,0,2,3,3,0,N,0,40 01:05.894,,0,75 02:56.189,3,0,0,0,67301,0,0,0,N,0,0,0,3,67301,0,,3,1,,N,N,N,0,,2,0,0,0,0,,210,3,1,0,0,0,1,0,3,4,0,1,3,3.0,N,,,,,,,,,,,
2021079151,225.0,1,0,0,0,0,0,0,0,0,4,0,,67,8,2021,7,40.0241,-75.1332,213.0,6,0,0,0,0,0,0,0,0,,0,0,0,2,3,1,1,,0,40 01:26.939,,0,75 07:59.530,3,0,0,0,67301,0,0,0,N,0,0,0,3,67301,0,,1,1,,N,N,N,0,,1,0,0,3,2,,212,1,2,0,0,0,0,0,3,4,0,2,3,3.0,N,,,,,,,,,,,
2021080382,1500.0,1,0,0,0,0,0,0,0,0,1,0,,67,8,2021,1,40.0219,-75.1393,1500.0,6,0,0,0,0,0,0,0,0,,0,0,0,14,1,1,1,,0,40 01:18.260,,0,75 08:23.123,4,0,0,0,67301,0,0,0,N,0,0,0,2,67301,1,,1,99,,N,N,N,0,,0,0,1,3,2,,1440,1,2,0,0,2,0,1,3,4,0,2,99,,N,,,,,,,,,,,
2021080121,243.0,1,0,0,0,0,0,0,0,0,7,0,,67,8,2021,5,39.9772,-75.2268,238.0,6,0,0,0,0,1,0,0,0,,0,0,0,2,3,0,1,,0,39 58:37.959,,0,75 13:36.308,0,0,0,0,67301,0,0,0,N,0,0,0,1,67301,0,,4,1,,N,N,N,0,,0,0,0,3,2,,237,0,1,0,0,1,0,0,3,4,0,1,3,3.0,N,,,,,,,,,,,
2021078623,1545.0,1,0,0,0,0,0,0,0,0,4,0,,67,8,2021,1,40.0247,-75.0545,1541.0,6,0,0,0,0,0,1,0,0,,0,0,0,15,1,0,1,,0,40 01:28.770,,0,75 03:16.227,0,0,0,0,67301,0,0,0,N,0,0,0,2,67301,0,,1,1,,N,N,N,0,,0,0,1,3,2,,1515,0,2,0,0,0,0,0,3,4,0,2,3,3.0,N,,,,,,,,,,,
2021080571,1904.0,2,0,0,0,0,0,0,0,0,5,0,,67,8,2021,6,39.9944,-75.1111,1902.0,6,0,0,0,0,0,0,0,0,,0,0,0,19,4,1,0,N,0,39 59:39.690,,0,75 06:39.980,3,0,0,0,67301,0,0,0,N,0,0,0,1,67301,0,,6,1,,N,N,N,0,,1,0,1,0,0,,1900,1,3,0,0,0,0,0,3,4,0,3,3,,N,,,,,,,,,,,
2021078632,1728.0,1,0,0,0,0,0,0,0,0,4,0,,67,8,2021,7,39.9431,-75.2153,1712.0,6,0,0,0,0,0,3,0,0,,0,0,0,17,1,3,1,,0,39 56:35.185,,0,75 12:55.029,2,0,0,0,67301,0,0,0,N,0,0,0,4,67301,1,,1,1,,N,N,N,0,,1,1,2,3,1,,1709,3,3,0,0,0,0,0,3,4,0,3,4,,N,,,,,,,,,,,
2021114309,1400.0,0,0,0,0,0,0,0,0,0,7,1,,67,11,2021,3,39.9553,-75.1479,1355.0,6,0,0,0,0,0,0,0,0,,0,1,0,13,1,0,0,N,1,39 57:19.000,3.0,2,75 08:52.500,0,0,0,0,67301,0,0,0,N,0,0,0,1,67501,0,,3,1,1504.0,N,N,N,0,,0,0,0,3,8,N,1355,0,1,0,0,0,0,0,3,4,0,1,3,3.0,N,,,,,,,,,,,
2021123639,1940.0,0,0,0,0,0,0,0,0,0,4,0,,67,12,2021,2,40.0352,-75.1455,1933.0,6,0,0,0,0,0,2,0,0,,0,0,0,18,4,2,1,,0,40 02:06.964,,0,75 08:44.032,3,0,0,0,67301,0,0,0,N,0,0,0,2,67301,0,,1,1,,N,N,N,0,,2,0,2,3,2,,1800,2,2,0,0,0,0,0,3,4,0,2,3,3.0,N,,,,,,,,,,,
2021114612,,1,0,0,0,0,0,0,0,0,4,0,,67,5,2021,2,40.0161,-75.1496,,6,0,0,0,0,0,0,0,0,,0,0,0,11,1,1,2,,0,40 00:58.063,,0,75 08:58.689,8,0,0,0,67301,0,0,0,N,0,0,0,4,00000,0,,1,1,,N,N,N,0,,0,0,1,3,3,,1130,1,2,0,0,0,1,0,3,4,0,2,3,,N,,,,,,,,,,,
2021083273,1957.0,1,0,0,0,0,0,0,0,0,4,0,,67,8,2021,5,40.0262,-75.1692,1957.0,6,0,0,0,0,0,0,0,0,,0,0,0,19,3,0,1,,0,40 01:34.321,,0,75 10:08.941,9,0,0,0,67301,0,0,0,N,0,0,0,2,67301,0,,1,1,,N,N,N,0,,0,0,1,3,2,,1937,0,2,0,0,1,0,1,3,4,0,2,3,3.0,N,,,,,,,,,,,
2021121366,627.0,2,0,0,0,0,0,0,0,0,1,1,,67,12,2021,5,39.96,-75.1786,620.0,6,0,0,0,0,0,2,0,0,,0,1,0,6,3,2,0,N,2,39 57:35.932,4.0,0,75 10:43.099,8,0,0,0,67301,0,0,0,N,0,0,0,3,68K01,0,,1,9,730.0,N,N,N,0,,0,0,0,0,0,N,611,2,3,0,0,0,2,0,3,4,0,3,3,,N,,,,,,,,,,,
2021087341,205.0,2,0,0,0,0,0,0,0,0,6,0,,67,8,2021,6,39.9948,-75.1488,200.0,6,0,0,0,0,0,0,0,0,,0,0,0,1,3,0,0,N,0,39 59:41.400,,0,75 08:55.600,0,0,0,0,67301,0,0,0,N,0,0,0,1,67301,0,,6,1,,N,N,N,0,,0,0,1,0,0,,157,0,3,0,0,0,0,0,3,4,0,3,3,,N,,,,,,,,,,,
2021079632,630.0,2,0,0,0,0,0,0,0,0,4,0,,67,8,2021,7,40.0743,-75.0348,621.0,6,0,0,0,0,0,0,0,1,,0,0,0,5,1,1,1,,0,40 04:27.539,,0,75 02:05.367,3,0,0,0,67301,0,0,0,N,0,0,0,2,67301,0,,1,1,,N,N,N,0,,1,0,0,3,2,,530,1,2,0,0,0,0,0,3,4,0,2,3,3.0,N,,,,,,,,,,,
2021122946,2348.0,0,0,0,0,0,0,0,0,0,7,0,,67,12,2021,1,39.8905,-75.2207,2338.0,6,0,0,0,0,0,0,0,0,,0,0,0,23,3,1,7,N,1,39 53:25.838,2.0,0,75 13:14.353,8,0,0,0,67301,0,0,0,N,0,0,0,1,68K01,0,,4,1,10.0,N,N,N,0,,0,0,1,0,0,N,2336,1,1,0,0,1,1,0,3,4,0,1,3,,N,,,,,,,,,,,
2021085690,1143.0,1,0,0,0,0,0,0,0,0,7,0,,67,8,2021,6,40.0263,-75.0969,1129.0,6,0,0,0,0,0,0,0,0,,0,0,0,11,1,0,1,,0,40 01:34.260,,0,75 05:48.680,0,0,0,0,67301,0,0,0,N,0,0,0,1,67301,0,,3,1,,N,N,N,0,,0,0,0,0,0,,1128,0,1,0,0,0,0,0,3,4,0,1,3,3.0,N,,,,,,,,,,,
2021081452,959.0,0,0,0,0,0,0,0,0,0,8,0,,67,8,2021,4,40.0303,-75.0349,955.0,6,0,0,0,1,0,0,0,0,,0,0,0,9,1,1,0,N,0,40 01:48.987,,0,75 02:05.566,3,0,0,0,67301,1,0,0,N,1,0,0,2,67301,0,,1,1,,N,N,N,0,,1,0,1,0,0,,953,1,2,0,0,0,0,0,3,4,0,1,3,3.0,N,,,,,,,,,,,
2021121361,852.0,0,0,0,0,0,0,0,0,0,1,0,,67,12,2021,4,40.0023,-75.195,823.0,6,0,0,0,0,0,1,0,0,,0,0,0,8,1,1,0,N,0,40 00:08.419,,0,75 11:41.973,8,0,0,0,67301,0,0,0,N,0,0,0,2,68K01,0,,1,1,,N,N,N,0,,0,0,2,0,0,,819,1,2,0,0,0,1,0,3,4,0,2,3,3.0,N,,,,,,,,,,,
2021114609,,1,0,0,0,0,0,0,0,0,5,0,,67,5,2021,6,39.9686,-75.128,,6,0,0,0,0,0,0,0,0,,0,0,0,22,3,0,0,N,0,39 58:06.948,,0,75 07:40.670,0,0,0,0,67301,0,0,0,N,0,0,0,3,00000,0,,1,1,,N,N,N,0,,0,0,1,0,0,,2207,0,2,0,0,2,0,0,3,4,0,2,3,,N,,,,,,,,,,,
2021121680,1803.0,1,0,0,0,0,0,0,0,0,7,0,,67,11,2021,7,40.0499,-74.9926,1738.0,6,0,0,0,0,0,0,0,0,,0,0,0,17,3,0,0,N,1,40 02:59.693,1.0,0,74 59:33.381,0,0,0,0,67301,0,0,0,N,0,0,0,1,68K01,0,,4,1,1850.0,N,N,N,0,,0,0,0,0,0,N,1736,0,1,0,0,0,0,0,3,4,0,1,3,,N,,,,,,,,,,,
2021081312,1256.0,2,0,0,0,0,0,0,0,0,5,0,,67,8,2021,5,39.9978,-75.0802,1242.0,6,0,0,0,0,0,0,0,0,,0,0,0,12,1,0,0,N,2,39 59:52.230,2.0,0,75 04:48.720,0,0,0,0,67301,0,0,0,N,0,0,0,1,67301,0,,6,1,1256.0,N,N,N,0,,0,0,1,0,0,Y,1216,0,3,0,0,0,0,0,3,4,0,3,3,,N,,,,,,,,,,,
2021121298,745.0,2,0,0,0,0,0,0,0,0,2,0,,67,12,2021,7,40.0292,-75.1878,731.0,6,0,0,0,0,0,0,0,0,,0,0,0,7,5,1,0,N,2,40 01:45.040,3.0,0,75 11:16.070,3,0,0,0,67301,0,0,0,N,0,0,0,2,67301,0,,1,9,45.0,N,N,N,0,,1,0,0,3,2,N,710,1,2,0,0,0,0,0,3,4,0,2,7,5.0,N,,,,,,,,,,,
2021083039,1004.0,2,0,0,0,0,0,0,0,0,4,0,,67,8,2021,5,40.0148,-75.0855,1002.0,6,0,0,0,0,0,0,2,0,,0,0,0,10,1,3,1,,0,40 00:53.302,,1,75 05:07.958,3,0,0,0,67301,0,0,0,N,0,0,0,3,67301,0,,1,1,,N,N,N,0,,3,0,0,3,1,,1000,3,2,0,0,3,0,0,3,4,0,2,3,3.0,N,,,,,,,,,,,
2021121005,312.0,2,0,0,0,0,0,0,0,0,4,0,,67,12,2021,7,40.0742,-75.187,309.0,6,0,0,0,0,0,0,0,0,,0,0,0,2,3,0,2,,0,40 04:26.990,,0,75 11:13.272,0,0,0,0,67301,0,0,0,N,0,0,0,2,67301,0,,1,9,,N,N,N,0,,0,0,0,3,3,,256,0,2,0,0,0,0,0,3,4,0,2,7,5.0,N,,,,,,,,,,,
2021123067,128.0,1,0,0,0,0,0,0,0,0,4,0,,67,12,2021,3,39.9658,-75.2461,128.0,6,0,0,0,0,0,1,0,0,,0,0,0,1,3,2,1,,0,39 57:56.909,,0,75 14:46.136,3,0,0,0,67301,0,0,0,N,0,0,0,2,67301,0,,1,1,,N,N,N,1,,2,0,0,3,2,,126,2,2,0,0,2,0,0,3,4,0,2,3,,N,,,,,,,,,,,
2021080537,932.0,0,0,0,0,0,0,0,0,0,0,0,,67,8,2021,1,40.0313,-75.0216,928.0,6,0,0,0,0,0,0,0,0,,0,0,0,9,1,1,0,N,1,40 01:52.695,2.0,0,75 01:17.844,8,0,0,0,67301,0,0,0,N,0,0,0,1,68K01,0,,1,9,1000.0,N,N,N,0,,0,0,1,0,0,N,922,1,1,0,0,0,1,0,3,4,0,1,4,4.0,N,,,,,,,,,,,
2021079565,4.0,4,0,0,0,0,0,0,0,0,1,0,,67,8,2021,6,39.9794,-75.1073,2356.0,6,0,0,0,1,0,1,0,0,,0,0,0,23,3,0,0,N,1,39 58:45.688,1.0,0,75 06:26.268,0,0,0,0,67301,0,0,0,N,0,0,0,9,68K01,0,,1,1,54.0,N,N,N,0,,0,0,1,0,0,N,2354,0,5,0,0,0,0,0,3,4,0,5,3,,N,,,,,,,,,,,
2021114618,,1,0,0,0,0,0,0,0,0,4,1,,67,6,2021,2,39.9544,-75.1481,,6,0,0,0,0,0,1,0,0,,0,1,0,12,1,2,1,,0,39 57:15.887,,2,75 08:53.056,8,0,0,0,67301,0,0,0,N,0,0,0,6,00000,0,,1,1,,N,N,N,0,,0,0,0,3,2,,1200,2,2,0,0,0,2,0,3,4,0,2,3,,N,,,,,,,,,,,
2021078699,1626.0,1,0,0,0,0,0,0,0,0,4,0,,67,8,2021,1,39.9173,-75.1746,1623.0,6,0,0,0,0,0,0,0,0,,0,0,0,14,1,0,1,,0,39 55:02.254,,0,75 10:28.502,9,0,0,0,67301,0,0,0,N,0,0,0,2,67301,0,,1,1,,N,N,N,0,,0,0,1,3,2,,1410,0,2,0,0,0,0,1,3,4,0,2,3,3.0,N,,,,,,,,,,,
2021087591,941.0,0,0,0,0,0,0,0,0,0,1,0,,67,8,2021,6,39.9479,-75.1866,921.0,6,0,0,0,0,0,1,0,0,,0,0,0,9,1,1,6,,0,39 56:52.422,,2,75 11:11.789,8,0,0,0,67301,0,0,0,N,0,0,0,2,68K01,0,,7,9,,N,N,N,0,,0,0,2,3,4,,917,1,2,0,0,0,1,0,3,4,0,2,7,,N,,,,,,,,,,,
2021077805,35.0,4,0,0,0,0,0,0,0,0,5,0,,67,8,2021,5,39.9865,-75.1253,28.0,6,0,0,0,0,0,0,0,0,,0,0,0,0,3,1,0,N,0,39 59:11.390,,0,75 07:31.100,3,0,0,0,67301,0,0,0,N,0,0,0,2,67301,0,,6,1,,N,N,N,0,,1,0,0,0,0,,25,1,4,0,0,0,0,0,3,4,0,4,3,3.0,N,,,,,,,,,,,
2021080508,816.0,2,0,0,0,0,0,0,0,0,4,0,,67,8,2021,6,39.9614,-75.1498,815.0,6,0,0,1,0,0,1,0,0,,0,0,0,8,1,1,1,,0,39 57:41.313,,0,75 08:59.272,4,0,0,0,67301,0,0,0,N,0,0,0,2,67301,1,,1,1,,N,N,N,0,,0,0,0,3,2,,814,1,2,0,0,0,0,0,3,4,0,2,3,3.0,N,,,,,,,,,,,
2021077803,1735.0,2,0,0,0,0,0,0,0,0,1,0,,67,8,2021,5,39.9551,-75.1472,1735.0,6,0,0,0,0,0,2,0,0,,0,0,0,17,1,0,0,N,0,39 57:18.400,,3,75 08:49.800,0,0,0,0,67301,0,0,0,N,0,0,0,3,67501,0,,1,1,,N,N,N,0,,0,0,0,0,0,,1735,0,2,0,0,0,0,0,3,4,0,2,3,,N,,,,,,,,,,,
2021123586,623.0,2,0,0,0,0,0,0,0,0,1,0,,67,12,2021,7,39.9601,-75.1797,623.0,6,0,0,0,0,0,0,0,0,,0,0,0,6,3,0,0,N,2,39 57:36.353,4.0,0,75 10:46.772,0,0,0,0,67301,0,0,0,N,0,0,0,3,68K01,0,,1,9,715.0,N,N,N,0,,0,0,1,0,0,N,623,0,3,0,0,0,0,0,3,4,0,3,7,,N,,,,,,,,,,,
2021123461,45.0,2,0,0,0,0,0,0,0,0,5,0,,67,11,2021,2,39.9967,-75.1153,45.0,6,0,0,0,0,0,0,0,0,,0,0,0,0,3,0,0,N,0,39 59:48.100,,0,75 06:54.987,0,0,0,0,67301,0,0,0,N,0,0,0,1,67301,0,,1,1,,N,N,N,0,,0,0,3,0,0,,45,0,5,0,0,1,0,0,3,4,0,5,3,3.0,N,,,,,,,,,,,
2021122325,1208.0,0,0,0,0,0,0,0,0,0,1,0,,67,12,2021,1,39.9871,-75.1225,1203.0,6,0,0,0,0,0,1,1,0,,0,0,0,12,1,1,0,N,0,39 59:13.467,,0,75 07:20.910,3,0,0,1,67301,0,0,0,N,0,0,0,2,67301,0,,1,1,,N,N,N,0,,1,0,1,0,0,,1200,1,2,0,0,0,0,0,3,4,0,2,3,,N,,,,,,,,,,,
2021077682,1634.0,2,0,0,0,0,0,0,0,0,5,0,,67,8,2021,4,39.9352,-75.2176,1634.0,6,0,0,0,0,0,1,0,0,,0,0,0,15,1,0,0,N,0,39 56:06.700,,0,75 13:03.300,0,0,0,0,67301,0,0,0,N,0,0,0,1,67301,0,,6,1,,N,N,N,0,,0,0,1,0,0,,1548,0,3,0,0,0,0,0,3,4,0,3,3,3.0,N,,,,,,,,,,,
2021114607,,0,0,0,0,0,0,0,0,0,1,0,,67,5,2021,4,39.9984,-75.11,,6,0,0,0,0,0,1,0,0,,0,0,0,8,1,1,0,N,0,39 59:54.200,,1,75 06:36.000,8,0,0,0,67301,0,0,0,N,0,0,0,2,00000,0,,1,1,,N,N,N,0,,0,0,2,0,0,,802,1,2,0,0,0,1,0,3,4,0,2,3,,N,,,,,,,,,,,
2021122025,1445.0,1,0,0,0,0,0,0,0,0,4,0,,67,12,2021,6,40.0086,-75.0688,1445.0,6,0,0,0,0,0,0,0,0,,0,0,0,16,1,1,1,,0,40 00:31.249,,0,75 04:07.877,4,0,0,0,67301,0,0,0,N,0,0,0,2,67301,1,,1,99,,N,N,N,0,,0,0,1,9,2,,1650,1,2,0,0,2,0,1,3,4,0,2,99,,N,,,,,,,,,,,
2021078972,1850.0,1,0,0,0,0,0,0,0,0,8,0,,67,8,2021,6,39.942,-75.2271,1842.0,6,0,0,0,0,0,0,0,0,,0,0,0,18,1,1,0,N,0,39 56:31.320,,0,75 13:37.480,4,0,0,0,67301,1,0,0,N,1,0,0,2,67301,1,,1,1,,N,N,N,0,,0,0,0,0,0,,1838,1,2,0,0,0,0,0,3,4,0,1,3,3.0,N,,,,,,,,,,,
2021123507,138.0,5,0,0,0,0,0,0,0,0,5,0,,67,12,2021,4,39.9711,-75.1655,133.0,6,0,0,0,0,0,0,0,0,,0,0,0,1,3,2,0,N,2,39 58:16.059,6.0,0,75 09:55.823,3,0,0,0,67301,0,0,0,N,0,0,0,2,67301,0,,1,1,330.0,N,N,N,0,,2,0,0,0,0,Y,130,2,5,0,0,0,0,0,3,4,0,5,3,3.0,N,,,,,,,,,,,
2021082482,1548.0,2,0,0,0,0,0,0,0,0,4,0,,67,8,2021,2,39.9585,-75.2476,1547.0,6,0,0,0,0,0,0,0,0,,0,0,0,15,1,0,2,,1,39 57:30.720,1.0,0,75 14:51.320,0,0,0,0,67301,0,0,0,N,0,0,0,2,67301,0,,1,1,1636.0,N,N,N,0,,0,0,0,3,3,N,1534,0,2,0,0,2,0,0,3,4,0,2,3,3.0,N,,,,,,,,,,,
2021121368,910.0,1,0,0,0,0,0,0,0,0,1,0,,67,12,2021,5,39.9459,-75.1423,905.0,6,0,0,0,0,0,0,1,0,,0,0,0,9,1,0,0,N,2,39 56:45.276,1.0,0,75 08:32.131,0,0,0,0,67301,0,0,0,N,0,0,0,3,68K01,0,,1,1,915.0,N,N,N,0,,0,0,2,0,0,N,905,0,3,0,0,0,0,0,3,4,0,3,3,3.0,N,,,,,,,,,,,
2021085506,2050.0,0,0,0,0,0,0,1,0,0,8,1,,67,8,2021,5,39.9481,-75.1542,2040.0,6,0,0,0,0,0,0,0,0,,0,0,0,8,2,1,1,,0,39 56:53.182,,0,75 09:15.307,4,0,0,0,67301,1,0,0,N,1,0,0,2,67508,1,,1,1,,N,N,Y,0,,0,0,0,3,2,,830,1,2,0,0,0,0,0,3,4,0,1,3,3.0,N,,,,,,,,,,,
2021079130,1704.0,1,0,0,0,0,0,0,0,0,4,0,,67,8,2021,2,40.0543,-75.0716,1649.0,6,0,0,0,0,0,0,0,0,,0,0,0,15,1,1,1,,0,40 03:15.451,,0,75 04:17.588,3,0,0,0,67301,0,0,0,N,0,0,0,2,67301,0,,1,9,,N,N,N,0,,1,0,1,3,2,,1552,1,2,0,0,1,0,0,3,4,0,2,7,4.0,N,,,,,,,,,,,
2021082481,1825.0,2,0,0,0,0,0,0,0,0,4,0,,67,8,2021,1,39.9534,-75.2161,1822.0,6,0,0,0,0,0,1,0,0,,0,0,0,18,1,2,1,,0,39 57:12.114,,0,75 12:58.132,3,0,0,0,67301,0,0,0,N,0,0,0,3,67301,0,,1,1,,N,N,N,0,,2,0,1,2,2,,1820,2,3,0,0,2,0,0,3,4,0,3,3,3.0,N,,,,,,,,,,,
2021079710,603.0,2,0,0,0,0,0,0,0,0,2,0,,67,8,2021,3,40.0367,-75.1327,557.0,6,0,0,0,0,0,0,0,0,,0,0,0,5,5,0,0,N,0,40 02:12.199,,0,75 07:57.890,0,0,0,0,67301,0,0,0,N,0,0,0,1,67301,0,,6,1,,N,N,N,0,,0,0,3,0,0,,549,0,5,0,0,0,0,0,3,4,0,5,3,,N,,,,,,,,,,,
2021079195,235.0,1,0,0,0,0,0,0,0,0,4,0,,67,8,2021,1,40.1001,-75.0084,227.0,6,0,0,0,0,0,0,0,0,,0,0,0,2,3,1,1,,0,40 06:00.511,,0,75 00:30.266,3,0,0,0,67301,0,0,0,N,0,0,0,6,67301,0,,1,9,,N,N,N,0,,1,0,0,3,2,,219,1,2,0,0,0,0,0,3,4,1,2,7,,N,,,,,,,,,,,
2021086720,1545.0,0,0,0,0,0,0,0,0,0,4,0,,67,8,2021,7,39.904,-75.2401,1515.0,6,0,0,0,0,0,1,0,0,,0,0,0,15,1,3,1,,0,39 54:14.563,,0,75 14:24.409,3,0,0,0,67301,0,0,0,N,0,0,0,3,67508,2,,1,1,,N,N,Y,0,,1,0,1,9,2,N,1515,3,2,0,0,2,0,0,3,4,0,2,3,3.0,N,,,,,,,,,,,
2021123645,1550.0,0,0,0,0,0,0,0,0,0,8,0,,67,12,2021,3,40.0412,-75.1395,1545.0,6,0,0,0,0,0,0,1,0,,0,0,0,15,1,1,0,N,0,40 02:28.270,,0,75 08:22.120,8,0,0,0,67301,1,0,0,N,1,0,0,2,67301,0,,1,1,,N,N,N,0,,0,0,1,0,0,,1538,1,2,0,0,0,1,0,3,4,0,1,3,,N,,,,,,,,,,,
2021121720,552.0,1,0,0,0,0,0,0,0,0,4,0,,67,12,2021,7,39.961,-75.182,552.0,6,0,0,0,0,0,1,0,0,,0,0,0,5,3,0,0,N,2,39 57:39.590,4.0,0,75 10:55.112,0,0,0,0,67301,0,0,0,N,0,0,0,2,68K01,0,,4,9,600.0,N,N,Y,0,,0,0,1,0,0,N,552,0,2,0,0,0,0,0,3,4,0,2,7,7.0,N,,,,,,,,,,,
2021123127,2201.0,1,0,0,0,0,0,0,0,0,8,0,,67,12,2021,2,40.0601,-75.1887,2200.0,6,0,0,0,0,0,1,0,0,,1,0,0,18,3,0,2,,0,40 03:36.447,,0,75 11:19.163,1,0,0,0,67301,1,1,0,N,1,1,0,2,67301,0,2.0,1,1,,N,N,N,1,0.0,0,0,0,3,3,,1816,0,3,0,0,0,0,0,3,4,0,2,3,3.0,N,,,,,,,,,,,
2021080996,1850.0,1,0,0,0,0,0,0,0,0,4,0,,67,8,2021,6,40.0215,-75.0518,1844.0,6,0,0,0,0,0,1,0,0,,0,0,0,18,1,1,1,,0,40 01:17.505,,0,75 03:06.381,3,0,0,0,67301,0,0,0,N,0,0,0,2,67301,0,,1,1,,N,N,N,0,,1,0,0,3,2,,1830,1,2,0,0,0,0,0,3,4,1,2,3,3.0,N,,,,,,,,,,,
2021121178,1421.0,1,0,0,0,0,0,0,0,0,1,1,,67,11,2021,2,39.9794,-75.2041,1415.0,6,0,0,0,1,0,1,0,0,,0,1,0,14,1,2,0,N,1,39 58:45.760,3.0,0,75 12:14.804,8,0,0,0,67301,0,0,0,N,0,0,0,5,68K01,0,,1,1,1521.0,N,N,N,1,,0,0,2,0,0,N,1403,2,5,0,0,0,2,0,3,4,0,5,3,,N,,,,,,,,,,,
2021078417,2235.0,2,0,0,0,0,0,0,0,0,4,0,,67,8,2021,5,39.9587,-75.2272,2234.0,6,0,0,0,1,0,0,0,0,,0,0,0,22,3,4,1,,0,39 57:31.430,,0,75 13:37.762,2,0,0,0,67301,0,0,0,N,0,0,0,4,67301,3,,1,1,,N,N,N,0,,0,1,0,9,2,,2233,4,2,0,0,0,0,0,3,4,0,2,3,3.0,N,,,,,,,,,,,
2021077918,933.0,1,0,0,0,0,0,0,0,0,4,0,,67,8,2021,5,39.9921,-75.1829,933.0,6,0,0,0,0,0,0,0,0,,0,0,0,9,1,0,1,,0,39 59:31.657,,0,75 10:58.619,0,0,0,0,67301,0,0,0,N,0,0,0,2,67301,0,,1,1,,N,N,N,0,,0,0,1,3,3,,919,0,2,0,0,0,0,0,3,4,0,2,3,3.0,N,,,,,,,,,,,
2021077633,1847.0,1,0,0,0,0,0,0,0,0,4,0,,67,8,2021,4,39.9959,-75.1875,1838.0,6,0,0,0,0,1,0,0,0,,0,0,0,18,1,1,3,,0,39 59:44.799,,0,75 11:15.000,3,0,0,1,67301,0,0,0,N,0,0,0,2,67301,0,,1,1,,N,N,N,0,,1,0,0,3,2,,1827,1,2,0,0,0,0,0,3,4,0,2,3,3.0,N,,,,,,,,,,,
2021083272,1600.0,2,0,0,0,0,0,0,0,0,4,0,,67,8,2021,3,40.0031,-75.1773,1600.0,6,0,0,0,0,0,1,0,0,,0,0,0,15,1,1,1,,0,40 00:11.177,,0,75 10:38.108,3,0,0,0,67301,0,0,0,N,0,0,0,2,67301,0,,1,1,,N,N,N,0,,1,0,0,3,2,,1530,1,2,0,0,0,0,0,3,4,0,2,3,3.0,N,,,,,,,,,,,
2021080800,1810.0,2,0,0,0,0,0,0,0,0,1,0,,67,8,2021,1,40.0184,-75.1491,1810.0,6,0,0,0,0,0,0,0,0,,0,0,0,16,1,0,1,,0,40 01:06.376,,0,75 08:56.880,9,0,0,0,67301,0,0,0,N,0,0,0,3,67301,0,,1,99,,N,N,N,0,,0,0,0,3,2,,1640,0,2,0,0,3,0,1,3,4,0,2,99,,N,,,,,,,,,,,