CRN,ARRIVAL_TM,AUTOMOBILE_COUNT,BELTED_DEATH_COUNT,BELTED_SUSP_SERIOUS_INJ_COUNT,BICYCLE_COUNT,BICYCLE_DEATH_COUNT,BICYCLE_SUSP_SERIOUS_INJ_COUNT,BUS_COUNT,CHLDPAS_DEATH_COUNT,CHLDPAS_SUSP_SERIOUS_INJ_COUNT,COLLISION_TYPE,COMM_VEH_COUNT,CONS_ZONE_SPD_LIM,COUNTY,CRASH_MONTH,CRASH_YEAR,DAY_OF_WEEK,DEC_LAT,DEC_LONG,DISPATCH_TM,DISTRICT,DRIVER_COUNT_16YR,DRIVER_COUNT_17YR,DRIVER_COUNT_18YR,DRIVER_COUNT_19YR,DRIVER_COUNT_20YR,DRIVER_COUNT_50_64YR,DRIVER_COUNT_65_74YR,DRIVER_COUNT_75PLUS,EST_HRS_CLOSED,FATAL_COUNT,HEAVY_TRUCK_COUNT,HORSE_BUGGY_COUNT,HOUR_OF_DAY,ILLUMINATION,INJURY_COUNT,INTERSECT_TYPE,INTERSECTION_RELATED,LANE_CLOSED,LATITUDE,LN_CLOSE_DIR,LOCATION_TYPE,LONGITUDE,MAX_SEVERITY_LEVEL,MCYCLE_DEATH_COUNT,MCYCLE_SUSP_SERIOUS_INJ_COUNT,MOTORCYCLE_COUNT,MUNICIPALITY,NONMOTR_COUNT,NONMOTR_DEATH_COUNT,NONMOTR_SUSP_SERIOUS_INJ_COUNT,NTFY_HIWY_MAINT,PED_COUNT,PED_DEATH_COUNT,PED_SUSP_SERIOUS_INJ_COUNT,PERSON_COUNT,POLICE_AGCY,POSSIBLE_INJ_COUNT,RDWY_SURF_TYPE_CD,RELATION_TO_ROAD,ROAD_CONDITION,ROADWAY_CLEARED,SCH_BUS_IND,SCH_ZONE_IND,SECONDARY_CRASH,SMALL_TRUCK_COUNT,SPEC_JURIS_CD,SUSP_MINOR_INJ_COUNT,SUSP_SERIOUS_INJ_COUNT,SUV_COUNT,TCD_FUNC_CD,TCD_TYPE,TFC_DETOUR_IND,TIME_OF_DAY,TOT_INJ_COUNT,TOTAL_UNITS,UNB_DEATH_COUNT,UNB_SUSP_SERIOUS_INJ_COUNT,UNBELTED_OCC_COUNT,UNK_INJ_DEG_COUNT,UNK_INJ_PER_COUNT,URBAN_AREA,URBAN_RURAL,VAN_COUNT,VEHICLE_COUNT,WEATHER1,WEATHER2,WORK_ZONE_IND,WORK_ZONE_LOC,WORK_ZONE_TYPE,WORKERS_PRES,WZ_CLOSE_DETOUR,WZ_FLAGGER,WZ_LAW_OFFCR_IND,WZ_LN_CLOSURE,WZ_MOVING,WZ_OTHER,WZ_SHLDER_MDN,WZ_WORKERS_INJ_KILLED
2021078702,1100.0,1,0,0,0,0,0,0,0,0,4,0,,67,8,2021,1,39.9973,-75.1203,1049.0,6,0,0,0,0,0,0,1,0,,0,0,0,9,1,1,1,,0,39 59:50.432,,0,75 07:13.150,3,0,0,0,67301,0,0,0,N,0,0,0,2,67301,0,,1,1,,N,N,N,0,,1,0,1,3,2,,900,1,2,0,0,0,0,1,3,4,0,2,3,3.0,N,,,,,,,,,,,
2021077515,1832.0,1,0,0,0,0,0,0,0,0,6,0,,67,8,2021,4,39.9996,-75.1905,1822.0,6,0,0,0,0,0,1,0,0,,0,0,0,17,1,0,2,,2,39 59:58.649,1.0,0,75 11:26.101,0,0,0,0,67301,0,0,0,N,0,0,0,4,67301,0,,1,1,2015.0,N,N,N,0,,0,0,2,3,2,Y,1752,0,3,0,0,4,0,0,3,4,0,3,4,4.0,N,,,,,,,,,,,
2021105334,,1,0,0,0,0,0,0,0,0,1,0,,67,7,2021,6,39.8984,-75.2104,,6,0,0,0,0,1,0,0,0,,0,0,0,21,3,1,0,N,0,39 53:54.155,,3,75 12:37.329,8,0,0,0,67301,0,0,0,N,0,0,0,4,00000,0,,1,1,,N,N,Y,0,,0,0,2,0,0,,2100,1,4,0,0,0,1,0,3,4,0,4,3,,N,,,,,,,,,,,
2021077062,2009.0,1,0,0,0,0,0,0,0,0,5,0,,67,8,2021,7,40.0712,-75.058,2006.0,6,0,0,0,0,0,0,0,0,,0,0,0,20,3,0,0,N,0,40 04:16.190,,0,75 03:28.830,0,0,0,0,67301,0,0,0,N,0,0,0,1,67301,0,,6,1,,N,N,N,0,,0,0,1,0,0,,2000,0,2,0,0,1,0,0,3,4,0,2,3,,N,,,,,,,,,,,
2021079209,1249.0,0,0,0,0,0,0,0,0,0,4,0,,67,8,2021,1,40.0313,-75.0662,1244.0,6,0,0,0,0,0,0,0,0,,0,0,0,12,1,2,1,,0,40 01:52.663,,0,75 03:58.341,3,0,0,0,67301,0,0,0,N,0,0,0,5,67301,0,,1,1,,N,N,Y,0,,2,0,3,3,3,,1230,2,3,0,0,0,0,1,3,4,0,3,4,4.0,N,,,,,,,,,,,
2021079711,338.0,0,0,0,1,0,1,0,0,0,4,0,,67,8,2021,4,40.0538,-75.1432,335.0,6,0,0,0,0,0,0,0,0,,0,0,0,3,3,1,2,,0,40 03:13.741,,0,75 08:35.469,2,0,0,0,67301,1,0,1,N,0,0,0,2,67301,0,,1,1,,N,N,N,0,,0,1,0,0,0,,320,1,2,0,0,0,0,0,3,4,1,1,3,,N,,,,,,,,,,,
2021087462,200.0,3,0,0,0,0,0,0,0,0,5,0,,67,8,2021,3,39.997,-75.1178,119.0,6,0,0,0,0,0,0,0,0,,0,0,0,0,3,0,0,N,0,39 59:49.279,,0,75 07:04.189,0,0,0,0,67301,0,0,0,N,0,0,0,1,67301,0,,6,1,,N,N,N,0,,0,0,0,0,0,,26,0,3,0,0,1,0,0,3,4,0,3,3,3.0,N,,,,,,,,,,,
2021123575,804.0,1,0,0,0,0,0,0,0,0,7,0,,67,12,2021,4,39.9806,-75.198,742.0,6,0,0,0,0,0,0,0,0,,0,0,0,7,1,1,2,,0,39 58:50.109,,0,75 11:52.626,4,0,0,0,67301,0,0,0,N,0,0,0,1,67301,1,,5,9,,N,N,N,0,,0,0,0,3,2,,730,1,1,0,0,0,0,0,3,4,0,1,3,3.0,N,,,,,,,,,,,
2021079607,1245.0,0,0,0,0,0,0,0,0,0,7,0,,67,8,2021,2,39.9753,-75.1652,1244.0,6,0,0,0,0,0,0,0,0,,0,0,0,12,1,0,1,,0,39 58:31.117,,0,75 09:54.656,9,0,0,0,67301,0,0,0,N,0,0,0,1,67301,0,,4,1,,N,N,N,0,,0,0,1,3,2,,1243,0,1,0,0,0,0,1,3,4,0,1,3,3.0,N,,,,,,,,,,,
2021122718,924.0,0,0,0,0,0,0,0,0,0,5,0,,67,12,2021,1,39.9457,-75.1899,908.0,6,0,0,0,0,0,1,0,0,,0,0,0,9,1,1,0,N,0,39 56:44.462,,0,75 11:23.770,8,0,0,0,67301,0,0,0,N,0,0,0,2,68K01,0,,1,1,,N,N,N,0,,0,0,1,0,0,,905,1,2,0,0,0,1,1,3,4,0,2,3,,N,,,,,,,,,,,
2021084024,740.0,1,0,0,0,0,0,0,0,0,7,0,,67,8,2021,5,39.9741,-75.2046,730.0,6,0,0,0,0,0,0,0,0,,0,0,0,7,3,1,0,N,0,39 58:26.880,,0,75 12:16.385,4,0,0,0,67301,0,0,0,N,0,0,0,1,67508,1,,4,1,,N,N,Y,0,,0,0,0,0,0,,730,1,1,0,0,0,0,0,3,4,0,1,3,3.0,N,,,,,,,,,,,
2021078578,1233.0,0,0,0,0,0,0,0,0,0,4,0,,67,8,2021,5,40.0595,-75.0805,1233.0,6,0,0,0,0,0,0,0,0,,0,0,0,12,1,1,1,,0,40 03:34.205,,0,75 04:49.964,3,0,0,0,67301,0,0,0,N,0,0,0,2,67301,0,,1,1,,N,N,N,0,,1,0,2,3,2,,1214,1,2,0,0,0,0,1,3,4,0,2,3,3.0,N,,,,,,,,,,,
2021076805,1004.0,0,0,0,0,0,0,0,0,0,8,0,,67,8,2021,3,40.0374,-75.039,948.0,6,0,0,0,0,0,0,0,0,,0,0,0,9,1,1,0,N,0,40 02:14.592,,0,75 02:20.504,3,0,0,0,67301,1,0,0,N,1,0,0,2,67301,0,,1,1,,N,N,N,0,,1,0,0,0,0,,900,1,2,0,0,0,0,0,3,4,1,1,4,,N,,,,,,,,,,,
2021076162,102.0,0,0,0,0,0,0,0,0,0,7,0,,67,8,2021,2,39.9555,-75.1481,102.0,6,0,0,0,0,0,0,0,0,,0,0,0,1,3,0,0,N,1,39 57:19.811,4.0,2,75 08:53.267,0,0,0,0,67301,0,0,0,N,0,0,0,1,67501,0,,3,1,157.0,N,N,N,0,,0,0,1,0,0,N,102,0,1,0,0,0,0,0,3,4,0,1,3,3.0,N,,,,,,,,,,,
2021119122,2202.0,1,0,0,0,0,0,0,0,0,1,0,,67,12,2021,4,40.006,-75.0746,2154.0,6,0,0,0,0,0,1,0,0,,0,0,0,21,3,0,0,N,0,40 00:21.630,,0,75 04:28.598,0,0,0,0,67301,0,0,0,N,0,0,0,2,68K01,0,,1,9,,N,N,N,0,,0,0,1,0,0,,2150,0,2,0,0,0,0,0,3,4,0,2,7,3.0,N,,,,,,,,,,,
2021118075,110.0,2,0,0,0,0,0,1,0,0,5,1,,67,11,2021,1,39.9766,-75.1967,58.0,6,0,0,0,0,0,1,0,0,,0,0,0,0,3,1,6,,0,39 58:35.597,,2,75 11:47.969,8,0,0,0,67301,0,0,0,N,0,0,0,14,68K01,0,,7,1,,N,N,N,0,,0,0,0,0,0,,58,1,3,0,0,0,1,0,3,4,0,3,3,3.0,N,,,,,,,,,,,
2021123557,240.0,1,0,0,0,0,0,0,0,0,7,0,,67,12,2021,5,39.9996,-75.1905,240.0,6,0,1,0,0,0,0,0,0,,0,0,0,2,3,1,2,,1,39 59:58.649,7.0,0,75 11:26.101,3,0,0,0,67301,0,0,0,N,0,0,0,1,67301,0,,5,1,330.0,N,N,N,0,,1,0,0,3,1,N,240,1,1,0,0,0,0,0,3,4,0,1,3,3.0,N,,,,,,,,,,,
2021078590,1120.0,4,0,0,0,0,0,0,0,0,4,0,,67,8,2021,1,40.004,-75.1717,1117.0,6,0,0,0,0,0,1,0,0,,0,0,0,11,1,2,1,,2,40 00:14.481,6.0,0,75 10:18.192,3,0,0,0,67301,0,0,0,N,0,0,0,2,67301,0,,1,1,1200.0,N,N,N,0,,2,0,1,3,3,Y,1117,2,5,0,0,1,0,0,3,4,0,5,3,3.0,N,,,,,,,,,,,
2021080709,317.0,2,0,0,0,0,0,0,0,0,4,0,,67,8,2021,6,40.0323,-75.1692,315.0,6,0,0,0,0,0,1,0,0,,0,0,0,3,8,0,2,,0,40 01:56.436,,0,75 10:09.214,0,0,0,0,67301,0,0,0,N,0,0,0,2,67301,0,,1,9,,N,N,N,0,,0,0,0,3,3,,313,0,3,0,0,2,0,0,3,4,1,3,4,7.0,N,,,,,,,,,,,
2021104287,1911.0,0,0,0,0,0,0,0,0,0,1,0,,67,8,2021,6,40.0073,-75.1274,1910.0,6,0,0,0,0,0,0,0,0,,0,0,0,18,1,0,0,N,0,40 00:26.400,,0,75 07:38.500,0,0,0,0,67301,1,0,0,N,0,0,0,2,67301,0,,6,1,,N,N,N,0,,0,0,1,0,0,,1813,0,2,0,0,0,0,0,3,4,1,2,3,,N,,,,,,,,,,,
2021121597,1414.0,1,0,0,0,0,0,1,0,0,5,1,,67,12,2021,4,40.0563,-75.1495,1414.0,6,0,0,0,0,0,0,0,0,,0,0,0,17,1,4,0,N,0,40 03:22.570,,0,75 08:58.080,8,0,0,0,67301,0,0,0,N,0,0,0,5,67301,0,,1,1,,N,N,N,0,,0,0,0,3,2,,1700,4,2,0,0,0,4,1,3,4,0,2,3,3.0,N,,,,,,,,,,,
2021077636,2336.0,0,0,0,0,0,0,0,0,0,4,0,,67,8,2021,2,40.0358,-75.1499,2336.0,6,0,0,0,0,0,0,0,0,,0,0,0,23,3,1,2,,1,40 02:08.948,5.0,0,75 08:59.578,2,0,1,1,67301,0,0,0,N,0,0,0,2,67301,0,,1,1,50.0,N,N,N,0,,0,1,0,3,2,Y,2332,1,2,0,0,0,0,0,3,4,1,2,3,3.0,N,,,,,,,,,,,
2021117997,,1,0,0,0,0,0,0,0,0,4,0,,67,5,2021,2,39.9629,-75.1973,,6,0,0,0,0,0,0,1,0,,0,0,0,14,1,1,1,,0,39 57:46.318,,0,75 11:50.257,8,0,0,0,67301,0,0,0,N,0,0,0,2,00000,0,,1,1,,N,N,N,0,,0,0,0,3,3,,1430,1,2,0,0,0,1,0,3,4,0,2,3,,N,,,,,,,,,,,
2021118510,1435.0,0,0,0,0,0,0,0,0,0,1,0,,67,12,2021,6,40.0097,-75.0653,1408.0,6,0,0,0,0,0,0,0,0,,0,0,0,13,1,0,0,N,0,40 00:34.846,,0,75 03:55.004,0,0,0,0,67301,0,0,0,N,0,0,0,5,68K01,0,,1,1,,N,N,N,0,,0,0,2,0,0,,1348,0,2,0,0,0,0,0,3,4,0,2,3,3.0,N,,,,,,,,,,,
2021075632,1247.0,1,0,0,0,0,0,0,0,0,1,0,,67,8,2021,6,40.0132,-75.0704,1242.0,6,0,0,0,0,0,1,0,0,,0,0,0,12,1,1,1,,0,40 00:47.439,,0,75 04:13.514,8,0,0,0,67301,0,0,0,N,0,0,0,4,67301,0,,1,1,,N,N,N,0,,0,0,0,3,2,,1235,1,2,0,0,0,1,0,3,4,1,2,3,,N,,,,,,,,,,,
2021074700,1255.0,2,0,0,0,0,0,0,0,0,4,0,,67,8,2021,3,39.9966,-75.1017,1250.0,6,0,0,0,1,0,0,0,0,,0,0,0,12,1,0,2,,0,39 59:47.590,,0,75 06:05.954,0,0,0,0,67301,0,0,0,N,0,0,0,2,67301,0,,1,1,,N,N,N,0,,0,0,2,3,3,,1240,0,4,0,0,2,0,0,3,4,0,4,3,3.0,N,,,,,,,,,,,
2021096315,448.0,0,0,0,0,0,0,0,0,0,5,0,,67,7,2021,7,39.949,-75.2341,445.0,6,0,0,0,0,0,0,0,0,,0,0,0,4,5,2,0,N,0,39 56:56.520,,0,75 14:02.690,3,0,0,0,67301,0,0,0,N,0,0,0,2,67301,0,,6,1,,N,N,N,0,,2,0,3,0,0,,439,2,3,0,0,0,0,0,3,4,0,3,3,3.0,N,,,,,,,,,,,
2021110432,2345.0,0,0,0,0,0,0,0,0,0,1,0,,67,10,2021,6,39.9846,-75.0983,2335.0,6,0,0,0,0,0,0,0,0,,0,0,0,23,3,0,0,N,0,39 59:04.656,,0,75 05:53.766,9,0,0,0,67301,0,0,0,N,0,0,0,1,67301,0,,6,1,,N,N,N,0,,0,0,2,0,0,,2300,0,2,0,0,0,0,1,3,4,0,2,3,3.0,N,,,,,,,,,,,
2021075908,1930.0,0,0,0,0,0,0,0,0,0,5,0,,67,8,2021,6,40.0328,-75.1617,1903.0,6,1,0,0,0,0,0,0,0,,0,0,0,16,4,1,0,N,0,40 01:58.100,,0,75 09:42.200,2,0,1,1,67301,0,0,0,N,0,0,0,2,67301,0,,1,98,,N,N,N,1,,0,1,0,0,0,,1654,1,2,0,0,0,0,0,3,4,0,2,4,,N,,,,,,,,,,,
2021075341,2330.0,1,0,0,0,0,0,0,0,0,4,0,,67,8,2021,4,40.0407,-75.1584,2325.0,6,0,0,0,0,0,0,0,0,,0,0,0,21,3,1,2,,1,40 02:26.559,2.0,0,75 09:30.261,4,0,0,0,67301,0,0,0,N,0,0,0,2,67301,1,,1,9,30.0,N,N,N,0,,0,0,1,3,3,N,2159,1,2,0,0,0,0,0,3,4,0,2,7,,N,,,,,,,,,,,
2021073700,147.0,1,0,0,0,0,0,0,0,0,4,0,,67,8,2021,1,39.9587,-75.2394,145.0,6,0,0,0,0,0,0,0,0,,0,0,0,1,3,1,1,,0,39 57:31.261,,0,75 14:21.889,8,0,0,0,67301,0,0,0,N,0,0,0,3,67301,0,,1,9,,N,N,N,0,,0,0,1,3,2,,137,1,2,0,0,0,1,0,3,4,0,2,7,,N,,,,,,,,,,,
2021074687,905.0,0,0,0,0,0,0,0,0,0,7,0,,67,8,2021,3,39.9227,-75.2412,905.0,6,0,0,0,0,0,0,0,0,,0,0,0,0,3,0,0,N,0,39 55:21.850,,0,75 14:28.150,9,0,0,0,67301,0,0,0,N,0,0,0,1,67301,0,,5,99,,N,N,N,0,,0,0,1,0,0,,30,0,1,0,0,0,0,1,3,4,0,1,3,,N,,,,,,,,,,,
2021120679,114.0,1,0,0,0,0,0,0,0,0,0,0,,67,11,2021,4,40.0003,-75.1951,114.0,6,0,0,0,0,0,0,0,0,,0,0,0,1,3,0,0,N,0,40 00:01.011,,0,75 11:42.539,0,0,0,0,67301,0,0,0,N,0,0,0,1,68K01,0,,1,1,,N,N,N,0,,0,0,0,0,0,,112,0,1,0,0,0,0,0,3,4,0,1,3,3.0,N,,,,,,,,,,,
2021120810,1040.0,1,0,0,0,0,0,0,0,0,5,0,,67,12,2021,6,40.0097,-75.151,1030.0,6,0,0,0,0,1,0,0,0,,0,0,0,21,3,1,0,N,0,40 00:35.024,,0,75 09:03.661,4,0,0,0,67301,0,0,0,N,0,0,0,2,67301,1,,1,1,,N,N,N,0,,0,0,1,3,2,,2100,1,2,0,0,0,0,1,3,4,0,2,3,3.0,N,,,,,,,,,,,
2021120627,1345.0,2,0,0,0,0,0,0,0,0,4,0,,67,12,2021,3,40.0032,-75.1525,1345.0,6,0,0,0,0,0,0,1,0,,0,0,0,21,3,1,5,,1,40 00:11.467,2.0,0,75 09:09.273,3,0,0,0,67301,0,0,0,N,0,0,0,2,67301,0,,1,1,2145.0,N,N,N,0,,1,0,0,3,2,U,2115,1,2,0,0,0,0,0,3,4,0,2,3,,N,,,,,,,,,,,
2021080120,1921.0,1,0,0,0,0,0,0,0,0,4,0,,67,8,2021,3,39.9665,-75.1583,1920.0,6,0,0,0,0,0,0,0,0,,0,0,0,19,1,1,1,,0,39 57:59.540,,0,75 09:29.833,4,0,0,0,67301,0,0,0,N,0,0,0,2,67301,1,,1,1,,N,N,N,0,,0,0,1,3,3,,1910,1,2,0,0,0,0,0,3,4,0,2,3,3.0,N,,,,,,,,,,,
2021079196,1601.0,1,0,0,0,0,0,0,0,0,4,0,,67,8,2021,1,40.1292,-75.0249,1550.0,6,0,0,0,0,0,0,0,2,,0,0,0,15,1,0,1,,0,40 07:45.210,,0,75 01:29.597,0,0,0,0,67301,0,0,0,N,0,0,0,3,67301,0,,1,1,,N,N,N,0,,0,0,2,3,2,,1538,0,3,0,0,0,0,0,3,4,0,3,4,4.0,N,,,,,,,,,,,
2021080406,1815.0,1,0,0,0,0,0,0,0,0,4,0,,67,8,2021,5,39.9282,-75.1507,1812.0,6,0,0,0,0,0,1,0,0,,0,0,0,14,1,1,1,,0,39 55:41.386,,0,75 09:02.534,8,0,0,1,67301,0,0,0,N,0,0,0,2,67301,0,,1,1,,N,N,N,0,,0,0,0,3,2,,1400,1,2,0,0,0,1,0,3,4,0,2,3,3.0,N,,,,,,,,,,,
2021080314,1510.0,1,0,0,0,0,0,0,0,0,8,0,,67,8,2021,4,39.9185,-75.1503,1505.0,6,0,0,0,0,1,0,0,0,,0,0,0,15,1,1,0,N,0,39 55:06.600,,0,75 09:01.040,3,0,0,0,67301,1,0,0,N,1,0,0,2,67301,0,,1,1,,N,N,N,0,,1,0,0,0,0,,1500,1,2,0,0,0,0,0,3,4,0,1,3,3.0,N,,,,,,,,,,,
2021107242,1925.0,0,0,0,0,0,0,0,0,0,5,0,,67,10,2021,6,39.9567,-75.2235,1920.0,6,0,0,0,0,0,0,0,0,,0,0,0,19,3,1,2,,0,39 57:24.197,,99,75 13:24.767,8,0,0,0,67301,0,0,0,N,0,0,0,3,67301,0,,1,1,,N,N,N,0,,0,0,1,3,2,,1916,1,2,0,0,0,1,1,3,4,0,2,3,,N,,,,,,,,,,,
2021119771,,0,0,0,0,0,0,0,0,0,4,0,,67,6,2021,2,39.9752,-75.1882,,6,0,0,0,0,0,0,0,0,,0,0,0,12,1,1,1,,0,39 58:30.561,,0,75 11:17.209,8,0,0,0,67301,0,0,0,N,0,0,0,2,00000,0,,1,1,,N,N,N,0,,0,0,1,3,2,,1239,1,2,0,0,0,1,0,3,4,0,2,3,,N,,,,,,,,,,,
2021111326,2015.0,1,0,0,0,0,0,0,0,0,8,0,,67,11,2021,2,40.0096,-75.1803,2008.0,6,0,0,0,0,0,0,0,0,,0,0,0,20,3,1,2,,0,40 00:34.737,,0,75 10:49.079,3,0,0,0,67301,1,0,0,N,1,0,0,2,67301,0,,1,1,,N,N,N,0,,1,0,0,3,2,,2005,1,2,0,0,0,0,0,3,4,0,1,3,3.0,N,,,,,,,,,,,
2021110479,2125.0,1,0,0,0,0,0,0,0,0,8,0,,67,11,2021,5,40.1065,-74.9989,2122.0,6,0,0,0,0,0,0,0,0,,0,0,0,21,3,1,0,N,0,40 06:23.287,,7,74 59:55.982,3,0,0,0,67301,1,0,0,N,1,0,0,2,67301,0,,5,1,,N,N,N,0,,1,0,0,0,0,,2100,1,2,0,0,1,0,0,3,4,0,1,3,,N,,,,,,,,,,,
2021120132,1549.0,1,0,0,0,0,0,0,0,0,1,0,,67,12,2021,3,39.9411,-75.2055,1549.0,6,0,0,0,0,0,0,1,0,,0,0,0,15,1,1,0,N,0,39 56:28.005,,0,75 12:19.855,4,0,0,0,67301,0,0,0,N,0,0,0,3,67301,1,,1,1,,N,N,N,0,,0,0,1,0,0,,1537,1,2,0,0,3,0,0,3,4,0,2,3,3.0,N,,,,,,,,,,,
2021080762,1942.0,2,0,0,0,0,0,0,0,0,1,0,,67,8,2021,2,40.012,-75.1358,1942.0,6,0,0,0,0,0,0,0,0,,0,0,0,19,3,0,1,,0,40 00:43.128,,0,75 08:09.038,9,0,0,0,67301,0,0,0,N,0,0,0,3,67301,0,,1,1,,N,N,N,0,,0,0,0,3,2,,1942,0,2,0,0,1,0,1,3,4,0,2,3,3.0,N,,,,,,,,,,,
2021081561,1227.0,2,0,0,0,0,0,0,0,0,5,0,,67,8,2021,1,39.9603,-75.2397,1225.0,6,0,0,0,0,0,0,0,0,,0,0,0,12,1,1,1,,0,39 57:37.009,,0,75 14:23.092,3,0,0,0,67301,0,0,0,N,0,0,0,2,67301,0,,1,1,,N,N,N,0,,1,0,1,0,0,,1224,1,3,0,0,0,0,0,3,4,0,3,3,,N,,,,,,,,,,,
2021114610,,1,0,0,0,0,0,0,0,0,4,0,,67,5,2021,7,40.0414,-75.0283,,6,0,0,0,0,0,1,0,0,,0,0,0,13,1,2,1,,0,40 02:28.908,,0,75 01:41.719,4,0,0,0,67301,0,0,0,N,0,0,0,3,00000,2,,1,9,,N,N,N,0,,0,0,1,3,2,,1305,2,2,0,0,0,0,0,3,4,0,2,7,,N,,,,,,,,,,,
2021102529,1651.0,0,0,0,0,0,0,0,0,0,7,0,,67,8,2021,1,40.0016,-75.1164,1651.0,6,0,0,0,0,0,0,0,0,,0,0,0,16,1,0,1,,0,40 00:05.806,,0,75 06:59.075,9,0,0,0,67301,0,0,0,N,0,0,0,1,67301,0,,4,1,,N,N,N,0,,0,0,1,3,2,,1650,0,1,0,0,0,0,1,3,4,0,1,3,98.0,N,,,,,,,,,,,
2021098377,630.0,2,0,0,0,0,0,0,0,0,4,0,,67,8,2021,2,39.9498,-75.2071,626.0,6,0,0,0,0,0,0,0,0,,0,0,0,6,1,0,1,,0,39 56:59.241,,0,75 12:25.710,0,0,0,0,67301,0,0,0,N,0,0,0,2,67504,0,,1,1,,N,N,N,0,,0,0,0,3,2,,625,0,2,0,0,2,0,0,3,4,0,2,3,3.0,N,,,,,,,,,,,
2021074719,207.0,1,0,0,0,0,0,0,0,0,1,0,,67,8,2021,4,39.9941,-75.2416,204.0,6,0,0,0,0,0,0,0,0,,0,0,0,1,3,2,2,,0,39 59:38.583,,0,75 14:29.847,4,0,0,0,67301,0,0,0,N,0,0,0,3,67301,2,,1,1,,N,N,N,0,,0,0,1,3,2,,155,2,2,0,0,1,0,0,3,4,0,2,3,,N,,,,,,,,,,,
2021118388,958.0,0,0,0,0,0,0,0,0,0,7,0,,67,11,2021,5,39.9482,-75.1862,953.0,6,0,0,0,0,0,0,0,0,,0,0,0,9,1,0,0,N,1,39 56:53.358,4.0,0,75 11:10.389,0,0,0,0,67301,0,0,0,N,0,0,0,1,68K01,0,,4,1,1010.0,N,N,N,0,,0,0,1,0,0,N,951,0,1,0,0,0,0,0,3,4,0,1,3,,N,,,,,,,,,,,
2021118371,1751.0,0,0,0,0,0,0,0,0,0,5,0,,67,10,2021,1,39.8817,-75.2461,1746.0,6,0,0,0,0,0,1,0,0,,0,0,0,17,1,0,0,N,0,39 52:54.120,,0,75 14:46.044,0,0,0,0,67301,0,0,0,N,0,0,0,2,68K01,0,,1,1,,N,N,N,1,,0,0,1,0,0,,1728,0,2,0,0,0,0,0,3,4,0,2,3,,N,,,,,,,,,,,
2021118415,934.0,0,0,0,0,0,0,0,0,0,4,0,,67,12,2021,7,39.9584,-75.2374,932.0,6,0,0,0,0,0,0,0,0,,0,0,0,9,1,1,1,,1,39 57:30.385,4.0,0,75 14:14.799,3,0,0,0,67301,0,0,0,N,0,0,0,2,67301,0,,1,1,1130.0,N,N,N,0,,1,0,2,3,2,N,932,1,2,0,0,1,0,0,3,4,0,2,3,3.0,N,,,,,,,,,,,
2021110381,1410.0,1,0,0,0,0,0,0,0,0,4,0,,67,11,2021,3,40.0187,-75.1017,1400.0,6,0,0,0,0,0,0,0,0,,0,0,0,13,1,0,2,,0,40 01:07.384,,0,75 06:06.253,0,0,0,0,67301,0,0,0,N,0,0,0,2,67301,0,,1,1,,N,N,N,0,,0,0,1,3,3,,1355,0,2,0,0,1,0,0,3,4,0,2,3,3.0,N,,,,,,,,,,,
2021078212,2350.0,1,0,0,0,0,0,0,0,0,5,0,,67,8,2021,3,39.9263,-75.1811,2350.0,6,0,0,0,0,0,0,0,0,,0,0,0,23,3,1,0,N,2,39 55:34.500,2.0,0,75 10:51.900,3,0,0,0,67301,0,0,0,N,0,0,0,1,67301,0,,6,1,2322.0,N,N,N,0,,1,0,1,0,0,Y,2347,1,3,0,0,0,0,0,3,4,1,3,3,,N,,,,,,,,,,,
2021076305,2254.0,2,0,0,0,0,0,0,0,0,4,0,,67,8,2021,1,40.0675,-75.1793,2254.0,6,0,0,0,0,0,0,0,0,,0,0,0,22,3,1,1,,1,40 04:02.989,2.0,0,75 10:45.548,3,0,0,0,67301,0,0,0,N,0,0,0,3,67301,0,,1,1,20.0,N,N,N,0,,1,0,0,3,2,Y,2243,1,2,0,0,0,0,0,3,4,0,2,3,3.0,N,,,,,,,,,,,
2021074704,1725.0,2,0,0,0,0,0,0,0,0,1,0,,67,8,2021,3,40.0152,-75.1772,1725.0,6,0,0,0,0,0,0,0,0,,0,0,0,17,1,5,0,N,0,40 00:54.886,,0,75 10:37.977,8,0,0,0,67301,0,0,0,N,0,0,0,5,67301,0,,1,1,,N,N,N,0,,0,0,0,0,0,,1725,5,2,0,0,0,5,0,3,4,0,2,3,3.0,N,,,,,,,,,,,
2021077105,2215.0,2,0,0,0,0,0,0,0,0,1,0,,67,8,2021,2,39.9932,-75.1238,2215.0,6,0,1,0,0,0,0,0,0,,0,0,0,22,3,1,0,N,0,39 59:35.350,,0,75 07:25.810,3,0,0,0,67301,0,0,0,N,0,0,0,2,67301,0,,6,1,,N,N,N,0,,1,0,0,0,0,,2215,1,3,0,0,1,0,0,3,4,1,3,3,3.0,N,,,,,,,,,,,
2021077176,1044.0,0,0,0,0,0,0,0,0,0,8,0,,67,8,2021,2,40.0468,-75.1375,1017.0,6,0,0,0,0,0,0,0,0,,0,0,0,9,1,1,1,,0,40 02:48.501,,0,75 08:15.099,8,0,0,0,67301,1,0,0,N,1,0,0,2,67301,0,,1,1,,N,N,N,0,,0,0,1,3,2,,955,1,2,0,0,0,1,0,3,4,0,1,4,,N,,,,,,,,,,,