CRN,ARRIVAL_TM,AUTOMOBILE_COUNT,BELTED_DEATH_COUNT,BELTED_SUSP_SERIOUS_INJ_COUNT,BICYCLE_COUNT,BICYCLE_DEATH_COUNT,BICYCLE_SUSP_SERIOUS_INJ_COUNT,BUS_COUNT,CHLDPAS_DEATH_COUNT,CHLDPAS_SUSP_SERIOUS_INJ_COUNT,COLLISION_TYPE,COMM_VEH_COUNT,CONS_ZONE_SPD_LIM,COUNTY,CRASH_MONTH,CRASH_YEAR,DAY_OF_WEEK,DEC_LAT,DEC_LONG,DISPATCH_TM,DISTRICT,DRIVER_COUNT_16YR,DRIVER_COUNT_17YR,DRIVER_COUNT_18YR,DRIVER_COUNT_19YR,DRIVER_COUNT_20YR,DRIVER_COUNT_50_64YR,DRIVER_COUNT_65_74YR,DRIVER_COUNT_75PLUS,EST_HRS_CLOSED,FATAL_COUNT,HEAVY_TRUCK_COUNT,HORSE_BUGGY_COUNT,HOUR_OF_DAY,ILLUMINATION,INJURY_COUNT,INTERSECT_TYPE,INTERSECTION_RELATED,LANE_CLOSED,LATITUDE,LN_CLOSE_DIR,LOCATION_TYPE,LONGITUDE,MAX_SEVERITY_LEVEL,MCYCLE_DEATH_COUNT,MCYCLE_SUSP_SERIOUS_INJ_COUNT,MOTORCYCLE_COUNT,MUNICIPALITY,NONMOTR_COUNT,NONMOTR_DEATH_COUNT,NONMOTR_SUSP_SERIOUS_INJ_COUNT,NTFY_HIWY_MAINT,PED_COUNT,PED_DEATH_COUNT,PED_SUSP_SERIOUS_INJ_COUNT,PERSON_COUNT,POLICE_AGCY,POSSIBLE_INJ_COUNT,RDWY_SURF_TYPE_CD,RELATION_TO_ROAD,ROAD_CONDITION,ROADWAY_CLEARED,SCH_BUS_IND,SCH_ZONE_IND,SECONDARY_CRASH,SMALL_TRUCK_COUNT,SPEC_JURIS_CD,SUSP_MINOR_INJ_COUNT,SUSP_SERIOUS_INJ_COUNT,SUV_COUNT,TCD_FUNC_CD,TCD_TYPE,TFC_DETOUR_IND,TIME_OF_DAY,TOT_INJ_COUNT,TOTAL_UNITS,UNB_DEATH_COUNT,UNB_SUSP_SERIOUS_INJ_COUNT,UNBELTED_OCC_COUNT,UNK_INJ_DEG_COUNT,UNK_INJ_PER_COUNT,URBAN_AREA,URBAN_RURAL,VAN_COUNT,VEHICLE_COUNT,WEATHER1,WEATHER2,WORK_ZONE_IND,WORK_ZONE_LOC,WORK_ZONE_TYPE,WORKERS_PRES,WZ_CLOSE_DETOUR,WZ_FLAGGER,WZ_LAW_OFFCR_IND,WZ_LN_CLOSURE,WZ_MOVING,WZ_OTHER,WZ_SHLDER_MDN,WZ_WORKERS_INJ_KILLED
2021120688,48.0,1,0,0,0,0,0,0,0,0,4,0,,67,11,2021,6,40.0327,-75.021,20.0,6,0,0,0,1,0,0,0,0,,0,0,0,0,3,0,0,N,0,40 01:57.700,,0,75 01:15.616,0,0,0,0,67301,0,0,0,N,0,0,0,2,68K01,0,,1,9,,N,N,N,0,,0,0,1,0,0,,19,0,2,0,0,0,0,0,3,4,0,2,7,,N,,,,,,,,,,,
2021120664,2040.0,1,0,0,0,0,0,0,0,0,7,0,,67,12,2021,3,40.0308,-75.1878,2018.0,6,0,0,0,0,0,1,0,0,,0,0,0,20,3,1,2,,0,40 01:50.746,,0,75 11:15.959,2,0,0,0,67301,0,0,0,N,0,0,0,1,67301,0,,4,1,,N,N,N,0,,0,1,0,3,2,,2000,1,1,0,1,1,0,0,3,4,0,1,3,3.0,N,,,,,,,,,,,
2021119798,828.0,1,0,0,0,0,0,0,0,0,4,1,,67,7,2021,3,39.9839,-75.1022,828.0,6,0,0,0,0,0,1,0,0,,0,1,0,6,1,1,1,,2,39 59:01.884,3.0,0,75 06:07.992,3,0,0,0,67301,0,0,0,N,0,0,0,4,67301,0,,1,1,945.0,N,N,N,0,,1,0,0,0,0,N,630,1,2,0,0,0,0,2,3,4,0,2,3,3.0,N,,,,,,,,,,,
2021075100,1310.0,0,0,0,0,0,0,0,0,0,5,0,,67,8,2021,2,40.0208,-75.1403,1305.0,6,0,0,0,0,0,1,0,0,,0,0,0,12,1,2,0,N,0,40 01:14.732,,0,75 08:25.248,8,0,0,0,67301,1,0,0,N,1,0,0,3,67301,0,,1,1,,N,N,Y,0,,0,0,2,0,0,,1239,2,3,0,0,1,2,0,3,4,0,2,3,3.0,N,,,,,,,,,,,
2021120596,2345.0,1,0,0,0,0,0,0,0,0,4,1,,67,12,2021,5,40.0895,-75.0335,2334.0,6,0,0,0,1,0,0,0,0,,0,1,0,23,3,0,2,,0,40 05:22.431,,7,75 02:01.007,0,0,0,0,67301,0,0,0,N,0,0,0,2,67301,0,,1,1,,N,N,N,0,,0,0,0,0,0,,2325,0,2,0,0,0,0,0,3,4,0,2,3,3.0,N,,,,,,,,,,,
2021076269,2355.0,3,0,0,0,0,0,0,0,0,1,0,,67,8,2021,5,39.9187,-75.2469,2350.0,6,0,0,0,0,0,1,0,0,,0,0,0,22,3,0,1,,0,39 55:07.184,,0,75 14:48.818,0,0,0,0,67301,0,0,0,N,0,0,0,3,67301,0,,1,1,,N,N,N,0,,0,0,0,0,0,,2252,0,3,0,0,0,0,0,3,4,0,3,3,3.0,N,,,,,,,,,,,
2021119551,1205.0,2,0,0,0,0,0,0,0,0,1,0,,67,11,2021,7,39.959,-75.1706,1156.0,6,0,0,0,0,0,2,0,0,,0,0,0,11,1,1,0,N,1,39 57:32.283,4.0,0,75 10:13.981,3,0,0,0,67301,0,0,0,N,0,0,0,6,68K01,0,,1,1,1208.0,N,N,N,0,,1,0,2,0,0,N,1154,1,4,0,0,0,0,1,3,4,0,4,3,,N,,,,,,,,,,,
2021075585,1318.0,0,0,0,0,0,0,0,0,0,4,0,,67,8,2021,6,40.0445,-75.1931,1318.0,6,0,0,0,0,0,2,0,0,,0,0,0,12,1,2,1,,0,40 02:40.301,,0,75 11:35.235,3,0,0,0,67301,0,0,0,N,0,0,0,2,67301,0,,1,1,,N,N,N,0,,2,0,2,3,2,,1239,2,2,0,0,0,0,0,3,4,0,2,3,3.0,N,,,,,,,,,,,
2021071088,35.0,1,0,0,0,0,0,0,0,0,1,0,,67,7,2021,7,39.9719,-75.236,33.0,6,0,0,0,0,0,0,0,0,,0,0,0,0,3,2,1,,2,39 58:18.876,6.0,0,75 14:09.635,3,0,0,0,67301,0,0,0,N,0,0,0,3,67301,0,,1,1,400.0,N,N,N,0,,1,0,3,3,3,Y,33,2,4,0,0,0,1,0,3,4,0,4,3,,N,,,,,,,,,,,
2021072879,1316.0,1,0,0,0,0,0,0,0,0,1,0,,67,8,2021,5,39.9908,-75.1162,1316.0,6,0,0,0,0,0,1,0,0,,0,0,0,12,1,2,0,N,0,39 59:26.750,,0,75 06:58.360,3,0,0,0,67301,0,0,0,N,0,0,0,3,67301,0,,1,1,,N,N,N,1,,2,0,1,0,0,,1230,2,3,0,0,2,0,0,3,4,0,3,3,,N,,,,,,,,,,,
2021073856,1540.0,1,0,0,0,0,0,0,0,0,1,0,,67,8,2021,1,39.9422,-75.2359,1530.0,6,0,0,0,0,0,0,0,0,,0,0,0,15,1,2,0,N,0,39 56:31.860,,0,75 14:09.210,3,0,0,0,67301,0,0,0,N,0,0,0,6,67301,0,,6,1,,N,N,N,1,,2,0,1,0,0,,1530,2,3,0,0,0,0,0,3,4,0,3,3,3.0,N,,,,,,,,,,,
2021115771,16.0,1,0,0,0,0,0,0,0,0,8,0,,67,11,2021,2,39.9972,-75.1195,15.0,6,0,0,0,0,0,0,0,0,,1,0,0,0,3,0,0,Y,0,39 59:50.053,,0,75 07:10.201,1,0,0,0,67301,1,1,0,N,1,1,0,2,67301,0,2.0,1,1,,N,N,N,0,0.0,0,0,0,0,0,,15,0,2,0,0,0,0,0,3,4,0,1,3,3.0,N,,,,,,,,,,,
2021071119,320.0,3,0,0,0,0,0,0,0,0,1,0,,67,7,2021,7,40.0253,-75.1813,315.0,6,0,0,0,0,0,0,0,0,,0,0,0,3,3,0,0,N,2,40 01:31.187,5.0,0,75 10:52.684,0,0,0,0,67301,0,0,0,N,0,0,0,2,67301,0,,6,1,400.0,N,N,N,0,,0,0,1,0,0,N,300,0,4,0,0,0,0,0,3,4,0,4,3,3.0,N,,,,,,,,,,,
2021073890,1900.0,1,0,0,0,0,0,0,0,0,7,0,,67,8,2021,7,40.0482,-75.001,1851.0,6,0,0,0,0,0,0,0,0,,0,0,0,18,1,0,0,N,0,40 02:53.370,,0,75 00:03.661,0,0,0,0,67301,0,0,0,N,0,0,0,2,67301,0,,4,1,,N,N,N,0,,0,0,0,0,0,,1842,0,1,0,0,0,0,0,3,4,0,1,3,3.0,N,,,,,,,,,,,
2021075799,914.0,1,0,0,0,0,0,0,0,0,4,0,,67,8,2021,7,40.0541,-75.049,910.0,6,0,0,0,0,0,1,1,0,,0,0,0,9,1,4,1,,2,40 03:14.733,6.0,0,75 02:56.553,4,0,0,0,67301,0,0,0,N,0,0,0,5,67301,4,,1,1,1025.0,N,N,N,0,,0,0,1,3,2,Y,906,4,3,0,0,0,0,0,3,4,1,3,3,,N,,,,,,,,,,,
2021075970,1028.0,0,0,0,0,0,0,0,0,0,8,0,,67,8,2021,7,39.9909,-75.1016,1017.0,6,0,0,0,0,0,0,0,0,,0,0,0,9,1,1,1,,0,39 59:27.397,,0,75 06:05.681,3,0,0,0,67301,1,0,0,N,1,0,0,2,67301,0,,1,1,,N,N,N,0,,1,0,1,3,2,,940,1,2,0,0,0,0,0,3,4,0,1,3,98.0,N,,,,,,,,,,,
2021077145,710.0,0,0,0,0,0,0,0,0,0,4,0,,67,8,2021,4,39.9834,-75.1586,710.0,6,0,0,0,0,0,0,0,0,,0,0,0,7,1,0,1,,0,39 59:00.364,,0,75 09:30.860,0,0,0,0,67301,0,0,0,N,0,0,0,2,67505,0,,1,1,,N,N,N,0,,0,0,2,3,2,,700,0,2,0,0,0,0,0,3,4,0,2,4,,N,,,,,,,,,,,
2021075037,1840.0,1,0,0,0,0,0,0,0,0,4,0,,67,8,2021,4,40.0444,-75.0305,1840.0,6,0,0,0,0,1,0,0,0,,0,0,0,18,1,1,1,,1,40 02:39.763,6.0,0,75 01:49.950,8,0,0,0,67301,0,0,0,N,0,0,0,2,67301,0,,1,1,1901.0,N,N,N,0,,0,0,0,3,3,N,1800,1,2,0,0,0,1,0,3,4,1,2,3,,N,,,,,,,,,,,
2021076217,2115.0,2,0,0,0,0,0,0,0,0,4,0,,67,8,2021,1,39.9897,-75.2508,2100.0,6,0,0,0,0,0,0,0,1,,0,0,0,20,3,0,2,,0,39 59:23.096,,0,75 15:02.818,0,0,0,0,67301,0,0,0,N,0,0,0,2,67301,0,,1,1,,N,N,N,0,,0,0,0,3,2,,2000,0,2,0,0,2,0,0,3,4,0,2,3,3.0,N,,,,,,,,,,,
2021077177,1136.0,3,0,0,0,0,0,0,0,0,1,0,,67,8,2021,3,40.0444,-75.1435,1136.0,6,0,0,0,0,0,0,1,0,,0,0,0,11,1,0,1,,0,40 02:39.888,,0,75 08:36.428,0,0,0,0,67301,0,0,0,N,0,0,0,5,67301,0,,1,1,,N,N,N,0,,0,0,0,3,2,,1135,0,4,0,0,0,0,0,3,4,1,4,3,3.0,N,,,,,,,,,,,
2021120701,407.0,1,0,0,0,0,0,0,0,0,5,0,,67,11,2021,7,39.9702,-75.1927,406.0,6,0,0,0,0,0,0,0,0,,0,0,0,4,3,1,0,N,1,39 58:12.813,4.0,0,75 11:33.786,4,0,0,0,67301,0,0,0,N,0,0,0,2,68K01,1,,1,1,440.0,N,N,N,0,,0,0,0,0,0,N,403,1,2,0,0,0,0,1,3,4,1,2,3,,N,,,,,,,,,,,
2021075890,2311.0,1,0,0,0,0,0,0,0,0,0,0,50.0,67,8,2021,5,39.9851,-75.2082,2301.0,6,0,0,0,0,0,0,0,0,,0,0,0,22,3,0,7,,0,39 59:06.448,,2,75 12:29.524,0,0,0,0,67301,0,0,0,N,0,0,0,1,68K01,0,,7,1,,N,N,N,0,,0,0,0,3,8,,2254,0,1,0,0,0,0,0,3,4,0,1,3,,Y,3.0,1.0,N,,,N,Y,,,Y,N
2021076532,1730.0,0,0,0,0,0,0,0,0,0,4,0,,67,8,2021,1,39.9802,-75.1742,1725.0,6,0,0,0,0,0,1,0,0,,0,0,0,17,1,2,2,,0,39 58:48.856,,0,75 10:27.249,3,0,0,0,67301,0,0,0,N,0,0,0,4,67301,0,,1,1,,N,N,N,0,,2,0,2,3,3,,1724,2,2,0,0,3,0,0,3,4,0,2,3,,N,,,,,,,,,,,
2021074020,15.0,1,0,0,0,0,0,0,0,0,7,0,,67,8,2021,7,39.9584,-75.2118,2358.0,6,0,0,0,0,0,0,0,0,,0,0,0,23,3,0,0,N,0,39 57:30.265,,0,75 12:42.417,0,0,0,0,67301,0,0,0,N,0,0,0,1,67301,0,,4,9,,N,N,N,0,,0,0,0,0,0,,2354,0,1,0,0,0,0,0,3,4,0,1,7,,N,,,,,,,,,,,
2021072305,1410.0,1,0,0,0,0,0,0,0,0,5,0,,67,8,2021,2,39.9792,-75.1623,1350.0,6,0,0,0,0,0,0,0,0,,0,0,0,13,1,0,0,N,0,39 58:45.297,,0,75 09:44.111,0,0,0,0,67301,0,0,0,N,0,0,0,1,67301,0,,1,1,,N,N,N,0,,0,0,1,0,0,,1345,0,2,0,0,1,0,0,3,4,0,2,3,3.0,N,,,,,,,,,,,
2021075382,247.0,4,0,0,0,0,0,0,0,0,6,0,,67,8,2021,1,39.9633,-75.1349,243.0,6,0,0,0,0,0,0,0,0,,0,0,0,2,3,0,0,N,0,39 57:47.710,,0,75 08:05.770,0,0,0,0,67301,0,0,0,N,0,0,0,1,67301,0,,6,9,,N,N,N,0,,0,0,0,3,3,,235,0,4,0,0,0,0,0,3,4,0,4,7,7.0,N,,,,,,,,,,,
2021116360,2007.0,0,0,0,0,0,0,0,0,0,2,0,,67,11,2021,1,40.0003,-75.1192,1955.0,6,0,0,0,0,0,0,0,0,,0,0,0,19,3,0,0,N,0,40 00:01.040,,0,75 07:09.070,0,0,0,0,67301,0,0,0,N,0,0,0,0,67301,0,,6,1,,N,N,N,0,,0,0,2,3,3,,1948,0,2,0,0,0,0,0,3,4,0,2,3,3.0,N,,,,,,,,,,,
2021105755,,0,0,0,0,0,0,0,0,0,5,0,,67,6,2021,5,40.021,-75.0414,,6,0,0,0,0,0,0,0,0,,0,0,0,13,1,2,0,N,0,40 01:15.679,,0,75 02:28.958,8,0,0,0,67301,0,0,0,N,0,0,0,3,00000,0,,1,1,,N,N,N,0,,0,0,2,0,0,,1300,2,2,0,0,0,2,0,3,4,0,2,3,,N,,,,,,,,,,,
2021073729,1158.0,1,0,0,0,0,0,0,0,0,1,0,,67,8,2021,7,40.0345,-75.0481,1154.0,6,0,0,0,1,0,0,1,0,,0,0,0,11,1,1,1,,0,40 02:04.146,,0,75 02:53.325,4,0,0,0,67301,0,0,0,N,0,0,0,2,67301,1,,1,1,,N,N,N,0,,0,0,1,0,0,,1132,1,2,0,0,0,0,0,3,4,0,2,3,,N,,,,,,,,,,,
2021075259,1307.0,1,0,1,0,0,0,0,0,0,4,0,,67,8,2021,6,39.9579,-75.1641,1258.0,6,0,0,0,0,1,0,0,0,,0,0,0,12,1,1,5,,2,39 57:28.550,3.0,2,75 09:50.921,2,0,0,0,67301,0,0,0,N,0,0,0,2,67301,0,,1,1,125.0,N,N,N,0,,0,1,1,3,2,Y,1245,1,2,0,0,0,0,0,3,4,0,2,3,3.0,N,,,,,,,,,,,
2021116198,1357.0,1,0,0,0,0,0,0,0,0,7,0,,67,10,2021,5,39.8933,-75.1964,1332.0,6,0,0,0,0,0,0,0,0,,0,0,0,13,1,1,0,N,2,39 53:35.819,2.0,0,75 11:47.168,8,0,0,0,67301,0,0,0,N,0,0,0,1,68K01,0,,2,1,1601.0,N,N,N,0,,0,0,0,3,8,Y,1332,1,1,0,0,0,1,0,3,4,0,1,3,,N,,,,,,,,,,,
2021087226,2253.0,3,0,0,0,0,0,0,0,0,5,0,,67,8,2021,7,39.9998,-75.1951,2243.0,6,0,0,0,0,0,0,0,0,,0,0,0,22,3,1,0,N,2,39 59:59.269,4.0,0,75 11:42.195,3,0,0,0,67301,0,0,0,N,0,0,0,4,68K01,0,,1,1,1110.0,N,N,N,0,,1,0,0,0,0,N,2234,1,3,0,0,0,0,0,3,4,0,3,3,,N,,,,,,,,,,,
2021117940,358.0,1,0,0,0,0,0,0,0,0,7,0,,67,12,2021,6,39.9481,-75.1526,358.0,6,0,0,0,0,0,0,0,0,,0,0,0,3,3,0,0,N,0,39 56:53.330,,0,75 09:09.410,0,0,0,0,67301,0,0,0,N,0,0,0,1,67301,0,,5,1,,N,N,N,0,,0,0,0,0,0,,330,0,1,0,0,0,0,0,3,4,0,1,3,3.0,N,,,,,,,,,,,
2021072386,2125.0,1,0,0,0,0,0,0,0,0,4,0,,67,8,2021,3,40.0099,-75.156,2125.0,6,0,0,0,0,1,0,0,0,,0,0,0,21,3,5,1,,0,40 00:35.524,,0,75 09:21.688,4,0,0,0,67301,0,0,0,N,0,0,0,6,67301,5,,1,1,,N,N,N,0,,0,0,2,3,2,,2125,5,3,0,0,1,0,0,3,4,0,3,3,3.0,N,,,,,,,,,,,
2021074750,2133.0,4,0,0,0,0,0,0,0,0,1,0,,67,8,2021,1,39.9571,-75.2357,2128.0,6,0,0,0,0,0,0,0,0,,0,0,0,21,3,1,1,,0,39 57:25.394,,0,75 14:08.671,3,0,0,0,67301,0,0,0,N,0,0,0,2,67301,0,,1,1,,N,N,N,0,,1,0,0,3,3,,2127,1,4,0,0,0,0,0,3,4,0,4,3,,N,,,,,,,,,,,
2021119787,2335.0,0,0,0,0,0,0,1,0,0,6,1,,67,11,2021,3,40.0184,-75.125,2325.0,6,0,0,0,0,0,0,0,0,,0,0,0,23,3,1,1,,0,40 01:06.376,,0,75 07:30.032,4,0,0,0,67301,0,0,0,N,0,0,0,3,67508,1,,1,1,,N,N,Y,0,,0,0,1,0,0,,2325,1,2,0,0,0,0,0,3,4,0,2,3,3.0,N,,,,,,,,,,,
2021120824,1937.0,2,0,0,0,0,0,0,0,0,4,0,,67,12,2021,5,40.0199,-75.1563,1937.0,6,0,0,0,0,0,0,0,0,,0,0,0,19,3,0,2,,0,40 01:11.600,,0,75 09:22.727,9,0,0,0,67301,0,0,0,N,0,0,0,4,67301,0,,1,1,,N,N,N,0,,0,0,0,3,3,,1937,0,2,0,0,0,0,1,3,4,0,2,3,3.0,N,,,,,,,,,,,
2021075630,1620.0,2,0,0,0,0,0,0,0,0,4,0,,67,8,2021,5,40.0136,-75.0685,1615.0,6,0,0,0,0,0,0,0,0,,0,0,0,16,1,0,5,,1,40 00:48.913,1.0,0,75 04:06.725,9,0,0,0,67301,0,0,0,N,0,0,0,2,67301,0,,1,1,100.0,N,N,N,0,,0,0,1,3,2,N,1600,0,3,0,0,0,0,1,3,4,0,3,3,3.0,N,,,,,,,,,,,
2021119796,1010.0,1,0,1,0,0,0,0,0,0,4,1,,67,6,2021,4,39.94,-75.2002,1010.0,6,0,0,0,0,0,1,0,0,,0,1,0,9,1,2,2,,0,39 56:24.356,,0,75 12:00.663,2,0,0,0,67301,0,0,0,N,0,0,0,5,67301,0,,1,1,,N,N,N,0,,1,1,0,3,3,,930,2,2,0,0,0,0,0,3,4,0,2,3,3.0,N,,,,,,,,,,,
2021078406,747.0,2,0,0,0,0,0,0,0,0,4,0,,67,8,2021,4,40.0092,-75.1511,746.0,6,0,0,0,0,0,0,0,0,,0,0,0,6,1,2,1,,2,40 00:33.277,1.0,0,75 09:04.079,3,0,0,0,67301,0,0,0,N,0,0,0,3,67301,0,,1,1,915.0,N,N,N,0,,2,0,0,2,1,Y,626,2,2,0,0,0,0,0,3,4,0,2,3,3.0,N,,,,,,,,,,,
2021118063,822.0,1,0,0,0,0,0,0,0,0,7,1,,67,11,2021,2,39.947,-75.1879,811.0,6,0,0,0,0,0,0,0,0,,0,1,0,8,1,2,0,N,1,39 56:49.369,4.0,1,75 11:16.353,4,0,0,0,67301,0,0,0,Y,0,0,0,3,68K01,1,,4,1,1115.0,N,N,N,0,,0,0,0,0,0,N,809,2,2,0,0,0,1,0,3,4,0,2,3,,N,,,,,,,,,,,
2021075997,905.0,1,0,0,0,0,0,0,0,0,1,0,,67,8,2021,1,39.9883,-75.1473,855.0,6,0,0,0,0,0,0,0,0,,0,0,0,8,1,1,0,N,0,39 59:17.900,,0,75 08:50.400,3,0,0,0,67301,0,0,0,N,0,0,0,1,67301,0,,6,1,,N,N,N,0,,1,0,1,0,0,,850,1,2,0,0,1,0,0,3,4,0,2,3,3.0,N,,,,,,,,,,,
2021078438,630.0,0,0,0,0,0,0,0,0,0,6,0,,67,8,2021,3,39.9858,-75.2156,620.0,6,0,0,0,0,0,0,0,0,,0,0,0,6,1,1,1,,0,39 59:08.888,,0,75 12:56.190,3,0,0,0,67301,0,0,0,N,0,0,0,2,67301,0,,1,1,,N,N,N,0,,1,0,1,3,2,,618,1,2,0,0,1,0,0,3,4,0,2,3,,N,,,,,,,,,,,
2021079031,1546.0,0,0,0,0,0,0,0,0,0,1,0,,67,8,2021,6,39.9933,-75.0847,1544.0,6,0,0,0,0,0,0,0,0,,0,0,0,15,1,0,0,N,0,39 59:36.017,,0,75 05:05.086,0,0,0,0,67301,0,0,0,N,0,0,0,2,68K01,0,,1,1,,N,N,N,1,,0,0,1,0,0,,1543,0,2,0,0,0,0,0,3,4,0,2,3,,N,,,,,,,,,,,
2021118448,112.0,1,0,0,0,0,0,0,0,0,5,0,,67,12,2021,5,40.0175,-75.1504,110.0,6,0,0,0,0,0,0,0,0,,0,0,0,1,3,0,0,N,0,40 01:02.836,,0,75 09:01.490,0,0,0,0,67301,0,0,0,N,0,0,0,1,67301,0,,1,9,,N,N,N,0,,0,0,1,0,0,,105,0,2,0,0,0,0,0,3,4,0,2,7,,N,,,,,,,,,,,
2021076129,1820.0,2,0,0,0,0,0,0,0,0,4,0,,67,8,2021,1,39.9549,-75.1511,1815.0,6,0,0,0,0,0,0,1,0,,0,0,0,18,1,1,1,,0,39 57:17.490,,0,75 09:04.096,4,0,0,0,67301,0,0,0,N,0,0,0,3,67301,1,,1,1,,N,N,N,0,,0,0,0,3,2,,1800,1,2,0,0,0,0,0,3,4,0,2,3,3.0,N,,,,,,,,,,,
2021078357,235.0,2,0,0,0,0,0,0,0,0,6,0,,67,8,2021,3,40.0226,-75.1782,229.0,6,0,0,0,0,0,0,0,0,,0,0,0,2,3,2,1,,2,40 01:21.296,7.0,3,75 10:41.374,2,0,0,0,67301,0,0,0,N,0,0,0,4,67301,0,,1,9,430.0,N,N,N,0,,1,1,0,3,1,Y,227,2,2,0,0,0,0,0,3,4,0,2,7,,N,,,,,,,,,,,
2021076164,242.0,0,0,0,0,0,0,0,0,0,7,0,,67,8,2021,1,40.0218,-75.0463,212.0,6,0,0,0,0,0,0,0,0,,0,0,0,2,2,0,0,N,0,40 01:18.500,,0,75 02:46.800,0,0,0,0,67301,0,0,0,N,0,0,0,1,67301,0,,4,1,,N,N,N,0,,0,0,1,0,0,,209,0,1,0,0,0,0,0,3,4,0,1,3,3.0,N,,,,,,,,,,,
2021075012,1951.0,2,0,0,0,0,0,0,0,0,4,0,,67,8,2021,3,40.0324,-75.0699,1951.0,6,0,0,0,0,0,0,0,0,,0,0,0,22,3,1,1,,0,40 01:56.744,,0,75 04:11.636,3,0,0,0,67301,0,0,0,N,0,0,0,2,67301,0,,1,1,,N,N,N,0,,1,0,0,3,3,,2220,1,2,0,0,0,0,0,3,4,0,2,3,3.0,N,,,,,,,,,,,
2021076057,1502.0,1,0,0,1,0,0,0,0,0,4,0,,67,8,2021,3,39.9428,-75.1656,1501.0,6,0,0,0,0,0,0,0,0,,0,0,0,6,1,1,1,,0,39 56:34.036,,0,75 09:56.277,4,0,0,0,67301,1,0,0,N,0,0,0,2,67301,1,,1,1,,N,N,N,0,,0,0,0,3,2,,630,1,2,0,0,0,0,0,3,4,0,1,3,3.0,N,,,,,,,,,,,
2021075271,2200.0,2,0,0,0,0,0,0,0,0,4,0,,67,8,2021,4,39.9566,-75.1513,2200.0,6,0,0,0,0,0,0,0,0,,0,0,0,22,3,0,2,,0,39 57:23.624,,0,75 09:04.788,0,0,0,0,67301,0,0,0,N,0,0,0,2,67301,0,,1,9,,N,N,N,0,,0,0,0,3,2,,2200,0,2,0,0,0,0,0,3,4,0,2,4,4.0,N,,,,,,,,,,,
2021074997,1642.0,2,0,0,0,0,0,0,0,0,4,0,,67,8,2021,4,40.0329,-75.0521,1642.0,6,0,0,0,0,0,0,0,0,,0,0,0,14,1,2,1,,0,40 01:58.605,,0,75 03:07.484,8,0,0,0,67301,0,0,0,N,0,0,0,3,67301,0,,1,1,,N,N,N,0,,0,0,0,3,2,,1430,2,2,0,0,0,2,1,3,4,0,2,3,3.0,N,,,,,,,,,,,
2021114606,,2,0,0,0,0,0,0,0,0,1,0,,67,5,2021,6,40.0331,-75.107,,6,0,0,0,0,0,1,0,0,,0,0,0,9,1,1,1,,0,40 01:59.326,,0,75 06:25.057,8,0,0,0,67301,0,0,0,N,0,0,0,2,00000,0,,1,1,,N,N,N,0,,0,0,0,3,2,,930,1,2,0,0,0,1,0,3,4,0,2,3,,N,,,,,,,,,,,
2021073494,1923.0,1,0,0,0,0,0,0,0,0,7,0,55.0,67,8,2021,6,39.979,-75.1086,1916.0,6,0,0,0,0,0,0,0,0,,0,0,0,19,1,0,0,N,2,39 58:44.399,1.0,0,75 06:30.889,0,0,0,0,67301,0,0,0,N,0,0,0,3,68K01,0,,4,1,1930.0,N,N,N,0,,0,0,0,0,0,N,1912,0,1,0,0,0,0,0,3,4,0,1,3,3.0,Y,4.0,1.0,N,,,N,,,,Y,N
2021076377,33.0,0,0,0,0,0,0,0,0,0,0,0,,67,7,2021,7,39.9811,-75.2067,27.0,6,0,0,0,0,0,0,0,0,,0,0,0,0,3,1,0,N,0,39 58:51.952,,0,75 12:24.114,8,0,0,1,67301,0,0,0,N,0,0,0,1,68K01,0,,1,1,,N,N,N,0,,0,0,0,0,0,,24,1,1,0,0,0,1,0,3,4,0,1,3,,N,,,,,,,,,,,
2021071268,1045.0,2,0,0,0,0,0,0,0,0,1,0,,67,7,2021,7,39.9443,-75.1486,1039.0,6,0,0,0,0,0,0,0,0,,0,0,0,2,3,0,0,N,0,39 56:39.300,,0,75 08:55.000,9,0,0,0,67301,0,0,0,N,0,0,0,1,67301,0,,6,1,,N,N,N,0,,0,0,0,0,0,,200,0,3,0,0,0,0,1,3,4,0,3,3,3.0,N,,,,,,,,,,,
2021073688,1516.0,3,0,0,0,0,0,0,0,0,4,0,,67,8,2021,7,39.9839,-75.1864,1512.0,6,0,0,1,0,0,0,0,0,,0,0,0,15,1,1,1,,0,39 59:02.061,,0,75 11:10.874,3,0,0,0,67301,0,0,0,N,0,0,0,2,67301,0,,1,1,,N,N,N,0,,1,0,1,3,1,,1506,1,4,0,0,0,0,0,3,4,0,4,3,3.0,N,,,,,,,,,,,
2021116583,2310.0,0,0,0,0,0,0,0,0,0,6,1,,67,11,2021,2,40.0367,-75.1574,2305.0,6,0,0,0,0,0,1,0,0,,0,1,0,22,3,1,0,N,0,40 02:12.080,,0,75 09:26.700,8,0,0,0,67301,0,0,0,N,0,0,0,2,67301,0,,1,1,,N,N,N,0,,0,0,1,0,0,,2245,1,2,0,0,0,1,0,3,4,0,2,3,,N,,,,,,,,,,,