CRN,ARRIVAL_TM,AUTOMOBILE_COUNT,BELTED_DEATH_COUNT,BELTED_SUSP_SERIOUS_INJ_COUNT,BICYCLE_COUNT,BICYCLE_DEATH_COUNT,BICYCLE_SUSP_SERIOUS_INJ_COUNT,BUS_COUNT,CHLDPAS_DEATH_COUNT,CHLDPAS_SUSP_SERIOUS_INJ_COUNT,COLLISION_TYPE,COMM_VEH_COUNT,CONS_ZONE_SPD_LIM,COUNTY,CRASH_MONTH,CRASH_YEAR,DAY_OF_WEEK,DEC_LAT,DEC_LONG,DISPATCH_TM,DISTRICT,DRIVER_COUNT_16YR,DRIVER_COUNT_17YR,DRIVER_COUNT_18YR,DRIVER_COUNT_19YR,DRIVER_COUNT_20YR,DRIVER_COUNT_50_64YR,DRIVER_COUNT_65_74YR,DRIVER_COUNT_75PLUS,EST_HRS_CLOSED,FATAL_COUNT,HEAVY_TRUCK_COUNT,HORSE_BUGGY_COUNT,HOUR_OF_DAY,ILLUMINATION,INJURY_COUNT,INTERSECT_TYPE,INTERSECTION_RELATED,LANE_CLOSED,LATITUDE,LN_CLOSE_DIR,LOCATION_TYPE,LONGITUDE,MAX_SEVERITY_LEVEL,MCYCLE_DEATH_COUNT,MCYCLE_SUSP_SERIOUS_INJ_COUNT,MOTORCYCLE_COUNT,MUNICIPALITY,NONMOTR_COUNT,NONMOTR_DEATH_COUNT,NONMOTR_SUSP_SERIOUS_INJ_COUNT,NTFY_HIWY_MAINT,PED_COUNT,PED_DEATH_COUNT,PED_SUSP_SERIOUS_INJ_COUNT,PERSON_COUNT,POLICE_AGCY,POSSIBLE_INJ_COUNT,RDWY_SURF_TYPE_CD,RELATION_TO_ROAD,ROAD_CONDITION,ROADWAY_CLEARED,SCH_BUS_IND,SCH_ZONE_IND,SECONDARY_CRASH,SMALL_TRUCK_COUNT,SPEC_JURIS_CD,SUSP_MINOR_INJ_COUNT,SUSP_SERIOUS_INJ_COUNT,SUV_COUNT,TCD_FUNC_CD,TCD_TYPE,TFC_DETOUR_IND,TIME_OF_DAY,TOT_INJ_COUNT,TOTAL_UNITS,UNB_DEATH_COUNT,UNB_SUSP_SERIOUS_INJ_COUNT,UNBELTED_OCC_COUNT,UNK_INJ_DEG_COUNT,UNK_INJ_PER_COUNT,URBAN_AREA,URBAN_RURAL,VAN_COUNT,VEHICLE_COUNT,WEATHER1,WEATHER2,WORK_ZONE_IND,WORK_ZONE_LOC,WORK_ZONE_TYPE,WORKERS_PRES,WZ_CLOSE_DETOUR,WZ_FLAGGER,WZ_LAW_OFFCR_IND,WZ_LN_CLOSURE,WZ_MOVING,WZ_OTHER,WZ_SHLDER_MDN,WZ_WORKERS_INJ_KILLED
2021117712,2331.0,2,0,0,0,0,0,0,0,0,5,0,,67,11,2021,3,39.98,-75.1052,2331.0,6,0,0,0,0,0,0,0,0,,0,0,0,23,3,1,0,N,0,39 58:47.978,,0,75 06:18.803,4,0,0,0,67301,0,0,0,N,0,0,0,1,68K01,1,,1,1,,N,N,N,0,,0,0,0,0,0,,2303,1,2,0,0,0,0,0,3,4,0,2,3,3.0,N,,,,,,,,,,,
2021071470,2104.0,1,0,0,0,0,0,0,0,0,7,0,,67,8,2021,1,39.982,-75.1662,2056.0,6,0,0,0,0,0,0,0,0,,0,0,0,20,3,1,2,,0,39 58:55.282,,0,75 09:58.183,3,0,0,0,67301,0,0,0,N,0,0,0,1,67301,0,,5,1,,N,N,N,0,,1,0,0,0,0,,2054,1,1,0,0,0,0,0,3,4,0,1,3,,N,,,,,,,,,,,
2021074790,2335.0,0,0,0,0,0,0,0,0,0,1,0,,67,8,2021,6,39.9597,-75.1763,2325.0,6,0,0,0,0,0,0,0,0,,0,0,0,23,3,0,0,N,1,39 57:34.845,4.0,0,75 10:34.540,0,0,0,0,67301,0,0,0,N,0,0,0,3,68K01,0,,1,1,2340.0,N,N,N,1,,0,0,1,0,0,Y,2321,0,2,0,0,0,0,0,3,4,0,2,3,,N,,,,,,,,,,,
2021071369,1920.0,0,0,0,0,0,0,0,0,0,8,0,,67,7,2021,7,39.9494,-75.1525,1920.0,6,0,0,0,0,0,1,0,0,,0,0,0,19,1,1,0,N,0,39 56:57.991,,0,75 09:09.028,3,0,0,0,67301,1,0,0,N,1,0,0,2,67301,0,,1,1,,N,N,N,0,,1,0,1,0,0,,1920,1,2,0,0,1,0,0,3,4,0,1,3,3.0,N,,,,,,,,,,,
2021115768,1340.0,2,0,0,0,0,0,0,0,0,4,0,,67,11,2021,4,39.9269,-75.1691,1330.0,6,0,0,0,0,0,0,1,0,,0,0,0,13,1,0,1,,9,39 55:36.660,,0,75 10:08.677,0,0,0,0,67301,0,0,0,N,0,0,0,1,67301,0,,1,1,,N,N,N,0,,0,0,0,3,3,U,1307,0,2,0,0,1,0,0,3,4,0,2,3,,N,,,,,,,,,,,
2021073842,2341.0,1,0,0,0,0,0,0,0,0,5,0,,67,8,2021,7,39.9769,-75.183,2341.0,6,0,0,0,0,0,0,0,0,,0,0,0,23,3,1,0,N,1,39 58:36.763,1.0,0,75 10:58.670,3,0,0,0,67301,0,0,0,N,0,0,0,1,67301,0,,6,9,2341.0,N,N,N,0,,1,0,3,3,2,N,2335,1,5,0,0,1,0,0,3,4,1,5,7,,N,,,,,,,,,,,
2021117012,1755.0,1,0,0,0,0,0,0,0,0,7,0,,67,11,2021,5,39.9699,-75.1255,1746.0,6,0,0,0,0,0,0,0,0,,0,0,0,17,3,0,0,N,0,39 58:11.642,,0,75 07:31.867,0,0,0,0,67301,0,0,0,N,0,0,0,1,68K01,0,,4,1,,N,N,N,0,,0,0,0,0,0,,1745,0,1,0,0,0,0,0,3,4,0,1,3,3.0,N,,,,,,,,,,,
2021074717,1252.0,1,0,0,0,0,0,0,0,0,8,0,,67,8,2021,2,40.0041,-75.2144,1252.0,6,0,0,0,0,0,0,0,0,,0,0,0,11,1,1,2,,0,40 00:14.608,,0,75 12:51.739,8,0,0,0,67301,1,0,0,N,1,0,0,2,67301,0,,1,1,,N,N,N,0,,0,0,0,3,2,,1100,1,2,0,0,1,1,1,3,4,0,1,3,3.0,N,,,,,,,,,,,
2021073812,1534.0,2,0,0,0,0,0,0,0,0,1,0,,67,8,2021,1,40.0273,-75.1711,1532.0,6,0,0,0,0,0,1,0,0,,0,0,0,15,1,1,0,N,0,40 01:38.217,,0,75 10:16.063,8,0,0,0,67301,0,0,0,N,0,0,0,1,67301,0,,6,1,,N,N,N,0,,0,0,0,0,0,,1527,1,2,0,0,0,1,0,3,4,0,2,3,,N,,,,,,,,,,,
2021072902,2100.0,1,0,0,0,0,0,0,0,0,4,0,,67,7,2021,7,40.0404,-75.1242,2100.0,6,0,0,0,0,0,2,0,0,,0,0,0,21,3,3,1,,0,40 02:25.306,,0,75 07:27.026,8,0,0,0,67301,0,0,0,N,0,0,0,4,67301,0,,1,99,,N,N,N,0,,0,0,0,3,2,,2140,3,2,0,0,0,3,1,3,4,1,2,3,,N,,,,,,,,,,,
2021071467,25.0,2,0,0,0,0,0,0,0,0,1,0,,67,8,2021,1,39.9771,-75.1829,12.0,6,0,0,0,0,0,0,0,0,,0,0,0,0,3,1,0,N,1,39 58:37.591,1.0,0,75 10:58.490,8,0,0,0,67301,0,0,0,N,0,0,0,2,67301,0,,1,1,128.0,N,N,N,0,,0,0,1,0,0,Y,10,1,4,0,0,0,1,1,3,4,1,4,3,3.0,N,,,,,,,,,,,
2021072036,1818.0,0,0,0,1,0,0,0,0,0,1,0,,67,8,2021,2,39.9679,-75.1435,1816.0,6,0,0,0,0,0,0,0,0,,0,0,0,18,1,1,1,,0,39 58:04.611,,0,75 08:36.654,3,0,0,0,67301,1,0,0,N,0,0,0,3,67301,0,,1,1,,N,N,N,0,,1,0,1,3,3,,1815,1,2,0,0,0,0,0,3,4,0,1,3,3.0,N,,,,,,,,,,,
2021074021,1800.0,0,0,0,0,0,0,0,0,0,8,0,,67,7,2021,7,40.0157,-75.1401,1800.0,6,0,0,0,0,0,0,0,0,,0,0,0,23,3,1,1,,0,40 00:56.437,,0,75 08:24.334,3,0,0,0,67301,1,0,0,N,1,0,0,2,67301,0,,1,1,,N,N,N,0,,1,0,0,9,3,,2330,1,2,0,0,0,0,0,3,4,0,1,3,3.0,N,,,,,,,,,,,
2021071678,111.0,1,0,0,0,0,0,0,0,0,7,0,45.0,67,8,2021,1,40.0216,-75.0405,100.0,6,0,0,0,0,0,0,0,0,,0,0,0,0,3,0,0,N,0,40 01:17.750,,0,75 02:25.699,9,0,0,0,67301,0,0,0,Y,0,0,0,1,68K01,0,,4,1,,N,N,N,0,,0,0,0,3,1,,57,0,1,0,0,0,0,1,3,4,0,1,3,,Y,2.0,1.0,N,,,N,Y,,,Y,N
2021072456,854.0,2,0,2,0,0,0,0,0,0,4,0,,67,8,2021,4,39.9858,-75.2156,853.0,6,0,0,0,0,0,1,1,0,,0,0,0,8,1,2,1,,1,39 59:08.888,5.0,0,75 12:56.190,2,0,0,0,67301,0,0,0,N,0,0,0,2,67301,0,,1,1,1130.0,N,N,N,0,,0,2,0,3,2,Y,853,2,2,0,0,0,0,0,3,4,0,2,3,,N,,,,,,,,,,,
2021073073,1449.0,1,0,0,0,0,0,0,0,0,4,0,,67,8,2021,5,39.946,-75.1683,1437.0,6,0,0,0,0,0,0,0,0,,0,0,0,14,1,1,1,,0,39 56:45.480,,0,75 10:06.032,4,0,0,0,67301,0,0,0,N,0,0,0,3,67301,1,,1,1,,N,N,N,1,,0,0,0,3,2,,1426,1,2,0,0,1,0,0,3,4,0,2,3,3.0,N,,,,,,,,,,,
2021072021,2.0,0,0,0,0,0,0,0,0,0,5,0,,67,8,2021,2,39.9477,-75.1647,2359.0,6,0,0,0,0,0,0,0,0,,0,0,0,23,3,1,0,N,0,39 56:51.647,,0,75 09:52.850,3,0,0,1,67301,0,0,0,N,0,0,0,2,67301,0,,1,1,,N,N,N,0,,1,0,1,0,0,,2358,1,2,0,0,0,0,0,3,4,0,2,3,,N,,,,,,,,,,,
2021105358,,1,0,2,0,0,0,0,0,0,4,0,,67,6,2021,1,40.0394,-75.0774,,6,0,0,0,0,0,0,0,0,,0,0,0,2,3,2,1,,0,40 02:22.048,,0,75 04:38.765,2,0,0,0,67301,0,0,0,N,0,0,0,3,00000,0,,1,1,,N,N,N,0,,0,2,0,3,2,,230,2,2,0,0,0,0,0,3,4,0,2,3,,N,,,,,,,,,,,
2021114995,239.0,1,0,0,0,0,0,0,0,0,4,0,,67,11,2021,5,40.0062,-75.1518,237.0,6,0,0,0,0,0,0,0,0,,1,0,0,2,3,0,1,,2,40 00:22.276,1.0,0,75 09:06.943,1,1,0,1,67301,0,0,0,N,0,0,0,3,67505,0,2.0,1,1,400.0,N,N,N,0,0.0,0,0,0,3,2,Y,237,0,2,0,0,0,0,0,3,4,0,2,3,,N,,,,,,,,,,,
2021073638,255.0,1,0,0,0,0,0,0,0,0,5,0,,67,8,2021,7,39.9545,-75.2056,254.0,6,0,0,0,0,0,0,0,0,,0,0,0,2,3,0,0,N,0,39 57:16.167,,0,75 12:19.980,0,0,0,0,67301,0,0,0,N,0,0,0,1,67504,0,,6,1,,N,N,N,0,,0,0,1,0,0,,254,0,2,0,0,0,0,0,3,4,0,2,3,3.0,N,,,,,,,,,,,
2021119817,446.0,0,0,0,0,0,0,0,0,0,7,0,,67,10,2021,7,39.9704,-75.1899,445.0,6,0,0,0,0,0,0,0,0,,1,0,0,4,3,0,0,N,1,39 58:13.481,2.0,0,75 11:23.647,1,1,0,1,67301,0,0,0,N,0,0,0,1,67301,0,2.0,4,99,30.0,N,N,N,0,0.0,0,0,0,0,0,N,444,0,1,0,0,0,0,0,3,4,0,1,99,,N,,,,,,,,,,,
2021118427,2145.0,2,0,0,0,0,0,0,0,0,4,0,,67,12,2021,6,39.9957,-75.0767,2131.0,6,0,0,0,0,0,0,0,0,,0,0,0,21,3,0,0,N,0,39 59:44.376,,0,75 04:36.142,9,0,0,0,67301,0,0,0,N,0,0,0,1,67301,0,,4,1,,N,N,N,0,,0,0,0,0,0,,2131,0,2,0,0,0,0,1,3,4,0,2,3,,N,,,,,,,,,,,
2021074520,1524.0,1,0,0,0,0,0,0,0,0,4,0,,67,8,2021,2,39.9903,-75.127,1516.0,6,0,0,0,1,0,0,0,0,,0,0,0,15,1,0,1,,0,39 59:25.575,,0,75 07:37.375,0,0,0,0,67301,0,0,0,N,0,0,0,3,67301,0,,1,1,,N,N,N,0,,0,0,0,3,2,,1515,0,2,0,0,0,0,0,3,4,0,2,3,,N,,,,,,,,,,,
2021077124,1630.0,0,0,0,0,0,0,0,0,0,4,0,,67,8,2021,2,39.9662,-75.137,1625.0,6,0,0,0,0,0,0,0,0,,0,0,0,16,1,0,1,,0,39 57:58.456,,1,75 08:13.232,0,0,0,0,67301,0,0,0,N,0,0,0,2,67301,0,,1,1,,N,N,N,0,,0,0,2,3,3,,1621,0,2,0,0,0,0,0,3,4,0,2,3,3.0,N,,,,,,,,,,,
2021076214,1147.0,0,0,0,0,0,0,0,0,0,4,0,,67,8,2021,7,39.9661,-75.2318,1143.0,6,0,0,0,0,0,0,1,0,,0,0,0,11,1,0,0,N,0,39 57:58.040,,7,75 13:54.550,0,0,0,0,67301,0,0,0,N,0,0,0,3,67301,0,,1,1,,N,N,N,0,,0,0,1,0,0,,1140,0,2,0,0,0,0,0,3,4,1,2,3,3.0,N,,,,,,,,,,,
2021119833,1205.0,2,0,0,0,0,0,0,0,0,2,0,,67,12,2021,1,39.9921,-75.189,1203.0,6,0,0,0,0,0,0,0,0,,0,0,0,12,1,1,0,N,0,39 59:31.380,,0,75 11:20.350,3,0,0,0,67301,1,0,0,N,0,0,0,2,67301,0,,1,1,,N,N,N,0,,1,0,0,0,0,,1202,1,2,0,0,0,0,1,3,4,0,2,3,4.0,N,,,,,,,,,,,
2021118258,822.0,1,0,0,0,0,0,1,0,0,5,1,,67,12,2021,4,39.9523,-75.1653,822.0,6,0,0,0,0,0,1,0,0,,0,0,0,8,1,1,0,N,0,39 57:08.171,,0,75 09:55.216,3,0,0,0,67301,0,0,0,N,0,0,0,3,67301,0,,1,1,,N,N,N,1,,1,0,0,0,0,,822,1,3,0,0,0,0,0,3,4,0,3,3,3.0,N,,,,,,,,,,,
2021115310,1207.0,1,0,0,0,0,0,0,0,0,4,1,,67,11,2021,4,40.1141,-74.9877,1156.0,6,1,0,0,0,0,0,0,1,,0,1,0,11,1,0,1,,1,40 06:50.926,6.0,0,74 59:15.880,0,0,0,0,67301,0,0,0,N,0,0,0,3,67301,0,,1,1,100.0,N,N,N,0,,0,0,1,3,2,Y,1142,0,3,0,0,0,0,0,3,4,0,3,3,3.0,N,,,,,,,,,,,
2021117707,1007.0,2,0,0,0,0,0,0,0,0,7,0,,67,11,2021,4,39.892,-75.2361,944.0,6,0,0,0,0,0,0,0,0,,0,0,0,9,1,3,0,N,1,39 53:31.338,1.0,0,75 14:09.866,8,0,0,0,67301,0,0,0,N,0,0,0,4,68K01,0,,5,1,1100.0,N,N,N,0,,0,0,0,0,0,N,934,3,2,0,0,3,3,1,3,4,0,2,3,,N,,,,,,,,,,,
2021115645,316.0,0,0,0,0,0,0,0,0,0,7,0,,67,10,2021,3,39.9583,-75.1659,311.0,6,0,0,0,0,0,0,0,0,,0,0,0,3,3,0,0,N,1,39 57:29.794,3.0,0,75 09:57.306,0,0,0,0,67301,0,0,0,N,0,0,0,1,68K01,0,,3,9,355.0,N,N,N,0,,0,0,1,0,0,N,310,0,1,0,0,0,0,0,3,4,0,1,7,,N,,,,,,,,,,,
2021118047,1020.0,1,0,0,0,0,0,0,0,0,7,0,,67,12,2021,6,39.9908,-75.1544,1011.0,6,0,0,0,0,0,0,0,0,,0,0,0,10,1,1,0,N,0,39 59:26.750,,0,75 09:15.724,8,0,0,0,67301,0,0,0,N,0,0,0,2,67301,0,,5,1,,N,N,N,0,,0,0,0,0,0,,1000,1,1,0,0,1,1,0,3,4,0,1,3,3.0,N,,,,,,,,,,,
2021071834,805.0,1,0,0,0,0,0,0,0,0,7,0,,67,7,2021,6,40.0491,-75.0048,758.0,6,0,0,0,0,0,0,0,0,,0,0,0,7,1,1,11,,0,40 02:56.770,,0,75 00:17.260,3,0,0,0,67301,0,0,0,N,0,0,0,1,67301,0,,4,1,,N,N,N,0,,1,0,0,0,0,,758,1,1,0,0,0,0,0,3,4,0,1,3,,N,,,,,,,,,,,
2021081393,1120.0,2,0,0,0,0,0,0,0,0,1,0,,67,7,2021,7,39.9586,-75.1675,1059.0,6,0,0,0,0,0,0,0,0,,0,0,0,10,1,2,0,N,2,39 57:30.935,4.0,0,75 10:03.133,4,0,0,0,67301,0,0,0,N,0,0,0,5,68K01,1,,1,1,1220.0,N,N,N,0,,0,0,1,0,0,N,1058,2,3,0,0,0,1,0,3,4,0,3,3,,N,,,,,,,,,,,
2021071273,542.0,1,0,0,0,0,0,0,0,0,1,0,,67,8,2021,1,39.9,-75.2066,541.0,6,0,0,0,0,0,1,0,0,,0,0,0,5,1,2,0,N,1,39 54:00.159,4.0,3,75 12:23.889,2,0,0,0,67301,0,0,0,N,0,0,0,3,67301,0,,1,1,749.0,N,N,N,0,,1,1,2,0,0,Y,541,2,3,0,1,2,0,0,3,4,0,3,3,,N,,,,,,,,,,,
2021073594,140.0,0,0,0,0,0,0,0,0,0,1,0,,67,8,2021,4,39.9531,-75.1819,124.0,6,0,0,0,0,0,0,0,0,,0,0,0,1,3,0,5,,0,39 57:11.198,,2,75 10:54.916,0,0,0,0,67301,0,0,0,N,0,0,0,2,67301,0,,1,1,,N,N,N,0,,0,0,1,3,2,,123,0,2,0,0,1,0,0,3,4,1,2,3,3.0,N,,,,,,,,,,,
2021114711,2001.0,0,0,0,1,1,0,0,0,0,1,0,,67,11,2021,2,39.9709,-75.2149,2000.0,6,0,0,0,0,0,0,0,0,,1,0,0,20,3,1,0,N,0,39 58:15.297,,0,75 12:53.751,1,0,0,0,67301,1,1,0,N,0,0,0,3,67301,0,2.0,2,1,,N,N,N,0,0.0,1,0,1,0,0,,2000,1,2,0,0,0,0,0,3,4,0,1,3,3.0,N,,,,,,,,,,,
2021072968,1505.0,3,0,0,0,0,0,0,0,0,5,0,,67,8,2021,3,40.0211,-75.1132,1500.0,6,0,0,0,0,0,0,0,0,,0,0,0,14,1,0,0,N,0,40 01:16.074,,0,75 06:47.515,9,0,0,0,67301,0,0,0,N,0,0,0,1,67301,0,,6,1,,N,N,N,0,,0,0,0,0,0,,1455,0,3,0,0,0,0,1,3,4,0,3,3,3.0,N,,,,,,,,,,,
2021105379,,1,0,0,0,0,0,0,0,0,1,0,,67,8,2021,1,39.9188,-75.2095,,6,0,0,0,0,0,0,0,0,,0,0,0,2,3,1,0,N,0,39 55:07.500,,0,75 12:34.300,8,0,0,0,67301,0,0,0,N,0,0,0,2,00000,0,,1,1,,N,N,N,0,,0,0,1,0,0,,200,1,2,0,0,1,1,0,3,4,0,2,3,,N,,,,,,,,,,,
2021071019,1247.0,1,0,0,0,0,0,0,0,0,4,0,,67,7,2021,6,40.0047,-75.1521,1245.0,6,0,0,0,0,1,1,0,0,,0,0,0,12,1,1,1,,1,40 00:16.847,4.0,0,75 09:07.652,3,0,0,1,67301,0,0,0,Y,0,0,0,3,67505,0,,1,1,115.0,,,N,0,,1,0,0,3,2,N,1245,1,2,0,0,0,0,0,3,4,0,2,3,3.0,N,,,,,,,,,,,
2021117808,1657.0,0,0,0,0,0,0,0,0,0,5,0,,67,12,2021,5,39.9286,-75.23,1657.0,6,0,0,0,0,0,1,0,0,,0,0,0,16,3,0,0,N,0,39 55:43.021,,0,75 13:47.981,0,0,0,0,67301,0,0,0,N,0,0,0,1,67301,0,,9,1,,N,N,N,0,,0,0,2,0,0,,1655,0,2,0,0,0,0,0,3,4,0,2,3,3.0,N,,,,,,,,,,,
2021074671,1054.0,1,0,0,0,0,0,0,0,0,7,0,,67,8,2021,7,39.9246,-75.2309,1054.0,6,0,0,0,0,0,0,0,0,,0,0,0,10,1,0,2,,2,39 55:28.505,4.0,0,75 13:51.106,0,0,0,0,67301,0,0,0,N,0,0,0,1,67301,0,,1,1,1252.0,N,N,N,0,,0,0,1,0,0,N,1054,0,3,0,0,0,0,0,3,4,1,3,3,3.0,N,,,,,,,,,,,
2021073424,739.0,1,0,0,0,0,0,0,0,0,5,0,,67,8,2021,5,40.0606,-75.1867,732.0,6,0,0,0,0,0,0,0,0,,0,0,0,23,3,1,0,N,0,40 03:38.060,,0,75 11:12.100,3,0,0,0,67301,0,0,0,N,0,0,0,1,67301,0,,6,1,,N,N,N,0,,1,0,1,0,0,,2330,1,2,0,0,0,0,0,3,4,0,2,3,,N,,,,,,,,,,,
2021074239,2101.0,0,0,0,0,0,0,0,0,0,7,0,,67,8,2021,1,39.9393,-75.1851,2055.0,6,0,0,0,0,0,0,0,0,,0,0,0,20,3,1,0,N,0,39 56:21.350,,0,75 11:06.410,8,0,0,0,67301,0,0,0,N,0,0,0,2,67301,0,,4,1,,N,N,N,0,,0,0,0,0,0,,2045,1,1,0,0,0,1,0,3,4,1,1,3,,N,,,,,,,,,,,
2021071544,1232.0,1,0,0,0,0,0,0,0,0,1,0,,67,8,2021,2,39.9591,-75.2036,1231.0,6,0,0,0,0,0,0,0,1,,0,0,0,12,1,1,1,,2,39 57:32.616,7.0,0,75 12:12.967,4,0,0,1,67301,0,0,0,N,0,0,0,2,67301,1,,1,1,100.0,N,N,N,0,,0,0,0,3,3,Y,1230,1,2,0,0,0,0,0,3,4,0,2,3,3.0,N,,,,,,,,,,,
2021117711,2248.0,2,0,0,0,0,0,0,0,0,1,0,,67,11,2021,3,39.9755,-75.1155,2231.0,6,0,0,0,2,0,0,0,0,,0,0,0,22,3,3,0,N,2,39 58:31.927,1.0,0,75 06:55.972,4,0,0,0,67301,0,0,0,N,0,0,0,3,68K01,3,,1,1,2258.0,N,N,N,0,,0,0,1,0,0,N,2229,3,3,0,0,0,0,0,3,4,0,3,3,,N,,,,,,,,,,,
2021117320,305.0,3,0,0,0,0,0,0,0,0,4,0,,67,12,2021,5,40.0568,-75.1575,301.0,6,0,0,0,0,0,0,0,0,,0,0,0,2,3,0,0,N,0,40 03:24.640,,0,75 09:26.850,0,0,0,0,67301,0,0,0,N,0,0,0,1,67301,0,,1,9,,N,N,N,0,,0,0,0,0,0,,245,0,3,0,0,0,0,0,3,4,0,3,7,7.0,N,,,,,,,,,,,
2021116990,1840.0,1,0,0,0,0,0,0,0,0,7,0,,67,11,2021,1,39.9712,-75.1237,1832.0,6,0,0,0,0,0,0,0,0,,0,0,0,18,3,1,0,N,2,39 58:16.167,1.0,0,75 07:25.166,8,0,0,0,67301,0,0,0,N,0,0,0,1,68K01,0,,4,9,1930.0,N,N,N,0,,0,0,0,0,0,N,1831,1,1,0,0,1,1,0,3,4,0,1,7,7.0,N,,,,,,,,,,,
2021071529,926.0,1,0,0,1,0,0,0,0,0,4,0,,67,7,2021,7,39.9274,-75.1934,925.0,6,0,0,0,0,0,0,0,0,,0,0,0,9,1,2,2,,0,39 55:38.710,,0,75 11:36.186,3,0,0,0,67301,1,0,0,N,0,0,0,2,67301,0,,1,1,,N,N,N,0,,2,0,0,3,3,,920,2,2,0,0,1,0,0,3,4,0,1,3,3.0,N,,,,,,,,,,,
2021073675,1854.0,1,0,0,0,0,0,0,0,0,6,0,,67,7,2021,7,39.9961,-75.1956,1848.0,6,0,0,0,0,1,0,0,0,,0,0,0,16,1,2,0,N,0,39 59:45.900,,3,75 11:44.150,8,0,0,0,67301,0,0,0,N,0,0,0,3,67301,0,,1,1,,N,N,N,0,,0,0,1,0,0,,1645,2,2,0,0,2,2,0,3,4,0,2,3,3.0,N,,,,,,,,,,,
2021074702,1809.0,1,0,0,0,0,0,0,0,0,5,0,,67,8,2021,5,40.015,-75.1352,1809.0,6,0,0,0,0,0,0,0,0,,0,0,0,15,1,0,1,,0,40 00:54.154,,0,75 08:06.604,9,0,0,0,67301,0,0,0,N,0,0,0,2,67301,0,,1,1,,N,N,N,0,,0,0,0,3,2,,1500,0,2,0,0,0,0,2,3,4,0,2,3,3.0,N,,,,,,,,,,,
2021115488,43.0,1,0,0,0,0,0,0,0,0,8,0,,67,11,2021,6,40.0179,-75.1493,43.0,6,0,0,0,0,0,0,0,0,,0,0,0,0,3,1,1,,0,40 01:04.807,,0,75 08:57.222,3,0,0,0,67301,1,0,0,N,1,0,0,2,67301,0,,1,9,,N,N,N,0,,1,0,0,3,2,,8,1,2,0,0,0,0,0,3,4,0,1,7,7.0,N,,,,,,,,,,,
2021071884,1933.0,1,0,0,0,0,0,0,0,0,4,0,,67,8,2021,2,40.0594,-75.1511,1933.0,6,0,0,0,0,0,0,0,0,,0,0,0,19,1,2,1,,0,40 03:33.692,,0,75 09:04.139,2,0,0,0,67301,0,0,0,N,0,0,0,2,67301,1,,1,1,,N,N,N,0,,0,1,2,3,3,,1928,2,3,0,0,0,0,0,3,4,0,3,3,,N,,,,,,,,,,,
2021073967,241.0,1,0,0,0,0,0,0,0,0,7,0,,67,8,2021,1,39.9548,-75.1664,238.0,6,0,0,0,0,0,0,0,0,,0,0,0,2,3,0,5,,0,39 57:17.215,,0,75 09:58.983,0,0,0,0,67301,0,0,0,N,0,0,0,2,67301,0,,4,9,,N,N,N,0,,0,0,0,3,2,,220,0,1,0,0,0,0,0,3,4,0,1,7,,N,,,,,,,,,,,
2021073693,1008.0,2,0,0,0,0,0,0,0,0,4,0,,67,8,2021,7,39.9326,-75.1813,1003.0,6,0,0,0,0,0,2,0,0,,0,0,0,9,1,0,5,,0,39 55:57.332,,0,75 10:52.838,0,0,0,0,67301,0,0,0,N,0,0,0,3,67301,0,,1,1,,N,N,N,0,,0,0,0,3,3,,959,0,2,0,0,0,0,0,3,4,0,2,3,3.0,N,,,,,,,,,,,
2021072869,905.0,1,0,0,0,0,0,0,0,0,1,0,,67,8,2021,3,40.1197,-75.0089,858.0,6,0,0,0,0,0,0,1,0,,0,0,0,8,1,1,0,Y,0,40 07:11.070,,0,75 00:32.010,3,0,0,0,67301,0,0,0,N,0,0,0,3,67301,0,,1,1,,N,N,N,1,,1,0,1,3,2,,856,1,3,0,0,0,0,0,3,4,0,3,3,,N,,,,,,,,,,,
2021077261,1300.0,2,0,0,0,0,0,0,0,0,4,0,,67,8,2021,1,39.9223,-75.1871,1300.0,6,0,0,0,0,0,1,0,0,,0,0,0,12,1,0,1,,0,39 55:20.474,,0,75 11:12.947,0,0,0,0,67301,0,0,0,N,0,0,0,2,67301,0,,1,1,,N,N,N,0,,0,0,0,3,2,,1200,0,2,0,0,0,0,0,3,4,0,2,3,,N,,,,,,,,,,,
2021076780,1406.0,1,0,0,0,0,0,0,0,0,7,0,,67,8,2021,2,39.9135,-75.1821,1401.0,6,0,0,0,0,0,0,0,0,,0,0,0,14,1,0,0,N,1,39 54:48.700,3.0,3,75 10:55.700,0,0,0,0,67301,0,0,0,N,0,0,0,2,67501,0,,2,1,1438.0,N,N,N,0,,0,0,0,0,0,N,1401,0,1,0,0,0,0,0,3,4,0,1,3,,N,,,,,,,,,,,
2021074122,927.0,0,0,0,0,0,0,0,0,0,7,0,,67,8,2021,2,40.06,-74.9912,921.0,6,0,0,0,0,0,0,0,0,,0,0,0,9,1,2,0,N,0,40 03:35.959,,0,74 59:28.154,3,0,0,0,67301,0,0,0,N,0,0,0,2,67301,0,,4,1,,N,N,N,0,,1,0,1,0,0,,905,2,1,0,0,0,1,0,3,4,0,1,3,3.0,N,,,,,,,,,,,
2021076046,1815.0,2,0,0,0,0,0,0,0,0,4,0,,67,8,2021,6,40.0559,-75.0616,1802.0,6,0,0,0,0,0,1,0,0,,0,0,0,17,1,0,1,,0,40 03:21.116,,0,75 03:42.312,0,0,0,0,67301,0,0,0,N,0,0,0,2,67301,0,,1,1,,N,N,N,0,,0,0,0,3,2,,1757,0,2,0,0,0,0,0,3,4,0,2,3,3.0,N,,,,,,,,,,,