CRN,ARRIVAL_TM,AUTOMOBILE_COUNT,BELTED_DEATH_COUNT,BELTED_SUSP_SERIOUS_INJ_COUNT,BICYCLE_COUNT,BICYCLE_DEATH_COUNT,BICYCLE_SUSP_SERIOUS_INJ_COUNT,BUS_COUNT,CHLDPAS_DEATH_COUNT,CHLDPAS_SUSP_SERIOUS_INJ_COUNT,COLLISION_TYPE,COMM_VEH_COUNT,CONS_ZONE_SPD_LIM,COUNTY,CRASH_MONTH,CRASH_YEAR,DAY_OF_WEEK,DEC_LAT,DEC_LONG,DISPATCH_TM,DISTRICT,DRIVER_COUNT_16YR,DRIVER_COUNT_17YR,DRIVER_COUNT_18YR,DRIVER_COUNT_19YR,DRIVER_COUNT_20YR,DRIVER_COUNT_50_64YR,DRIVER_COUNT_65_74YR,DRIVER_COUNT_75PLUS,EST_HRS_CLOSED,FATAL_COUNT,HEAVY_TRUCK_COUNT,HORSE_BUGGY_COUNT,HOUR_OF_DAY,ILLUMINATION,INJURY_COUNT,INTERSECT_TYPE,INTERSECTION_RELATED,LANE_CLOSED,LATITUDE,LN_CLOSE_DIR,LOCATION_TYPE,LONGITUDE,MAX_SEVERITY_LEVEL,MCYCLE_DEATH_COUNT,MCYCLE_SUSP_SERIOUS_INJ_COUNT,MOTORCYCLE_COUNT,MUNICIPALITY,NONMOTR_COUNT,NONMOTR_DEATH_COUNT,NONMOTR_SUSP_SERIOUS_INJ_COUNT,NTFY_HIWY_MAINT,PED_COUNT,PED_DEATH_COUNT,PED_SUSP_SERIOUS_INJ_COUNT,PERSON_COUNT,POLICE_AGCY,POSSIBLE_INJ_COUNT,RDWY_SURF_TYPE_CD,RELATION_TO_ROAD,ROAD_CONDITION,ROADWAY_CLEARED,SCH_BUS_IND,SCH_ZONE_IND,SECONDARY_CRASH,SMALL_TRUCK_COUNT,SPEC_JURIS_CD,SUSP_MINOR_INJ_COUNT,SUSP_SERIOUS_INJ_COUNT,SUV_COUNT,TCD_FUNC_CD,TCD_TYPE,TFC_DETOUR_IND,TIME_OF_DAY,TOT_INJ_COUNT,TOTAL_UNITS,UNB_DEATH_COUNT,UNB_SUSP_SERIOUS_INJ_COUNT,UNBELTED_OCC_COUNT,UNK_INJ_DEG_COUNT,UNK_INJ_PER_COUNT,URBAN_AREA,URBAN_RURAL,VAN_COUNT,VEHICLE_COUNT,WEATHER1,WEATHER2,WORK_ZONE_IND,WORK_ZONE_LOC,WORK_ZONE_TYPE,WORKERS_PRES,WZ_CLOSE_DETOUR,WZ_FLAGGER,WZ_LAW_OFFCR_IND,WZ_LN_CLOSURE,WZ_MOVING,WZ_OTHER,WZ_SHLDER_MDN,WZ_WORKERS_INJ_KILLED
2021112685,1053.0,0,0,0,0,0,0,0,0,0,1,1,,67,11,2021,3,39.9132,-75.1806,1053.0,6,0,0,0,0,0,0,0,0,,0,1,0,10,1,1,0,N,0,39 54:47.500,,3,75 10:50.000,8,0,0,0,67301,0,0,0,N,0,0,0,3,67501,0,,1,1,,N,N,N,0,,0,0,1,3,8,,1053,1,2,0,0,0,1,0,3,4,0,2,3,3.0,N,,,,,,,,,,,
2021072112,1320.0,0,0,0,0,0,0,0,0,0,6,0,,67,8,2021,3,40.102,-74.9721,1318.0,6,0,0,0,0,0,1,0,0,,0,0,0,13,1,1,0,N,2,40 06:07.230,5.0,0,74 58:19.430,8,0,0,0,67301,0,0,0,N,0,0,0,1,67301,0,,1,1,1400.0,N,N,N,0,,0,0,2,0,0,Y,1316,1,2,0,0,0,1,0,3,4,0,2,3,3.0,N,,,,,,,,,,,
2021118064,1823.0,0,0,0,0,0,0,0,0,0,1,0,,67,11,2021,2,39.9675,-75.1326,1808.0,6,0,0,0,0,0,1,0,0,,0,0,0,18,3,0,0,N,0,39 58:02.980,,0,75 07:57.199,0,0,0,0,67301,0,0,0,N,0,0,0,2,68K01,0,,1,1,,N,N,N,0,,0,0,2,0,0,,1806,0,2,0,0,0,0,0,3,4,0,2,3,,N,,,,,,,,,,,
2021117518,2159.0,1,0,0,0,0,0,0,0,0,5,0,,67,11,2021,1,39.9804,-75.2057,2158.0,6,0,0,0,0,0,0,0,0,,0,0,0,21,3,0,0,N,0,39 58:49.447,,0,75 12:20.489,0,0,0,0,67301,0,0,0,N,0,0,0,3,68K01,0,,1,9,,N,N,N,1,,0,0,0,0,0,,2156,0,2,0,0,0,0,0,3,4,0,2,7,,N,,,,,,,,,,,
2021105749,,1,0,0,0,0,0,0,0,0,4,0,,67,8,2021,7,40.0232,-75.1244,,6,0,0,0,0,0,0,0,0,,0,0,0,13,1,1,1,,0,40 01:23.401,,0,75 07:27.865,8,0,0,0,67301,0,0,0,N,0,0,0,2,00000,0,,1,1,,N,N,N,0,,0,0,1,3,3,,1300,1,2,0,0,0,1,0,3,4,0,2,3,,N,,,,,,,,,,,
2021077509,1658.0,1,0,0,0,0,0,0,0,0,4,0,,67,7,2021,7,39.9997,-75.1749,1654.0,6,0,0,0,0,0,1,0,0,,0,0,0,16,1,0,1,,0,39 59:59.038,,0,75 10:29.614,0,0,0,0,67301,0,0,0,N,0,0,0,2,67301,0,,1,1,,N,N,N,0,,0,0,1,3,3,,1640,0,2,0,0,0,0,0,3,4,0,2,3,,N,,,,,,,,,,,
2021074919,1501.0,2,0,0,0,0,0,0,0,0,5,0,45.0,67,8,2021,2,39.9731,-75.1203,1501.0,6,0,0,0,0,0,0,0,0,,0,0,0,14,1,0,0,N,1,39 58:23.093,1.0,0,75 07:13.098,0,0,0,0,67301,0,0,0,N,0,0,0,5,68K01,0,,1,1,1550.0,N,N,N,0,,0,0,1,0,0,N,1454,0,3,0,0,0,0,0,3,4,0,3,3,,Y,4.0,1.0,N,,,N,Y,,,Y,N
2021077511,2120.0,0,0,0,0,0,0,0,0,0,2,0,,67,8,2021,3,40.0042,-75.1733,2118.0,6,0,0,0,0,0,2,0,0,,0,0,0,21,3,1,0,N,0,40 00:15.235,,0,75 10:24.035,4,0,0,0,67301,0,0,0,N,0,0,0,2,67301,1,,1,1,,N,N,N,0,,0,0,2,0,0,,2110,1,2,0,0,2,0,0,3,4,0,2,3,3.0,N,,,,,,,,,,,
2021115649,1201.0,0,0,0,0,0,0,0,0,0,1,0,,67,10,2021,3,40.0119,-75.0604,1145.0,6,0,0,0,0,0,0,0,0,,0,0,0,11,1,0,0,N,0,40 00:42.971,,0,75 03:37.296,0,0,0,0,67301,0,0,0,N,0,0,0,3,68K01,0,,1,9,,N,N,N,1,,0,0,2,0,0,,1139,0,3,0,0,0,0,0,3,4,0,3,3,,N,,,,,,,,,,,
2021078171,23.0,1,0,0,0,0,0,0,0,0,8,0,,67,8,2021,3,39.9946,-75.0945,20.0,6,0,0,0,0,0,0,0,0,,0,0,0,23,3,1,1,,0,39 59:40.673,,0,75 05:40.311,3,0,0,0,67301,1,0,0,N,1,0,0,2,67301,0,,1,1,,N,N,N,0,,1,0,0,3,2,,2359,1,2,0,0,0,0,0,3,4,0,1,3,3.0,N,,,,,,,,,,,
2021078501,2051.0,1,0,0,0,0,0,0,0,0,4,0,,67,8,2021,5,39.9578,-75.2193,2051.0,6,0,0,0,1,0,0,0,0,,0,0,0,20,3,0,1,,0,39 57:27.914,,0,75 13:09.434,0,0,0,0,67301,0,0,0,N,0,0,0,3,67301,0,,5,1,,N,N,N,1,,0,0,0,3,2,,2051,0,2,0,0,3,0,0,3,4,0,2,3,3.0,N,,,,,,,,,,,
2021119044,2214.0,1,0,0,0,0,0,0,0,0,7,0,,67,11,2021,7,40.0517,-74.9883,2200.0,6,0,0,1,0,0,0,0,0,,0,0,0,21,3,0,0,N,0,40 03:06.257,,0,74 59:17.919,0,0,0,0,67301,0,0,0,Y,0,0,0,3,68K01,0,,4,1,,N,N,Y,0,,0,0,1,0,0,,2158,0,2,0,0,0,0,0,3,4,0,2,3,3.0,N,,,,,,,,,,,
2021073976,752.0,1,0,0,0,0,0,0,0,0,4,0,,67,8,2021,2,40.0578,-75.0087,748.0,6,0,0,0,0,0,1,0,0,,0,0,0,7,1,0,1,,0,40 03:28.059,,0,75 00:31.473,0,0,0,0,67301,0,0,0,N,0,0,0,2,67301,0,,1,1,,N,N,N,0,,0,0,1,3,2,,740,0,2,0,0,0,0,0,3,4,0,2,3,3.0,N,,,,,,,,,,,
2021077898,1314.0,1,0,0,1,0,0,0,0,0,5,0,,67,8,2021,4,40.0277,-75.2285,1311.0,6,0,0,0,0,0,0,1,0,,0,0,0,13,1,1,0,N,0,40 01:39.600,,0,75 13:42.740,8,0,0,0,67301,1,0,0,N,0,0,0,2,67301,0,,1,1,,N,N,N,0,,0,0,0,0,0,,1309,1,2,0,0,0,1,0,3,4,0,1,3,3.0,N,,,,,,,,,,,
2021079520,210.0,1,0,0,0,0,0,0,0,0,1,0,,67,8,2021,1,39.9656,-75.1861,210.0,6,0,0,0,0,0,0,0,0,,0,0,0,2,3,1,0,N,2,39 57:56.234,4.0,0,75 11:09.938,3,0,0,0,67301,0,0,0,N,0,0,0,3,68K01,0,,1,1,315.0,N,N,Y,0,,1,0,1,0,0,N,210,1,2,0,0,0,0,0,3,4,0,2,3,,N,,,,,,,,,,,
2021077615,2230.0,1,0,0,0,0,0,0,0,0,4,0,,67,8,2021,4,40.0562,-75.0086,2218.0,6,0,0,0,0,0,0,0,0,,0,0,0,22,3,0,0,N,0,40 03:22.164,,0,75 00:30.892,0,0,0,0,67301,0,0,0,N,0,0,0,4,67301,0,,1,9,,N,N,N,0,,0,0,1,0,0,,2217,0,2,0,0,1,0,0,3,4,0,2,7,7.0,N,,,,,,,,,,,
2021075950,149.0,0,0,0,0,0,0,0,0,0,4,0,,67,8,2021,6,39.975,-75.1954,136.0,6,0,0,0,0,0,0,0,0,,0,0,0,1,3,0,0,N,0,39 58:30.141,,0,75 11:43.485,0,0,0,0,67301,0,0,0,N,0,0,0,2,67301,0,,1,1,,N,N,N,0,,0,0,2,0,0,,104,0,2,0,0,0,0,0,3,4,0,2,3,,N,,,,,,,,,,,
2021105772,,1,0,0,0,0,0,0,0,0,4,0,,67,9,2021,4,40.063,-75.2021,,6,0,0,1,0,0,0,0,0,,0,0,0,16,1,1,2,,0,40 03:46.688,,0,75 12:07.714,3,0,0,0,67301,0,0,0,N,0,0,0,2,00000,0,,1,9,,N,N,N,0,,1,0,1,0,0,,1650,1,2,0,0,0,0,0,3,4,0,2,7,,N,,,,,,,,,,,
2021079277,319.0,2,0,0,0,0,0,0,0,0,4,0,,67,8,2021,1,39.9392,-75.1594,318.0,6,0,0,0,0,0,0,0,0,,0,0,0,3,3,1,1,,0,39 56:21.039,,0,75 09:33.929,3,0,0,0,67301,0,0,0,N,0,0,0,2,67301,0,,1,1,,N,N,N,0,,1,0,3,3,2,,318,1,5,0,0,0,0,0,3,4,0,5,3,3.0,N,,,,,,,,,,,
2021074991,2205.0,1,0,0,0,0,0,0,0,0,7,0,,67,8,2021,3,40.0105,-75.1612,2205.0,6,0,0,0,0,0,0,0,0,,0,0,0,22,3,0,0,N,0,40 00:37.929,,0,75 09:40.236,9,0,0,0,67301,0,0,0,N,0,0,0,1,67301,0,,5,9,,N,N,N,0,,0,0,0,0,0,,2200,0,1,0,0,0,0,1,3,4,0,1,3,3.0,N,,,,,,,,,,,
2021073031,135.0,2,0,0,0,0,0,0,0,0,4,0,,67,8,2021,5,39.9228,-75.2357,132.0,6,0,0,0,0,0,0,0,0,,0,0,0,23,3,1,1,,0,39 55:21.979,,0,75 14:08.429,2,0,0,0,67301,0,0,0,N,0,0,0,3,67301,0,,1,1,,N,N,N,1,,0,1,1,3,2,,2355,1,4,0,0,0,0,2,3,4,0,4,3,3.0,N,,,,,,,,,,,
2021082404,1840.0,1,0,0,0,0,0,0,0,0,4,0,,67,7,2021,7,39.946,-75.214,1835.0,6,0,0,0,0,0,1,0,0,,0,0,0,18,1,1,1,,0,39 56:45.462,,0,75 12:50.385,3,0,0,0,67301,0,0,0,N,0,0,0,2,67301,0,,1,1,,N,N,N,0,,1,0,0,3,2,,1820,1,2,0,0,0,0,0,3,4,1,2,3,3.0,N,,,,,,,,,,,
2021118101,908.0,0,0,0,0,0,0,0,0,0,1,0,,67,11,2021,2,39.957,-75.1803,857.0,6,0,0,0,0,0,0,0,0,,0,0,0,8,1,1,0,N,1,39 57:25.225,4.0,1,75 10:49.071,2,0,0,0,67301,0,0,0,N,0,0,0,2,68K01,0,,1,1,930.0,N,N,N,0,,0,1,1,0,0,N,853,1,2,0,0,0,0,0,3,4,1,2,3,3.0,N,,,,,,,,,,,
2021073463,313.0,2,0,0,0,0,0,0,0,0,4,0,,67,8,2021,7,39.9597,-75.2352,309.0,6,0,0,0,0,0,0,0,0,,0,0,0,0,3,1,1,,0,39 57:35.006,,0,75 14:06.655,4,0,0,0,67301,0,0,0,N,0,0,0,2,67301,1,,1,1,,N,N,N,0,,0,0,0,3,1,,59,1,2,0,0,0,0,0,3,4,0,2,3,3.0,N,,,,,,,,,,,
2021117736,242.0,2,0,0,0,0,0,0,0,0,4,0,,67,11,2021,7,39.9758,-75.1159,232.0,6,0,0,0,0,0,0,0,0,,0,0,0,2,3,3,7,N,2,39 58:15.454,1.0,2,75 07:28.455,8,0,0,0,67301,0,0,0,N,0,0,0,4,68K01,0,,1,1,315.0,N,N,N,0,,0,0,1,0,0,N,231,3,3,0,0,0,3,0,3,4,0,3,3,,N,,,,,,,,,,,
2021074142,1715.0,0,0,0,0,0,0,0,0,0,8,0,,67,8,2021,7,40.0339,-75.1428,1709.0,6,0,0,0,0,0,0,0,0,,0,0,0,14,1,1,0,N,0,40 02:02.020,,0,75 08:34.040,3,0,0,0,67301,1,0,0,N,1,0,0,2,67301,0,,6,1,,N,N,N,0,,1,0,0,0,0,,1400,1,2,0,0,0,0,0,3,4,1,1,3,3.0,N,,,,,,,,,,,
2021072373,1440.0,3,0,0,0,0,0,0,0,0,5,0,,67,8,2021,3,39.9825,-75.1634,1436.0,6,0,0,0,0,0,0,0,0,,0,0,0,14,1,1,0,N,0,39 58:57.100,,0,75 09:48.400,3,0,0,0,67301,0,0,0,N,0,0,0,1,67301,0,,6,1,,N,N,N,0,,1,0,0,0,0,,1430,1,3,0,0,0,0,0,3,4,0,3,3,3.0,N,,,,,,,,,,,
2021114709,1820.0,1,0,0,0,0,0,0,0,0,8,0,,67,11,2021,5,39.9176,-75.2121,1818.0,6,0,0,0,0,0,0,0,0,,1,0,0,18,3,0,0,N,0,39 55:03.373,,0,75 12:43.588,1,0,0,0,67301,1,1,0,N,1,1,0,3,67301,0,2.0,1,1,,N,N,N,0,0.0,0,0,0,0,0,,1818,0,2,0,0,0,0,0,3,4,0,1,3,3.0,N,,,,,,,,,,,
2021072354,2150.0,0,0,0,0,0,0,0,0,0,5,0,,67,8,2021,3,39.9489,-75.1477,2150.0,6,0,0,0,0,0,0,0,0,,0,0,1,21,3,3,0,N,0,39 56:55.906,,0,75 08:51.750,3,0,0,0,67301,4,0,0,N,0,0,0,5,67301,2,,1,1,,N,N,N,0,,1,0,0,0,0,,2120,3,2,0,0,0,0,0,3,4,0,1,3,,N,,,,,,,,,,,
2021072681,1648.0,0,0,0,0,0,0,0,0,0,1,0,99.0,67,7,2021,7,39.9111,-75.1622,1648.0,6,0,0,0,0,0,1,0,0,,0,0,0,16,1,3,0,N,1,39 54:40.100,4.0,3,75 09:44.000,8,0,0,0,67301,0,0,0,N,0,0,0,8,67501,0,,1,1,1745.0,N,N,N,0,,0,0,4,3,8,N,1648,3,5,0,0,0,3,0,3,4,1,5,3,3.0,Y,4.0,1.0,U,,,U,Y,,,,N
2021116480,1618.0,1,0,0,0,0,0,0,0,0,1,0,,67,11,2021,2,40.0232,-75.0342,1618.0,6,0,0,0,0,0,1,0,0,,0,0,0,16,1,0,0,N,0,40 01:23.561,,0,75 02:03.264,9,0,0,0,67301,0,0,0,N,0,0,0,5,68K01,0,,1,1,,N,N,N,0,,0,0,1,0,0,,1618,0,3,0,0,0,0,1,3,4,0,3,3,,N,,,,,,,,,,,
2021077174,944.0,1,0,0,0,0,0,0,0,0,4,0,,67,8,2021,6,40.026,-75.1467,944.0,6,0,0,0,0,0,0,0,0,,0,0,0,9,1,0,1,,0,40 01:33.733,,0,75 08:48.040,9,0,0,0,67301,0,0,0,N,0,0,0,2,67301,0,,1,99,,N,N,N,0,,0,0,1,3,2,,900,0,2,0,0,0,0,1,3,4,0,2,3,98.0,N,,,,,,,,,,,
2021119588,1311.0,1,0,0,0,0,0,0,0,0,5,1,,67,11,2021,2,40.0471,-75.0008,1311.0,6,0,0,0,0,0,1,0,0,,0,1,0,13,1,0,0,N,0,40 02:49.464,,0,75 00:03.018,0,0,0,0,67301,0,0,0,N,0,0,0,2,68K01,0,,3,1,,N,N,N,0,,0,0,0,0,0,,1311,0,2,0,0,0,0,0,3,4,0,2,3,,N,,,,,,,,,,,
2021078359,234.0,1,0,0,0,0,0,0,0,0,7,0,,67,8,2021,1,40.0041,-75.1776,233.0,6,0,0,0,0,0,0,0,0,,0,0,0,2,3,0,0,N,0,40 00:14.864,,0,75 10:39.211,0,0,0,0,67301,0,0,0,N,0,0,0,1,67301,0,,4,1,,N,N,N,0,,0,0,0,0,0,,233,0,2,0,0,0,0,0,3,4,1,2,3,3.0,N,,,,,,,,,,,
2021075822,142.0,2,0,0,0,0,0,0,0,0,4,0,,67,8,2021,7,39.9154,-75.1497,142.0,6,0,0,2,0,0,0,0,0,,0,0,0,1,3,0,1,,0,39 54:55.414,,0,75 08:58.945,0,0,0,0,67301,0,0,0,N,0,0,0,2,67301,0,,1,1,,N,N,N,0,,0,0,0,3,3,,142,0,2,0,0,2,0,0,3,4,0,2,3,3.0,N,,,,,,,,,,,
2021105705,,2,0,0,0,0,0,0,0,0,4,0,,67,7,2021,1,40.0378,-75.0379,,6,0,0,0,0,0,0,0,0,,0,0,0,18,1,2,1,,0,40 02:16.191,,0,75 02:16.971,8,0,0,0,67301,0,0,0,N,0,0,0,4,00000,0,,1,1,,N,N,N,0,,0,0,0,3,2,,1800,2,2,0,0,0,2,0,3,4,0,2,3,,N,,,,,,,,,,,
2021119793,1545.0,5,0,0,0,0,0,0,0,0,5,0,,67,3,2021,5,40.0627,-75.0428,1533.0,6,0,0,0,0,0,1,0,0,,0,0,0,15,1,1,0,N,1,40 03:45.607,2.0,0,75 02:34.112,3,0,0,0,67301,0,0,0,N,0,0,0,6,67301,0,,1,1,1530.0,N,N,N,0,,1,0,1,0,0,N,1520,1,6,0,0,0,0,0,3,4,0,6,3,3.0,N,,,,,,,,,,,
2021119535,19.0,0,0,0,0,0,0,0,0,0,7,0,,67,11,2021,1,39.9612,-75.1824,16.0,6,0,0,0,0,0,0,0,0,,0,0,0,0,3,0,0,N,1,39 57:40.397,3.0,0,75 10:56.651,0,0,0,0,67301,0,0,0,Y,0,0,0,2,68K01,0,,5,1,130.0,N,N,N,0,,0,0,1,0,0,Y,8,0,1,0,0,0,0,0,3,4,0,1,3,3.0,N,,,,,,,,,,,
2021072304,1326.0,4,0,0,0,0,0,0,0,0,1,0,,67,7,2021,6,39.9733,-75.159,1321.0,6,0,0,0,0,0,0,0,0,,0,0,0,13,1,2,0,N,0,39 58:23.969,,0,75 09:32.309,3,0,0,0,67301,0,0,0,N,0,0,0,5,67301,0,,1,1,,N,N,N,0,,2,0,1,0,0,,1306,2,5,0,0,0,0,0,3,4,0,5,3,3.0,N,,,,,,,,,,,
2021072868,1600.0,1,0,0,0,0,0,0,0,0,4,0,,67,8,2021,2,40.0964,-75.0173,1554.0,6,0,0,0,0,0,0,0,1,,0,0,0,15,1,1,0,N,0,40 05:46.900,,7,75 01:02.300,3,0,0,0,67301,0,0,0,N,0,0,0,2,67301,0,,1,1,,N,N,N,0,,1,0,1,0,0,,1513,1,2,0,0,0,0,0,3,4,0,2,3,3.0,N,,,,,,,,,,,
2021115282,1225.0,1,0,0,0,0,0,0,0,0,4,1,,67,11,2021,4,40.0089,-75.0719,1204.0,6,0,0,0,0,0,0,0,0,,0,1,0,11,1,0,5,,1,40 00:31.996,1.0,0,75 04:18.728,0,0,0,0,67301,0,0,0,N,0,0,0,2,67301,0,,1,1,1235.0,N,N,N,0,,0,0,0,3,8,N,1135,0,2,0,0,0,0,0,3,4,0,2,3,3.0,N,,,,,,,,,,,
2021114813,18.0,2,0,0,0,0,0,0,0,0,7,0,,67,11,2021,7,40.03,-75.1039,16.0,6,0,0,0,0,0,1,0,0,,2,0,0,0,3,4,0,N,2,40 01:48.117,7.0,0,75 06:13.998,1,0,0,0,67301,0,0,0,N,0,0,0,6,67301,1,2.0,4,1,800.0,N,N,Y,0,0.0,1,2,1,0,0,Y,15,4,3,0,0,0,0,0,3,4,0,3,3,3.0,N,,,,,,,,,,,
2021072481,1743.0,3,0,0,0,0,0,0,0,0,4,0,,67,8,2021,3,39.9432,-75.2296,1742.0,6,0,0,0,0,0,0,0,0,,0,0,0,17,1,2,1,,0,39 56:35.408,,0,75 13:46.423,3,0,0,0,67301,0,0,0,N,0,0,0,3,67301,0,,1,1,,N,N,N,1,,2,0,1,3,3,,1738,2,5,0,0,0,0,0,3,4,0,5,3,3.0,N,,,,,,,,,,,
2021115651,1852.0,1,0,0,0,0,0,0,0,0,4,0,,67,11,2021,1,40.0163,-75.0618,1852.0,6,0,0,0,0,0,0,0,0,,0,0,0,18,3,0,0,N,0,40 00:58.803,,0,75 03:42.545,0,0,0,0,67301,0,0,0,N,0,0,0,1,67301,0,,1,1,,N,N,N,0,,0,0,0,0,0,,1852,0,2,0,0,1,0,0,3,4,1,2,3,3.0,N,,,,,,,,,,,
2021073807,1831.0,1,0,0,0,0,0,0,0,0,8,0,,67,8,2021,5,39.9962,-75.1723,1822.0,6,0,0,0,0,0,0,0,0,,0,0,0,17,1,1,1,,0,39 59:46.445,,0,75 10:20.401,2,0,0,0,67301,1,0,1,N,1,0,1,2,67301,0,,1,1,,N,N,N,0,,0,1,0,3,2,,1706,1,2,0,0,0,0,0,3,4,0,1,3,3.0,N,,,,,,,,,,,
2021075281,2108.0,1,0,0,0,0,0,0,0,0,4,0,,67,8,2021,7,40.0153,-75.1372,2102.0,6,0,0,0,0,0,0,0,0,,0,0,0,20,3,3,1,,0,40 00:55.090,,0,75 08:13.768,3,0,0,0,67301,0,0,0,N,0,0,0,4,67301,0,,1,1,,N,N,N,0,,3,0,1,3,2,,2059,3,2,0,0,0,0,0,3,4,0,2,3,3.0,N,,,,,,,,,,,
2021105785,,2,0,0,0,0,0,0,0,0,1,0,,67,7,2021,6,39.9265,-75.2331,,6,0,0,0,0,0,1,0,0,,0,0,0,19,1,1,1,,0,39 55:35.252,,0,75 13:59.106,8,0,0,0,67301,0,0,0,N,0,0,0,3,00000,0,,1,1,,N,N,N,0,,0,0,0,3,2,,1900,1,2,0,0,0,1,0,3,4,0,2,3,,N,,,,,,,,,,,
2021076152,2227.0,2,0,0,0,0,0,0,0,0,1,0,,67,8,2021,1,40.0082,-75.1514,2223.0,6,0,0,0,0,0,1,0,0,,0,0,0,22,3,2,0,N,1,40 00:29.498,2.0,0,75 09:04.901,8,0,0,0,67301,0,0,0,N,0,0,0,9,67505,0,,1,1,2250.0,Y,N,N,0,,0,0,1,0,0,N,2219,2,3,0,0,0,2,0,3,4,0,3,3,3.0,N,,,,,,,,,,,
2021118416,826.0,2,0,0,0,0,0,0,0,0,4,0,,67,12,2021,7,39.9854,-75.1614,826.0,6,0,0,0,0,0,1,0,1,,0,0,0,8,1,2,1,,0,39 59:07.285,,0,75 09:40.982,3,0,0,0,67301,0,0,0,N,0,0,0,4,67301,0,,1,1,,N,N,N,0,,2,0,0,3,2,,820,2,2,0,0,1,0,0,3,4,0,2,3,,N,,,,,,,,,,,
2021076069,1758.0,1,0,0,0,0,0,0,0,0,5,0,,67,8,2021,7,40.0154,-75.1395,1754.0,6,0,0,0,0,0,0,0,0,,0,0,0,17,1,0,0,N,0,40 00:55.460,,0,75 08:22.210,0,0,0,0,67301,0,0,0,N,0,0,0,1,67301,0,,6,1,,N,N,N,1,,0,0,1,0,0,,1754,0,3,0,0,0,0,0,3,4,0,3,3,3.0,N,,,,,,,,,,,
2021077439,2341.0,1,0,0,1,0,0,0,0,0,4,0,,67,8,2021,6,39.9972,-75.1316,2341.0,6,0,0,0,0,0,0,0,0,,0,0,0,23,3,1,1,,0,39 59:50.006,,0,75 07:53.731,3,0,0,0,67301,1,0,0,N,0,0,0,2,67301,0,,1,1,,N,N,N,0,,1,0,0,0,0,,2341,1,2,0,0,0,0,0,3,4,0,1,3,3.0,N,,,,,,,,,,,
2021120662,1313.0,1,0,0,0,0,0,0,0,0,4,0,,67,11,2021,1,39.9935,-75.1713,1304.0,6,0,0,0,0,0,1,1,0,,0,0,0,12,1,0,1,,0,39 59:36.535,,0,75 10:16.672,0,0,0,0,67301,0,0,0,N,0,0,0,2,67301,0,,1,1,,N,N,N,0,,0,0,1,3,3,,1220,0,2,0,0,0,0,0,3,4,0,2,4,4.0,N,,,,,,,,,,,
2021088768,231.0,2,0,0,0,0,0,0,0,0,4,0,,67,8,2021,5,39.9617,-75.2449,230.0,6,0,0,0,0,0,0,0,0,,0,0,0,1,3,1,1,,0,39 57:42.026,,0,75 14:41.535,8,0,0,0,67301,0,0,0,N,0,0,0,3,67301,0,,1,1,,N,N,N,0,,0,0,1,3,3,,130,1,4,0,0,0,1,1,3,4,1,4,3,3.0,N,,,,,,,,,,,
2021079789,755.0,0,0,0,0,0,0,0,0,0,0,0,,67,8,2021,3,39.9287,-75.1464,750.0,6,0,0,0,0,0,0,0,0,,0,0,0,7,1,1,0,N,1,39 55:43.217,2.0,0,75 08:47.130,3,0,0,0,67301,0,0,0,N,0,0,0,1,68K01,0,,1,1,830.0,N,N,N,0,,1,0,2,0,0,N,748,1,2,0,0,0,0,0,3,4,0,2,3,,N,,,,,,,,,,,
2021075116,800.0,0,0,0,0,0,0,0,0,0,1,0,,67,8,2021,5,40.0299,-75.1038,753.0,6,0,0,0,0,0,0,1,0,,0,0,0,7,1,1,0,N,1,40 01:47.684,2.0,0,75 06:13.710,2,0,1,1,67301,0,0,0,N,0,0,0,2,67301,0,,1,1,830.0,N,N,N,0,,0,1,0,0,0,N,750,1,2,0,0,0,0,0,3,4,1,2,3,3.0,N,,,,,,,,,,,
2021117517,2059.0,2,0,0,0,0,0,0,0,0,1,0,,67,11,2021,1,39.9644,-75.1849,2053.0,6,0,0,0,1,0,1,0,0,,0,0,0,20,3,1,0,N,0,39 57:51.731,,0,75 11:05.629,4,0,0,0,67301,0,0,0,N,0,0,0,4,68K01,1,,1,9,,N,N,N,0,,0,0,1,0,0,,2052,1,3,0,0,0,0,0,3,4,0,3,7,,N,,,,,,,,,,,
2021116204,441.0,1,0,0,0,0,0,0,0,0,7,0,,67,10,2021,7,39.9612,-75.1824,430.0,6,0,0,0,0,0,0,0,0,,0,0,0,4,3,1,6,N,0,39 57:40.397,,2,75 10:56.651,3,0,0,0,67301,0,0,0,N,0,0,0,1,68K01,0,,2,9,,N,N,N,0,,1,0,0,0,0,,427,1,1,0,0,0,0,0,3,4,0,1,7,,N,,,,,,,,,,,
2021078345,104.0,1,0,0,0,0,0,0,0,0,4,0,,67,8,2021,1,40.0276,-75.1654,58.0,6,0,0,0,0,0,0,0,0,,0,0,0,0,3,1,1,,1,40 01:39.377,5.0,0,75 09:55.494,3,0,0,0,67301,0,0,0,N,0,0,0,2,67301,0,,1,1,130.0,N,N,N,1,,1,0,0,3,2,Y,56,1,2,0,0,1,0,0,3,4,0,2,3,3.0,N,,,,,,,,,,,