CRN,ARRIVAL_TM,AUTOMOBILE_COUNT,BELTED_DEATH_COUNT,BELTED_SUSP_SERIOUS_INJ_COUNT,BICYCLE_COUNT,BICYCLE_DEATH_COUNT,BICYCLE_SUSP_SERIOUS_INJ_COUNT,BUS_COUNT,CHLDPAS_DEATH_COUNT,CHLDPAS_SUSP_SERIOUS_INJ_COUNT,COLLISION_TYPE,COMM_VEH_COUNT,CONS_ZONE_SPD_LIM,COUNTY,CRASH_MONTH,CRASH_YEAR,DAY_OF_WEEK,DEC_LAT,DEC_LONG,DISPATCH_TM,DISTRICT,DRIVER_COUNT_16YR,DRIVER_COUNT_17YR,DRIVER_COUNT_18YR,DRIVER_COUNT_19YR,DRIVER_COUNT_20YR,DRIVER_COUNT_50_64YR,DRIVER_COUNT_65_74YR,DRIVER_COUNT_75PLUS,EST_HRS_CLOSED,FATAL_COUNT,HEAVY_TRUCK_COUNT,HORSE_BUGGY_COUNT,HOUR_OF_DAY,ILLUMINATION,INJURY_COUNT,INTERSECT_TYPE,INTERSECTION_RELATED,LANE_CLOSED,LATITUDE,LN_CLOSE_DIR,LOCATION_TYPE,LONGITUDE,MAX_SEVERITY_LEVEL,MCYCLE_DEATH_COUNT,MCYCLE_SUSP_SERIOUS_INJ_COUNT,MOTORCYCLE_COUNT,MUNICIPALITY,NONMOTR_COUNT,NONMOTR_DEATH_COUNT,NONMOTR_SUSP_SERIOUS_INJ_COUNT,NTFY_HIWY_MAINT,PED_COUNT,PED_DEATH_COUNT,PED_SUSP_SERIOUS_INJ_COUNT,PERSON_COUNT,POLICE_AGCY,POSSIBLE_INJ_COUNT,RDWY_SURF_TYPE_CD,RELATION_TO_ROAD,ROAD_CONDITION,ROADWAY_CLEARED,SCH_BUS_IND,SCH_ZONE_IND,SECONDARY_CRASH,SMALL_TRUCK_COUNT,SPEC_JURIS_CD,SUSP_MINOR_INJ_COUNT,SUSP_SERIOUS_INJ_COUNT,SUV_COUNT,TCD_FUNC_CD,TCD_TYPE,TFC_DETOUR_IND,TIME_OF_DAY,TOT_INJ_COUNT,TOTAL_UNITS,UNB_DEATH_COUNT,UNB_SUSP_SERIOUS_INJ_COUNT,UNBELTED_OCC_COUNT,UNK_INJ_DEG_COUNT,UNK_INJ_PER_COUNT,URBAN_AREA,URBAN_RURAL,VAN_COUNT,VEHICLE_COUNT,WEATHER1,WEATHER2,WORK_ZONE_IND,WORK_ZONE_LOC,WORK_ZONE_TYPE,WORKERS_PRES,WZ_CLOSE_DETOUR,WZ_FLAGGER,WZ_LAW_OFFCR_IND,WZ_LN_CLOSURE,WZ_MOVING,WZ_OTHER,WZ_SHLDER_MDN,WZ_WORKERS_INJ_KILLED
2021068890,2323.0,1,0,0,0,0,0,0,0,0,5,0,,67,7,2021,1,39.979,-75.1604,2321.0,6,0,0,0,0,0,0,0,0,,0,0,0,23,3,2,0,N,2,39 58:44.434,6.0,0,75 09:37.421,4,0,0,0,67301,1,0,0,N,0,0,0,2,67505,1,,6,1,110.0,N,N,N,1,,0,0,1,0,0,Y,2320,2,3,0,0,0,1,0,3,4,0,3,3,3.0,N,,,,,,,,,,,
2021070415,1826.0,0,0,0,0,0,0,0,0,0,2,0,,67,7,2021,1,40.0599,-75.163,1825.0,6,0,0,0,0,0,0,0,0,,0,0,0,18,1,1,2,,2,40 03:35.528,5.0,0,75 09:46.720,3,0,0,0,67301,0,0,0,N,0,0,0,2,67301,0,,1,1,1901.0,N,N,N,0,,1,0,1,0,0,Y,1820,1,2,0,0,1,0,0,3,4,1,2,3,3.0,N,,,,,,,,,,,
2021078299,302.0,2,0,0,0,0,0,0,0,0,4,0,,67,7,2021,7,39.9572,-75.2275,300.0,6,0,0,0,0,0,0,0,0,,0,0,0,2,3,1,1,,0,39 57:25.949,,0,75 13:38.934,3,0,0,0,67301,0,0,0,N,0,0,0,2,67301,0,,1,1,,N,N,N,0,,1,0,1,3,2,,252,1,3,0,0,1,0,1,3,4,0,3,3,3.0,N,,,,,,,,,,,
2021075098,1420.0,0,0,0,0,0,0,0,0,0,8,0,,67,8,2021,7,40.0294,-75.2061,1417.0,6,0,0,0,0,0,0,0,0,,0,0,0,14,1,1,0,N,0,40 01:45.930,,0,75 12:22.003,8,0,0,0,67301,1,0,0,N,1,0,0,2,67301,0,,1,1,,N,N,N,0,,0,0,1,0,0,,1415,1,2,0,0,1,1,0,3,4,0,1,3,3.0,N,,,,,,,,,,,
2021073354,1303.0,2,0,0,0,0,0,0,0,0,4,0,,67,8,2021,2,39.9215,-75.1871,1303.0,6,0,0,0,0,0,0,0,0,,0,0,0,13,1,2,0,N,0,39 55:17.500,,7,75 11:13.600,4,0,0,0,67301,0,0,0,N,0,0,0,5,67301,2,,1,1,,N,N,N,0,,0,0,0,3,3,,1303,2,2,0,0,0,0,0,3,4,0,2,3,3.0,N,,,,,,,,,,,
2021071374,1640.0,0,0,0,0,0,0,0,0,0,8,0,,67,7,2021,7,39.9954,-75.1212,1638.0,6,0,0,0,0,0,0,0,0,,0,0,0,16,1,1,0,N,2,39 59:43.410,2.0,0,75 07:16.460,2,0,0,1,67301,1,0,1,N,1,0,1,2,67301,0,,1,1,1745.0,N,N,N,0,,0,1,0,0,0,Y,1635,1,2,0,0,0,0,0,3,4,0,1,3,3.0,N,,,,,,,,,,,
2021115493,5.0,0,0,0,0,0,0,0,0,0,8,0,,67,11,2021,6,40.0809,-75.2081,0.0,6,0,0,0,0,0,0,1,0,,0,0,0,21,3,1,0,N,0,40 04:51.074,,0,75 12:29.230,3,0,0,0,67301,1,0,0,N,1,0,0,2,67301,0,,1,1,,N,N,N,0,,1,0,1,3,2,,2159,1,2,0,0,0,0,0,3,4,0,1,3,,N,,,,,,,,,,,
2021074038,1654.0,1,0,0,0,0,0,0,0,0,7,0,,67,8,2021,7,39.9808,-75.1985,1652.0,6,0,0,0,1,0,0,0,0,,0,0,0,16,1,2,0,N,0,39 58:50.922,,0,75 11:54.537,3,0,0,0,67301,0,0,0,N,0,0,0,2,67301,0,,5,1,,N,N,N,0,,2,0,0,0,0,,1650,2,1,0,0,0,0,0,3,4,0,1,4,4.0,N,,,,,,,,,,,
2021072491,238.0,0,0,0,0,0,0,0,0,0,7,0,35.0,67,8,2021,1,39.9149,-75.1896,234.0,6,0,0,0,0,0,0,0,0,,0,0,0,2,3,0,0,N,2,39 54:53.600,4.0,3,75 11:22.500,0,0,0,0,67301,0,0,0,N,0,0,0,1,67501,0,,3,1,333.0,N,N,N,0,,0,0,1,0,0,N,234,0,1,0,0,0,0,0,3,4,0,1,3,,Y,4.0,1.0,N,,,N,Y,,,Y,N
2021071640,432.0,0,0,0,0,0,0,0,0,0,4,0,,67,8,2021,1,39.9701,-75.2431,430.0,6,0,0,0,0,0,0,0,0,,0,0,0,4,3,3,1,,0,39 58:12.414,,0,75 14:35.300,3,0,0,0,67301,0,0,0,N,0,0,0,3,67301,0,,1,1,,N,N,N,0,,3,0,1,3,3,,413,3,2,0,0,3,0,0,3,4,1,2,3,3.0,N,,,,,,,,,,,
2021073563,1130.0,0,0,0,0,0,0,0,0,0,1,0,,67,8,2021,2,40.1076,-75.0537,1126.0,6,0,0,0,0,0,0,0,0,,0,0,0,11,1,2,2,,0,40 06:27.237,,0,75 03:13.704,3,0,0,0,67301,0,0,0,N,0,0,0,3,67301,0,,1,1,,N,N,N,0,,2,0,2,3,2,,1125,2,2,0,0,0,0,1,3,4,0,2,3,3.0,N,,,,,,,,,,,
2021071000,2045.0,0,0,0,0,0,0,0,0,0,8,0,,67,7,2021,6,40.037,-75.0765,2021.0,6,0,0,0,0,0,0,0,0,,0,0,0,19,3,1,1,,0,40 02:13.347,,0,75 04:35.515,3,0,0,0,67301,1,0,0,N,1,0,0,2,67301,0,,1,1,,N,N,N,0,,1,0,1,3,3,,1945,1,2,0,0,0,0,0,3,4,0,1,3,3.0,N,,,,,,,,,,,
2021071113,318.0,2,0,0,0,0,0,0,0,0,4,0,,67,7,2021,4,40.0169,-75.1495,316.0,6,0,0,0,0,0,0,0,0,,0,0,0,3,3,0,1,,0,40 01:00.719,,0,75 08:58.111,0,0,0,0,67301,0,0,0,N,0,0,0,2,67301,0,,1,1,,N,N,N,0,,0,0,0,3,2,,310,0,2,0,0,0,0,0,3,4,0,2,3,3.0,N,,,,,,,,,,,
2021114037,2051.0,0,0,0,0,0,0,0,0,0,4,1,,67,11,2021,1,39.9477,-75.1986,2046.0,6,0,0,0,0,0,2,0,0,,0,0,0,20,3,1,2,,1,39 56:51.748,1.0,0,75 11:55.037,3,0,0,0,67301,0,0,0,N,0,0,0,2,67301,0,,1,1,2130.0,N,N,N,0,,1,0,1,3,7,N,2045,1,2,0,0,0,0,0,3,4,0,2,3,3.0,N,,,,,,,,,,,
2021070355,358.0,1,0,0,0,0,0,0,0,0,5,0,,67,7,2021,2,40.0405,-75.0589,348.0,6,0,0,0,0,0,0,0,0,,0,0,0,3,3,1,1,,0,40 02:25.798,,0,75 03:31.964,8,0,0,0,67301,0,0,0,N,0,0,0,2,67301,0,,1,1,,N,N,N,1,,0,0,0,3,2,,335,1,2,0,0,0,1,0,3,4,0,2,3,3.0,N,,,,,,,,,,,
2021114758,1523.0,0,0,0,0,0,0,0,0,0,1,1,,67,11,2021,1,39.9673,-75.1323,1507.0,6,0,0,0,0,0,0,0,1,,0,1,0,14,1,1,0,N,0,39 58:02.266,,0,75 07:56.438,3,0,0,0,67301,0,0,0,N,0,0,0,2,68K01,0,,1,1,,N,N,N,0,,1,0,1,0,0,,1435,1,2,0,0,0,0,0,3,4,0,2,3,,N,,,,,,,,,,,
2021074716,1404.0,2,0,0,0,0,0,0,0,0,4,0,,67,7,2021,4,39.9609,-75.2329,1404.0,6,0,0,0,0,0,0,0,0,,0,0,0,14,1,1,1,,0,39 57:39.654,,1,75 13:58.195,4,0,0,0,67301,0,0,0,N,0,0,0,3,67301,1,,1,1,,N,N,N,0,,0,0,2,3,2,,1401,1,4,0,0,0,0,0,3,4,0,4,3,3.0,N,,,,,,,,,,,
2021114759,1809.0,2,0,0,0,0,0,0,0,0,1,0,,67,11,2021,1,40.0258,-75.0282,1803.0,6,0,0,0,0,0,0,0,0,,0,0,0,18,3,1,0,N,0,40 01:32.966,,0,75 01:41.572,8,0,0,0,67301,0,0,0,N,0,0,0,2,68K01,0,,1,1,,N,N,N,0,,0,0,0,0,0,,1801,1,2,0,0,0,1,1,3,4,0,2,3,,N,,,,,,,,,,,
2021070418,1205.0,2,0,0,0,0,0,0,0,0,4,0,,67,7,2021,4,40.0586,-75.1658,1154.0,6,0,0,0,0,1,0,0,0,,0,0,0,11,1,1,0,N,0,40 03:31.093,,7,75 09:56.762,3,0,0,0,67301,0,0,0,N,0,0,0,2,67301,0,,1,1,,N,N,N,0,,1,0,0,0,0,,1112,1,2,0,0,0,0,0,3,4,0,2,3,98.0,N,,,,,,,,,,,
2021070439,250.0,1,0,0,0,0,0,0,0,0,5,0,,67,7,2021,1,40.0346,-75.0686,250.0,6,0,0,0,0,0,0,0,0,,0,0,0,2,3,0,0,N,1,40 02:04.393,4.0,0,75 04:07.099,0,0,0,0,67301,0,0,0,N,0,0,0,1,67301,0,,6,9,415.0,N,N,N,0,,0,0,2,0,0,N,245,0,4,0,0,0,0,0,3,4,1,4,7,,N,,,,,,,,,,,
2021073551,1849.0,2,0,0,0,0,0,0,0,0,4,0,,67,7,2021,7,39.9592,-75.2311,1846.0,6,0,0,0,0,0,0,0,0,,0,0,0,18,1,4,1,,0,39 57:33.183,,0,75 13:52.001,2,0,0,0,67301,0,0,0,N,0,0,0,4,67301,0,,1,1,,N,N,N,0,,3,1,0,3,2,,1840,4,2,0,0,0,0,0,3,4,0,2,3,,N,,,,,,,,,,,
2021073606,350.0,1,0,0,0,0,0,0,0,0,1,0,,67,8,2021,7,39.9703,-75.2271,346.0,6,0,0,0,0,0,0,0,0,,0,0,0,3,3,0,1,,0,39 58:13.130,,0,75 13:37.408,0,0,0,0,67301,0,0,0,N,0,0,0,2,67301,0,,1,1,,N,N,N,0,,0,0,1,3,3,,340,0,2,0,0,2,0,0,3,4,0,2,3,3.0,N,,,,,,,,,,,
2021075401,2327.0,1,0,0,1,0,0,0,0,0,4,0,,67,8,2021,7,39.9247,-75.1737,2325.0,6,0,0,0,0,0,0,0,0,,0,0,0,23,3,1,2,,1,39 55:28.962,4.0,0,75 10:25.444,3,0,0,0,67301,1,0,0,N,0,0,0,2,67301,0,,1,1,100.0,N,N,N,0,,1,0,0,3,2,N,2315,1,2,0,0,0,0,0,3,4,0,1,3,3.0,N,,,,,,,,,,,
2021071750,1650.0,1,0,0,0,0,0,0,0,0,1,0,,67,8,2021,2,40.0098,-75.0895,1640.0,6,0,0,0,0,0,1,0,0,,0,0,0,16,1,1,0,N,0,40 00:35.124,,0,75 05:22.026,3,0,0,0,67301,0,0,0,N,0,0,0,2,67301,0,,1,1,,N,N,N,0,,1,0,0,0,0,,1638,1,2,0,0,2,0,0,3,4,1,2,3,3.0,N,,,,,,,,,,,
2021071800,146.0,2,0,0,0,0,0,0,0,0,1,0,,67,8,2021,3,40.054,-75.1266,144.0,6,0,0,0,0,0,2,0,0,,0,0,0,1,3,1,3,,0,40 03:14.324,,0,75 07:35.922,3,0,0,0,67301,0,0,0,N,0,0,0,2,67301,0,,1,1,,N,N,N,0,,1,0,1,3,2,,140,1,3,0,0,0,0,0,3,4,0,3,3,3.0,N,,,,,,,,,,,
2021071101,444.0,1,0,0,0,0,0,0,0,0,1,0,,67,7,2021,4,39.9843,-75.188,444.0,6,0,0,0,0,0,2,0,0,,0,0,0,4,8,2,2,,0,39 59:02.847,,0,75 11:16.987,3,0,0,0,67301,0,0,0,N,0,0,0,3,67301,0,,1,1,,N,N,N,0,,2,0,1,3,2,,443,2,2,0,0,0,0,0,3,4,0,2,3,3.0,N,,,,,,,,,,,
2021070543,300.0,1,0,0,0,0,0,0,0,0,2,0,,67,7,2021,1,40.0442,-75.113,252.0,6,0,0,0,0,0,0,0,0,,0,0,0,2,3,0,0,N,0,40 02:39.025,,0,75 06:46.925,0,0,0,0,67301,0,0,0,N,0,0,0,1,67301,0,,6,1,,N,N,N,0,,0,0,2,0,0,,231,0,3,0,0,0,0,0,3,4,0,3,3,3.0,N,,,,,,,,,,,
2021072517,1419.0,0,0,0,0,0,0,0,0,0,1,0,,67,7,2021,4,39.9491,-75.185,1406.0,6,0,0,0,0,0,0,0,0,,0,0,0,14,1,0,0,N,1,39 56:56.782,3.0,0,75 11:05.872,0,0,0,0,67301,0,0,0,N,0,0,0,5,68K01,0,,1,1,1425.0,N,N,N,0,,0,0,2,0,0,N,1404,0,2,0,0,0,0,0,3,4,0,2,3,,N,,,,,,,,,,,
2021096328,220.0,1,0,0,0,0,0,0,0,0,4,0,,67,7,2021,3,39.9542,-75.2485,208.0,6,0,1,0,0,0,0,0,0,,0,0,0,2,6,0,2,,0,39 57:15.202,,0,75 14:54.679,0,0,0,0,67301,0,0,0,N,0,0,0,2,67301,0,,1,1,,N,N,N,0,,0,0,1,0,0,,208,0,2,0,0,0,0,0,3,4,0,2,3,,N,,,,,,,,,,,
2021070532,850.0,0,0,0,0,0,0,0,0,0,8,0,,67,7,2021,4,39.9725,-75.1414,848.0,6,0,0,0,0,0,0,0,0,,0,0,0,8,1,1,1,,0,39 58:20.938,,0,75 08:29.165,4,0,0,0,67301,1,0,0,N,1,0,0,2,67301,1,,1,1,,N,N,N,0,,0,0,0,3,3,,836,1,2,0,0,0,0,0,3,4,0,1,3,3.0,N,,,,,,,,,,,
2021071639,445.0,2,0,0,0,0,0,0,0,0,5,0,,67,7,2021,5,39.9792,-75.2501,444.0,6,0,0,0,0,0,0,0,0,,0,0,0,4,3,0,0,N,0,39 58:45.030,,0,75 15:00.360,0,0,0,0,67301,0,0,0,N,0,0,0,1,67301,0,,6,1,,N,N,N,0,,0,0,2,0,0,,430,0,4,0,0,0,0,0,3,4,0,4,3,3.0,N,,,,,,,,,,,
2021071272,1130.0,1,0,0,0,0,0,0,0,0,4,0,,67,7,2021,4,40.0566,-75.0878,1128.0,6,0,0,0,0,0,1,0,0,,0,0,0,10,1,1,0,N,0,40 03:23.780,,0,75 05:15.980,3,0,0,0,67301,0,0,0,N,0,0,0,2,67301,0,,1,1,,N,N,N,0,,1,0,2,0,0,,1054,1,3,0,0,0,0,0,3,4,0,3,3,,N,,,,,,,,,,,
2021070445,732.0,1,0,0,0,0,0,0,0,0,4,0,,67,7,2021,4,40.0283,-75.0271,722.0,6,0,0,0,0,0,0,0,0,,0,0,0,7,1,1,0,N,0,40 01:41.935,,0,75 01:37.636,3,0,0,0,67301,1,0,0,N,0,0,0,3,67301,0,,1,1,,N,N,N,0,,1,0,2,0,0,,720,1,3,0,0,0,0,0,3,4,0,3,3,,N,,,,,,,,,,,
2021114712,343.0,3,0,0,0,0,0,0,0,0,1,0,,67,10,2021,7,39.9639,-75.1843,329.0,6,0,0,0,0,0,0,0,0,,0,0,0,3,3,1,0,N,2,39 57:50.060,4.0,0,75 11:03.492,3,0,0,0,67301,0,0,0,N,0,0,0,3,68K01,0,,1,1,418.0,N,N,N,0,,1,0,0,0,0,N,328,1,3,0,0,0,0,1,3,4,0,3,3,,N,,,,,,,,,,,
2021113330,1200.0,0,0,0,0,0,0,0,0,0,2,1,,67,11,2021,6,40.009,-75.0665,1147.0,6,0,0,0,0,0,0,0,0,,0,1,0,11,1,1,0,N,2,40 00:32.349,2.0,0,75 03:59.575,3,0,0,0,67301,0,0,0,N,0,0,0,2,67301,0,,1,1,1330.0,N,N,N,0,,1,0,1,0,0,Y,1120,1,2,0,0,0,0,0,3,4,0,2,3,3.0,N,,,,,,,,,,,
2021070341,1810.0,2,0,0,0,0,0,0,0,0,5,0,,67,7,2021,3,39.9261,-75.1694,1805.0,6,0,0,0,0,0,0,0,0,,0,0,0,18,1,0,0,N,0,39 55:34.037,,0,75 10:09.684,0,0,0,0,67301,0,0,0,N,0,0,0,1,67301,0,,6,1,,N,N,N,0,,0,0,1,0,0,,1800,0,3,0,0,0,0,0,3,4,0,3,3,3.0,N,,,,,,,,,,,
2021070468,300.0,3,0,0,0,0,0,0,0,0,4,0,,67,7,2021,1,39.9517,-75.2369,259.0,6,0,0,0,0,0,0,0,0,,0,0,0,2,3,1,1,,0,39 57:06.123,,0,75 14:12.685,3,0,0,0,67301,0,0,0,N,0,0,0,2,67301,0,,1,9,,N,N,N,0,,1,0,2,3,2,,225,1,5,0,0,0,0,0,3,4,0,5,7,7.0,N,,,,,,,,,,,
2021072336,1010.0,0,0,0,0,0,0,0,0,0,4,0,,67,8,2021,1,40.0551,-75.051,1006.0,6,0,0,0,0,0,1,0,0,,0,0,0,10,1,1,1,,0,40 03:18.469,,0,75 03:03.484,3,0,0,0,67301,0,0,0,N,0,0,0,2,67301,0,,1,1,,N,N,N,0,,1,0,2,3,3,,1005,1,3,0,0,1,0,0,3,4,0,3,3,3.0,N,,,,,,,,,,,
2021118072,1621.0,2,0,0,0,0,0,0,0,0,5,0,,67,11,2021,7,39.9569,-75.1538,1614.0,6,0,0,0,0,0,0,0,0,,0,0,0,16,1,1,7,N,0,39 57:24.866,,2,75 09:13.670,3,0,0,0,67301,0,0,0,N,0,0,0,4,68K01,0,,1,1,,N,N,N,0,,1,0,0,0,0,,1604,1,2,0,0,0,0,0,3,4,0,2,3,,N,,,,,,,,,,,
2021105328,,2,0,0,0,0,0,0,0,0,4,0,,67,6,2021,6,40.0329,-75.1777,,6,0,0,0,0,0,1,0,0,,0,0,0,12,1,1,1,,0,40 01:58.414,,0,75 10:39.820,3,0,0,0,67301,0,0,0,N,0,0,0,2,00000,0,,1,9,,N,N,N,0,,1,0,0,3,2,,1200,1,2,0,0,0,0,0,3,4,0,2,7,,N,,,,,,,,,,,
2021115791,1136.0,1,0,0,0,0,0,0,0,0,4,0,,67,11,2021,4,39.9498,-75.2071,1135.0,6,0,0,0,0,0,0,1,0,,0,0,0,11,1,0,1,,1,39 56:59.221,3.0,0,75 12:25.709,0,0,0,0,67301,0,0,0,N,0,0,0,2,67301,0,,1,1,1345.0,N,N,N,0,,0,0,0,3,2,Y,1130,0,2,0,0,0,0,0,3,4,1,2,3,3.0,N,,,,,,,,,,,
2021071270,1028.0,1,0,0,0,0,0,0,0,0,4,0,,67,7,2021,7,40.0139,-75.1848,1023.0,6,0,0,0,0,0,0,0,0,,0,0,0,10,1,1,2,,0,40 00:49.901,,0,75 11:05.191,3,0,0,0,67301,0,0,0,N,0,0,0,2,67301,0,,1,1,,N,N,N,0,,1,0,1,3,3,,1020,1,2,0,0,0,0,0,3,4,0,2,3,3.0,N,,,,,,,,,,,
2021072046,1815.0,1,0,0,1,0,0,0,0,0,5,0,,67,8,2021,2,39.9343,-75.1881,1800.0,6,0,0,0,0,0,0,0,0,,0,0,0,17,1,1,0,N,0,39 56:03.400,,0,75 11:17.000,8,0,0,0,67301,1,0,0,N,0,0,0,2,67301,0,,1,1,,N,N,N,0,,0,0,0,0,0,,1745,1,3,0,0,0,1,1,3,4,0,2,3,3.0,N,,,,,,,,,,,
2021115696,1655.0,1,0,0,0,0,0,0,0,0,4,1,,67,11,2021,4,39.94,-75.1981,1654.0,6,0,0,0,0,0,0,0,0,,0,1,0,16,4,2,0,N,0,39 56:24.110,,7,75 11:53.048,3,0,0,0,67301,0,0,0,N,0,0,0,3,67301,0,,1,1,,N,N,N,0,,2,0,0,0,0,,1653,2,2,0,0,0,0,0,3,4,0,2,3,3.0,N,,,,,,,,,,,
2021114245,821.0,0,0,0,0,0,0,0,0,0,1,0,,67,11,2021,6,39.9596,-75.176,801.0,6,0,0,0,0,0,0,1,0,,0,0,0,8,1,1,0,N,1,39 57:34.721,4.0,0,75 10:33.550,4,0,0,0,67301,0,0,0,N,0,0,0,3,68K01,1,,4,9,855.0,N,N,N,0,,0,0,2,3,8,N,800,1,2,0,0,1,0,0,3,4,0,2,7,,N,,,,,,,,,,,
2021070528,26.0,2,0,0,0,0,0,0,0,0,5,0,,67,7,2021,1,39.9723,-75.1445,22.0,6,0,0,0,0,0,0,0,0,,0,0,0,0,3,0,0,N,2,39 58:20.320,1.0,0,75 08:40.320,0,0,0,0,67301,0,0,0,N,0,0,0,1,67301,0,,6,1,110.0,N,N,N,0,,0,0,1,0,0,Y,18,0,3,0,0,0,0,0,3,4,0,3,3,,N,,,,,,,,,,,
2021073452,1848.0,0,0,0,0,0,0,0,0,0,1,0,,67,7,2021,2,40.0431,-75.1437,1844.0,6,0,0,0,0,0,1,0,0,,0,0,0,18,1,0,0,N,0,40 02:35.187,,0,75 08:37.453,0,0,0,0,67301,0,0,0,N,0,0,0,2,67301,0,,1,1,,N,N,N,0,,0,0,2,0,0,,1815,0,2,0,0,0,0,0,3,4,0,2,3,3.0,N,,,,,,,,,,,
2021113522,853.0,1,0,0,0,0,0,0,0,0,7,0,,67,11,2021,6,39.8877,-75.2419,842.0,6,0,0,0,0,0,0,0,0,,0,0,0,8,1,0,0,N,0,39 53:15.898,,0,75 14:30.839,0,0,0,0,67301,0,0,0,N,0,0,0,1,68K01,0,,5,1,,N,N,N,0,,0,0,0,0,0,,840,0,1,0,0,0,0,0,3,4,0,1,3,3.0,N,,,,,,,,,,,
2021070354,117.0,1,0,0,0,0,0,0,0,0,7,0,,67,7,2021,2,40.0499,-75.0581,115.0,6,0,0,0,0,0,0,0,0,,0,0,0,1,3,0,0,N,0,40 02:59.777,,0,75 03:28.989,0,0,0,0,67301,0,0,0,N,0,0,0,3,67301,0,,4,1,,N,N,N,0,,0,0,0,0,0,,108,0,1,0,0,0,0,0,3,4,0,1,3,3.0,N,,,,,,,,,,,
2021071185,404.0,1,0,0,0,0,0,0,0,0,6,0,,67,7,2021,3,39.9173,-75.2376,404.0,6,0,0,0,0,0,1,0,0,,0,0,0,4,3,0,0,N,0,39 55:02.380,,0,75 14:15.237,0,0,0,0,67301,0,0,0,N,0,0,0,1,67301,0,,6,1,,N,N,N,1,,0,0,0,0,0,,404,0,2,0,0,1,0,0,3,4,0,2,3,3.0,N,,,,,,,,,,,
2021070334,1305.0,1,0,0,0,0,0,0,0,0,4,0,,67,7,2021,3,39.9242,-75.1763,1302.0,6,0,0,0,0,0,1,0,0,,0,0,0,13,1,1,1,,0,39 55:27.207,,0,75 10:34.726,8,0,0,0,67301,0,0,0,N,0,0,0,4,67301,0,,1,1,,N,N,N,1,,0,0,2,3,2,,1300,1,4,0,0,0,1,1,3,4,0,4,3,3.0,N,,,,,,,,,,,
2021071089,1027.0,0,0,0,0,0,0,0,0,0,4,0,,67,7,2021,5,39.9702,-75.1451,1026.0,6,0,0,0,0,0,1,0,0,,0,0,0,10,1,0,1,,0,39 58:12.569,,0,75 08:42.214,0,0,0,0,67301,0,0,0,N,0,0,0,2,67301,0,,1,1,,N,N,N,0,,0,0,1,3,2,,1025,0,2,0,0,1,0,0,3,4,1,2,3,3.0,N,,,,,,,,,,,
2021116193,620.0,1,0,0,0,0,0,0,0,0,1,0,,67,10,2021,3,39.9298,-75.1462,612.0,6,0,0,0,0,0,2,0,0,,0,1,0,6,3,1,0,N,0,39 55:47.369,,0,75 08:46.172,3,0,0,0,67301,0,0,0,N,0,0,0,2,68K01,0,,1,9,,N,N,Y,0,,1,0,0,0,0,,605,1,2,0,0,0,0,0,3,4,0,2,7,7.0,N,,,,,,,,,,,
2021118127,1452.0,1,0,0,0,0,0,0,0,0,1,0,,67,11,2021,7,39.9675,-75.1324,1452.0,6,0,0,0,0,0,0,0,0,,0,0,0,14,1,0,0,N,0,39 58:03.111,,0,75 07:56.758,0,0,0,0,67301,0,0,0,N,0,0,0,5,68K01,0,,1,1,,N,N,N,0,,0,0,1,0,0,,1432,0,2,0,0,0,0,0,3,4,0,2,3,,N,,,,,,,,,,,
2021117362,1358.0,0,0,0,0,0,0,0,0,0,2,0,,67,12,2021,4,40.0635,-75.1698,1350.0,6,0,0,0,0,0,1,0,1,,0,0,0,13,1,1,1,N,0,40 03:48.698,,0,75 10:11.388,3,0,0,0,67301,0,0,0,N,0,0,0,4,67301,0,,5,1,,N,N,N,1,,1,0,3,3,2,,1348,1,4,0,0,0,0,0,3,4,0,4,3,,N,,,,,,,,,,,
2021116354,107.0,1,0,0,0,0,0,0,0,0,4,0,,67,11,2021,5,40.0612,-75.1394,59.0,6,0,0,0,0,0,0,0,0,,0,0,0,23,3,0,0,N,0,40 03:40.350,,0,75 08:21.950,9,0,0,0,67301,0,0,0,N,0,0,0,1,67301,0,,5,9,,N,N,N,0,,0,0,1,0,0,,2345,0,3,0,0,0,0,1,3,4,0,3,7,7.0,N,,,,,,,,,,,
2021072649,415.0,2,0,0,0,0,0,0,0,0,7,0,5.0,67,7,2021,7,40.0073,-75.1358,406.0,6,0,0,0,0,0,0,0,0,,0,0,0,4,3,0,0,N,0,40 00:26.184,,0,75 08:08.881,9,0,0,0,67301,0,0,0,N,0,0,0,1,67301,0,,1,1,,N,N,N,0,,0,0,0,3,8,,402,0,2,0,0,0,0,1,3,4,0,2,3,3.0,Y,2.0,1.0,N,Y,N,N,Y,N,N,N,N
2021073654,2351.0,0,0,0,0,0,0,0,0,0,7,0,,67,8,2021,5,40.0756,-75.2338,2341.0,6,0,0,0,0,0,0,0,0,,0,0,0,23,3,2,0,N,0,40 04:32.220,,0,75 14:01.720,8,0,0,0,67301,0,0,0,N,0,0,0,2,67301,0,,4,1,,N,N,N,0,,0,0,1,0,0,,2301,2,1,0,0,0,2,0,3,4,0,1,3,3.0,N,,,,,,,,,,,