CRN,ARRIVAL_TM,AUTOMOBILE_COUNT,BELTED_DEATH_COUNT,BELTED_SUSP_SERIOUS_INJ_COUNT,BICYCLE_COUNT,BICYCLE_DEATH_COUNT,BICYCLE_SUSP_SERIOUS_INJ_COUNT,BUS_COUNT,CHLDPAS_DEATH_COUNT,CHLDPAS_SUSP_SERIOUS_INJ_COUNT,COLLISION_TYPE,COMM_VEH_COUNT,CONS_ZONE_SPD_LIM,COUNTY,CRASH_MONTH,CRASH_YEAR,DAY_OF_WEEK,DEC_LAT,DEC_LONG,DISPATCH_TM,DISTRICT,DRIVER_COUNT_16YR,DRIVER_COUNT_17YR,DRIVER_COUNT_18YR,DRIVER_COUNT_19YR,DRIVER_COUNT_20YR,DRIVER_COUNT_50_64YR,DRIVER_COUNT_65_74YR,DRIVER_COUNT_75PLUS,EST_HRS_CLOSED,FATAL_COUNT,HEAVY_TRUCK_COUNT,HORSE_BUGGY_COUNT,HOUR_OF_DAY,ILLUMINATION,INJURY_COUNT,INTERSECT_TYPE,INTERSECTION_RELATED,LANE_CLOSED,LATITUDE,LN_CLOSE_DIR,LOCATION_TYPE,LONGITUDE,MAX_SEVERITY_LEVEL,MCYCLE_DEATH_COUNT,MCYCLE_SUSP_SERIOUS_INJ_COUNT,MOTORCYCLE_COUNT,MUNICIPALITY,NONMOTR_COUNT,NONMOTR_DEATH_COUNT,NONMOTR_SUSP_SERIOUS_INJ_COUNT,NTFY_HIWY_MAINT,PED_COUNT,PED_DEATH_COUNT,PED_SUSP_SERIOUS_INJ_COUNT,PERSON_COUNT,POLICE_AGCY,POSSIBLE_INJ_COUNT,RDWY_SURF_TYPE_CD,RELATION_TO_ROAD,ROAD_CONDITION,ROADWAY_CLEARED,SCH_BUS_IND,SCH_ZONE_IND,SECONDARY_CRASH,SMALL_TRUCK_COUNT,SPEC_JURIS_CD,SUSP_MINOR_INJ_COUNT,SUSP_SERIOUS_INJ_COUNT,SUV_COUNT,TCD_FUNC_CD,TCD_TYPE,TFC_DETOUR_IND,TIME_OF_DAY,TOT_INJ_COUNT,TOTAL_UNITS,UNB_DEATH_COUNT,UNB_SUSP_SERIOUS_INJ_COUNT,UNBELTED_OCC_COUNT,UNK_INJ_DEG_COUNT,UNK_INJ_PER_COUNT,URBAN_AREA,URBAN_RURAL,VAN_COUNT,VEHICLE_COUNT,WEATHER1,WEATHER2,WORK_ZONE_IND,WORK_ZONE_LOC,WORK_ZONE_TYPE,WORKERS_PRES,WZ_CLOSE_DETOUR,WZ_FLAGGER,WZ_LAW_OFFCR_IND,WZ_LN_CLOSURE,WZ_MOVING,WZ_OTHER,WZ_SHLDER_MDN,WZ_WORKERS_INJ_KILLED
2021073683,1854.0,2,0,0,0,0,0,0,0,0,1,0,,67,8,2021,3,39.9863,-75.1044,1853.0,6,0,0,0,0,0,0,0,0,,0,0,0,18,1,1,1,,0,39 59:10.608,,0,75 06:15.736,8,0,0,0,67301,0,0,0,N,0,0,0,3,67301,0,,1,1,,N,N,N,0,,0,0,0,3,2,,1809,1,2,0,0,0,1,0,3,4,0,2,3,3.0,N,,,,,,,,,,,
2021117697,1600.0,1,0,0,0,0,0,0,0,0,1,0,,67,11,2021,2,39.9466,-75.2463,1600.0,6,0,0,0,0,0,0,0,0,,0,0,0,20,3,1,0,N,0,39 56:47.734,,0,75 14:46.527,8,0,0,0,67301,1,0,0,N,0,0,0,2,67301,0,,6,99,,N,N,N,0,,0,0,0,0,0,,2000,1,2,0,0,0,1,1,3,4,0,2,99,,N,,,,,,,,,,,
2021118078,1513.0,1,0,0,0,0,0,0,0,0,1,0,,67,11,2021,1,39.8766,-75.2572,1509.0,6,0,0,0,0,0,0,0,0,,0,0,0,15,1,1,0,N,0,39 52:35.629,,0,75 15:25.995,3,0,0,0,67301,0,0,0,N,0,0,0,5,68K01,0,,1,1,,N,N,N,0,,1,0,1,0,0,,1506,1,2,0,0,0,0,0,3,4,0,2,3,,N,,,,,,,,,,,
2021073863,248.0,1,0,0,0,0,0,0,0,0,7,0,,67,8,2021,1,40.038,-75.0887,243.0,6,0,0,0,0,0,0,0,0,,0,0,0,2,3,0,3,,2,40 02:16.791,5.0,0,75 05:19.252,9,0,0,0,67301,0,0,0,N,0,0,0,1,67301,0,,4,9,500.0,N,N,N,0,,0,0,0,3,2,Y,242,0,1,0,0,0,0,1,3,4,0,1,7,7.0,N,,,,,,,,,,,
2021075853,1017.0,2,0,0,0,0,0,0,0,0,5,0,,67,8,2021,1,39.985,-75.1263,1013.0,6,0,0,0,0,0,0,0,0,,0,0,0,10,1,1,0,N,2,39 59:05.990,2.0,0,75 07:34.660,3,0,0,0,67301,0,0,0,N,0,0,0,1,67301,0,,6,1,1145.0,N,N,N,0,,1,0,1,0,0,Y,1012,1,3,0,0,0,0,0,3,4,0,3,3,,N,,,,,,,,,,,
2021073697,1745.0,0,0,0,0,0,0,0,0,0,5,0,,67,8,2021,6,39.9595,-75.2475,1737.0,6,0,0,0,0,0,0,0,0,,0,0,0,17,1,2,0,N,0,39 57:34.267,,0,75 14:50.927,3,0,0,0,67301,0,0,0,N,0,0,0,4,67301,0,,1,1,,N,N,N,0,,2,0,2,0,0,,1708,2,3,0,0,0,0,0,3,4,0,3,3,3.0,N,,,,,,,,,,,
2021072492,1715.0,0,0,0,1,0,0,0,0,0,4,0,,67,8,2021,3,39.9362,-75.1617,1703.0,6,0,0,0,0,0,0,0,0,,0,0,0,16,1,1,0,N,0,39 56:10.370,,7,75 09:42.100,3,0,0,0,67301,1,0,0,N,0,0,0,2,67301,0,,1,1,,N,N,N,0,,1,0,1,0,0,,1655,1,2,0,0,1,0,0,3,4,0,1,3,3.0,N,,,,,,,,,,,
2021071347,1633.0,1,0,0,0,0,0,0,0,0,1,0,,67,8,2021,1,40.0367,-75.1584,1633.0,6,0,0,0,0,0,1,0,0,,0,0,0,16,1,1,1,,0,40 02:12.120,,0,75 09:30.184,3,0,0,0,67301,0,0,0,N,0,0,0,3,67301,0,,1,9,,N,N,N,0,,1,0,1,3,2,,1625,1,3,0,0,0,0,0,3,4,0,3,7,,N,,,,,,,,,,,
2021075190,950.0,1,0,0,0,0,0,0,0,0,2,0,,67,7,2021,5,39.9936,-75.0807,945.0,6,0,0,0,0,0,0,1,0,,0,0,0,9,1,0,0,N,0,39 59:36.940,,3,75 04:50.627,0,0,0,0,67301,0,0,0,N,0,0,0,2,67301,0,,1,1,,N,N,N,0,,0,0,1,0,0,,940,0,2,0,0,1,0,0,3,4,0,2,3,3.0,N,,,,,,,,,,,
2021070378,1620.0,0,0,0,0,0,0,0,0,0,4,0,,67,7,2021,3,39.9543,-75.1395,1615.0,6,0,0,0,0,0,0,0,0,,0,0,0,16,1,2,2,,0,39 57:15.535,,0,75 08:23.018,3,0,0,0,67301,0,0,0,N,0,0,0,2,67301,0,,1,1,,N,N,N,0,,2,0,2,0,0,,1610,2,2,0,0,0,0,0,3,4,0,2,3,3.0,N,,,,,,,,,,,
2021071379,1948.0,0,0,0,0,0,0,0,0,0,8,0,,67,7,2021,4,39.9769,-75.2497,1948.0,6,0,0,0,0,0,0,0,0,,0,0,0,18,1,1,0,N,0,39 58:36.720,,0,75 14:58.840,4,0,0,0,67301,1,0,0,N,1,0,0,2,67301,1,,1,1,,N,N,N,1,,0,0,0,0,0,,1812,1,2,0,0,1,0,1,3,4,0,1,3,3.0,N,,,,,,,,,,,
2021114632,910.0,0,0,0,0,0,0,1,0,0,8,1,,67,11,2021,5,39.9381,-75.1684,905.0,6,0,0,0,0,0,1,0,0,,0,0,0,8,1,1,1,,0,39 56:17.034,,0,75 10:06.383,3,0,0,0,67301,1,0,0,N,1,0,0,2,67301,0,,1,1,,N,N,N,0,,1,0,0,3,2,,820,1,2,0,0,0,0,0,3,4,0,1,3,3.0,N,,,,,,,,,,,
2021071094,1848.0,0,0,0,0,0,0,0,0,0,4,0,,67,7,2021,6,39.9756,-75.1919,1848.0,6,0,0,0,0,0,2,0,0,,0,0,0,18,1,0,2,,0,39 58:32.079,,0,75 11:30.679,0,0,0,0,67301,0,0,0,N,0,0,0,5,67301,0,,1,1,,N,N,N,1,,0,0,1,0,0,,1848,0,2,0,0,0,0,0,3,4,0,2,3,3.0,N,,,,,,,,,,,
2021113599,159.0,1,0,0,0,0,0,0,0,0,4,0,,67,11,2021,1,40.0304,-75.104,156.0,6,0,0,0,0,0,1,0,0,,0,0,0,1,3,0,0,N,1,40 01:49.541,3.0,0,75 06:14.563,9,0,0,0,67301,0,0,0,N,0,0,0,2,67301,0,,1,1,300.0,N,N,N,0,,0,0,1,0,0,N,150,0,2,0,0,0,0,1,3,4,0,2,3,,N,,,,,,,,,,,
2021073415,1924.0,1,0,0,1,0,0,0,0,0,4,0,,67,8,2021,6,39.9834,-75.1191,1923.0,6,0,0,0,0,0,0,0,0,,0,0,0,19,1,1,1,,0,39 59:00.370,,0,75 07:08.921,3,0,0,0,67301,1,0,0,N,0,0,0,2,67301,0,,1,1,,N,N,N,0,,1,0,0,3,2,,1920,1,2,0,0,0,0,0,3,4,0,1,3,,N,,,,,,,,,,,
2021077513,902.0,2,0,0,0,0,0,0,0,0,1,0,,67,8,2021,1,40.0083,-75.1944,900.0,6,0,0,0,0,0,1,0,0,,0,0,0,8,1,1,2,,0,40 00:29.891,,0,75 11:39.727,3,0,0,0,67301,0,0,0,N,0,0,0,2,67301,0,,1,1,,N,N,N,0,,1,0,0,3,2,,850,1,2,0,0,2,0,0,3,4,0,2,4,4.0,N,,,,,,,,,,,
2021105369,,1,0,1,0,0,0,0,0,0,1,0,,67,8,2021,6,39.9181,-75.2096,,6,0,0,0,0,0,0,0,0,,0,0,0,18,1,1,0,Y,0,39 55:05.037,,0,75 12:34.587,2,0,0,0,67301,0,0,0,N,0,0,0,3,00000,0,,1,1,,N,N,N,0,,0,1,1,3,2,,1830,1,2,0,0,0,0,0,3,4,0,2,3,,N,,,,,,,,,,,
2021073841,2345.0,1,0,0,0,0,0,0,0,0,8,0,,67,8,2021,7,39.9745,-75.1831,2335.0,6,0,0,0,0,0,0,0,0,,0,0,0,23,3,1,0,N,1,39 58:28.262,3.0,0,75 10:59.322,4,0,0,0,67301,1,0,0,N,1,0,0,2,67301,1,,1,1,1150.0,N,N,N,0,,0,0,0,0,0,N,2335,1,2,0,0,1,0,0,3,4,0,1,3,3.0,N,,,,,,,,,,,
2021072650,440.0,4,0,0,0,0,0,0,0,0,5,0,,67,8,2021,1,40.0082,-75.1399,440.0,6,0,0,0,0,0,0,0,0,,0,0,0,0,3,0,0,N,0,40 00:29.520,,0,75 08:23.500,0,0,0,0,67301,0,0,0,N,0,0,0,1,67301,0,,6,1,,N,N,N,0,,0,0,0,0,0,,0,0,4,0,0,0,0,0,3,4,0,4,3,,N,,,,,,,,,,,
2021073000,2329.0,1,0,0,0,0,0,0,0,0,7,0,,67,8,2021,1,39.9558,-75.1484,2329.0,6,0,0,0,0,0,0,0,0,,0,0,0,23,3,1,0,N,0,39 57:20.978,,2,75 08:54.191,2,0,0,0,67301,0,0,0,N,0,0,0,1,67501,0,,4,9,,N,N,N,0,,0,1,0,0,0,,2329,1,1,0,1,1,0,0,3,4,0,1,4,,N,,,,,,,,,,,
2021072453,1730.0,1,0,0,0,0,0,0,0,0,5,0,,67,8,2021,3,39.9551,-75.1405,1720.0,6,0,0,0,0,0,1,0,0,,0,0,0,15,1,1,3,,0,39 57:18.414,,2,75 08:25.824,3,0,0,0,67301,0,0,0,N,0,0,0,2,67301,0,,1,99,,N,N,N,0,,1,0,1,3,4,,1530,1,2,0,0,0,0,1,3,4,0,2,3,3.0,N,,,,,,,,,,,
2021117741,2303.0,2,0,0,0,0,0,0,0,0,1,0,,67,11,2021,1,39.9926,-75.0853,2255.0,6,0,0,1,0,0,0,0,0,,0,0,0,22,2,0,0,N,1,39 59:33.295,1.0,0,75 05:07.041,0,0,0,0,67301,0,0,0,N,0,0,0,4,68K01,0,,1,1,2328.0,N,N,N,0,,0,0,2,0,0,N,2250,0,4,0,0,0,0,0,3,4,0,4,3,3.0,N,,,,,,,,,,,
2021073447,650.0,1,0,0,0,0,0,0,0,0,7,0,,67,8,2021,7,39.9581,-75.1505,645.0,6,0,0,0,0,0,0,0,0,,0,0,0,6,1,0,1,,0,39 57:29.275,,0,75 09:01.648,0,0,0,0,67301,0,0,0,N,0,0,0,1,67301,0,,4,1,,N,N,N,0,,0,0,0,3,2,,630,0,1,0,0,0,0,0,3,4,0,1,3,3.0,N,,,,,,,,,,,
2021072757,1147.0,0,0,0,0,0,0,0,0,0,1,0,,67,7,2021,6,40.0483,-75.1187,1140.0,6,0,0,0,0,0,1,1,0,,0,0,0,11,1,1,0,N,0,40 02:53.780,,0,75 07:07.260,3,0,0,0,67301,0,0,0,N,0,0,0,3,67301,0,,1,1,,N,N,N,1,,1,0,1,0,0,,1115,1,2,0,0,3,0,0,3,4,0,2,3,3.0,N,,,,,,,,,,,
2021071728,2040.0,1,0,0,0,0,0,0,0,0,1,0,,67,7,2021,6,40.0486,-75.0126,2040.0,6,0,0,0,0,0,1,0,0,,0,0,0,20,3,0,0,N,0,40 02:55.011,,0,75 00:45.525,0,0,0,0,67301,0,0,0,N,0,0,0,3,67301,0,,1,1,,N,N,N,0,,0,0,1,0,0,,2030,0,2,0,0,0,0,0,3,4,0,2,3,3.0,N,,,,,,,,,,,
2021114749,354.0,0,0,0,0,0,0,0,0,0,7,0,,67,11,2021,7,39.9857,-75.093,316.0,6,0,0,0,0,0,0,0,0,,0,0,0,3,3,0,0,N,1,39 59:08.625,1.0,0,75 05:34.961,0,0,0,0,67301,0,0,0,N,0,0,0,1,68K01,0,,3,1,355.0,N,N,N,0,,0,0,1,0,0,N,316,0,1,0,0,0,0,0,3,4,0,1,3,,N,,,,,,,,,,,
2021113507,1820.0,1,0,0,0,0,0,0,0,0,1,0,,67,11,2021,3,39.9671,-75.133,1813.0,6,0,0,0,0,0,0,0,0,,0,0,0,18,3,1,0,N,2,39 58:01.657,1.0,0,75 07:58.690,3,0,0,0,67301,0,0,0,N,0,0,0,3,68K01,0,,1,1,1840.0,N,N,N,1,,1,0,0,0,0,N,1812,1,2,0,0,0,0,0,3,4,0,2,3,3.0,N,,,,,,,,,,,
2021070560,115.0,0,0,0,0,0,0,0,0,0,7,0,,67,7,2021,4,39.95,-75.1693,109.0,6,0,0,0,0,0,0,0,0,,0,0,0,0,3,0,0,N,0,39 56:59.904,,0,75 10:09.520,0,0,0,0,67301,0,0,0,N,0,0,0,1,67301,0,,5,1,,N,N,N,0,,0,0,1,0,0,,55,0,1,0,0,0,0,0,3,4,0,1,3,3.0,N,,,,,,,,,,,
2021114748,103.0,0,0,0,0,0,0,0,0,0,1,0,,67,11,2021,7,39.9252,-75.1934,54.0,6,0,0,0,0,0,0,0,0,,0,1,0,0,3,2,0,N,2,39 55:30.775,4.0,0,75 11:36.237,8,0,0,0,67301,0,0,0,N,0,0,0,3,68K01,0,,1,1,130.0,N,N,N,0,,0,0,1,0,0,N,44,2,2,0,0,0,2,1,3,4,0,2,3,,N,,,,,,,,,,,
2021113664,510.0,1,0,0,0,0,0,0,0,0,7,0,35.0,67,11,2021,3,40.0186,-75.1665,458.0,6,0,0,0,0,0,0,0,0,,0,0,0,4,3,0,0,N,1,40 01:07.064,2.0,0,75 09:59.405,0,0,0,0,67301,0,0,0,N,0,0,0,1,67301,0,,2,2,745.0,N,N,Y,0,,0,0,0,0,0,N,430,0,1,0,0,0,0,0,3,4,0,1,3,3.0,Y,4.0,1.0,N,N,N,N,Y,N,N,N,N
2021070377,1240.0,1,0,0,0,0,0,0,0,0,8,0,,67,7,2021,3,39.9495,-75.1572,1231.0,6,0,0,0,0,0,0,0,0,,0,0,0,12,1,1,0,N,0,39 56:58.210,,0,75 09:25.850,3,0,0,0,67301,1,0,0,N,1,0,0,2,67301,0,,6,1,,N,N,N,0,,1,0,0,0,0,,1220,1,2,0,0,0,0,0,3,4,0,1,3,,N,,,,,,,,,,,
2021075262,1810.0,2,0,0,0,0,0,0,0,0,4,0,,67,8,2021,7,39.9801,-75.1273,1803.0,6,0,0,1,0,0,0,0,0,,0,0,0,18,1,4,1,,0,39 58:48.395,,0,75 07:38.359,3,0,0,0,67301,0,0,0,N,0,0,0,6,67301,0,,1,1,,N,N,N,0,,4,0,0,3,3,,1801,4,2,0,0,0,0,1,3,4,0,2,3,3.0,N,,,,,,,,,,,
2021071794,2248.0,0,0,0,0,0,0,0,0,0,4,0,,67,8,2021,2,40.0268,-75.0974,2232.0,6,0,0,0,0,0,0,0,0,,0,0,0,22,3,0,1,,0,40 01:36.484,,0,75 05:50.479,0,0,0,0,67301,0,0,0,N,0,0,0,3,67301,0,,1,1,,N,N,N,1,,0,0,1,3,2,,2225,0,2,0,0,0,0,0,3,4,0,2,3,3.0,N,,,,,,,,,,,
2021073745,1710.0,2,0,0,0,0,0,0,0,0,5,0,,67,8,2021,7,39.991,-75.1189,1702.0,6,0,0,0,0,0,0,0,0,,0,0,0,17,1,1,0,N,0,39 59:27.740,,0,75 07:07.940,3,0,0,0,67301,1,0,0,N,0,0,0,2,67301,0,,6,1,,N,N,N,0,,1,0,0,0,0,,1702,1,2,0,0,0,0,0,3,4,0,2,3,3.0,N,,,,,,,,,,,
2021118118,1438.0,2,0,0,0,0,0,0,0,0,7,0,,67,11,2021,4,39.9582,-75.1652,1431.0,6,0,0,0,0,0,1,1,0,,0,0,0,14,1,1,0,N,2,39 57:29.477,3.0,0,75 09:54.630,3,0,0,0,67301,0,0,0,N,0,0,0,4,68K01,0,,3,1,1510.0,N,N,N,0,,1,0,0,0,0,N,1429,1,2,0,0,0,0,0,3,4,0,2,3,,N,,,,,,,,,,,
2021071783,2254.0,2,0,0,0,0,0,0,0,0,4,0,,67,8,2021,2,40.0504,-75.1846,2254.0,6,0,1,0,0,0,0,0,0,,0,0,0,22,3,1,3,,0,40 03:01.467,,0,75 11:04.434,3,0,0,0,67301,0,0,0,N,0,0,0,2,67301,0,,1,1,,N,N,Y,0,,1,0,1,3,3,,2213,1,3,0,0,0,0,0,3,4,0,3,3,3.0,N,,,,,,,,,,,
2021071793,349.0,1,0,0,0,0,0,0,0,0,4,0,,67,7,2021,7,39.9249,-75.183,344.0,6,0,0,0,0,0,0,0,0,,0,0,0,3,3,2,1,,2,39 55:29.474,1.0,0,75 10:58.893,3,0,0,0,67301,0,0,0,N,0,0,0,2,67301,0,,1,1,514.0,N,N,N,0,,2,0,1,3,3,N,344,2,2,0,0,0,0,0,3,4,0,2,3,3.0,N,,,,,,,,,,,
2021116197,1334.0,0,0,0,0,0,0,0,0,0,5,2,,67,10,2021,5,39.9483,-75.1865,1324.0,6,0,0,0,0,0,2,0,0,,0,2,0,13,1,0,0,N,2,39 56:53.919,3.0,0,75 11:11.321,0,0,0,0,67301,0,0,0,N,0,0,0,2,68K01,0,,3,1,1510.0,N,N,N,0,,0,0,0,0,0,N,1304,0,2,0,0,0,0,0,3,4,0,2,3,,N,,,,,,,,,,,
2021117148,105.0,1,0,0,0,0,0,0,0,0,8,0,,67,10,2021,4,39.9321,-75.1713,1259.0,6,0,0,0,0,0,0,0,0,,0,0,0,16,1,1,1,,0,39 55:55.677,,0,75 10:16.845,3,0,0,0,67301,1,0,0,N,1,0,0,2,67301,0,,1,1,,N,N,N,0,,1,0,0,3,3,,1600,1,2,0,0,0,0,1,3,4,0,1,3,3.0,N,,,,,,,,,,,
2021071371,110.0,2,0,0,0,0,0,0,0,0,5,0,,67,8,2021,1,39.8976,-75.2121,105.0,6,0,0,0,0,0,0,0,0,,0,0,0,1,3,0,0,N,0,39 53:51.295,,3,75 12:43.733,0,0,0,0,67301,0,0,0,N,0,0,0,2,67301,0,,1,1,,N,N,N,0,,0,0,0,0,0,,100,0,2,0,0,1,0,0,3,4,0,2,3,3.0,N,,,,,,,,,,,
2021072228,246.0,3,0,0,0,0,0,0,0,0,2,0,,67,8,2021,3,39.9263,-75.1845,245.0,6,0,0,0,0,0,0,0,0,,0,0,0,2,3,0,1,,2,39 55:34.569,7.0,0,75 11:03.809,0,0,0,0,67301,0,0,0,N,0,0,0,2,67301,0,,1,1,245.0,N,N,N,0,,0,0,3,3,2,N,230,0,6,0,0,0,0,0,3,4,0,6,3,,N,,,,,,,,,,,
2021073934,1828.0,1,0,0,0,0,0,0,0,0,4,0,,67,8,2021,5,39.993,-75.2176,1828.0,6,0,0,0,1,0,0,0,0,,0,0,0,17,1,1,1,,0,39 59:34.723,,0,75 13:03.338,3,0,0,0,67301,0,0,0,N,0,0,0,2,67301,0,,1,1,,N,N,N,0,,1,0,1,3,2,,1715,1,2,0,0,0,0,1,3,4,0,2,3,3.0,N,,,,,,,,,,,
2021071420,1209.0,0,0,0,0,0,0,0,0,0,4,0,,67,7,2021,6,39.9942,-75.1114,1209.0,6,0,0,0,0,0,0,1,0,,0,0,0,11,1,1,1,,0,39 59:39.104,,0,75 06:40.879,3,0,0,1,67301,0,0,0,N,0,0,0,2,67301,0,,1,1,,N,N,N,0,,1,0,1,3,2,,1130,1,2,0,0,0,0,0,3,4,0,2,3,,N,,,,,,,,,,,
2021113553,1734.0,1,0,0,0,0,0,0,0,0,4,0,,67,11,2021,3,40.0514,-75.1486,1734.0,6,0,0,0,0,0,0,1,0,,0,0,0,12,1,1,1,,0,40 03:04.985,,0,75 08:54.866,8,0,0,0,67301,0,0,0,N,0,0,0,2,67301,0,,1,1,,N,N,N,0,,0,0,0,3,3,,1228,1,2,0,0,0,1,1,3,4,1,2,3,3.0,N,,,,,,,,,,,
2021113563,820.0,1,0,0,0,0,0,0,0,0,7,0,,67,11,2021,1,39.9887,-75.1612,815.0,6,0,0,0,0,0,0,0,0,,0,0,0,6,3,0,0,N,2,39 59:19.350,1.0,0,75 09:40.410,0,0,0,0,67301,0,0,0,N,0,0,0,0,67301,0,,5,1,1000.0,N,N,N,0,,0,0,0,0,0,Y,630,0,1,0,0,0,0,0,3,4,0,1,3,,N,,,,,,,,,,,
2021070738,655.0,1,0,0,0,0,0,0,0,0,4,0,,67,7,2021,2,40.0414,-75.1201,655.0,6,0,1,0,0,0,0,1,0,,0,0,0,17,1,3,1,,0,40 02:29.083,,0,75 07:12.377,8,0,0,0,67301,0,0,0,N,0,0,0,3,67301,0,,1,1,,N,N,N,0,,0,0,1,3,2,,1745,3,2,0,0,1,3,0,3,4,0,2,3,3.0,N,,,,,,,,,,,
2021072648,351.0,2,0,0,0,0,0,0,0,0,4,0,,67,7,2021,5,40.0108,-75.1266,350.0,6,0,0,0,0,0,0,0,0,,0,0,0,3,3,1,1,,1,40 00:38.955,7.0,0,75 07:35.936,3,0,0,0,67301,0,0,0,N,0,0,0,4,67301,0,,1,1,500.0,N,N,N,0,,1,0,0,3,1,Y,348,1,2,0,0,0,0,0,3,4,0,2,3,,N,,,,,,,,,,,
2021073171,1155.0,0,0,0,0,0,0,0,0,0,8,0,,67,7,2021,2,39.954,-75.1767,1150.0,6,0,0,0,0,0,0,0,0,,0,0,0,11,1,1,1,,0,39 57:14.579,,0,75 10:35.833,8,0,0,0,67301,1,0,0,N,1,0,0,2,67301,0,,1,1,,N,N,N,0,,0,0,1,3,2,,1145,1,2,0,0,0,1,0,3,4,0,1,3,,N,,,,,,,,,,,
2021114221,1306.0,3,0,0,0,0,0,0,0,0,4,0,,67,10,2021,3,39.8947,-75.1944,1259.0,6,0,0,1,0,0,1,0,0,,0,0,0,12,1,0,0,N,0,39 53:40.884,,3,75 11:39.692,0,0,0,0,67301,0,0,0,N,0,0,0,8,68K01,0,,1,1,,N,N,N,0,,0,0,1,0,0,,1258,0,4,0,0,2,0,0,3,4,0,4,4,,N,,,,,,,,,,,
2021070441,1655.0,1,0,0,0,0,0,0,0,0,4,0,,67,7,2021,1,40.0265,-75.0975,1650.0,6,0,0,0,0,0,0,0,0,,0,0,0,16,1,0,1,,0,40 01:35.508,,0,75 05:51.151,9,0,0,0,67301,0,0,0,N,0,0,0,2,67301,0,,1,1,,N,N,N,0,,0,0,1,3,2,,1645,0,2,0,0,0,0,1,3,4,0,2,3,3.0,N,,,,,,,,,,,
2021072624,338.0,4,0,0,0,0,0,0,0,0,1,0,,67,8,2021,2,39.9566,-75.1524,330.0,6,0,0,0,0,0,1,0,1,,0,0,0,3,3,0,5,,1,39 57:23.708,5.0,2,75 09:08.624,0,0,0,0,67301,0,0,0,N,0,0,0,4,67301,0,,1,1,445.0,N,N,N,0,,0,0,0,3,2,N,310,0,4,0,0,0,0,0,3,4,0,4,3,3.0,N,,,,,,,,,,,
2021117152,1107.0,0,0,0,0,0,0,0,0,0,1,2,,67,10,2021,6,39.9482,-75.1861,1039.0,6,0,0,0,0,0,1,0,0,,0,1,0,10,1,0,0,N,2,39 56:53.549,4.0,0,75 11:10.101,0,0,0,0,67301,0,0,0,N,0,0,0,2,68K01,0,,1,1,1130.0,N,N,N,1,,0,0,0,0,0,N,1036,0,2,0,0,0,0,0,3,4,0,2,3,3.0,N,,,,,,,,,,,
2021074129,1615.0,2,0,0,0,0,0,0,0,0,4,0,,67,8,2021,1,40.0363,-75.0718,1606.0,6,0,0,1,0,0,0,0,0,,0,0,0,16,1,1,1,,0,40 02:10.662,,0,75 04:18.319,3,0,0,0,67301,0,0,0,N,0,0,0,2,67301,0,,1,1,,N,N,N,0,,1,0,2,3,3,,1605,1,4,0,0,0,0,0,3,4,0,4,3,,N,,,,,,,,,,,
2021117292,1626.0,1,0,0,0,0,0,0,0,0,8,0,,67,12,2021,4,39.9273,-75.1928,1619.0,6,0,0,0,0,0,0,0,0,,0,0,0,15,1,1,0,N,0,39 55:38.445,,0,75 11:34.124,3,0,0,0,67301,1,0,0,N,1,0,0,2,67301,0,,1,1,,N,N,N,0,,1,0,0,0,0,,1559,1,2,0,0,0,0,0,3,4,0,1,3,,N,,,,,,,,,,,
2021117975,920.0,1,0,0,0,0,0,0,0,0,4,0,,67,12,2021,5,40.096,-74.9825,914.0,6,0,0,0,1,0,0,0,0,,0,0,0,9,1,0,0,N,1,40 05:45.543,4.0,0,74 58:56.979,0,0,0,0,67301,0,0,0,N,0,0,0,2,67301,0,,1,1,915.0,N,N,N,0,,0,0,1,0,0,N,908,0,2,0,0,0,0,0,3,4,0,2,4,,N,,,,,,,,,,,
2021072755,126.0,2,0,0,0,0,0,0,0,0,5,0,,67,8,2021,5,39.9287,-75.2395,126.0,6,0,0,0,1,0,0,0,0,,0,0,0,1,3,0,0,N,0,39 55:43.478,,0,75 14:22.189,9,0,0,0,67301,0,0,0,N,0,0,0,1,67301,0,,6,1,,N,N,N,0,,0,0,0,0,0,,125,0,2,0,0,0,0,1,3,4,0,2,3,3.0,N,,,,,,,,,,,
2021116848,201.0,2,0,0,0,0,0,0,0,0,7,0,,67,11,2021,7,40.0211,-75.0938,159.0,6,0,0,0,0,0,0,0,0,,1,0,0,1,3,0,0,N,2,40 01:15.800,7.0,0,75 05:37.800,1,0,0,0,67301,0,0,0,N,0,0,0,1,67301,0,2.0,5,1,320.0,N,N,N,0,0.0,0,0,0,0,0,Y,159,0,2,0,0,0,0,0,3,4,0,2,3,3.0,N,,,,,,,,,,,
2021073730,1242.0,1,0,0,0,0,0,0,0,0,4,0,,67,8,2021,7,40.0228,-75.0346,1237.0,6,0,0,0,0,0,2,0,0,,0,0,0,12,1,1,2,,0,40 01:22.186,,0,75 02:04.680,4,0,0,0,67301,0,0,0,N,0,0,0,2,67301,1,,1,1,,N,N,N,0,,0,0,1,3,3,,1218,1,2,0,0,0,0,0,3,4,0,2,3,,N,,,,,,,,,,,