CRN,ARRIVAL_TM,AUTOMOBILE_COUNT,BELTED_DEATH_COUNT,BELTED_SUSP_SERIOUS_INJ_COUNT,BICYCLE_COUNT,BICYCLE_DEATH_COUNT,BICYCLE_SUSP_SERIOUS_INJ_COUNT,BUS_COUNT,CHLDPAS_DEATH_COUNT,CHLDPAS_SUSP_SERIOUS_INJ_COUNT,COLLISION_TYPE,COMM_VEH_COUNT,CONS_ZONE_SPD_LIM,COUNTY,CRASH_MONTH,CRASH_YEAR,DAY_OF_WEEK,DEC_LAT,DEC_LONG,DISPATCH_TM,DISTRICT,DRIVER_COUNT_16YR,DRIVER_COUNT_17YR,DRIVER_COUNT_18YR,DRIVER_COUNT_19YR,DRIVER_COUNT_20YR,DRIVER_COUNT_50_64YR,DRIVER_COUNT_65_74YR,DRIVER_COUNT_75PLUS,EST_HRS_CLOSED,FATAL_COUNT,HEAVY_TRUCK_COUNT,HORSE_BUGGY_COUNT,HOUR_OF_DAY,ILLUMINATION,INJURY_COUNT,INTERSECT_TYPE,INTERSECTION_RELATED,LANE_CLOSED,LATITUDE,LN_CLOSE_DIR,LOCATION_TYPE,LONGITUDE,MAX_SEVERITY_LEVEL,MCYCLE_DEATH_COUNT,MCYCLE_SUSP_SERIOUS_INJ_COUNT,MOTORCYCLE_COUNT,MUNICIPALITY,NONMOTR_COUNT,NONMOTR_DEATH_COUNT,NONMOTR_SUSP_SERIOUS_INJ_COUNT,NTFY_HIWY_MAINT,PED_COUNT,PED_DEATH_COUNT,PED_SUSP_SERIOUS_INJ_COUNT,PERSON_COUNT,POLICE_AGCY,POSSIBLE_INJ_COUNT,RDWY_SURF_TYPE_CD,RELATION_TO_ROAD,ROAD_CONDITION,ROADWAY_CLEARED,SCH_BUS_IND,SCH_ZONE_IND,SECONDARY_CRASH,SMALL_TRUCK_COUNT,SPEC_JURIS_CD,SUSP_MINOR_INJ_COUNT,SUSP_SERIOUS_INJ_COUNT,SUV_COUNT,TCD_FUNC_CD,TCD_TYPE,TFC_DETOUR_IND,TIME_OF_DAY,TOT_INJ_COUNT,TOTAL_UNITS,UNB_DEATH_COUNT,UNB_SUSP_SERIOUS_INJ_COUNT,UNBELTED_OCC_COUNT,UNK_INJ_DEG_COUNT,UNK_INJ_PER_COUNT,URBAN_AREA,URBAN_RURAL,VAN_COUNT,VEHICLE_COUNT,WEATHER1,WEATHER2,WORK_ZONE_IND,WORK_ZONE_LOC,WORK_ZONE_TYPE,WORKERS_PRES,WZ_CLOSE_DETOUR,WZ_FLAGGER,WZ_LAW_OFFCR_IND,WZ_LN_CLOSURE,WZ_MOVING,WZ_OTHER,WZ_SHLDER_MDN,WZ_WORKERS_INJ_KILLED
2021116203,2341.0,1,0,0,0,0,0,0,0,0,0,0,,67,10,2021,6,39.9812,-75.2068,2331.0,6,0,0,0,0,0,0,0,0,,0,0,0,23,3,1,0,N,0,39 58:52.409,,0,75 12:24.658,3,0,0,0,67301,0,0,0,N,0,0,0,1,68K01,0,,1,9,,N,N,N,0,,1,0,0,0,0,,2326,1,1,0,0,1,0,0,3,4,0,1,7,,N,,,,,,,,,,,
2021071815,458.0,0,0,0,0,0,0,0,0,0,8,0,,67,8,2021,3,39.9846,-75.1567,455.0,6,0,0,0,0,0,1,0,0,,0,0,0,4,3,1,0,N,2,39 59:04.423,5.0,0,75 09:23.973,2,0,0,0,67301,1,0,1,N,1,0,1,2,67505,0,,1,1,455.0,N,N,N,1,,0,1,0,0,0,Y,450,1,2,0,0,0,0,0,3,4,0,1,4,3.0,N,,,,,,,,,,,
2021073514,1025.0,2,0,0,0,0,0,0,0,0,1,0,,67,7,2021,5,40.045,-75.1235,1025.0,6,0,0,0,0,0,0,0,1,,0,0,0,16,1,1,1,,0,40 02:42.011,,0,75 07:24.823,4,0,0,0,67301,0,0,0,N,0,0,0,2,67301,1,,1,99,,N,N,N,0,,0,0,0,3,2,,1600,1,2,0,0,1,0,1,3,4,0,2,99,98.0,N,,,,,,,,,,,
2021069070,920.0,4,0,0,0,0,0,0,0,0,6,0,,67,7,2021,2,39.9807,-75.1613,920.0,6,1,0,0,0,0,0,0,0,,0,0,0,9,1,0,0,N,0,39 58:50.500,,0,75 09:40.500,9,0,0,0,67301,0,0,0,N,0,0,0,2,67505,0,,6,1,,N,N,N,0,,0,0,1,0,0,,920,0,5,0,0,2,0,1,3,4,0,5,3,3.0,N,,,,,,,,,,,
2021070367,735.0,0,0,0,0,0,0,0,0,0,4,0,,67,7,2021,3,39.9231,-75.1699,730.0,6,0,0,0,0,0,0,0,0,,0,0,0,6,1,0,1,,0,39 55:23.275,,0,75 10:11.576,0,0,0,0,67301,0,0,0,N,0,0,0,2,67301,0,,1,1,,N,N,N,0,,0,0,1,3,1,,645,0,2,0,0,2,0,0,3,4,1,2,3,3.0,N,,,,,,,,,,,
2021071276,1257.0,0,0,0,0,0,0,0,0,0,4,0,,67,7,2021,7,40.0123,-75.1506,1257.0,6,0,0,0,0,0,0,1,0,,0,0,0,12,1,0,1,,0,40 00:44.321,,0,75 09:02.067,9,0,0,0,67301,0,0,0,N,0,0,0,2,67301,0,,1,1,,N,N,N,0,,0,0,2,3,2,,1248,0,2,0,0,0,0,2,3,4,0,2,3,,N,,,,,,,,,,,
2021113332,1805.0,2,0,0,0,0,0,0,0,0,2,0,,67,11,2021,7,39.9753,-75.121,1800.0,6,0,0,0,0,0,1,0,0,,0,0,0,17,3,2,0,N,9,39 58:31.018,,0,75 07:15.719,3,0,0,0,67301,0,0,0,N,0,0,0,2,67301,0,,9,1,,N,N,N,0,,2,0,0,9,9,U,1755,2,2,0,0,0,0,0,3,4,0,2,3,,N,,,,,,,,,,,
2021115901,1700.0,0,0,0,0,0,0,0,0,0,4,1,,67,11,2021,4,40.0255,-75.1254,1645.0,6,0,0,0,0,0,0,0,0,,0,1,0,16,4,1,1,,0,40 01:31.761,,0,75 07:31.573,3,0,0,0,67301,0,0,0,N,0,0,0,2,67301,0,,1,1,,N,N,N,0,,1,0,1,3,2,,1620,1,2,0,0,0,0,0,3,4,0,2,3,3.0,N,,,,,,,,,,,
2021073933,1643.0,1,0,1,0,0,0,0,0,0,4,0,,67,8,2021,5,39.995,-75.2276,1643.0,6,0,0,0,0,0,0,0,1,,0,0,0,14,1,1,1,,0,39 59:42.122,,0,75 13:39.471,2,0,0,0,67301,0,0,0,N,0,0,0,3,67301,0,,1,1,,N,N,N,0,,0,1,1,3,3,,1425,1,2,0,0,0,0,0,3,4,0,2,3,3.0,N,,,,,,,,,,,
2021073862,2355.0,2,0,0,0,0,0,0,0,0,1,0,,67,8,2021,7,40.0564,-75.0753,2355.0,6,0,0,0,1,0,0,0,0,,0,0,0,23,3,1,0,N,0,40 03:23.202,,0,75 04:30.998,2,0,0,0,67301,0,0,0,N,0,0,0,5,67301,0,,1,9,,N,N,N,0,,0,1,2,0,0,,2321,1,4,0,0,4,0,0,3,4,0,4,7,7.0,N,,,,,,,,,,,
2021116910,546.0,1,0,0,0,0,0,0,0,0,7,0,,67,11,2021,6,39.9826,-75.0999,539.0,6,0,0,0,0,0,0,0,0,,0,0,0,5,3,1,0,N,2,39 58:57.483,2.0,0,75 05:59.607,3,0,0,0,67301,0,0,0,N,0,0,0,1,68K01,0,,4,9,600.0,N,N,N,0,,1,0,0,0,0,N,537,1,1,0,0,0,0,0,3,4,0,1,7,,N,,,,,,,,,,,
2021074530,826.0,0,0,0,0,0,0,0,0,0,8,0,,67,8,2021,3,40.0536,-75.0637,821.0,6,0,0,0,0,0,0,0,0,,0,0,0,8,1,1,2,,0,40 03:13.251,,0,75 03:49.730,3,0,0,0,67301,1,0,0,N,1,0,0,2,67301,0,,1,1,,N,N,N,0,,1,0,1,3,3,,820,1,2,0,0,0,0,0,3,4,0,1,4,,N,,,,,,,,,,,
2021116892,849.0,1,0,0,0,0,0,0,0,0,1,0,,67,11,2021,2,39.9461,-75.1896,823.0,6,0,0,0,0,0,0,0,0,,0,0,0,8,1,0,6,N,2,39 56:45.818,3.0,2,75 11:22.661,0,0,0,0,67301,0,0,0,N,0,0,0,3,68K01,0,,1,1,918.0,N,N,N,0,,0,0,2,3,8,N,821,0,3,0,0,0,0,0,3,4,0,3,3,,N,,,,,,,,,,,
2021118073,1853.0,1,0,0,0,0,0,0,0,0,5,0,,67,11,2021,7,39.9934,-75.0847,1842.0,6,0,0,0,0,0,0,0,0,,0,0,0,18,4,1,0,N,2,39 59:36.318,1.0,0,75 05:04.865,3,0,0,0,67301,0,0,0,N,0,0,0,2,68K01,0,,1,1,1922.0,N,N,N,0,,1,0,1,0,0,N,1840,1,2,0,0,0,0,1,3,4,0,2,3,,N,,,,,,,,,,,
2021075053,905.0,1,0,0,0,0,0,0,0,0,5,0,,67,7,2021,6,39.9558,-75.2036,900.0,6,0,0,0,0,0,1,0,0,,0,0,0,8,1,0,0,N,2,39 57:20.873,3.0,0,75 12:12.891,0,0,0,0,67301,0,0,0,N,0,0,0,2,67504,0,,1,1,30.0,N,N,N,0,,0,0,1,0,0,Y,845,0,2,0,0,0,0,0,3,4,0,2,3,,N,,,,,,,,,,,
2021077507,1530.0,1,0,0,0,0,0,0,0,0,1,0,,67,7,2021,4,40.0206,-75.1564,1518.0,6,0,0,0,0,0,0,0,0,,0,0,0,14,1,2,0,N,0,40 01:13.998,,0,75 09:23.030,3,0,0,0,67301,0,0,0,N,0,0,0,4,67301,0,,1,1,,N,N,N,0,,2,0,1,0,0,,1450,2,3,0,0,0,0,0,3,4,0,3,3,3.0,N,,,,,,,,,,,
2021104838,,1,0,0,0,0,0,0,0,0,1,0,,67,6,2021,3,39.9488,-75.1855,,6,0,0,0,0,0,0,1,0,,0,0,0,8,1,1,0,N,0,39 56:55.751,,0,75 11:07.767,4,0,0,0,67301,0,0,0,N,0,0,0,3,00000,1,,1,1,,N,N,N,0,,0,0,1,0,0,,815,1,2,0,0,0,0,0,3,4,0,2,3,,N,,,,,,,,,,,
2021070554,115.0,2,0,0,0,0,0,0,0,0,5,0,,67,7,2021,2,39.9962,-75.1633,109.0,6,0,0,0,0,0,0,0,0,,0,0,0,0,3,0,0,N,0,39 59:46.320,,0,75 09:47.980,9,0,0,0,67301,0,0,0,N,0,0,0,1,67301,0,,6,1,,N,N,N,0,,0,0,1,0,0,,10,0,3,0,0,0,0,1,3,4,0,3,3,3.0,N,,,,,,,,,,,
2021114218,653.0,1,0,0,0,0,0,0,0,0,5,0,,67,10,2021,3,39.9702,-75.1927,637.0,6,0,0,0,0,0,0,0,0,,0,0,0,6,3,1,0,N,0,39 58:12.776,,0,75 11:33.765,4,0,0,0,67301,0,0,0,N,0,0,0,2,68K01,1,,1,9,,N,N,N,0,,0,0,1,0,0,,636,1,2,0,0,0,0,0,3,4,0,2,7,,N,,,,,,,,,,,
2021113159,1825.0,1,0,0,0,0,0,0,0,0,4,1,,67,11,2021,6,39.9834,-75.1703,1825.0,6,0,0,0,1,0,0,0,0,,0,1,0,18,3,2,1,,0,39 59:00.193,,0,75 10:12.961,4,0,0,0,67301,0,0,0,N,0,0,0,2,67301,2,,1,1,,N,N,N,0,,0,0,1,3,2,,1825,2,3,0,0,0,0,0,3,4,0,3,3,3.0,N,,,,,,,,,,,
2021115105,843.0,1,0,0,0,0,0,0,0,0,4,0,,67,11,2021,5,39.9199,-75.2228,839.0,6,0,0,0,0,0,0,1,0,,0,0,0,8,1,2,2,,2,39 55:11.745,6.0,0,75 13:21.926,3,0,0,0,67301,0,0,0,N,0,0,0,3,67301,0,,1,1,1045.0,N,N,N,0,,2,0,2,3,3,Y,838,2,3,0,0,0,0,0,3,4,0,3,3,,N,,,,,,,,,,,
2021071149,1951.0,1,0,0,0,0,0,0,0,0,4,0,,67,7,2021,6,40.0456,-75.0564,1949.0,6,0,0,0,1,0,0,0,0,,0,0,0,19,1,1,2,,1,40 02:44.193,4.0,7,75 03:23.098,4,0,0,0,67301,0,0,0,N,0,0,0,3,67301,1,,1,1,2020.0,N,N,N,1,,0,0,0,3,2,N,1940,1,2,0,0,0,0,0,3,4,0,2,3,3.0,N,,,,,,,,,,,
2021074039,2206.0,0,0,0,0,0,0,0,0,0,0,0,,67,8,2021,7,39.9809,-75.199,2204.0,6,0,0,0,0,0,0,0,0,,0,0,0,22,3,1,0,N,2,39 58:51.149,6.0,0,75 11:56.313,8,0,0,1,67301,0,0,0,N,0,0,0,1,67301,0,,1,1,45.0,N,N,N,0,,0,0,0,0,0,Y,2200,1,1,0,0,0,1,0,3,4,0,1,4,4.0,N,,,,,,,,,,,
2021077510,1656.0,2,0,0,0,0,0,0,0,0,4,0,,67,8,2021,3,40.0207,-75.1486,1635.0,6,0,0,0,0,0,0,1,0,,0,0,0,15,1,1,2,,0,40 01:14.374,,0,75 08:55.521,8,0,0,0,67301,0,0,0,N,0,0,0,2,67301,0,,1,1,,N,N,N,0,,0,0,0,0,0,,1530,1,2,0,0,0,1,1,3,4,0,2,3,3.0,N,,,,,,,,,,,
2021118083,1551.0,1,0,0,0,0,0,0,0,0,1,0,,67,11,2021,2,39.8993,-75.176,1551.0,6,0,0,0,0,1,0,0,0,,0,0,0,15,1,0,0,N,0,39 53:57.421,,0,75 10:33.650,0,0,0,0,67301,0,0,0,N,0,0,0,2,68K01,0,,3,1,,N,N,N,0,,0,0,1,0,0,,1551,0,2,0,0,0,0,0,3,4,0,2,3,,N,,,,,,,,,,,
2021116841,440.0,1,0,0,0,0,0,0,0,0,7,0,,67,8,2021,6,39.9385,-75.144,418.0,6,0,0,0,0,0,0,0,0,,0,0,0,4,3,0,0,N,0,39 56:18.739,,0,75 08:38.278,9,0,0,0,67301,0,0,0,N,0,0,0,1,68K01,0,,4,1,,N,N,N,0,,0,0,0,0,0,,409,0,1,0,0,0,0,1,3,4,0,1,3,,N,,,,,,,,,,,
2021078344,49.0,0,0,0,0,0,0,0,0,0,1,0,,67,8,2021,1,40.0126,-75.1609,44.0,6,0,0,0,0,0,0,1,0,,0,0,0,0,3,2,1,,1,40 00:45.495,6.0,0,75 09:39.526,3,0,0,0,67301,0,0,0,N,0,0,0,5,67301,0,,1,1,110.0,N,N,N,0,,2,0,2,3,2,N,43,2,2,0,0,1,0,1,3,4,0,2,3,,N,,,,,,,,,,,
2021116327,330.0,1,0,0,0,0,0,0,0,0,7,0,,67,11,2021,7,39.9759,-75.2005,328.0,6,0,0,0,0,0,0,0,0,,0,0,0,3,3,2,0,N,2,39 58:33.270,6.0,0,75 12:01.640,3,0,0,0,67301,0,0,0,N,0,0,0,2,67301,0,,2,1,430.0,N,N,N,0,,2,0,0,0,0,N,325,2,1,0,0,0,0,0,3,4,0,1,3,,N,,,,,,,,,,,
2021071029,1854.0,1,0,0,0,0,0,0,0,0,8,0,,67,7,2021,6,39.9955,-75.1718,1836.0,6,0,0,0,0,0,0,0,0,,0,0,0,18,1,1,0,N,0,39 59:43.900,,0,75 10:18.300,3,0,0,0,67301,1,0,0,N,1,0,0,2,67301,0,,1,1,,N,N,N,0,,1,0,0,0,0,,1836,1,2,0,0,0,0,0,3,4,0,1,3,3.0,N,,,,,,,,,,,
2021073513,1357.0,1,0,0,0,0,0,0,0,0,4,0,,67,8,2021,3,40.0408,-75.157,1356.0,6,0,0,0,0,0,0,0,0,,0,0,0,14,1,0,3,,0,40 02:26.806,,0,75 09:25.238,0,0,0,0,67301,0,0,0,N,0,0,0,3,67301,0,,1,1,,N,N,N,0,,0,0,1,0,0,,1440,0,2,0,0,0,0,0,3,4,0,2,99,3.0,N,,,,,,,,,,,
2021115654,2225.0,0,0,0,0,0,0,0,0,0,7,0,,67,10,2021,3,40.0427,-75.0036,2214.0,6,0,0,0,0,0,1,0,0,,0,0,0,22,3,0,0,N,1,40 02:33.811,2.0,0,75 00:12.808,0,0,0,0,67301,0,0,0,N,0,0,0,1,68K01,0,,3,9,2237.0,N,N,N,0,,0,0,1,0,0,N,2206,0,1,0,0,0,0,0,3,4,0,1,4,,N,,,,,,,,,,,
2021077508,1812.0,1,0,0,0,0,0,0,0,0,4,0,,67,7,2021,4,40.0091,-75.1733,1801.0,6,0,0,0,0,0,0,0,0,,0,0,0,15,1,1,0,N,0,40 00:32.640,,7,75 10:23.860,8,0,0,1,67301,0,0,0,N,0,0,0,3,67301,0,,1,1,,N,N,N,0,,0,0,0,0,0,,1530,1,2,0,0,0,1,1,3,4,0,2,3,,N,,,,,,,,,,,
2021102945,707.0,0,0,0,0,0,0,0,0,0,8,0,,67,10,2021,4,39.9943,-75.1342,700.0,6,0,0,0,0,0,0,0,0,,1,0,0,6,5,0,0,N,2,39 59:39.560,2.0,0,75 08:03.280,1,0,0,0,67301,1,1,0,N,1,1,0,2,67301,0,2.0,1,1,850.0,N,N,N,0,0.0,0,0,0,0,0,Y,632,0,2,0,0,0,0,0,3,4,0,1,3,3.0,N,,,,,,,,,,,
2021116194,936.0,1,0,0,0,0,0,0,0,0,1,0,,67,10,2021,3,40.0374,-75.0123,849.0,6,0,0,0,1,0,0,0,0,,0,0,0,8,1,0,0,N,0,40 02:14.688,,0,75 00:44.367,0,0,0,0,67301,0,0,0,N,0,0,0,2,68K01,0,,3,1,,N,N,N,0,,0,0,1,0,0,,847,0,2,0,0,0,0,0,3,4,0,2,3,,N,,,,,,,,,,,
2021117737,456.0,0,0,0,0,0,0,0,0,0,1,0,,67,11,2021,7,40.0363,-75.0154,444.0,6,0,0,0,0,0,0,0,0,,0,0,0,4,3,1,0,N,1,40 02:10.527,1.0,0,75 00:55.357,8,0,0,0,67301,0,0,0,N,0,0,0,2,68K01,0,,1,1,545.0,N,N,N,2,,0,0,1,0,0,N,439,1,3,0,0,1,1,0,3,4,0,3,3,,N,,,,,,,,,,,
2021081238,1743.0,2,0,0,0,0,0,0,0,0,4,0,,67,8,2021,2,39.9494,-75.2373,1743.0,6,0,0,0,0,0,0,0,0,,0,0,0,17,1,1,1,,0,39 56:57.976,,0,75 14:14.398,8,0,0,1,67301,0,0,0,N,0,0,0,2,67301,0,,1,1,,N,N,N,0,,0,0,0,0,0,,1734,1,3,0,0,0,1,0,3,4,0,3,3,3.0,N,,,,,,,,,,,
2021118085,1905.0,2,0,0,0,0,0,0,0,0,1,0,,67,11,2021,3,39.9683,-75.1299,1754.0,6,0,0,0,0,0,0,0,0,,0,0,0,17,3,1,0,N,2,39 58:05.847,2.0,0,75 07:47.516,3,0,0,0,67301,0,0,0,N,0,0,0,2,68K01,0,,1,1,1920.0,N,N,N,0,,1,0,0,0,0,N,1752,1,2,0,0,0,0,0,3,4,0,2,3,3.0,N,,,,,,,,,,,
2021073356,1707.0,1,0,0,0,0,0,0,0,0,4,0,,67,8,2021,5,39.957,-75.2133,1659.0,6,0,0,0,0,0,0,0,0,,0,0,0,16,1,2,1,,0,39 57:25.253,,0,75 12:48.054,3,0,0,0,67301,0,0,0,N,0,0,0,3,67301,1,,1,1,,N,N,N,0,,1,0,1,3,2,,1651,2,2,0,0,1,0,0,3,4,0,2,3,3.0,N,,,,,,,,,,,
2021115876,1210.0,0,0,0,0,0,0,0,0,0,2,0,,67,11,2021,1,40.0542,-75.1605,1205.0,6,0,0,0,0,0,1,0,0,,0,0,0,12,1,2,2,,0,40 03:15.278,,0,75 09:37.624,3,0,0,0,67301,0,0,0,N,0,0,0,3,67301,0,,1,1,,N,N,N,0,,2,0,2,0,0,,1201,2,2,0,0,0,0,0,3,4,0,2,3,,N,,,,,,,,,,,
2021073667,2027.0,1,0,0,0,0,0,0,0,0,5,0,,67,8,2021,7,39.964,-75.1676,2025.0,6,0,0,0,0,0,0,0,0,,0,0,0,20,3,0,0,N,1,39 57:50.500,1.0,0,75 10:03.500,0,0,0,0,67301,0,0,0,N,0,0,0,1,67301,0,,6,1,2050.0,N,N,N,0,,0,0,1,0,0,Y,2025,0,2,0,0,0,0,0,3,4,0,2,3,3.0,N,,,,,,,,,,,
2021116800,955.0,1,0,0,0,0,0,0,0,0,4,1,,67,11,2021,6,39.9404,-75.2019,922.0,6,0,0,0,0,0,0,1,0,,0,1,0,9,1,1,0,N,0,39 56:25.446,,7,75 12:06.915,8,0,0,0,67301,0,0,0,N,0,0,0,2,67301,0,,1,1,,N,N,N,0,,0,0,0,0,0,,900,1,2,0,0,1,1,0,3,4,0,2,3,4.0,N,,,,,,,,,,,
2021073074,546.0,1,0,0,0,0,0,0,0,0,1,0,,67,8,2021,5,39.956,-75.2176,544.0,6,0,0,0,0,1,0,0,0,,0,0,0,5,3,0,1,,0,39 57:21.549,,0,75 13:03.370,9,0,0,0,67301,0,0,0,N,0,0,0,3,67301,0,,1,1,,N,N,N,0,,0,0,0,3,2,,540,0,2,0,0,0,0,1,3,4,1,2,3,,N,,,,,,,,,,,
2021105771,,2,0,0,0,0,0,0,0,0,1,0,,67,8,2021,2,40.0301,-75.1648,,6,0,0,0,0,0,0,0,0,,0,0,0,18,1,2,0,N,0,40 01:48.500,,0,75 09:53.100,3,0,0,0,67301,0,0,0,N,0,0,0,3,00000,0,,1,1,,N,N,N,0,,2,0,0,0,0,,1800,2,2,0,0,0,0,0,3,4,0,2,3,,N,,,,,,,,,,,
2021117977,1924.0,1,0,0,0,0,0,0,0,0,1,1,,67,12,2021,5,39.8857,-75.2316,1919.0,6,0,0,0,0,0,2,0,0,,0,1,0,19,3,1,0,N,1,39 53:08.640,2.0,7,75 13:53.670,3,0,0,0,67301,0,0,0,N,0,0,0,4,67301,0,,1,1,200.0,N,N,N,0,,1,0,1,0,0,N,1908,1,3,0,0,0,0,0,3,4,0,3,3,3.0,N,,,,,,,,,,,
2021073391,215.0,2,0,0,0,0,0,0,0,0,5,0,,67,8,2021,6,40.0515,-75.15,208.0,6,0,0,0,0,0,0,0,0,,0,0,0,2,3,0,0,N,1,40 03:05.300,3.0,0,75 08:59.877,0,0,0,0,67301,0,0,0,N,0,0,0,2,67301,0,,1,1,330.0,N,N,N,0,,0,0,0,0,0,N,205,0,3,0,0,0,0,0,3,4,1,3,3,3.0,N,,,,,,,,,,,
2021075731,1418.0,1,0,0,0,0,0,0,0,0,4,0,,67,7,2021,7,39.9587,-75.1621,1408.0,6,0,0,0,0,0,0,0,0,,0,0,0,14,1,1,1,,0,39 57:31.362,,0,75 09:43.713,8,0,0,0,67301,0,0,0,N,0,0,0,2,67508,0,,1,1,,N,N,Y,0,,0,0,1,0,0,,1408,1,2,0,0,0,1,0,3,4,0,2,3,3.0,N,,,,,,,,,,,
2021070857,1419.0,0,0,0,0,0,0,0,0,0,1,0,,67,7,2021,5,39.9461,-75.2421,1418.0,6,0,0,0,0,0,1,0,0,,0,0,0,14,1,1,1,,0,39 56:45.881,,0,75 14:31.459,3,0,0,0,67301,0,0,0,N,0,0,0,3,67301,0,,1,1,,N,N,N,0,,1,0,1,3,2,,1403,1,2,0,0,0,0,0,3,4,1,2,3,3.0,N,,,,,,,,,,,
2021113502,1545.0,1,0,0,0,0,0,0,0,0,5,0,,67,11,2021,1,39.9863,-75.0924,1537.0,6,0,0,0,0,1,0,0,0,,0,0,0,15,1,3,0,N,1,39 59:10.554,2.0,0,75 05:32.607,3,0,0,0,67301,0,0,0,N,0,0,0,5,68K01,1,,1,1,1630.0,N,N,N,0,,2,0,1,0,0,N,1535,3,2,0,0,1,0,1,3,4,0,2,3,3.0,N,,,,,,,,,,,
2021113195,1631.0,2,0,0,0,0,0,0,0,0,1,0,,67,11,2021,6,39.9472,-75.1423,1625.0,6,0,0,0,0,0,0,0,0,,0,0,0,16,1,0,0,N,1,39 56:49.771,1.0,0,75 08:32.152,0,0,0,0,67301,0,0,0,N,0,0,0,3,68K01,0,,1,1,1730.0,N,N,N,1,,0,0,0,0,0,N,1619,0,3,0,0,0,0,0,3,4,0,3,3,,N,,,,,,,,,,,
2021072478,1913.0,1,0,0,0,0,0,0,0,0,4,0,,67,8,2021,2,39.9266,-75.2356,1912.0,6,0,0,0,0,0,0,0,0,,0,0,0,18,1,2,1,,0,39 55:35.914,,0,75 14:08.141,3,0,0,0,67301,0,0,0,N,0,0,0,2,67301,0,,1,1,,N,N,N,0,,2,0,1,3,2,,1824,2,2,0,0,0,0,0,3,4,0,2,3,4.0,N,,,,,,,,,,,
2021070358,1813.0,2,0,0,0,0,0,0,0,0,4,0,,67,7,2021,3,40.0567,-75.0608,1811.0,6,0,0,0,0,1,0,0,0,,0,0,0,18,1,2,1,,2,40 03:24.303,2.0,0,75 03:38.803,3,0,0,0,67301,0,0,0,N,0,0,0,2,67301,1,,1,1,100.0,N,N,N,0,,1,0,0,3,2,N,1808,2,2,0,0,0,0,0,3,4,0,2,3,3.0,N,,,,,,,,,,,
2021113276,1956.0,1,0,0,0,0,0,0,0,0,4,0,,67,11,2021,7,39.9988,-75.1313,1948.0,6,0,0,0,0,0,1,0,0,,0,0,0,17,1,0,1,,0,39 59:55.564,,0,75 07:52.533,0,0,0,0,67301,0,0,0,N,0,0,0,2,67301,0,,1,1,,N,N,Y,1,,0,0,0,3,2,,1750,0,2,0,0,0,0,0,3,4,0,2,3,3.0,N,,,,,,,,,,,
2021114707,1850.0,1,0,0,0,0,0,0,0,0,1,0,,67,10,2021,7,39.9587,-75.1696,1850.0,6,0,0,0,0,0,0,0,0,,0,0,0,18,3,0,0,N,0,39 57:31.397,,0,75 10:10.612,0,0,0,0,67301,0,0,0,N,0,0,0,2,68K01,0,,1,1,,N,N,N,0,,0,0,1,0,0,,1825,0,2,0,0,0,0,0,3,4,0,2,3,3.0,N,,,,,,,,,,,
2021112826,2330.0,3,0,0,0,0,0,0,0,0,4,0,,67,11,2021,7,39.9131,-75.2433,2321.0,6,0,0,0,0,0,1,0,0,,1,0,0,23,3,3,5,,2,39 54:47.100,6.0,0,75 14:35.859,1,0,0,0,67301,0,0,0,N,0,0,0,5,67301,0,2.0,1,1,600.0,N,N,Y,0,0.0,2,1,1,3,2,Y,2320,3,4,0,0,0,0,0,3,4,0,4,3,3.0,N,,,,,,,,,,,
2021069120,226.0,1,0,0,0,0,0,0,0,0,7,0,,67,7,2021,1,39.9385,-75.1426,224.0,6,0,0,0,0,0,0,0,0,,0,0,0,2,3,1,0,N,0,39 56:18.659,,2,75 08:33.307,8,0,0,0,67301,0,0,0,N,0,0,0,1,68K01,0,,4,9,,N,N,N,0,,0,0,0,0,0,,222,1,1,0,0,1,1,0,3,4,0,1,7,,N,,,,,,,,,,,
2021073144,2057.0,1,0,0,0,0,0,0,0,0,8,0,,67,8,2021,5,39.9919,-75.1393,2056.0,6,0,0,0,0,0,0,0,0,,0,0,0,20,3,1,1,,0,39 59:30.888,,0,75 08:21.316,2,0,0,0,67301,1,0,1,N,1,0,1,2,67301,0,,1,1,,N,N,N,0,,0,1,0,9,9,,2055,1,2,0,0,0,0,0,3,4,0,1,98,98.0,N,,,,,,,,,,,
2021074571,419.0,1,0,0,0,0,0,0,0,0,7,0,,67,8,2021,1,39.9568,-75.1534,419.0,6,0,0,0,0,0,0,0,0,,0,0,0,3,3,0,0,N,1,39 57:24.567,3.0,0,75 09:12.219,0,0,0,0,67301,0,0,0,N,0,0,0,1,68K01,0,,3,9,422.0,N,N,N,0,,0,0,0,0,0,N,333,0,1,0,0,0,0,0,3,4,0,1,7,,N,,,,,,,,,,,
2021081569,1422.0,2,0,0,0,0,0,0,0,0,5,0,45.0,67,8,2021,3,39.9978,-75.0817,1421.0,6,0,0,0,0,0,1,0,0,,0,0,0,14,1,0,0,N,1,39 59:52.103,2.0,0,75 04:54.104,0,0,0,0,67301,0,0,0,N,0,0,0,2,68K01,0,,1,1,30.0,N,N,N,0,,0,0,0,0,0,N,1418,0,2,0,0,1,0,0,3,4,0,2,4,,Y,4.0,1.0,N,,,N,,,,Y,N