CRN,ARRIVAL_TM,AUTOMOBILE_COUNT,BELTED_DEATH_COUNT,BELTED_SUSP_SERIOUS_INJ_COUNT,BICYCLE_COUNT,BICYCLE_DEATH_COUNT,BICYCLE_SUSP_SERIOUS_INJ_COUNT,BUS_COUNT,CHLDPAS_DEATH_COUNT,CHLDPAS_SUSP_SERIOUS_INJ_COUNT,COLLISION_TYPE,COMM_VEH_COUNT,CONS_ZONE_SPD_LIM,COUNTY,CRASH_MONTH,CRASH_YEAR,DAY_OF_WEEK,DEC_LAT,DEC_LONG,DISPATCH_TM,DISTRICT,DRIVER_COUNT_16YR,DRIVER_COUNT_17YR,DRIVER_COUNT_18YR,DRIVER_COUNT_19YR,DRIVER_COUNT_20YR,DRIVER_COUNT_50_64YR,DRIVER_COUNT_65_74YR,DRIVER_COUNT_75PLUS,EST_HRS_CLOSED,FATAL_COUNT,HEAVY_TRUCK_COUNT,HORSE_BUGGY_COUNT,HOUR_OF_DAY,ILLUMINATION,INJURY_COUNT,INTERSECT_TYPE,INTERSECTION_RELATED,LANE_CLOSED,LATITUDE,LN_CLOSE_DIR,LOCATION_TYPE,LONGITUDE,MAX_SEVERITY_LEVEL,MCYCLE_DEATH_COUNT,MCYCLE_SUSP_SERIOUS_INJ_COUNT,MOTORCYCLE_COUNT,MUNICIPALITY,NONMOTR_COUNT,NONMOTR_DEATH_COUNT,NONMOTR_SUSP_SERIOUS_INJ_COUNT,NTFY_HIWY_MAINT,PED_COUNT,PED_DEATH_COUNT,PED_SUSP_SERIOUS_INJ_COUNT,PERSON_COUNT,POLICE_AGCY,POSSIBLE_INJ_COUNT,RDWY_SURF_TYPE_CD,RELATION_TO_ROAD,ROAD_CONDITION,ROADWAY_CLEARED,SCH_BUS_IND,SCH_ZONE_IND,SECONDARY_CRASH,SMALL_TRUCK_COUNT,SPEC_JURIS_CD,SUSP_MINOR_INJ_COUNT,SUSP_SERIOUS_INJ_COUNT,SUV_COUNT,TCD_FUNC_CD,TCD_TYPE,TFC_DETOUR_IND,TIME_OF_DAY,TOT_INJ_COUNT,TOTAL_UNITS,UNB_DEATH_COUNT,UNB_SUSP_SERIOUS_INJ_COUNT,UNBELTED_OCC_COUNT,UNK_INJ_DEG_COUNT,UNK_INJ_PER_COUNT,URBAN_AREA,URBAN_RURAL,VAN_COUNT,VEHICLE_COUNT,WEATHER1,WEATHER2,WORK_ZONE_IND,WORK_ZONE_LOC,WORK_ZONE_TYPE,WORKERS_PRES,WZ_CLOSE_DETOUR,WZ_FLAGGER,WZ_LAW_OFFCR_IND,WZ_LN_CLOSURE,WZ_MOVING,WZ_OTHER,WZ_SHLDER_MDN,WZ_WORKERS_INJ_KILLED
2021072455,1510.0,1,0,0,0,0,0,0,0,0,8,0,,67,8,2021,3,40.0199,-75.0914,1459.0,6,0,0,0,0,0,1,0,0,,0,0,0,14,1,1,0,N,0,40 01:11.600,,0,75 05:29.050,3,0,0,0,67301,1,0,0,N,1,0,0,2,67301,0,,1,1,,N,N,N,0,,1,0,0,0,0,,1430,1,2,0,0,1,0,0,3,4,0,1,3,3.0,N,,,,,,,,,,,
2021071260,955.0,0,0,0,0,0,0,0,0,0,4,0,,67,7,2021,7,40.089,-75.0209,955.0,6,0,0,0,0,0,1,0,0,,0,0,0,9,1,3,1,,0,40 05:20.314,,0,75 01:15.336,4,0,0,0,67301,0,0,0,N,0,0,0,3,67301,2,,1,1,,N,N,N,0,,0,0,1,3,2,,945,3,2,0,0,1,1,0,3,4,1,2,3,,N,,,,,,,,,,,
2021073102,1412.0,2,0,0,0,0,0,0,0,0,4,0,,67,8,2021,5,39.9584,-75.2087,1412.0,6,0,0,0,0,0,0,0,0,,0,0,0,13,1,2,2,,0,39 57:30.099,,0,75 12:31.410,3,0,0,0,67301,0,0,0,N,0,0,0,3,67301,0,,1,1,,N,N,N,0,,2,0,0,3,3,,1326,2,2,0,0,0,0,1,3,4,0,2,3,,N,,,,,,,,,,,
2021114817,835.0,0,0,0,0,0,0,1,0,0,8,1,,67,11,2021,3,39.9881,-75.1824,819.0,6,0,0,0,0,0,0,0,0,,0,0,0,8,1,1,5,,0,39 59:17.008,,0,75 10:56.669,3,0,0,0,67301,1,0,0,N,1,0,0,2,67508,0,,1,1,,N,N,Y,0,,1,0,0,3,2,,819,1,2,0,0,0,0,0,3,4,0,1,3,3.0,N,,,,,,,,,,,
2021071274,215.0,2,0,0,0,0,0,0,0,0,5,0,,67,8,2021,1,39.9727,-75.1592,206.0,6,0,0,0,0,0,0,0,0,,0,0,0,1,3,0,0,N,0,39 58:21.794,,0,75 09:33.279,0,0,0,0,67301,0,0,0,N,0,0,0,4,67301,0,,1,1,,N,N,N,0,,0,0,0,0,0,,133,0,2,0,0,0,0,0,3,4,0,2,3,3.0,N,,,,,,,,,,,
2021116988,1525.0,1,0,0,0,0,0,0,0,0,5,0,,67,11,2021,1,39.9823,-75.1001,1514.0,6,0,0,0,0,0,0,0,0,,0,0,0,15,1,1,0,N,2,39 58:56.356,1.0,0,75 06:00.481,8,0,0,0,67301,0,0,0,N,0,0,0,3,68K01,0,,1,1,1540.0,N,N,N,1,,0,0,0,0,0,N,1513,1,2,0,0,0,1,1,3,4,0,2,3,3.0,N,,,,,,,,,,,
2021073083,1655.0,3,0,0,0,0,0,0,0,0,4,0,,67,8,2021,5,39.9371,-75.2267,1641.0,6,0,0,0,0,0,0,1,0,,0,0,0,16,1,1,1,,0,39 56:13.549,,0,75 13:35.979,8,0,0,0,67301,0,0,0,N,0,0,0,2,67301,0,,1,1,,N,N,N,0,,0,0,0,0,0,,1600,1,3,0,0,0,1,0,3,4,0,3,3,3.0,N,,,,,,,,,,,
2021118121,1620.0,1,0,0,0,0,0,0,0,0,1,0,,67,11,2021,4,39.9823,-75.2077,1607.0,6,0,0,0,0,0,0,0,0,,0,0,0,16,1,0,0,N,0,39 58:56.152,,0,75 12:27.816,0,0,0,0,67301,0,0,0,N,0,0,0,2,68K01,0,,3,1,,N,N,N,1,,0,0,0,0,0,,1605,0,2,0,0,0,0,0,3,4,0,2,3,,N,,,,,,,,,,,
2021071237,515.0,2,0,0,0,0,0,0,0,0,4,0,,67,7,2021,7,40.041,-75.07,510.0,6,0,0,0,0,0,0,0,0,,0,0,0,5,5,3,1,,2,40 02:27.743,5.0,0,75 04:12.165,8,0,0,0,67301,0,0,0,N,0,0,0,3,67301,0,,1,1,800.0,N,N,Y,1,,0,0,2,3,3,Y,500,3,7,0,0,0,3,0,3,4,2,7,3,3.0,N,,,,,,,,,,,
2021090688,37.0,2,0,0,0,0,0,0,0,0,1,0,,67,8,2021,1,39.9786,-75.1104,16.0,6,0,0,0,0,1,0,0,0,,0,0,0,0,3,1,0,N,2,39 58:43.058,2.0,0,75 06:37.451,3,0,0,0,67301,0,0,0,N,0,0,0,3,68K01,0,,1,1,40.0,N,N,N,0,,1,0,1,0,0,N,13,1,3,0,0,0,0,0,3,4,0,3,3,3.0,N,,,,,,,,,,,
2021073951,2355.0,2,0,0,0,0,0,0,0,0,1,0,,67,8,2021,7,40.07,-75.1627,2350.0,6,0,0,0,0,0,0,0,0,,0,0,0,23,3,1,1,,0,40 04:12.010,,0,75 09:45.872,4,0,0,1,67301,0,0,0,N,0,0,0,4,67301,1,,1,1,,N,N,N,0,,0,0,0,3,2,,2315,1,3,0,0,0,0,0,3,4,0,3,4,7.0,N,,,,,,,,,,,
2021077424,2201.0,0,0,0,0,0,0,0,0,0,7,0,,67,8,2021,4,40.0136,-75.0785,2200.0,6,0,0,0,0,0,0,0,0,,0,0,0,21,3,0,0,N,0,40 00:49.100,,0,75 04:42.500,0,0,0,0,67301,0,0,0,N,0,0,0,1,67301,0,,5,1,,N,N,N,0,,0,0,1,0,0,,2155,0,1,0,0,1,0,0,3,4,0,1,3,3.0,N,,,,,,,,,,,
2021072938,651.0,2,0,0,0,0,0,0,0,0,1,0,,67,8,2021,4,39.959,-75.1706,646.0,6,0,0,0,0,0,0,0,0,,0,0,0,6,1,0,0,N,2,39 57:32.293,4.0,0,75 10:14.069,0,0,0,0,67301,0,0,0,N,0,0,0,3,68K01,0,,1,1,658.0,N,N,N,1,,0,0,0,0,0,N,631,0,3,0,0,0,0,0,3,4,0,3,3,,N,,,,,,,,,,,
2021114209,850.0,1,0,0,0,0,0,0,0,0,8,0,,67,11,2021,3,40.0317,-75.2312,845.0,6,0,0,0,0,0,0,0,0,,0,0,0,8,1,1,0,N,0,40 01:54.180,,0,75 13:52.450,8,0,0,0,67301,1,0,0,N,1,0,0,2,67301,0,,1,1,,N,Y,N,0,,0,0,0,0,0,,840,1,2,0,0,0,1,0,3,4,0,1,3,3.0,N,,,,,,,,,,,
2021114751,630.0,1,0,0,0,0,0,0,0,0,5,0,,67,11,2021,7,39.9942,-75.0844,617.0,6,0,0,0,0,0,1,0,0,,0,0,0,6,1,0,0,N,0,39 59:39.028,,0,75 05:03.892,0,0,0,0,67301,0,0,0,N,0,0,0,3,68K01,0,,1,1,,N,N,N,0,,0,0,1,0,0,,607,0,2,0,0,0,0,0,3,4,0,2,3,3.0,N,,,,,,,,,,,
2021070383,1109.0,0,0,0,0,0,0,0,0,0,4,0,,67,7,2021,3,40.0811,-75.0289,1100.0,6,0,0,0,0,0,0,0,0,,0,0,0,10,1,3,1,,0,40 04:51.806,,0,75 01:43.881,3,0,0,0,67301,0,0,0,N,0,0,0,4,67301,0,,1,1,,N,N,N,1,,3,0,1,3,2,,1049,3,2,0,0,0,0,0,3,4,0,2,3,3.0,N,,,,,,,,,,,
2021072761,1320.0,2,0,0,0,0,0,0,0,0,4,0,,67,8,2021,4,40.0546,-75.125,1310.0,6,0,0,0,0,0,0,1,0,,0,0,0,12,1,1,1,,0,40 03:16.733,,0,75 07:30.018,3,0,0,0,67301,0,0,0,N,0,0,0,4,67301,0,,1,1,,N,N,N,0,,1,0,0,3,2,,1230,1,2,0,0,4,0,0,3,4,0,2,3,,N,,,,,,,,,,,
2021114219,1107.0,1,0,0,0,0,0,0,0,0,1,0,,67,10,2021,3,39.9471,-75.1878,1055.0,6,0,0,0,0,0,0,1,0,,0,1,0,10,1,3,0,N,1,39 56:49.439,4.0,0,75 11:16.247,3,0,0,0,67301,0,0,0,N,0,0,0,5,68K01,2,,1,1,1120.0,N,N,N,0,,1,0,1,0,0,N,1053,3,3,0,0,0,0,0,3,4,0,3,3,,N,,,,,,,,,,,
2021070417,1248.0,0,0,0,0,0,0,0,0,0,4,0,,67,7,2021,3,40.0522,-75.1758,1244.0,6,0,0,0,0,0,1,0,0,,0,0,0,12,1,2,1,,2,40 03:08.049,5.0,0,75 10:32.957,2,0,0,0,67301,0,0,0,N,0,0,0,2,67301,0,,1,1,1522.0,N,N,Y,0,,0,1,1,3,2,Y,1233,2,2,0,0,0,1,0,3,4,1,2,3,,N,,,,,,,,,,,
2021070446,145.0,1,0,0,0,0,0,0,0,0,4,0,,67,7,2021,5,40.0086,-75.0688,139.0,6,0,0,0,0,0,0,0,0,,0,0,0,1,3,0,1,,0,40 00:31.034,,0,75 04:07.810,9,0,0,0,67301,0,0,0,N,0,0,0,2,67301,0,,1,1,,N,N,N,0,,0,0,1,3,2,,122,0,2,0,0,0,0,1,3,4,0,2,3,3.0,N,,,,,,,,,,,
2021113446,1850.0,1,0,0,0,0,0,0,0,0,1,0,,67,11,2021,6,40.0596,-75.0091,1846.0,6,0,0,0,0,0,0,2,0,,0,0,0,18,3,3,0,N,0,40 03:34.512,,0,75 00:32.843,3,0,0,0,67301,0,0,0,N,0,0,0,6,67301,2,,1,1,,N,N,Y,0,,1,0,2,3,2,,1800,3,3,0,0,0,0,0,3,4,0,3,3,,N,,,,,,,,,,,
2021115661,429.0,2,0,0,0,0,0,0,0,0,1,0,,67,11,2021,6,39.9814,-75.102,420.0,6,0,0,0,0,0,0,0,0,,0,0,0,4,3,2,0,N,1,39 58:53.208,1.0,0,75 06:07.232,3,0,0,0,67301,0,0,0,N,0,0,0,2,68K01,0,,1,1,430.0,N,N,N,0,,2,0,0,0,0,N,420,2,2,0,0,2,0,0,3,4,0,2,3,3.0,N,,,,,,,,,,,
2021072990,1429.0,0,0,0,0,0,0,0,0,0,7,0,,67,8,2021,5,40.0595,-75.1736,1329.0,6,0,0,0,0,0,0,0,0,,0,0,0,13,1,1,0,N,0,40 03:34.274,,0,75 10:25.031,8,0,0,1,67301,0,0,0,N,0,0,0,1,67301,0,,4,1,,N,N,N,0,,0,0,0,0,0,,1324,1,1,0,0,0,1,0,3,4,0,1,3,3.0,N,,,,,,,,,,,
2021073173,948.0,0,0,0,0,0,0,0,0,0,2,0,,67,8,2021,6,40.0363,-75.1292,941.0,6,0,0,0,0,0,0,0,0,,0,0,0,9,1,1,0,N,0,40 02:10.536,,0,75 07:45.032,3,0,0,0,67301,1,0,0,N,0,0,0,2,67301,0,,6,1,,N,N,N,0,,1,0,3,0,0,,935,1,3,0,0,0,0,1,3,4,0,3,3,,N,,,,,,,,,,,
2021116553,1433.0,1,0,0,0,0,0,0,0,0,4,0,,67,11,2021,5,40.0003,-75.0837,1425.0,6,0,0,0,0,0,1,0,0,,1,0,0,14,1,1,2,,2,40 00:01.228,2.0,2,75 05:01.679,1,1,0,1,67301,0,0,0,N,0,0,0,3,67301,1,2.0,1,1,1715.0,N,N,N,0,0.0,0,0,0,3,2,Y,1425,1,2,0,0,2,0,0,3,4,0,2,3,3.0,N,,,,,,,,,,,
2021071384,1020.0,0,0,0,0,0,0,0,0,0,1,0,,67,8,2021,1,40.0073,-75.0938,1002.0,6,0,0,0,0,0,0,0,0,,0,0,0,9,1,0,0,N,0,40 00:26.130,,1,75 05:37.810,0,0,0,0,67301,0,0,0,N,0,0,0,1,67301,0,,6,1,,N,N,N,0,,0,0,2,0,0,,954,0,2,0,0,0,0,0,3,4,0,2,3,3.0,N,,,,,,,,,,,
2021115766,240.0,0,0,0,0,0,0,1,0,0,1,1,,67,10,2021,7,39.9871,-75.1051,227.0,6,0,0,0,0,0,0,0,0,,0,0,0,2,3,1,1,,0,39 59:13.445,,0,75 06:18.215,4,0,0,0,67301,0,0,0,N,0,0,0,2,67508,1,,1,1,,N,N,Y,0,,0,0,0,3,2,,227,1,2,0,0,0,0,0,3,4,0,2,3,3.0,N,,,,,,,,,,,
2021072967,2046.0,0,0,0,0,0,0,0,0,0,1,0,,67,7,2021,6,39.9569,-75.2248,2046.0,6,0,0,0,0,0,0,0,0,,0,0,0,20,3,0,0,N,0,39 57:24.741,,0,75 13:29.172,0,0,0,0,67301,0,0,0,N,0,0,0,1,67301,0,,6,1,,N,N,N,1,,0,0,0,0,0,,2046,0,2,0,0,0,0,0,3,4,1,2,3,3.0,N,,,,,,,,,,,
2021116057,1225.0,1,0,0,0,0,0,0,0,0,8,0,,67,11,2021,1,39.9374,-75.1421,1221.0,6,0,0,0,0,0,1,0,0,,0,0,0,12,1,1,0,N,0,39 56:14.615,,0,75 08:31.516,2,0,0,0,67301,1,0,1,N,1,0,1,3,67301,0,,1,1,,N,N,N,0,,0,1,0,0,0,,1220,1,2,0,0,0,0,0,3,4,0,1,3,,N,,,,,,,,,,,
2021113687,1655.0,0,0,0,0,0,0,0,0,0,8,0,,67,11,2021,5,39.9524,-75.1625,1650.0,6,0,0,0,0,0,0,0,0,,0,0,0,14,1,1,1,,0,39 57:08.768,,0,75 09:45.156,8,0,0,0,67301,1,0,0,N,1,0,0,1,67301,0,,1,1,,N,N,N,0,,0,0,0,3,2,,1400,1,2,0,0,0,1,0,3,4,0,1,3,3.0,N,,,,,,,,,,,
2021071027,1000.0,1,0,0,0,0,0,0,0,0,4,0,,67,7,2021,4,39.9137,-75.1477,950.0,6,0,0,0,1,0,0,0,0,,0,0,0,9,1,1,1,,0,39 54:49.359,,0,75 08:51.599,3,0,0,0,67301,0,0,0,N,0,0,0,2,67301,0,,1,1,,N,N,N,0,,1,0,1,0,0,,950,1,2,0,0,0,0,0,3,4,0,2,3,3.0,N,,,,,,,,,,,
2021070960,244.0,1,0,0,0,0,0,0,0,0,1,0,,67,7,2021,5,40.046,-75.0892,240.0,6,0,0,0,0,0,0,0,0,,0,0,0,2,3,1,0,N,1,40 02:45.613,4.0,0,75 05:21.097,3,0,0,0,67301,0,0,0,N,0,0,0,1,67301,0,,6,1,339.0,N,N,Y,0,,1,0,1,0,0,N,232,1,2,0,0,1,0,0,3,4,0,2,3,3.0,N,,,,,,,,,,,
2021070776,1704.0,2,0,0,0,0,0,0,0,0,3,0,,67,7,2021,4,39.9276,-75.185,1703.0,6,0,0,0,0,0,0,0,0,,0,0,0,17,1,0,0,N,2,39 55:39.370,4.0,7,75 11:05.830,0,0,0,0,67301,0,0,0,N,0,0,0,2,67301,0,,1,1,1704.0,N,N,N,0,,0,0,1,0,0,Y,1700,0,3,0,0,0,0,0,3,4,0,3,3,,N,,,,,,,,,,,
2021070961,243.0,0,0,0,0,0,0,0,0,0,1,0,,67,7,2021,6,40.0456,-75.0714,242.0,6,0,0,0,0,0,1,0,0,,0,0,0,2,3,0,1,,1,40 02:44.278,2.0,0,75 04:17.368,0,0,0,0,67301,0,0,0,N,0,0,0,2,67301,0,,1,1,408.0,N,N,N,0,,0,0,2,3,2,N,210,0,2,0,0,0,0,0,3,4,0,2,3,,N,,,,,,,,,,,
2021070760,1936.0,2,0,0,0,0,0,0,0,0,6,0,,67,7,2021,4,40.01,-75.1084,1935.0,6,0,0,0,0,0,0,0,0,,0,0,0,19,1,1,1,,1,40 00:35.858,6.0,0,75 06:30.170,4,0,0,0,67301,0,0,0,N,0,0,0,2,67301,1,,1,1,2035.0,N,N,N,0,,0,0,0,3,3,N,1930,1,2,0,0,0,0,1,3,4,0,2,3,,N,,,,,,,,,,,
2021115051,1745.0,3,0,0,0,0,0,0,0,0,2,0,,67,11,2021,4,40.0479,-75.1687,1740.0,6,0,0,0,0,0,0,0,0,,0,0,0,17,3,1,0,N,0,40 02:52.310,,0,75 10:07.360,3,0,0,0,67301,0,0,0,N,0,0,0,1,67301,0,,6,1,,N,N,N,0,,1,0,0,0,0,,1735,1,3,0,0,0,0,0,3,4,0,3,3,,N,,,,,,,,,,,
2021114223,2324.0,1,0,0,0,0,0,0,0,0,7,0,,67,10,2021,6,39.9502,-75.1417,2310.0,6,0,0,0,0,0,0,0,0,,0,0,0,23,3,1,0,N,1,39 57:00.886,2.0,0,75 08:30.087,3,0,0,0,67301,0,0,0,N,0,0,0,1,68K01,0,,4,9,0.0,N,N,N,0,,1,0,0,0,0,Y,2307,1,1,0,0,0,0,0,3,4,0,1,7,,N,,,,,,,,,,,
2021114150,1915.0,2,0,0,0,0,0,0,0,0,4,0,,67,11,2021,7,40.0356,-75.2174,1910.0,6,0,0,0,0,0,1,0,0,,0,0,0,18,3,0,1,,0,40 02:08.088,,0,75 13:02.506,0,0,0,0,67301,0,0,0,N,0,0,0,2,67301,0,,1,1,,N,N,N,0,,0,0,0,3,2,,1814,0,2,0,0,0,0,0,3,4,0,2,3,3.0,N,,,,,,,,,,,
2021113157,1108.0,1,0,0,0,0,0,0,0,0,4,0,,67,11,2021,6,40.0264,-75.2186,1102.0,6,0,0,0,0,0,0,1,0,,0,0,0,11,1,1,0,N,0,40 01:35.020,,0,75 13:06.900,4,0,0,0,67301,0,0,0,N,0,0,0,1,67301,1,,1,1,,N,N,N,0,,0,0,1,0,0,,1100,1,2,0,0,0,0,0,3,4,0,2,3,3.0,N,,,,,,,,,,,
2021071747,1558.0,1,0,0,0,0,0,0,0,0,1,0,,67,8,2021,2,40.0329,-75.1777,1558.0,6,0,0,0,0,0,0,1,0,,0,0,0,14,1,1,2,,0,40 01:58.414,,0,75 10:39.820,3,0,0,0,67301,0,0,0,N,0,0,0,2,67301,0,,1,1,,N,N,N,0,,1,0,0,3,2,,1413,1,2,0,0,0,0,0,3,4,0,2,3,3.0,N,,,,,,,,,,,
2021073966,316.0,1,0,0,0,0,0,0,0,0,4,0,,67,8,2021,7,39.9528,-75.1669,313.0,6,0,0,0,0,0,1,0,0,,0,0,0,3,3,2,1,,2,39 57:10.036,7.0,0,75 10:00.736,3,0,0,0,67301,0,0,0,N,0,0,0,2,67301,0,,1,1,500.0,N,N,N,0,,2,0,1,3,2,Y,310,2,2,0,0,0,0,0,3,4,0,2,3,,N,,,,,,,,,,,
2021075711,932.0,1,0,0,0,0,0,0,0,0,4,0,,67,8,2021,4,40.0121,-75.1122,926.0,6,0,0,0,0,0,1,0,0,,0,0,0,16,1,1,1,,0,40 00:43.452,,0,75 06:43.833,4,0,0,0,67301,0,0,0,N,0,0,0,3,67301,1,,1,99,,N,N,N,0,,0,0,1,3,2,,1610,1,2,0,0,0,0,0,3,4,0,2,99,,N,,,,,,,,,,,
2021073684,1315.0,1,0,0,0,0,0,0,0,0,4,0,,67,8,2021,6,40.011,-75.1042,1315.0,6,0,0,0,0,0,0,1,0,,0,0,0,14,1,1,1,,0,40 00:39.717,,0,75 06:14.985,8,0,0,0,67301,0,0,0,N,0,0,0,2,67301,0,,1,99,,N,N,N,0,,0,0,1,3,2,,1430,1,2,0,0,0,1,1,3,4,0,2,99,,N,,,,,,,,,,,
2021072020,1701.0,1,0,0,1,0,0,0,0,0,1,0,,67,8,2021,2,39.9511,-75.1785,1701.0,6,0,0,0,0,0,1,0,0,,0,0,0,16,1,1,1,,0,39 57:04.033,,0,75 10:42.665,3,0,0,0,67301,1,0,0,N,0,0,0,2,67301,0,,1,1,,N,N,N,0,,1,0,0,3,2,,1622,1,2,0,0,1,0,0,3,4,0,1,3,3.0,N,,,,,,,,,,,
2021077512,1540.0,0,0,0,0,0,0,0,0,0,5,0,,67,8,2021,4,40.0109,-75.1648,1540.0,6,0,0,0,0,0,1,0,0,,0,0,0,15,1,0,0,N,0,40 00:39.124,,0,75 09:53.299,9,0,0,0,67301,0,0,0,N,0,0,0,1,67301,0,,6,1,,N,N,N,0,,0,0,3,0,0,,1540,0,3,0,0,1,0,1,3,4,0,3,3,3.0,N,,,,,,,,,,,
2021072480,1749.0,1,0,0,0,0,0,0,0,0,4,0,,67,8,2021,3,39.9422,-75.2309,1749.0,6,0,0,0,0,0,1,0,0,,0,0,0,17,1,0,1,,0,39 56:31.984,,0,75 13:51.369,9,0,0,0,67301,0,0,0,N,0,0,0,3,67301,0,,1,1,,N,N,Y,0,,0,0,1,3,3,,1745,0,3,0,0,1,0,1,3,4,1,3,3,,N,,,,,,,,,,,
2021073891,2054.0,1,0,0,0,0,0,0,0,0,4,0,,67,8,2021,1,40.067,-75.1563,2053.0,6,0,0,0,0,0,0,0,0,,0,0,0,19,3,1,1,,0,40 04:01.254,,0,75 09:22.647,3,0,0,0,67301,0,0,0,N,0,0,0,2,67301,0,,1,1,,N,N,N,0,,1,0,1,3,2,,1944,1,2,0,0,0,0,0,3,4,0,2,3,3.0,N,,,,,,,,,,,
2021117746,232.0,2,0,0,0,0,0,0,0,0,5,0,,67,11,2021,4,39.9588,-75.1692,231.0,6,0,0,0,0,0,0,0,0,,0,0,0,2,3,2,0,N,2,39 57:31.709,4.0,0,75 10:09.296,3,0,0,0,67301,0,0,0,N,0,0,0,2,68K01,0,,1,1,245.0,N,N,N,0,,1,0,0,0,0,N,229,2,2,0,0,1,1,0,3,4,0,2,3,,N,,,,,,,,,,,
2021074143,2258.0,0,0,0,0,0,0,0,0,0,8,0,,67,8,2021,1,40.0232,-75.1367,2258.0,6,0,0,0,0,0,0,0,0,,0,0,0,20,3,1,1,,0,40 01:22.930,,0,75 08:13.514,3,0,0,0,67301,1,0,0,N,1,0,0,2,67301,0,,1,1,,N,N,N,0,,1,0,0,3,2,,2042,1,2,0,0,0,0,0,3,4,0,1,3,3.0,N,,,,,,,,,,,
2021071419,951.0,0,0,0,0,0,0,0,0,0,4,0,,67,7,2021,6,39.9254,-75.1778,951.0,6,0,0,0,0,0,1,0,0,,0,0,0,9,1,2,1,,0,39 55:31.459,,0,75 10:39.557,4,0,0,0,67301,0,0,0,N,0,0,0,3,67301,2,,1,1,,N,N,N,0,,0,0,2,3,2,,950,2,2,0,0,0,0,0,3,4,0,2,3,3.0,N,,,,,,,,,,,
2021073413,1906.0,2,0,0,0,0,0,0,0,0,5,0,,67,8,2021,3,40.0299,-75.0878,1905.0,6,0,0,0,0,0,1,0,1,,0,0,0,18,1,0,1,,0,40 01:47.633,,0,75 05:16.085,0,0,0,0,67301,0,0,0,N,0,0,0,2,67301,0,,1,1,,N,N,N,0,,0,0,0,3,2,,1850,0,2,0,0,0,0,0,3,4,0,2,3,3.0,N,,,,,,,,,,,
2021114763,2234.0,1,0,0,0,0,0,0,0,0,5,0,,67,11,2021,1,39.8989,-75.169,2216.0,6,0,0,0,0,0,0,0,0,,0,0,0,22,3,1,0,N,1,39 53:55.863,1.0,0,75 10:08.557,8,0,0,0,67301,0,0,0,N,0,0,0,2,68K01,0,,1,9,2250.0,N,N,N,0,,0,0,1,0,0,N,2200,1,2,0,0,0,1,0,3,4,0,2,7,,N,,,,,,,,,,,
2021114887,1057.0,0,0,0,0,0,0,0,0,0,7,0,,67,10,2021,5,39.894,-75.1954,1040.0,6,0,0,0,0,0,0,0,0,,0,0,0,10,1,1,0,N,1,39 53:38.540,2.0,3,75 11:43.466,3,0,0,0,67301,0,0,0,N,0,0,0,2,68K01,0,,4,1,1100.0,N,N,N,0,,1,0,1,0,0,N,1040,1,1,0,0,0,0,0,3,4,0,1,3,3.0,N,,,,,,,,,,,
2021082408,1900.0,0,0,0,0,0,0,0,0,0,7,0,45.0,67,7,2021,5,40.0208,-75.0427,1835.0,6,0,0,0,0,0,0,0,0,,0,0,0,18,1,1,0,N,1,40 01:14.983,2.0,0,75 02:33.757,3,0,0,0,67301,0,0,0,N,0,0,0,1,68K01,0,,4,1,1925.0,N,N,N,0,,1,0,0,3,8,N,1831,1,1,0,0,0,0,0,3,4,1,1,3,,Y,3.0,1.0,N,,,N,Y,,,Y,N
2021104841,,1,0,1,0,0,0,0,0,0,1,0,,67,6,2021,3,,,,6,0,0,0,0,0,0,0,0,,0,0,0,99,1,1,0,N,0,,,0,,2,0,0,0,67301,0,0,0,N,0,0,0,3,00000,0,,1,1,,N,N,N,0,,0,1,0,0,0,,9999,1,2,0,0,0,0,0,3,3,0,2,3,,N,,,,,,,,,,,
2021070463,1643.0,0,0,0,1,0,0,0,0,0,4,0,,67,7,2021,2,39.9403,-75.1796,1644.0,6,0,0,0,0,0,0,0,0,,0,0,0,16,1,1,2,,0,39 56:25.094,,0,75 10:46.721,3,0,0,0,67301,1,0,0,N,0,0,0,2,67301,0,,1,1,,N,N,N,1,,1,0,0,0,0,,1632,1,2,0,0,0,0,0,3,4,0,1,3,3.0,N,,,,,,,,,,,
2021074990,1748.0,1,0,0,0,0,0,0,0,0,7,0,,67,8,2021,7,39.9054,-75.2239,1748.0,6,0,0,0,0,0,0,0,0,,0,0,0,14,1,2,0,N,0,39 54:19.492,,0,75 13:26.128,3,0,0,0,67301,0,0,0,N,0,0,0,2,67301,0,,9,1,,N,N,N,0,,2,0,0,0,0,,1422,2,1,0,0,0,0,0,3,4,0,1,3,3.0,N,,,,,,,,,,,
2021072372,733.0,3,0,0,0,0,0,0,0,0,5,0,,67,7,2021,7,39.9387,-75.1739,729.0,6,0,0,0,0,0,0,0,0,,0,0,0,7,1,1,0,N,1,39 56:19.490,3.0,0,75 10:26.200,3,0,0,0,67301,0,0,0,N,0,0,0,2,67301,0,,1,1,755.0,N,N,N,0,,1,0,1,0,0,N,700,1,4,0,0,0,0,0,3,4,0,4,3,,N,,,,,,,,,,,
2021074641,2228.0,0,0,0,0,0,0,0,0,0,8,0,35.0,67,8,2021,5,39.9553,-75.1478,2228.0,6,0,0,0,0,0,0,0,0,,0,0,0,22,3,1,0,N,1,39 57:19.076,4.0,3,75 08:52.074,2,0,0,0,67301,1,0,1,N,1,0,1,2,67501,0,,1,1,2259.0,N,N,N,0,,0,1,1,0,0,N,2228,1,2,0,0,0,0,0,3,4,0,1,3,3.0,Y,5.0,2.0,U,,,N,Y,,,,N