CRN,ARRIVAL_TM,AUTOMOBILE_COUNT,BELTED_DEATH_COUNT,BELTED_SUSP_SERIOUS_INJ_COUNT,BICYCLE_COUNT,BICYCLE_DEATH_COUNT,BICYCLE_SUSP_SERIOUS_INJ_COUNT,BUS_COUNT,CHLDPAS_DEATH_COUNT,CHLDPAS_SUSP_SERIOUS_INJ_COUNT,COLLISION_TYPE,COMM_VEH_COUNT,CONS_ZONE_SPD_LIM,COUNTY,CRASH_MONTH,CRASH_YEAR,DAY_OF_WEEK,DEC_LAT,DEC_LONG,DISPATCH_TM,DISTRICT,DRIVER_COUNT_16YR,DRIVER_COUNT_17YR,DRIVER_COUNT_18YR,DRIVER_COUNT_19YR,DRIVER_COUNT_20YR,DRIVER_COUNT_50_64YR,DRIVER_COUNT_65_74YR,DRIVER_COUNT_75PLUS,EST_HRS_CLOSED,FATAL_COUNT,HEAVY_TRUCK_COUNT,HORSE_BUGGY_COUNT,HOUR_OF_DAY,ILLUMINATION,INJURY_COUNT,INTERSECT_TYPE,INTERSECTION_RELATED,LANE_CLOSED,LATITUDE,LN_CLOSE_DIR,LOCATION_TYPE,LONGITUDE,MAX_SEVERITY_LEVEL,MCYCLE_DEATH_COUNT,MCYCLE_SUSP_SERIOUS_INJ_COUNT,MOTORCYCLE_COUNT,MUNICIPALITY,NONMOTR_COUNT,NONMOTR_DEATH_COUNT,NONMOTR_SUSP_SERIOUS_INJ_COUNT,NTFY_HIWY_MAINT,PED_COUNT,PED_DEATH_COUNT,PED_SUSP_SERIOUS_INJ_COUNT,PERSON_COUNT,POLICE_AGCY,POSSIBLE_INJ_COUNT,RDWY_SURF_TYPE_CD,RELATION_TO_ROAD,ROAD_CONDITION,ROADWAY_CLEARED,SCH_BUS_IND,SCH_ZONE_IND,SECONDARY_CRASH,SMALL_TRUCK_COUNT,SPEC_JURIS_CD,SUSP_MINOR_INJ_COUNT,SUSP_SERIOUS_INJ_COUNT,SUV_COUNT,TCD_FUNC_CD,TCD_TYPE,TFC_DETOUR_IND,TIME_OF_DAY,TOT_INJ_COUNT,TOTAL_UNITS,UNB_DEATH_COUNT,UNB_SUSP_SERIOUS_INJ_COUNT,UNBELTED_OCC_COUNT,UNK_INJ_DEG_COUNT,UNK_INJ_PER_COUNT,URBAN_AREA,URBAN_RURAL,VAN_COUNT,VEHICLE_COUNT,WEATHER1,WEATHER2,WORK_ZONE_IND,WORK_ZONE_LOC,WORK_ZONE_TYPE,WORKERS_PRES,WZ_CLOSE_DETOUR,WZ_FLAGGER,WZ_LAW_OFFCR_IND,WZ_LN_CLOSURE,WZ_MOVING,WZ_OTHER,WZ_SHLDER_MDN,WZ_WORKERS_INJ_KILLED
2021115408,1312.0,0,0,0,0,0,0,0,0,0,1,0,,67,10,2021,6,39.9507,-75.1831,1259.0,6,0,0,0,0,0,0,1,0,,0,0,0,12,1,1,0,N,0,39 57:02.471,,0,75 10:59.018,3,0,0,0,67301,0,0,0,N,0,0,0,2,68K01,0,,1,1,,N,N,N,0,,1,0,1,0,0,,1257,1,2,0,0,0,0,0,3,4,1,2,3,,N,,,,,,,,,,,
2021114114,2340.0,2,0,0,0,0,0,0,0,0,1,0,,67,11,2021,1,40.0943,-75.0245,2335.0,6,0,0,0,0,0,0,0,0,,0,0,0,23,3,0,0,N,0,40 05:39.310,,0,75 01:28.110,0,0,0,0,67301,0,0,0,N,0,0,0,1,67301,0,,1,1,,N,N,N,0,,0,0,0,0,0,,2330,0,2,0,0,0,0,0,3,4,0,2,3,,N,,,,,,,,,,,
2021070529,2052.0,1,0,0,0,0,0,0,0,0,8,0,,67,7,2021,3,39.9847,-75.1479,2050.0,6,0,0,0,0,0,0,0,0,,0,0,0,20,3,1,0,N,0,39 59:04.960,,0,75 08:52.340,3,0,0,0,67301,1,0,0,N,1,0,0,2,67301,0,,1,1,,N,N,N,0,,1,0,0,0,0,,2048,1,2,0,0,0,0,0,3,4,0,1,3,3.0,N,,,,,,,,,,,
2021114313,1634.0,0,0,0,0,0,0,0,0,0,8,0,,67,11,2021,4,39.9456,-75.165,1634.0,6,0,0,0,0,0,0,0,0,,0,0,0,16,1,1,1,,0,39 56:44.019,,0,75 09:54.085,3,0,0,0,67301,1,0,0,N,1,0,0,2,67301,0,,1,1,,N,N,N,1,,1,0,0,3,2,,1634,1,2,0,0,0,0,0,3,4,0,1,3,3.0,N,,,,,,,,,,,
2021114720,836.0,1,0,0,0,0,0,0,0,0,7,1,,67,10,2021,6,39.9684,-75.1296,815.0,6,0,0,0,0,0,0,0,0,,0,1,0,8,1,1,7,N,1,39 58:06.174,1.0,2,75 07:46.403,3,0,0,0,67301,0,0,0,Y,0,0,0,1,68K01,0,,4,1,900.0,N,N,N,0,,1,0,0,0,0,N,812,1,2,0,0,0,0,0,3,4,0,2,3,,N,,,,,,,,,,,
2021070078,2215.0,0,0,0,0,0,0,0,0,0,4,0,,67,7,2021,4,39.9784,-75.1557,2212.0,6,0,0,0,1,0,0,0,0,,0,0,0,22,3,0,1,,1,39 58:42.153,3.0,0,75 09:20.570,0,0,0,0,67301,0,0,0,N,0,0,0,3,67505,0,,1,1,2230.0,N,N,N,1,,0,0,1,3,2,N,2210,0,2,0,0,0,0,0,3,4,0,2,3,3.0,N,,,,,,,,,,,
2021070668,10.0,1,0,0,0,0,0,0,0,0,8,0,,67,7,2021,3,40.0546,-75.1497,3.0,6,0,0,0,0,0,0,0,0,,0,0,0,22,3,1,1,,0,40 03:16.736,,0,75 08:58.941,2,0,0,0,67301,1,0,1,N,1,0,1,2,67301,0,,1,1,,N,N,N,0,,0,1,0,3,2,,2200,1,2,0,0,0,0,0,3,4,0,1,3,3.0,N,,,,,,,,,,,
2021104953,,0,0,0,0,0,0,0,0,0,1,0,,67,4,2021,4,40.0512,-75.0661,,6,0,0,0,0,0,0,0,0,,0,0,0,14,1,3,1,,0,40 03:04.296,,0,75 03:58.096,2,0,0,0,67301,0,0,0,N,0,0,0,4,00000,0,,1,1,,N,N,N,0,,0,3,0,3,2,,1400,3,2,0,0,0,0,0,3,4,0,2,3,,N,,,,,,,,,,,
2021114743,1009.0,3,0,0,0,0,0,0,0,0,1,0,,67,11,2021,6,39.9687,-75.1285,1003.0,6,0,0,1,0,0,0,1,0,,0,0,0,10,1,0,0,N,1,39 58:07.399,2.0,0,75 07:42.574,9,0,0,0,67301,0,0,0,N,0,0,0,3,68K01,0,,1,9,1043.0,N,N,N,0,,0,0,0,3,8,N,1002,0,3,0,0,0,0,1,3,4,0,3,7,7.0,N,,,,,,,,,,,
2021115415,147.0,1,0,0,0,0,0,0,0,0,7,0,,67,10,2021,7,39.9231,-75.1912,136.0,6,0,0,0,0,0,0,0,0,,0,0,0,1,3,0,0,N,1,39 55:23.113,4.0,0,75 11:28.230,9,0,0,0,67301,0,0,0,N,0,0,0,1,68K01,0,,2,1,220.0,N,N,N,0,,0,0,0,0,0,N,135,0,1,0,0,0,0,1,3,4,0,1,3,,N,,,,,,,,,,,
2021114226,252.0,1,0,0,0,0,0,0,0,0,7,0,,67,10,2021,7,39.9572,-75.1567,245.0,6,0,0,0,0,0,0,0,0,,0,0,0,2,3,0,0,N,1,39 57:25.869,4.0,0,75 09:24.100,0,0,0,0,67301,0,0,0,N,0,0,0,2,68K01,0,,3,9,345.0,N,N,N,0,,0,0,0,0,0,N,242,0,1,0,0,0,0,0,3,4,0,1,7,,N,,,,,,,,,,,
2021070487,251.0,2,0,0,0,0,0,0,0,0,5,0,,67,7,2021,1,39.9804,-75.1714,250.0,6,0,0,0,1,1,0,0,0,,0,0,0,2,3,2,0,N,2,39 58:49.531,5.0,0,75 10:16.916,8,0,0,0,67301,0,0,0,N,0,0,0,4,67301,0,,1,1,342.0,N,N,N,0,,0,0,0,0,0,Y,250,2,2,0,0,0,2,2,3,4,0,2,3,3.0,N,,,,,,,,,,,
2021070978,2350.0,4,0,0,0,0,0,0,0,0,4,0,,67,7,2021,5,39.9868,-75.1256,2336.0,6,0,0,0,0,0,1,0,0,,0,0,0,23,3,3,1,,0,39 59:12.393,,0,75 07:32.030,3,0,0,0,67301,0,0,0,N,0,0,0,3,67301,0,,1,1,,N,N,N,1,,3,0,0,3,3,,2325,3,5,0,0,0,0,0,3,4,0,5,3,3.0,N,,,,,,,,,,,
2021071159,1920.0,0,0,0,0,0,0,0,0,0,4,0,,67,7,2021,5,40.06,-75.0843,1900.0,6,0,0,1,0,0,0,0,0,,0,0,0,19,1,2,0,N,0,40 03:35.884,,0,75 05:03.528,3,0,0,0,67301,0,0,0,N,0,0,0,2,67301,0,,1,9,,N,N,N,0,,2,0,2,0,0,,1900,2,2,0,0,0,0,0,3,4,0,2,4,4.0,N,,,,,,,,,,,
2021114214,2055.0,2,0,0,0,0,0,0,0,0,1,0,,67,10,2021,2,39.9692,-75.1274,2049.0,6,0,0,1,0,0,0,0,0,,0,0,0,20,3,3,0,N,1,39 58:09.069,2.0,0,75 07:38.683,8,0,0,0,67301,0,0,0,N,0,0,0,5,68K01,0,,4,9,2120.0,N,N,N,0,,0,0,0,3,8,N,2047,3,2,0,0,0,3,0,3,4,0,2,7,7.0,N,,,,,,,,,,,
2021114224,2323.0,1,0,0,0,0,0,0,0,0,7,0,,67,10,2021,6,40.0351,-75.0185,2319.0,6,0,0,0,0,0,0,0,0,,0,0,0,23,3,0,0,N,0,40 02:06.343,,0,75 01:06.556,0,0,0,0,67301,0,0,0,N,0,0,0,1,68K01,0,,2,9,,N,N,N,0,,0,0,0,0,0,,2318,0,1,0,0,0,0,0,3,4,0,1,7,7.0,N,,,,,,,,,,,
2021115276,1610.0,1,0,0,0,0,0,0,0,0,4,0,,67,11,2021,5,40.064,-75.0596,1558.0,6,0,0,0,0,0,1,1,0,,0,0,0,15,1,0,1,,0,40 03:50.306,,0,75 03:34.568,0,0,0,0,67301,0,0,0,N,0,0,0,3,67301,0,,1,1,,N,N,N,1,,0,0,0,3,3,,1535,0,2,0,0,0,0,0,3,4,0,2,3,3.0,N,,,,,,,,,,,
2021115416,437.0,1,0,0,0,0,0,0,0,0,5,0,,67,10,2021,7,39.9683,-75.1297,424.0,6,0,0,0,0,0,0,0,0,,0,0,0,3,3,2,0,N,1,39 58:05.971,2.0,0,75 07:47.094,8,0,0,0,67301,0,0,0,Y,0,0,0,3,68K01,0,,1,1,500.0,N,N,N,0,,0,0,1,0,0,N,330,2,2,0,0,0,2,0,3,4,0,2,3,,N,,,,,,,,,,,
2021111218,1826.0,1,0,0,0,0,0,0,0,0,2,0,,67,11,2021,2,40.0512,-75.0661,1826.0,6,0,0,0,0,0,1,0,0,,0,0,0,17,3,0,1,,0,40 03:04.296,,0,75 03:58.096,0,0,0,0,67301,0,0,0,N,0,0,0,2,67301,0,,1,1,,N,N,N,1,,0,0,0,3,2,,1759,0,2,0,0,0,0,0,3,4,0,2,3,3.0,N,,,,,,,,,,,
2021110713,1740.0,1,0,0,0,0,0,0,0,0,4,0,,67,9,2021,1,39.9879,-75.1235,1740.0,6,0,0,0,0,0,0,0,0,,0,0,0,17,1,0,1,,0,39 59:16.416,,0,75 07:24.452,0,0,0,0,67301,0,0,0,N,0,0,0,1,67301,0,,1,1,,N,N,N,1,,0,0,0,3,2,,1710,0,2,0,0,0,0,0,3,4,0,2,3,3.0,N,,,,,,,,,,,
2021070352,1110.0,1,0,0,0,0,0,0,0,0,4,0,,67,7,2021,1,40.0575,-75.0518,1058.0,6,0,0,0,0,0,1,0,1,,0,0,0,10,1,1,1,,2,40 03:27.032,3.0,0,75 03:06.451,8,0,0,0,67301,0,0,0,N,0,0,0,3,67301,0,,1,1,1145.0,N,N,N,1,,0,0,1,3,3,N,1057,1,3,0,0,0,1,0,3,4,0,3,3,,N,,,,,,,,,,,
2021105391,,0,0,0,0,0,0,0,0,0,4,0,,67,5,2021,6,39.9864,-75.1803,,6,0,0,0,0,0,0,0,0,,0,0,0,16,1,1,1,,0,39 59:10.834,,0,75 10:48.850,8,0,0,0,67301,0,0,0,N,0,0,0,2,00000,0,,1,1,,N,N,N,0,,0,0,1,3,2,,1630,1,2,0,0,0,1,0,3,4,0,2,3,,N,,,,,,,,,,,
2021105348,,1,0,1,0,0,0,0,0,0,7,0,,67,5,2021,7,39.9737,-75.2123,,6,0,0,0,0,0,0,0,0,,0,0,0,16,1,2,0,N,0,39 58:25.323,,0,75 12:44.422,2,0,0,0,67301,0,0,0,N,0,0,0,2,00000,0,,4,1,,N,N,N,0,,0,1,0,0,0,,1600,2,2,0,0,0,1,0,3,4,0,1,3,,N,,,,,,,,,,,
2021070330,536.0,1,0,0,0,0,0,0,0,0,5,0,,67,7,2021,1,39.9135,-75.1761,534.0,6,0,0,0,0,0,0,0,0,,0,0,0,4,3,0,0,N,0,39 54:48.580,,0,75 10:33.800,0,0,0,0,67301,0,0,0,N,0,0,0,1,67301,0,,6,9,,N,N,N,0,,0,0,3,0,0,,430,0,4,0,0,0,0,0,3,4,0,4,3,3.0,N,,,,,,,,,,,
2021110523,821.0,2,0,0,0,0,0,0,0,0,4,0,,67,11,2021,6,39.9333,-75.1434,811.0,6,0,0,0,1,0,0,0,0,,0,0,0,7,1,1,2,,1,39 55:59.902,3.0,0,75 08:36.154,3,0,0,0,67301,0,0,0,N,0,0,0,2,67301,0,,1,9,940.0,N,N,N,0,,1,0,0,3,2,N,743,1,2,0,0,0,0,0,3,4,0,2,7,7.0,N,,,,,,,,,,,
2021110718,1925.0,1,0,0,0,0,0,0,0,0,8,0,,67,10,2021,4,39.9964,-75.1135,1921.0,6,0,0,0,0,0,0,0,0,,0,0,0,19,3,1,2,,0,39 59:47.175,,0,75 06:48.425,3,0,0,0,67301,1,0,0,N,1,0,0,2,67301,0,,1,1,,N,N,N,0,,1,0,0,2,3,,1901,1,2,0,0,0,0,0,3,4,0,1,3,3.0,N,,,,,,,,,,,
2021112483,1925.0,1,0,0,0,0,0,0,0,0,8,0,,67,11,2021,5,39.9827,-75.1532,1927.0,6,0,0,0,0,0,0,0,0,,0,0,0,19,3,1,2,,0,39 58:57.843,,0,75 09:11.390,4,0,0,0,67301,1,0,0,N,1,0,0,2,67505,1,,1,1,,N,N,N,0,,0,0,0,3,3,,1925,1,2,0,0,0,0,1,3,4,0,1,3,3.0,N,,,,,,,,,,,
2021110711,2138.0,0,0,0,0,0,0,0,0,0,8,0,,67,9,2021,3,39.9936,-75.1188,2135.0,6,0,0,0,0,0,1,0,0,,0,0,0,21,3,1,0,N,0,39 59:36.820,,0,75 07:07.570,3,0,0,0,67301,1,0,0,N,1,0,0,2,67301,0,,1,1,,N,N,N,1,,1,0,0,3,2,,2115,1,2,0,0,0,0,0,3,4,0,1,3,3.0,N,,,,,,,,,,,
2021070366,120.0,1,0,0,1,0,0,0,0,0,4,0,,67,7,2021,3,39.9342,-75.1582,115.0,6,0,0,0,0,0,0,0,0,,0,0,0,1,3,1,1,,0,39 56:03.049,,0,75 09:29.554,4,0,0,0,67301,1,0,0,N,0,0,0,2,67301,1,,1,1,,N,N,N,0,,0,0,0,3,3,,112,1,2,0,0,1,0,0,3,4,0,1,3,3.0,N,,,,,,,,,,,
2021072756,1407.0,1,0,0,0,0,0,0,0,0,6,0,,67,7,2021,5,40.0559,-75.1473,1406.0,6,0,0,0,0,0,0,0,0,,0,0,0,13,1,0,0,N,0,40 03:21.400,,0,75 08:50.320,0,0,0,0,67301,0,0,0,N,0,0,0,1,67301,0,,6,1,,N,N,N,0,,0,0,3,0,0,,1306,0,4,0,0,0,0,0,3,4,0,4,3,,N,,,,,,,,,,,
2021114216,1821.0,0,0,0,0,0,0,0,0,0,7,0,,67,11,2021,2,39.9917,-75.1118,1820.0,6,0,0,0,1,0,0,0,0,,0,0,0,17,2,1,0,N,2,39 59:30.030,4.0,0,75 06:42.500,3,0,0,0,67301,0,0,0,N,0,0,0,2,67301,0,,4,1,1930.0,N,N,N,0,,1,0,1,0,0,N,1721,1,1,0,0,0,0,0,3,4,0,1,3,3.0,N,,,,,,,,,,,
2021070828,650.0,0,0,0,0,0,0,0,0,0,8,0,,67,7,2021,5,39.9815,-75.2241,627.0,6,0,0,0,0,0,0,0,0,,0,0,0,6,1,1,1,,0,39 58:53.467,,0,75 13:26.630,8,0,0,0,67301,1,0,0,N,1,0,0,2,67301,0,,2,1,,N,N,N,0,,0,0,0,3,3,,610,1,2,0,0,0,1,0,3,4,0,1,3,,N,,,,,,,,,,,
2021110815,850.0,0,0,0,0,0,0,0,0,0,4,0,,67,11,2021,6,40.038,-75.0887,840.0,6,0,0,0,1,0,0,0,0,,0,0,0,8,1,1,1,,0,40 02:16.791,,0,75 05:19.252,3,0,0,0,67301,0,0,0,N,0,0,0,2,67301,0,,1,9,,N,N,N,0,,1,0,2,3,3,,834,1,2,0,0,0,0,0,3,4,0,2,7,7.0,N,,,,,,,,,,,
2021072760,1416.0,2,0,0,0,0,0,0,0,0,4,0,,67,8,2021,3,40.0407,-75.1584,1415.0,6,0,0,0,1,0,0,0,0,,0,0,0,14,1,2,2,,0,40 02:26.559,,0,75 09:30.261,4,0,0,0,67301,0,0,0,N,0,0,0,5,67301,2,,1,1,,N,N,N,0,,0,0,1,3,3,,1405,2,3,0,0,0,0,0,3,4,0,3,3,,N,,,,,,,,,,,
2021114671,1157.0,1,0,0,0,0,0,0,0,0,2,0,,67,11,2021,6,40.0195,-75.1634,1153.0,6,0,0,0,0,0,0,0,0,,0,0,0,0,6,1,0,N,9,40 01:10.250,,1,75 09:48.079,8,0,0,0,67301,0,0,0,N,0,0,0,2,67301,0,,1,1,,N,N,N,0,,0,0,1,0,0,U,26,1,2,0,0,0,1,1,3,4,0,2,3,3.0,N,,,,,,,,,,,
2021070388,2158.0,1,0,0,0,0,0,0,0,0,6,0,,67,7,2021,3,40.0548,-74.9841,2150.0,6,0,0,0,0,0,1,0,0,,0,0,0,21,3,0,0,N,1,40 03:17.377,6.0,1,74 59:02.909,9,0,0,0,67301,0,0,0,N,0,0,0,2,67301,0,,1,1,2326.0,N,N,N,0,,0,0,1,0,0,N,2150,0,2,0,0,0,0,1,3,4,0,2,3,3.0,N,,,,,,,,,,,
2021111068,2141.0,1,0,0,0,0,0,0,0,0,7,0,,67,11,2021,1,39.9929,-75.1547,2138.0,6,0,0,0,0,0,1,0,0,,0,0,0,21,3,1,0,N,0,39 59:34.457,,0,75 09:16.878,8,0,0,0,67301,0,0,0,N,0,0,0,1,67301,0,,3,9,,N,N,N,0,,0,0,0,0,0,,2135,1,1,0,0,0,1,0,3,4,0,1,7,7.0,N,,,,,,,,,,,
2021111470,1045.0,1,0,0,0,0,0,0,0,0,5,1,,67,11,2021,3,39.9797,-75.2262,1040.0,6,0,0,0,0,0,0,0,0,,0,1,0,10,1,1,0,N,0,39 58:47.090,,0,75 13:34.280,3,0,0,0,67301,0,0,0,N,0,0,0,3,67301,0,,1,1,,N,N,N,0,,1,0,0,0,0,,1030,1,2,0,0,2,0,1,3,4,0,2,3,3.0,N,,,,,,,,,,,
2021104304,1211.0,0,0,0,0,0,0,0,0,0,8,0,,67,7,2021,2,39.9945,-75.1342,1206.0,6,0,0,0,0,0,0,0,0,,0,0,0,16,1,1,1,,0,39 59:40.261,,0,75 08:03.134,8,0,0,0,67301,1,0,0,N,1,0,0,2,67301,0,,1,1,,N,N,N,1,,0,0,0,3,2,,1615,1,2,0,0,0,1,0,3,4,0,1,3,3.0,N,,,,,,,,,,,
2021112920,1632.0,0,0,0,0,0,0,0,0,0,7,0,,67,10,2021,4,39.9328,-75.2,1608.0,6,0,0,0,0,0,0,0,0,,0,0,0,16,1,1,0,N,2,39 55:58.205,4.0,0,75 12:00.139,8,0,0,0,67301,0,0,0,N,0,0,0,1,68K01,0,,3,1,1650.0,N,N,N,0,,0,0,1,0,0,N,1607,1,1,0,0,0,1,0,3,4,0,1,3,,N,,,,,,,,,,,
2021110254,1245.0,1,0,0,0,0,0,0,0,0,1,0,,67,11,2021,6,39.9491,-75.2122,1235.0,6,0,0,0,0,0,1,0,0,,0,0,0,10,1,1,2,,0,39 56:56.850,,0,75 12:44.055,4,0,0,0,67301,0,0,0,N,0,0,0,1,67301,1,,1,9,,N,N,N,0,,0,0,1,9,9,,1050,1,2,0,0,0,0,0,3,4,0,2,3,3.0,N,,,,,,,,,,,
2021070023,524.0,0,0,0,0,0,0,0,0,0,7,0,45.0,67,7,2021,3,39.8982,-75.1828,514.0,6,0,0,0,0,0,0,0,0,,0,0,0,4,5,0,0,N,1,39 53:53.457,1.0,0,75 10:58.128,0,0,0,0,67301,0,0,0,N,0,0,0,1,68K01,0,,4,1,600.0,N,N,N,0,,0,0,1,0,0,N,443,0,1,0,0,0,0,0,3,4,0,1,3,,Y,2.0,1.0,N,,,N,,,,Y,N
2021114556,40.0,1,0,0,0,0,0,0,0,0,5,1,,67,11,2021,4,40.0339,-75.1007,39.0,6,0,0,0,0,0,0,0,0,,0,1,0,0,3,1,0,N,0,40 02:01.870,,0,75 06:02.390,3,0,0,0,67301,0,0,0,N,0,0,0,1,67301,0,,1,1,,N,N,N,0,,1,0,0,0,0,,37,1,2,0,0,1,0,0,3,4,0,2,3,,N,,,,,,,,,,,
2021070573,1828.0,2,0,0,0,0,0,0,0,0,4,0,,67,7,2021,4,39.9711,-75.128,1828.0,6,0,0,0,0,0,0,0,0,,0,0,0,17,1,0,0,N,0,39 58:15.954,,7,75 07:40.875,0,0,0,0,67301,0,0,0,N,0,0,0,2,67301,0,,1,1,,N,N,N,0,,0,0,0,0,0,,1745,0,2,0,0,2,0,0,3,4,0,2,3,,N,,,,,,,,,,,
2021113801,1011.0,1,0,0,0,0,0,0,0,0,4,0,,67,11,2021,2,40.0445,-75.1796,1010.0,6,0,0,0,0,0,1,0,0,,0,0,0,9,1,1,1,,9,40 02:40.164,,0,75 10:46.503,3,0,0,0,67301,0,0,0,N,0,0,0,2,67301,0,,1,9,,N,N,N,0,,1,0,1,3,2,U,927,1,2,0,0,0,0,0,3,4,0,2,7,4.0,N,,,,,,,,,,,
2021111805,2145.0,1,0,0,0,0,0,1,0,0,4,1,,67,11,2021,4,39.9778,-75.2134,2140.0,6,0,0,0,0,0,1,0,0,,0,0,0,21,3,1,1,,0,39 58:39.965,,0,75 12:48.419,8,0,0,0,67301,0,0,0,N,0,0,0,2,67508,0,,1,1,,N,N,Y,0,,0,0,0,3,2,,2140,1,2,0,0,0,1,0,3,4,0,2,3,3.0,N,,,,,,,,,,,
2021110211,2345.0,3,0,0,0,0,0,0,0,0,2,0,,67,11,2021,6,40.0162,-75.154,2331.0,6,0,0,0,0,0,0,0,0,,0,0,0,23,3,2,0,N,1,40 00:58.365,1.0,0,75 09:14.469,3,0,0,0,67301,0,0,0,N,0,0,0,3,67301,0,,1,9,45.0,N,N,N,0,,2,0,1,0,0,Y,2325,2,4,0,0,0,0,1,3,4,0,4,3,3.0,N,,,,,,,,,,,
2021072989,2027.0,2,0,0,0,0,0,0,0,0,4,0,,67,8,2021,5,40.0649,-75.0515,2023.0,6,0,0,0,0,1,0,0,0,,0,0,0,20,3,0,1,,0,40 03:53.687,,0,75 03:05.279,9,0,0,0,67301,0,0,0,N,0,0,0,2,67301,0,,1,1,,N,N,N,0,,0,0,0,3,2,,2020,0,2,0,0,0,0,1,3,4,0,2,3,3.0,N,,,,,,,,,,,
2021115033,20.0,2,0,0,0,0,0,0,0,0,1,0,,67,11,2021,4,39.9732,-75.2122,18.0,6,0,0,0,0,0,0,0,0,,0,0,0,0,3,1,5,,0,39 58:23.653,,0,75 12:44.012,8,0,0,0,67301,0,0,0,N,0,0,0,2,67301,0,,1,1,,N,N,N,0,,0,0,0,3,2,,1,1,2,0,0,0,1,0,3,4,0,2,3,3.0,N,,,,,,,,,,,
2021114231,2233.0,0,0,0,0,0,0,0,0,0,7,0,,67,11,2021,3,39.9772,-75.1125,2225.0,6,0,0,0,0,0,0,0,0,,0,0,0,22,3,2,0,N,1,39 58:37.806,1.0,0,75 06:44.967,4,0,0,0,67301,0,0,0,N,0,0,0,2,68K01,2,,4,1,1045.0,N,N,N,0,,0,0,1,0,0,N,2220,2,1,0,0,0,0,0,3,4,0,1,3,,N,,,,,,,,,,,
2021071090,1321.0,1,0,0,0,0,0,0,0,0,4,0,,67,7,2021,6,39.9799,-75.1429,1319.0,6,0,0,0,0,0,0,0,1,,0,0,0,13,1,0,1,,0,39 58:47.465,,0,75 08:34.342,9,0,0,0,67301,0,0,0,N,0,0,0,2,67301,0,,1,1,,N,N,N,0,,0,0,1,3,2,,1305,0,2,0,0,0,0,1,3,4,0,2,3,3.0,N,,,,,,,,,,,
2021070353,1426.0,2,0,0,0,0,0,0,0,0,5,0,,67,7,2021,1,40.0609,-75.0806,1418.0,6,0,0,0,0,0,1,0,0,,0,0,0,14,1,1,0,N,2,40 03:39.260,2.0,0,75 04:50.150,8,0,0,0,67301,0,0,0,N,0,0,0,1,67301,0,,6,1,1505.0,N,N,N,0,,0,0,1,0,0,Y,1413,1,3,0,0,0,1,0,3,4,0,3,4,,N,,,,,,,,,,,
2021072759,1350.0,2,0,0,0,0,0,0,0,0,2,0,,67,8,2021,1,40.0502,-75.1275,1342.0,6,0,0,0,0,0,1,0,0,,0,0,0,13,1,1,1,,1,40 03:00.781,2.0,0,75 07:38.895,3,0,0,0,67301,0,0,0,N,0,0,0,2,67301,0,,1,9,1400.0,N,N,N,0,,1,0,0,3,2,Y,1328,1,2,0,0,0,0,0,3,4,0,2,7,4.0,N,,,,,,,,,,,
2021115454,1640.0,1,0,0,0,0,0,0,0,0,8,0,,67,11,2021,4,39.9954,-75.2182,1621.0,6,0,0,0,0,0,0,1,0,,0,0,0,15,1,1,1,,0,39 59:43.313,,0,75 13:05.556,3,0,0,0,67301,1,0,0,N,1,0,0,2,67301,0,,1,1,,N,N,N,0,,1,0,0,3,2,,1540,1,2,0,0,0,0,1,3,4,0,1,3,3.0,N,,,,,,,,,,,
2021114670,831.0,1,0,0,0,0,0,0,0,0,4,0,,67,11,2021,2,40.0179,-75.1495,828.0,6,0,0,0,0,0,1,0,0,,0,0,0,8,1,3,0,N,1,40 01:04.294,4.0,0,75 08:58.329,3,0,0,0,67301,0,0,0,N,0,0,0,4,67301,0,,1,99,1000.0,N,N,N,0,,3,0,2,0,0,Y,828,3,3,0,0,0,0,1,3,4,0,3,4,,N,,,,,,,,,,,
2021107993,1943.0,0,0,0,0,0,0,1,0,0,4,1,,67,11,2021,4,40.0429,-75.1438,1933.0,6,0,0,0,0,0,0,0,0,,0,0,0,19,3,0,1,,0,40 02:34.426,,0,75 08:37.618,0,0,0,0,67301,0,0,0,N,0,0,0,2,67508,0,,1,1,,N,N,Y,0,,0,0,1,3,2,,1933,0,2,0,0,0,0,0,3,4,0,2,3,3.0,N,,,,,,,,,,,
2021112828,1240.0,0,0,0,0,0,0,0,0,0,8,0,,67,11,2021,5,40.0689,-75.1818,1229.0,6,0,0,0,0,0,0,0,0,,0,0,0,12,1,1,1,,0,40 04:08.058,,0,75 10:54.300,3,0,0,0,67301,1,0,0,N,1,0,0,2,67301,0,,1,1,,N,N,N,0,,1,0,0,3,2,,1223,1,2,0,0,0,0,1,3,4,0,1,3,3.0,N,,,,,,,,,,,
2021111064,1905.0,1,0,0,0,0,0,0,0,0,3,0,,67,11,2021,7,39.9619,-75.2399,1902.0,6,0,0,0,0,0,0,0,0,,0,0,0,19,3,0,0,N,0,39 57:42.792,,0,75 14:23.505,0,0,0,0,67301,1,0,0,N,0,0,0,2,67301,0,,1,1,,N,N,N,0,,0,0,1,0,0,,1900,0,2,0,0,1,0,0,3,4,0,2,3,3.0,N,,,,,,,,,,,