CRN,ARRIVAL_TM,AUTOMOBILE_COUNT,BELTED_DEATH_COUNT,BELTED_SUSP_SERIOUS_INJ_COUNT,BICYCLE_COUNT,BICYCLE_DEATH_COUNT,BICYCLE_SUSP_SERIOUS_INJ_COUNT,BUS_COUNT,CHLDPAS_DEATH_COUNT,CHLDPAS_SUSP_SERIOUS_INJ_COUNT,COLLISION_TYPE,COMM_VEH_COUNT,CONS_ZONE_SPD_LIM,COUNTY,CRASH_MONTH,CRASH_YEAR,DAY_OF_WEEK,DEC_LAT,DEC_LONG,DISPATCH_TM,DISTRICT,DRIVER_COUNT_16YR,DRIVER_COUNT_17YR,DRIVER_COUNT_18YR,DRIVER_COUNT_19YR,DRIVER_COUNT_20YR,DRIVER_COUNT_50_64YR,DRIVER_COUNT_65_74YR,DRIVER_COUNT_75PLUS,EST_HRS_CLOSED,FATAL_COUNT,HEAVY_TRUCK_COUNT,HORSE_BUGGY_COUNT,HOUR_OF_DAY,ILLUMINATION,INJURY_COUNT,INTERSECT_TYPE,INTERSECTION_RELATED,LANE_CLOSED,LATITUDE,LN_CLOSE_DIR,LOCATION_TYPE,LONGITUDE,MAX_SEVERITY_LEVEL,MCYCLE_DEATH_COUNT,MCYCLE_SUSP_SERIOUS_INJ_COUNT,MOTORCYCLE_COUNT,MUNICIPALITY,NONMOTR_COUNT,NONMOTR_DEATH_COUNT,NONMOTR_SUSP_SERIOUS_INJ_COUNT,NTFY_HIWY_MAINT,PED_COUNT,PED_DEATH_COUNT,PED_SUSP_SERIOUS_INJ_COUNT,PERSON_COUNT,POLICE_AGCY,POSSIBLE_INJ_COUNT,RDWY_SURF_TYPE_CD,RELATION_TO_ROAD,ROAD_CONDITION,ROADWAY_CLEARED,SCH_BUS_IND,SCH_ZONE_IND,SECONDARY_CRASH,SMALL_TRUCK_COUNT,SPEC_JURIS_CD,SUSP_MINOR_INJ_COUNT,SUSP_SERIOUS_INJ_COUNT,SUV_COUNT,TCD_FUNC_CD,TCD_TYPE,TFC_DETOUR_IND,TIME_OF_DAY,TOT_INJ_COUNT,TOTAL_UNITS,UNB_DEATH_COUNT,UNB_SUSP_SERIOUS_INJ_COUNT,UNBELTED_OCC_COUNT,UNK_INJ_DEG_COUNT,UNK_INJ_PER_COUNT,URBAN_AREA,URBAN_RURAL,VAN_COUNT,VEHICLE_COUNT,WEATHER1,WEATHER2,WORK_ZONE_IND,WORK_ZONE_LOC,WORK_ZONE_TYPE,WORKERS_PRES,WZ_CLOSE_DETOUR,WZ_FLAGGER,WZ_LAW_OFFCR_IND,WZ_LN_CLOSURE,WZ_MOVING,WZ_OTHER,WZ_SHLDER_MDN,WZ_WORKERS_INJ_KILLED
2021112315,1821.0,1,0,0,0,0,0,0,0,0,8,0,,67,11,2021,2,40.0501,-75.051,1821.0,6,0,0,0,0,1,0,0,0,,1,0,0,18,3,0,0,N,2,40 03:00.390,1.0,0,75 03:03.510,1,0,0,0,67301,1,1,0,N,1,1,0,2,67301,0,2.0,1,1,300.0,N,N,N,0,0.0,0,0,0,3,2,Y,1820,0,2,0,0,0,0,0,3,4,0,1,3,,N,,,,,,,,,,,
2021114972,1718.0,0,0,0,0,0,0,0,0,0,8,0,,67,11,2021,4,40.0206,-75.183,1716.0,6,0,0,0,0,0,0,1,0,,0,0,0,17,3,1,0,N,0,40 01:14.291,,0,75 10:58.635,3,0,0,0,67301,1,0,0,N,1,0,0,2,67301,0,,1,1,,N,N,N,0,,1,0,1,0,0,,1710,1,2,0,0,0,0,0,3,4,0,1,3,3.0,N,,,,,,,,,,,
2021070651,505.0,3,0,0,0,0,0,0,0,0,6,0,,67,7,2021,5,40.0414,-75.1851,502.0,6,0,0,0,0,0,0,0,0,,0,0,0,5,3,1,0,N,0,40 02:29.100,,0,75 11:06.300,3,0,0,0,67301,0,0,0,N,0,0,0,1,67301,0,,6,1,,N,N,Y,1,,1,0,0,0,0,,501,1,4,0,0,0,0,0,3,4,0,4,3,3.0,N,,,,,,,,,,,
2021108337,1620.0,1,0,0,0,0,0,1,0,0,4,1,,67,10,2021,4,39.9579,-75.1641,1620.0,6,0,0,0,0,0,1,0,0,,0,0,0,16,1,1,5,,0,39 57:28.550,,8,75 09:50.921,3,0,0,0,67301,0,0,0,N,0,0,0,2,67301,0,,1,1,,N,N,N,0,,1,0,0,3,2,,1615,1,2,0,0,0,0,0,3,4,0,2,3,3.0,N,,,,,,,,,,,
2021070450,117.0,2,0,0,0,0,0,0,0,0,4,0,,67,7,2021,1,39.9744,-75.2017,113.0,6,0,0,0,0,0,0,0,0,,0,0,0,1,3,0,2,,0,39 58:27.673,,7,75 12:06.241,0,0,0,0,67301,0,0,0,N,0,0,0,2,67301,0,,1,1,,N,N,N,0,,0,0,0,3,2,,100,0,2,0,0,0,0,0,3,4,0,2,3,,N,,,,,,,,,,,
2021070327,251.0,1,0,0,0,0,0,0,0,0,1,0,,67,7,2021,1,39.9214,-75.192,244.0,6,0,0,0,0,0,0,0,0,,0,0,0,2,3,0,0,N,0,39 55:17.212,,0,75 11:31.260,0,0,0,0,67301,0,0,0,N,0,0,0,2,67301,0,,1,9,,N,N,N,0,,0,0,1,0,0,,235,0,2,0,0,0,0,0,3,4,0,2,7,3.0,N,,,,,,,,,,,
2021070332,1017.0,0,0,0,0,0,0,0,0,0,4,0,,67,7,2021,3,39.9181,-75.1809,1017.0,6,0,0,0,0,0,0,0,0,,0,0,0,10,1,2,1,,1,39 55:05.152,6.0,0,75 10:51.186,2,0,0,0,67301,0,0,0,N,0,0,0,2,67301,0,,1,1,1200.0,N,N,N,0,,1,1,2,3,2,Y,1016,2,2,0,0,0,0,0,3,4,0,2,3,,N,,,,,,,,,,,
2021107243,202.0,2,0,0,0,0,0,0,0,0,1,0,,67,10,2021,7,39.9466,-75.2463,157.0,6,0,0,0,0,0,1,0,0,,0,0,0,1,3,1,0,N,0,39 56:47.748,,0,75 14:46.641,3,0,0,0,67301,0,0,0,N,0,0,0,3,67301,0,,1,1,,N,N,N,0,,1,0,0,3,2,,156,1,2,0,0,0,0,0,3,4,0,2,3,,N,,,,,,,,,,,
2021111066,1847.0,2,0,0,0,0,0,0,0,0,4,0,,67,11,2021,7,39.9877,-75.2162,1846.0,6,0,0,0,0,0,0,0,0,,0,0,0,18,3,0,1,,0,39 59:15.771,,0,75 12:58.153,0,0,0,0,67301,0,0,0,N,0,0,0,1,67301,0,,1,1,,N,N,N,0,,0,0,0,3,2,,1841,0,2,0,0,0,0,0,3,4,0,2,3,3.0,N,,,,,,,,,,,
2021112212,1626.0,0,0,0,0,0,0,0,0,0,8,0,,67,11,2021,1,40.0789,-75.0253,1626.0,6,0,0,0,0,0,0,0,0,,0,0,0,0,6,1,0,N,0,40 04:44.128,,7,75 01:31.218,3,0,0,0,67301,1,0,0,N,1,0,0,2,67301,0,,5,99,,N,N,N,0,,1,0,1,0,0,,30,1,2,0,0,0,0,1,3,4,0,1,99,,N,,,,,,,,,,,
2021112498,1551.0,0,0,0,0,0,0,0,0,0,1,0,,67,10,2021,5,39.9574,-75.158,1523.0,6,0,0,0,0,0,1,0,0,,0,0,0,15,1,0,0,N,0,39 57:26.489,,0,75 09:28.759,0,0,0,0,67301,0,0,0,N,0,0,0,2,68K01,0,,1,1,,N,N,N,0,,0,0,2,0,0,,1522,0,2,0,0,0,0,0,3,4,0,2,3,3.0,N,,,,,,,,,,,
2021114708,254.0,1,0,0,0,0,0,0,0,0,1,0,,67,10,2021,6,39.9682,-75.1292,246.0,6,0,0,0,0,0,0,0,0,,0,0,0,2,3,2,0,N,1,39 58:05.545,1.0,0,75 07:44.976,4,0,0,0,67301,0,0,0,N,0,0,0,3,68K01,2,,1,1,315.0,N,N,N,0,,0,0,1,0,0,N,242,2,2,0,0,0,0,0,3,4,0,2,3,,N,,,,,,,,,,,
2021070626,1616.0,0,0,0,1,0,0,0,0,0,4,0,,67,7,2021,5,39.9939,-75.0802,1601.0,6,0,0,0,0,0,0,0,0,,0,0,0,16,1,1,2,,0,39 59:37.980,,2,75 04:48.542,3,0,0,0,67301,1,0,0,N,0,0,0,2,67301,0,,1,9,,N,N,N,0,,1,0,1,0,0,,1601,1,2,0,0,0,0,0,3,4,0,1,7,,N,,,,,,,,,,,
2021107771,2155.0,2,0,0,0,0,0,0,0,0,4,0,,67,11,2021,6,40.0071,-75.0941,2150.0,6,0,0,0,1,0,1,0,0,,0,0,0,21,3,1,1,,0,40 00:25.667,,0,75 05:38.650,3,0,0,0,67301,0,0,0,N,0,0,0,2,67301,0,,1,1,,N,N,N,0,,1,0,0,3,1,,2148,1,2,0,0,0,0,0,3,4,0,2,4,4.0,N,,,,,,,,,,,
2021110191,905.0,0,0,0,0,0,0,1,0,0,4,1,,67,10,2021,1,40.0071,-75.0941,855.0,6,0,0,0,0,0,1,0,0,,0,0,0,8,1,6,1,,0,40 00:25.667,,0,75 05:38.650,4,0,0,0,67301,0,0,0,N,0,0,0,11,67508,4,,1,1,,N,N,Y,0,,0,0,1,3,2,,855,6,2,0,0,1,2,5,3,4,0,2,3,3.0,N,,,,,,,,,,,
2021110508,1320.0,4,0,0,0,0,0,0,0,0,4,0,,67,11,2021,7,39.9931,-75.173,1310.0,6,0,0,0,0,0,0,0,0,,0,0,0,12,1,0,1,,2,39 59:35.332,1.0,0,75 10:22.774,9,0,0,0,67301,0,0,0,N,0,0,0,2,67301,0,,1,1,1400.0,N,N,N,0,,0,0,0,3,3,Y,1237,0,5,0,0,1,0,1,3,4,0,5,4,4.0,N,,,,,,,,,,,
2021111049,1245.0,2,0,0,0,0,0,0,0,0,2,0,,67,11,2021,4,39.9685,-75.2455,1241.0,6,0,0,0,0,0,1,0,0,,0,0,0,11,1,0,0,N,0,39 58:06.572,,0,75 14:43.805,0,0,0,0,67301,0,0,0,N,0,0,0,1,67301,0,,6,1,,N,N,N,0,,0,0,0,0,0,,1153,0,2,0,0,0,0,0,3,4,0,2,3,3.0,N,,,,,,,,,,,
2021112764,2330.0,1,0,0,0,0,0,0,0,0,5,1,,67,11,2021,5,39.9584,-75.2243,2320.0,6,0,0,0,0,0,0,0,0,,0,1,0,23,3,0,0,N,2,39 57:30.166,3.0,0,75 13:27.529,9,0,0,0,67301,0,0,0,N,0,0,0,1,67301,0,,6,1,130.0,N,N,N,0,,0,0,2,0,0,Y,2300,0,4,0,0,0,0,1,3,4,0,4,3,3.0,N,,,,,,,,,,,
2021070531,10.0,2,0,0,0,0,0,0,0,0,2,0,,67,7,2021,3,39.9849,-75.1239,1.0,6,0,0,0,0,0,1,0,0,,0,0,0,23,3,0,1,,0,39 59:05.650,,0,75 07:26.108,0,0,0,0,67301,0,0,0,N,0,0,0,2,67301,0,,1,1,,N,N,N,0,,0,0,0,3,3,,2320,0,2,0,0,0,0,0,3,4,0,2,3,3.0,N,,,,,,,,,,,
2021070351,40.0,1,0,0,0,0,0,0,0,0,4,0,,67,7,2021,1,40.0431,-75.0738,38.0,6,0,0,0,0,0,0,0,0,,0,0,0,0,3,0,1,,1,40 02:35.284,1.0,0,75 04:25.695,0,0,0,0,67301,0,0,0,Y,0,0,0,3,67301,0,,1,1,150.0,N,N,N,0,,0,0,1,3,2,Y,30,0,3,0,0,0,0,0,3,4,1,3,3,3.0,N,,,,,,,,,,,
2021112269,557.0,1,0,0,0,0,0,0,0,0,8,0,,67,11,2021,4,40.0092,-75.1511,547.0,6,0,0,0,0,0,0,0,0,,0,0,0,5,3,1,5,,1,40 00:33.209,1.0,0,75 09:04.094,2,0,0,0,67301,1,0,1,N,1,0,1,2,67301,0,,1,1,600.0,N,N,N,0,,0,1,0,3,2,N,544,1,2,0,0,0,0,1,3,4,0,1,3,,N,,,,,,,,,,,
2021110571,1805.0,3,0,0,0,0,0,0,0,0,1,0,,67,11,2021,6,39.9577,-75.1479,1755.0,6,0,0,0,0,0,1,0,0,,0,0,0,17,3,2,0,N,0,39 57:27.551,,0,75 08:52.507,8,0,0,0,67301,0,0,0,N,0,0,0,5,68K01,0,,1,1,,N,N,N,0,,0,0,0,0,0,,1751,2,3,0,0,1,2,0,3,4,0,3,3,3.0,N,,,,,,,,,,,
2021104250,1937.0,2,0,0,0,0,0,0,0,0,5,0,,67,7,2021,5,39.9954,-75.153,1931.0,6,0,0,0,0,0,0,0,0,,0,0,0,18,1,0,1,,0,39 59:43.353,,0,75 09:10.674,9,0,0,0,67301,0,0,0,N,0,0,0,1,67301,0,,1,1,,N,N,N,0,,0,0,0,3,3,,1838,0,3,0,0,1,0,1,3,4,1,3,3,3.0,N,,,,,,,,,,,
2021112977,2307.0,0,0,0,0,0,0,0,0,0,8,0,,67,11,2021,5,39.9363,-75.2189,2306.0,6,0,0,0,0,0,0,0,0,,0,0,0,23,3,1,0,N,0,39 56:10.780,,0,75 13:08.150,3,0,0,0,67301,1,0,0,N,1,0,0,1,67301,0,,1,9,,N,N,N,0,,1,0,0,3,2,,2304,1,2,0,0,0,0,0,3,4,0,1,7,7.0,N,,,,,,,,,,,
2021110437,16.0,1,0,0,0,0,0,0,0,0,5,0,,67,11,2021,2,39.9957,-75.1051,15.0,6,0,0,0,0,0,0,0,0,,0,0,0,22,3,0,0,N,0,39 59:44.177,,0,75 06:18.710,9,0,0,0,67301,0,0,0,N,0,0,0,1,67301,0,,1,1,,N,N,N,1,,0,0,1,0,0,,2230,0,3,0,0,0,0,1,3,4,0,3,3,3.0,N,,,,,,,,,,,
2021067373,1440.0,1,0,0,0,0,0,0,0,0,1,0,,67,7,2021,5,40.057,-75.1287,1431.0,6,0,0,0,0,1,2,0,0,,0,0,0,14,1,1,0,Y,1,40 03:25.102,4.0,0,75 07:43.426,8,0,0,0,67301,0,0,0,N,0,0,0,5,46102,0,,1,1,1445.0,N,N,N,0,,0,0,2,3,2,N,1410,1,4,0,0,0,1,0,3,4,1,4,3,,N,,,,,,,,,,,
2021111502,1120.0,0,0,0,0,0,0,0,0,0,4,1,,67,11,2021,3,39.9125,-75.1381,1111.0,6,0,0,0,0,0,1,0,0,,0,1,0,10,1,0,1,,2,39 54:45.058,1.0,0,75 08:17.157,0,0,0,0,67301,0,0,0,N,0,0,0,2,67301,0,,1,1,1153.0,N,N,N,0,,0,0,0,3,2,Y,1045,0,2,0,0,0,0,0,3,4,1,2,3,,N,,,,,,,,,,,
2021070553,145.0,1,0,0,0,0,0,0,0,0,0,0,,67,7,2021,1,40.0068,-75.1933,143.0,6,0,0,0,0,0,0,0,0,,0,0,0,1,3,0,0,N,0,40 00:24.603,,3,75 11:35.775,0,0,0,0,67301,0,0,0,N,0,0,0,1,67301,0,,1,1,,N,N,N,0,,0,0,0,0,0,,140,0,1,0,0,0,0,0,3,4,0,1,3,3.0,N,,,,,,,,,,,
2021110382,1755.0,2,0,0,0,0,0,0,0,0,4,0,,67,11,2021,4,40.0378,-75.0379,1750.0,6,0,0,0,0,0,0,0,0,,0,0,0,17,3,1,1,,0,40 02:16.070,,0,75 02:16.468,8,0,0,0,67301,0,0,0,N,0,0,0,2,67301,0,,1,1,,N,N,N,0,,0,0,0,3,2,,1745,1,2,0,0,0,1,0,3,4,0,2,3,3.0,N,,,,,,,,,,,
2021112981,2322.0,1,0,0,0,0,0,0,0,0,4,1,40.0,67,11,2021,5,40.0203,-75.1535,2318.0,6,0,0,0,0,0,1,0,0,,0,1,0,23,3,2,0,N,2,40 01:13.168,5.0,0,75 09:12.459,3,0,0,0,67301,0,0,0,N,0,0,0,2,67301,0,,1,1,240.0,N,N,N,1,,2,0,0,3,8,Y,2318,2,3,0,0,0,0,0,3,4,0,3,3,3.0,Y,4.0,1.0,Y,N,N,Y,Y,N,N,Y,Y
2021070505,847.0,2,0,0,0,0,0,0,0,0,4,0,,67,7,2021,1,40.0071,-75.109,843.0,6,0,0,0,0,0,0,0,0,,0,0,0,8,1,0,0,N,0,40 00:25.460,,0,75 06:32.370,0,0,0,0,67301,0,0,0,N,0,0,0,2,67301,0,,1,1,,N,N,N,0,,0,0,0,0,0,,820,0,2,0,0,0,0,0,3,4,0,2,3,98.0,N,,,,,,,,,,,
2021070413,45.0,1,0,0,0,0,0,0,0,0,4,0,,67,7,2021,1,40.0861,-75.2119,31.0,6,0,0,0,0,0,0,0,0,,0,0,0,0,3,1,1,,0,40 05:09.972,,0,75 12:42.750,3,0,0,0,67301,0,0,0,N,0,0,0,3,67301,0,,1,1,,N,N,N,0,,1,0,1,3,2,,20,1,2,0,0,0,0,0,3,4,0,2,3,,N,,,,,,,,,,,
2021112373,1750.0,1,0,0,0,0,0,0,0,0,7,0,,67,11,2021,1,40.0088,-75.2049,1743.0,6,0,0,0,0,0,0,0,0,,0,0,0,17,3,1,7,N,0,40 00:31.683,,2,75 12:17.742,4,0,0,0,67301,0,0,0,N,0,0,0,2,68K01,1,,3,1,,N,N,N,0,,0,0,0,0,0,,1742,1,1,0,0,0,0,0,3,4,0,1,3,,N,,,,,,,,,,,
2021112598,124.0,1,0,0,0,0,0,0,0,0,8,0,,67,11,2021,7,40.0508,-75.0664,124.0,6,0,0,0,0,0,0,0,0,,0,0,0,1,3,1,0,N,2,40 03:02.797,5.0,0,75 03:59.188,2,0,0,0,67301,1,0,1,N,1,0,1,2,67301,0,,1,1,344.0,N,N,N,0,,0,1,0,0,0,Y,120,1,2,0,0,0,0,0,3,4,0,1,3,3.0,N,,,,,,,,,,,
2021070676,2320.0,2,0,0,0,0,0,0,0,0,4,0,,67,7,2021,5,40.0265,-75.0422,2316.0,6,0,0,0,0,0,0,0,0,,0,0,0,22,3,0,1,,0,40 01:35.410,,0,75 02:31.777,9,0,0,0,67301,0,0,0,N,0,0,0,2,67301,0,,1,1,,N,N,N,0,,0,0,0,3,3,,2250,0,2,0,0,1,0,1,3,4,0,2,3,,N,,,,,,,,,,,
2021105393,,2,0,0,0,0,0,0,0,0,4,0,,67,7,2021,2,39.9252,-75.2291,,6,0,0,0,0,0,2,0,0,,0,0,0,11,1,1,1,,0,39 55:30.817,,0,75 13:44.792,2,0,0,0,67301,0,0,0,N,0,0,0,2,00000,0,,1,1,,N,N,N,0,,0,1,0,3,2,,1130,1,2,0,1,1,0,0,3,4,0,2,3,,N,,,,,,,,,,,
2021114669,2110.0,0,0,0,0,0,0,0,0,0,1,0,,67,11,2021,5,40.0206,-75.1576,2019.0,6,0,0,0,0,0,1,0,0,,0,0,0,20,3,1,0,N,2,40 01:14.079,1.0,3,75 09:27.490,3,0,0,0,67301,0,0,0,N,0,0,0,2,67301,0,,1,9,2230.0,N,N,N,0,,1,0,1,0,0,N,2013,1,2,0,0,0,0,1,3,4,0,2,7,,N,,,,,,,,,,,
2021110439,1915.0,0,0,0,0,0,0,0,0,0,6,1,,67,11,2021,7,40.0182,-75.1251,1915.0,6,0,0,0,0,0,0,0,0,,0,1,0,18,3,0,0,N,0,40 01:05.530,,0,75 07:30.210,0,0,0,0,67301,0,0,0,N,0,0,0,1,67301,0,,6,1,,N,N,N,0,,0,0,0,0,0,,1855,0,2,0,0,0,0,0,3,4,1,2,3,3.0,N,,,,,,,,,,,
2021110231,1022.0,0,0,0,0,0,0,0,0,0,5,0,,67,11,2021,7,40.0299,-75.1623,1018.0,6,0,0,0,0,0,0,0,0,,0,0,0,2,2,0,0,N,0,40 01:47.540,,0,75 09:44.430,0,0,0,0,67301,0,0,0,N,0,0,0,0,67301,0,,1,99,,N,N,N,0,,0,0,2,0,0,,230,0,2,0,0,0,0,0,3,4,0,2,99,98.0,N,,,,,,,,,,,
2021115279,41.0,3,0,0,0,0,0,0,0,0,2,0,,67,10,2021,2,40.0652,-75.2367,41.0,6,0,0,0,0,0,0,0,0,,0,0,0,0,3,1,0,N,0,40 03:54.570,,7,75 14:11.990,3,0,0,0,67301,0,0,0,N,0,0,0,1,67301,0,,9,1,,N,N,N,0,,1,0,1,0,0,,40,1,4,0,0,0,0,0,3,4,0,4,3,,N,,,,,,,,,,,
2021073287,2109.0,1,0,0,0,0,0,0,0,0,1,0,,67,7,2021,4,39.9599,-75.1779,2109.0,6,0,0,1,0,0,1,0,0,,0,0,0,21,3,1,0,N,1,39 57:35.610,4.0,3,75 10:40.589,8,0,0,0,67301,0,0,0,N,0,0,0,4,68K01,0,,1,1,30.0,N,N,N,0,,0,0,2,0,0,Y,2104,1,3,0,0,0,1,0,3,4,0,3,3,3.0,N,,,,,,,,,,,
2021070357,1238.0,1,0,0,0,0,0,0,0,0,4,0,,67,7,2021,2,40.0443,-75.0963,1233.0,6,0,0,0,0,0,0,0,0,,0,0,0,12,1,0,1,,1,40 02:39.447,6.0,0,75 05:46.838,0,0,0,0,67301,0,0,0,N,0,0,0,3,67301,0,,1,1,1310.0,N,N,N,0,,0,0,1,0,0,N,1220,0,2,0,0,0,0,0,3,4,0,2,3,,N,,,,,,,,,,,
2021112583,422.0,0,0,0,0,0,0,0,0,0,8,0,,67,9,2021,7,40.0605,-75.0572,416.0,6,0,0,0,0,0,0,0,0,,0,0,0,4,3,1,1,,0,40 03:37.862,,0,75 03:26.035,2,0,0,0,67301,1,0,1,N,1,0,1,1,67301,0,,1,1,,N,N,N,0,,0,1,0,0,0,,412,1,2,0,0,0,0,0,3,4,0,1,3,3.0,N,,,,,,,,,,,
2021107733,1351.0,0,0,0,0,0,0,0,0,0,1,0,,67,11,2021,4,39.9421,-75.1939,1337.0,6,0,0,0,0,0,1,0,0,,0,0,0,13,1,0,0,N,1,39 56:31.510,4.0,0,75 11:37.978,0,0,0,0,67301,0,0,0,N,0,0,0,3,68K01,0,,1,1,1456.0,N,N,N,0,,0,0,3,0,0,N,1333,0,3,0,0,0,0,0,3,4,0,3,3,,N,,,,,,,,,,,
2021110531,130.0,2,0,0,0,0,0,0,0,0,1,0,,67,10,2021,1,39.9279,-75.196,128.0,6,0,0,0,0,0,0,0,0,,0,0,0,1,3,2,0,N,2,39 55:41.325,3.0,0,75 11:46.491,3,0,0,0,67301,0,0,0,N,0,0,0,2,68K01,1,,1,1,215.0,N,N,N,0,,1,0,0,0,0,N,110,2,2,0,0,0,0,0,3,4,0,2,3,,N,,,,,,,,,,,
2021110876,930.0,0,0,0,0,0,0,0,0,0,5,1,,67,11,2021,2,39.9708,-75.1537,930.0,6,0,0,1,0,0,0,0,0,,0,1,0,9,1,0,0,N,0,39 58:14.807,,0,75 09:13.292,0,0,0,0,67301,0,0,0,N,0,0,0,1,67301,0,,6,1,,N,N,N,0,,0,0,1,0,0,,904,0,2,0,0,1,0,0,3,4,0,2,3,3.0,N,,,,,,,,,,,
2021114769,2246.0,1,0,0,0,0,0,0,0,0,7,0,,67,11,2021,3,40.0515,-74.9893,2227.0,6,0,0,0,0,0,0,0,0,,0,0,0,22,3,0,0,N,0,40 03:05.384,,0,74 59:21.522,0,0,0,0,67301,0,0,0,N,0,0,0,2,68K01,0,,4,1,,N,N,N,0,,0,0,0,0,0,,2215,0,1,0,0,0,0,0,3,4,0,1,3,3.0,N,,,,,,,,,,,
2021114755,231.0,1,0,0,0,0,0,0,0,0,7,0,,67,11,2021,1,39.978,-75.2019,226.0,6,0,0,0,0,0,0,0,0,,0,0,0,2,3,0,0,N,1,39 58:40.743,3.0,0,75 12:06.900,0,0,0,0,67301,0,0,0,N,0,0,0,1,68K01,0,,4,1,255.0,N,N,N,0,,0,0,0,0,0,N,225,0,1,0,0,0,0,0,3,4,0,1,3,,N,,,,,,,,,,,
2021071453,1315.0,1,0,0,0,0,0,0,0,0,4,0,,67,7,2021,6,40.0032,-75.1525,1311.0,6,0,0,0,0,0,0,1,0,,0,0,0,13,1,1,5,,0,40 00:11.393,,0,75 09:08.837,8,0,0,1,67301,0,0,0,N,0,0,0,2,67505,0,,1,1,,N,N,N,0,,0,0,0,0,0,,1311,1,2,0,0,1,1,0,3,4,0,2,3,3.0,N,,,,,,,,,,,
2021111462,1629.0,1,0,0,0,0,0,0,0,0,1,0,,67,11,2021,7,39.9574,-75.1515,1621.0,6,0,0,0,0,0,0,0,1,,0,0,0,16,4,2,0,N,1,39 57:26.501,4.0,0,75 09:05.514,3,0,0,0,67301,0,0,0,N,0,0,0,2,68K01,0,,1,1,1648.0,N,N,N,0,,2,0,1,0,0,N,1606,2,2,0,0,0,0,0,3,4,0,2,3,,N,,,,,,,,,,,
2021111361,1929.0,0,0,0,1,0,1,0,0,0,5,1,,67,10,2021,2,39.9353,-75.1538,1928.0,6,0,0,0,0,0,0,1,0,,0,1,0,13,1,1,0,N,0,39 56:06.950,,0,75 09:13.810,2,0,0,0,67301,1,0,1,N,0,0,0,2,67301,0,,1,1,,N,N,N,0,,0,1,0,0,0,,1330,1,2,0,0,1,0,0,3,4,0,1,3,3.0,N,,,,,,,,,,,
2021112698,1141.0,1,0,0,0,0,0,0,0,0,7,0,,67,11,2021,5,39.9505,-75.2269,1141.0,6,0,0,0,0,0,0,0,0,,0,0,0,11,1,0,1,,2,39 57:01.671,7.0,0,75 13:36.676,9,0,0,0,67301,0,0,0,N,0,0,0,3,67301,0,,5,1,1250.0,N,N,Y,0,,0,0,0,3,3,Y,1141,0,1,0,0,0,0,3,3,4,0,1,3,3.0,N,,,,,,,,,,,
2021110186,800.0,1,0,0,0,0,0,1,0,0,4,1,,67,11,2021,6,39.9898,-75.1255,800.0,6,0,0,0,0,0,0,0,0,,0,0,0,8,1,2,1,,0,39 59:23.311,,0,75 07:31.914,2,0,0,0,67301,0,0,0,N,0,0,0,9,67301,0,,1,9,,Y,N,N,0,,1,1,0,3,1,,800,2,2,0,0,0,0,0,3,4,0,2,4,7.0,N,,,,,,,,,,,
2021114744,1745.0,3,0,0,0,0,0,0,0,0,1,0,,67,11,2021,6,39.9826,-75.0994,1716.0,6,0,0,0,0,0,0,0,0,,0,0,0,17,3,0,0,N,0,39 58:57.503,,0,75 05:57.993,0,0,0,0,67301,0,0,0,N,0,0,0,4,68K01,0,,1,1,,N,N,N,1,,0,0,0,0,0,,1713,0,4,0,0,0,0,0,3,4,0,4,3,,N,,,,,,,,,,,
2021070416,1947.0,2,0,0,0,0,0,0,0,0,5,0,,67,7,2021,1,40.0308,-75.1602,1945.0,6,0,0,0,0,0,0,0,0,,0,0,0,19,1,0,0,N,0,40 01:50.720,,0,75 09:36.680,0,0,0,0,67301,0,0,0,N,0,0,0,1,67301,0,,6,1,,N,N,N,0,,0,0,0,0,0,,1905,0,2,0,0,1,0,0,3,4,0,2,3,3.0,N,,,,,,,,,,,
2021073075,1059.0,2,0,0,0,0,0,0,0,0,4,0,,67,8,2021,5,39.9553,-75.2319,1059.0,6,0,0,0,0,0,0,0,0,,0,0,0,10,1,1,1,,0,39 57:19.191,,0,75 13:55.012,3,0,0,0,67301,0,0,0,N,0,0,0,2,67301,0,,1,1,,N,N,N,0,,1,0,0,3,2,,1059,1,2,0,0,0,0,0,3,4,0,2,3,,N,,,,,,,,,,,
2021032023,1020.0,1,0,0,0,0,0,0,0,0,4,0,,67,4,2021,4,39.9767,-75.1649,1016.0,6,0,0,0,0,0,0,0,0,,0,0,0,10,1,1,1,,2,39 58:36.055,1.0,0,75 09:53.625,4,0,0,0,67301,0,0,0,N,0,0,0,3,67301,1,,1,9,1220.0,N,N,N,0,,0,0,1,3,2,Y,1005,1,2,0,0,0,0,0,3,4,0,2,7,4.0,N,,,,,,,,,,,
2021057435,6.0,2,0,0,0,0,0,0,0,0,5,0,,67,6,2021,1,39.9658,-75.1865,2354.0,6,0,0,0,0,0,1,0,0,,0,0,0,23,3,0,0,N,1,39 57:56.783,3.0,0,75 11:11.288,0,0,0,0,67301,0,0,0,N,0,0,0,2,68K01,0,,1,1,8.0,N,N,N,0,,0,0,0,0,0,N,2346,0,2,0,0,1,0,0,3,4,0,2,3,,N,,,,,,,,,,,