CRN,ARRIVAL_TM,AUTOMOBILE_COUNT,BELTED_DEATH_COUNT,BELTED_SUSP_SERIOUS_INJ_COUNT,BICYCLE_COUNT,BICYCLE_DEATH_COUNT,BICYCLE_SUSP_SERIOUS_INJ_COUNT,BUS_COUNT,CHLDPAS_DEATH_COUNT,CHLDPAS_SUSP_SERIOUS_INJ_COUNT,COLLISION_TYPE,COMM_VEH_COUNT,CONS_ZONE_SPD_LIM,COUNTY,CRASH_MONTH,CRASH_YEAR,DAY_OF_WEEK,DEC_LAT,DEC_LONG,DISPATCH_TM,DISTRICT,DRIVER_COUNT_16YR,DRIVER_COUNT_17YR,DRIVER_COUNT_18YR,DRIVER_COUNT_19YR,DRIVER_COUNT_20YR,DRIVER_COUNT_50_64YR,DRIVER_COUNT_65_74YR,DRIVER_COUNT_75PLUS,EST_HRS_CLOSED,FATAL_COUNT,HEAVY_TRUCK_COUNT,HORSE_BUGGY_COUNT,HOUR_OF_DAY,ILLUMINATION,INJURY_COUNT,INTERSECT_TYPE,INTERSECTION_RELATED,LANE_CLOSED,LATITUDE,LN_CLOSE_DIR,LOCATION_TYPE,LONGITUDE,MAX_SEVERITY_LEVEL,MCYCLE_DEATH_COUNT,MCYCLE_SUSP_SERIOUS_INJ_COUNT,MOTORCYCLE_COUNT,MUNICIPALITY,NONMOTR_COUNT,NONMOTR_DEATH_COUNT,NONMOTR_SUSP_SERIOUS_INJ_COUNT,NTFY_HIWY_MAINT,PED_COUNT,PED_DEATH_COUNT,PED_SUSP_SERIOUS_INJ_COUNT,PERSON_COUNT,POLICE_AGCY,POSSIBLE_INJ_COUNT,RDWY_SURF_TYPE_CD,RELATION_TO_ROAD,ROAD_CONDITION,ROADWAY_CLEARED,SCH_BUS_IND,SCH_ZONE_IND,SECONDARY_CRASH,SMALL_TRUCK_COUNT,SPEC_JURIS_CD,SUSP_MINOR_INJ_COUNT,SUSP_SERIOUS_INJ_COUNT,SUV_COUNT,TCD_FUNC_CD,TCD_TYPE,TFC_DETOUR_IND,TIME_OF_DAY,TOT_INJ_COUNT,TOTAL_UNITS,UNB_DEATH_COUNT,UNB_SUSP_SERIOUS_INJ_COUNT,UNBELTED_OCC_COUNT,UNK_INJ_DEG_COUNT,UNK_INJ_PER_COUNT,URBAN_AREA,URBAN_RURAL,VAN_COUNT,VEHICLE_COUNT,WEATHER1,WEATHER2,WORK_ZONE_IND,WORK_ZONE_LOC,WORK_ZONE_TYPE,WORKERS_PRES,WZ_CLOSE_DETOUR,WZ_FLAGGER,WZ_LAW_OFFCR_IND,WZ_LN_CLOSURE,WZ_MOVING,WZ_OTHER,WZ_SHLDER_MDN,WZ_WORKERS_INJ_KILLED
2021032914,745.0,1,0,0,0,0,0,0,0,0,7,0,,67,4,2021,7,40.0243,-75.221,740.0,6,0,0,0,0,0,0,0,0,,0,0,0,6,3,0,0,N,0,40 01:27.510,,0,75 13:15.630,0,0,0,0,67301,0,0,0,N,0,0,0,1,67301,0,,4,9,,N,N,N,0,,0,0,0,0,0,,600,0,1,0,0,0,0,0,3,4,0,1,4,,N,,,,,,,,,,,
2021057265,1235.0,0,0,0,0,0,0,0,0,0,6,0,,67,6,2021,2,39.9959,-75.0921,1235.0,6,0,0,0,0,0,1,1,0,,0,0,0,12,1,1,2,N,0,39 59:45.294,,7,75 05:31.430,3,0,0,0,67301,0,0,0,N,0,0,0,3,67301,0,,1,1,,N,N,N,0,,1,0,2,3,2,,1230,1,2,0,0,0,0,0,3,4,0,2,3,3.0,N,,,,,,,,,,,
2021057150,1918.0,1,0,0,0,0,0,0,0,0,8,0,,67,6,2021,4,39.9964,-75.1135,1918.0,6,0,0,0,0,0,0,0,0,,0,0,0,19,4,1,1,,0,39 59:47.175,,0,75 06:48.425,3,0,0,0,67301,1,0,0,N,1,0,0,2,67301,0,,1,1,,N,N,N,0,,1,0,0,3,2,,1917,1,2,0,0,0,0,0,3,4,0,1,4,,N,,,,,,,,,,,
2021038673,723.0,1,0,0,0,0,0,0,0,0,7,0,,67,4,2021,1,39.9605,-75.1814,723.0,6,0,0,0,0,0,0,0,0,,0,0,0,7,1,0,0,N,2,39 57:37.968,4.0,0,75 10:53.047,0,0,0,0,67301,0,0,0,N,0,0,0,2,68K01,0,,2,9,830.0,N,N,N,0,,0,0,0,0,0,Y,717,0,1,0,0,0,0,0,3,4,0,1,7,,N,,,,,,,,,,,
2021033812,1150.0,1,0,0,0,0,0,0,0,0,4,0,,67,4,2021,7,40.0304,-75.1767,1147.0,6,0,0,0,0,0,0,0,0,,0,0,0,9,1,0,1,,0,40 01:49.610,,0,75 10:35.990,0,0,0,0,67301,0,0,0,N,0,0,0,2,67301,0,,1,1,,N,N,N,0,,0,0,1,3,2,,930,0,2,0,0,0,0,0,3,4,0,2,3,,N,,,,,,,,,,,
2021033899,1854.0,0,0,0,0,0,0,0,0,0,1,0,,67,4,2021,6,40.0067,-75.1193,1852.0,6,0,0,0,0,0,0,0,0,,0,0,0,18,1,1,1,,2,40 00:24.053,4.0,0,75 07:09.476,3,0,0,0,67301,0,0,0,N,0,0,0,2,67301,0,,1,1,2030.0,N,N,N,0,,1,0,1,3,2,N,1850,1,2,0,0,0,0,0,3,4,1,2,3,3.0,N,,,,,,,,,,,
2021033403,703.0,0,0,0,0,0,0,0,0,0,1,0,,67,4,2021,4,40.05,-74.9878,658.0,6,0,0,0,0,0,0,0,0,,0,0,0,6,1,0,0,Y,0,40 02:59.955,,0,74 59:16.010,0,0,0,0,67301,0,0,0,N,0,0,0,3,67301,0,,1,1,,N,N,N,0,,0,0,2,3,2,,647,0,2,0,0,0,0,0,3,4,0,2,3,3.0,N,,,,,,,,,,,
2021058811,1847.0,1,0,0,0,0,0,0,0,0,8,0,,67,6,2021,1,40.0482,-75.0679,1846.0,6,0,0,0,0,0,0,0,0,,0,0,0,17,1,1,0,N,0,40 02:53.590,,0,75 04:04.320,3,0,0,0,67301,1,0,0,N,1,0,0,2,67301,0,,1,1,,N,N,N,0,,1,0,0,0,0,,1730,1,2,0,0,0,0,0,3,4,0,1,3,,N,,,,,,,,,,,
2021056235,1638.0,3,0,0,0,0,0,1,0,0,4,1,,67,6,2021,5,39.9532,-75.2365,1628.0,6,0,0,0,0,0,0,0,0,,0,0,0,16,1,8,1,,2,39 57:11.674,1.0,0,75 14:11.508,8,0,0,0,67301,0,0,0,N,0,0,0,15,67508,0,,1,1,9999.0,N,N,Y,0,,0,0,1,3,2,Y,1628,8,5,0,0,0,8,5,3,4,0,5,3,3.0,N,,,,,,,,,,,
2021032805,718.0,0,0,0,0,0,0,0,0,0,7,0,,67,4,2021,1,39.9556,-75.1898,715.0,6,0,0,0,0,0,0,0,0,,0,0,0,6,5,0,0,N,0,39 57:20.203,,0,75 11:23.355,0,0,0,0,67301,0,0,0,N,0,0,0,1,67507,0,,4,9,,N,N,N,0,,0,0,1,0,0,,625,0,1,0,0,0,0,0,3,4,0,1,7,7.0,N,,,,,,,,,,,
2021032825,2318.0,1,0,0,0,0,0,0,0,0,4,0,,67,4,2021,6,39.9202,-75.1994,2313.0,6,0,0,0,0,0,0,0,0,,0,0,0,23,3,0,0,N,1,39 55:12.770,3.0,3,75 11:57.975,0,0,0,0,67301,0,0,0,N,0,0,0,1,67301,0,,1,9,15.0,N,N,N,0,,0,0,1,0,0,N,2305,0,2,0,0,0,0,0,3,4,0,2,7,7.0,N,,,,,,,,,,,
2021057226,2234.0,2,0,0,0,0,0,0,0,0,2,0,,67,6,2021,7,40.0047,-75.1521,2233.0,6,0,0,0,0,0,0,0,0,,0,0,0,22,3,4,1,,1,40 00:16.847,4.0,0,75 09:07.652,3,0,0,0,67301,0,0,0,N,0,0,0,4,67505,1,,1,1,2310.0,N,N,N,0,,3,0,0,3,2,N,2232,4,2,0,0,0,0,0,3,4,0,2,3,3.0,N,,,,,,,,,,,
2021032416,1640.0,0,0,0,0,0,0,0,0,0,8,0,,67,4,2021,5,39.9206,-75.1704,1635.0,6,0,0,0,0,0,0,0,0,,0,0,0,16,1,1,1,,0,39 55:14.358,,0,75 10:14.006,3,0,0,0,67301,1,0,0,N,1,0,0,2,67301,0,,1,1,,N,N,N,0,,1,0,1,3,2,,1635,1,2,0,0,0,0,0,3,4,0,1,3,3.0,N,,,,,,,,,,,
2021032764,2250.0,2,0,0,0,0,0,0,0,0,5,0,,67,4,2021,7,39.9094,-75.1552,2248.0,6,0,0,0,0,0,1,0,0,,0,0,0,22,3,1,0,N,2,39 54:33.946,3.0,3,75 09:18.711,8,0,0,0,67301,0,0,0,N,0,0,0,3,67501,0,,1,1,2330.0,N,N,N,0,,0,0,0,0,0,Y,2248,1,2,0,0,0,1,0,3,4,0,2,3,3.0,N,,,,,,,,,,,
2021033495,1725.0,1,0,0,0,0,0,0,0,0,7,0,,67,4,2021,4,40.0341,-75.0758,1723.0,6,0,0,0,0,0,0,0,0,,0,0,0,17,1,1,0,N,2,40 02:02.813,2.0,0,75 04:33.090,8,0,0,0,67301,0,0,0,N,0,0,0,1,67301,0,,4,1,30.0,N,N,N,0,,0,0,0,0,0,Y,1721,1,1,0,0,1,1,0,3,4,0,1,3,3.0,N,,,,,,,,,,,
2021057125,330.0,1,0,0,0,0,0,0,0,0,7,0,,67,6,2021,1,39.922,-75.2464,315.0,6,0,0,0,0,0,0,0,0,,0,0,0,3,3,0,0,N,0,39 55:19.352,,1,75 14:46.913,0,0,0,0,67301,0,0,0,N,0,0,0,1,67301,0,,5,1,,N,N,N,0,,0,0,0,0,0,,310,0,1,0,0,0,0,0,3,4,0,1,3,3.0,N,,,,,,,,,,,
2021041577,2316.0,1,0,0,0,0,0,0,0,0,6,0,,67,4,2021,7,40.0225,-75.125,2316.0,6,0,0,0,0,0,0,0,0,,0,0,0,22,3,0,0,N,0,40 01:21.070,,0,75 07:29.890,9,0,0,0,67301,0,0,0,N,0,0,0,1,67301,0,,6,1,,N,N,N,1,,0,0,3,0,0,,2250,0,5,0,0,0,0,1,3,4,0,5,3,,N,,,,,,,,,,,
2021060704,1824.0,3,0,0,0,0,0,0,0,0,1,0,,67,6,2021,1,39.9583,-75.1654,1823.0,6,0,0,0,0,1,0,0,0,,0,0,0,18,1,0,0,N,2,39 57:29.959,4.0,0,75 09:55.404,0,0,0,0,67301,0,0,0,N,0,0,0,3,68K01,0,,1,1,1842.0,N,N,N,0,,0,0,0,0,0,N,1815,0,3,0,0,0,0,0,3,4,0,3,3,,N,,,,,,,,,,,
2021060902,336.0,1,0,0,0,0,0,0,0,0,7,0,,67,6,2021,3,40.0015,-75.195,331.0,6,0,0,0,0,0,0,0,0,,0,0,0,3,3,0,0,N,0,40 00:05.423,,0,75 11:41.854,0,0,0,0,67301,0,0,0,N,0,0,0,1,68K01,0,,4,1,,N,N,N,0,,0,0,0,0,0,,319,0,1,0,0,0,0,0,3,4,0,1,3,3.0,N,,,,,,,,,,,
2021032674,1407.0,1,0,0,0,0,0,0,0,0,8,0,,67,4,2021,4,40.0519,-75.2363,1405.0,6,0,0,0,0,0,0,0,0,,0,0,0,14,1,4,0,N,1,40 03:06.743,1.0,0,75 14:10.667,2,0,0,0,67301,3,0,2,N,3,0,2,5,67301,1,,6,1,1500.0,N,N,N,0,,1,2,0,0,0,Y,1404,4,4,0,0,2,0,0,3,4,0,1,3,3.0,N,,,,,,,,,,,
2021057141,1828.0,1,0,0,0,0,0,0,0,0,4,0,,67,6,2021,4,39.9796,-75.1711,1827.0,6,0,0,0,0,1,0,0,0,,0,1,0,18,4,4,1,,2,39 58:46.522,7.0,0,75 10:15.895,3,0,0,0,67301,0,0,0,N,0,0,0,4,67301,0,,1,1,1949.0,N,N,N,0,,4,0,0,3,2,Y,1826,4,2,0,0,4,0,0,3,4,0,2,3,4.0,N,,,,,,,,,,,
2021035513,2201.0,0,0,0,0,0,0,0,0,0,8,0,,67,4,2021,1,39.9544,-75.1631,2200.0,6,0,0,0,0,0,0,0,0,,0,0,0,9,1,2,1,,0,39 57:15.859,,0,75 09:47.045,3,0,0,0,67301,2,0,0,N,2,0,0,3,67301,0,,1,1,,N,N,N,0,,2,0,0,3,2,,900,2,3,0,0,0,0,0,3,4,0,1,3,3.0,N,,,,,,,,,,,
2021041579,119.0,3,0,0,0,0,0,0,0,0,1,0,,67,4,2021,1,40.0152,-75.136,119.0,6,0,0,0,0,0,0,0,0,,0,0,0,1,3,1,0,N,0,40 00:54.540,,0,75 08:09.660,2,0,0,0,67301,0,0,0,N,0,0,0,1,67301,0,,6,1,,N,N,N,0,,0,1,2,0,0,,115,1,5,0,0,0,0,0,3,4,0,5,3,,N,,,,,,,,,,,
2021036382,1201.0,1,0,0,0,0,0,0,0,0,7,0,,67,4,2021,1,39.9824,-75.1001,1201.0,6,0,0,0,0,0,0,0,0,,0,0,0,0,3,0,0,N,2,39 58:56.470,1.0,0,75 06:00.224,0,0,0,0,67301,0,0,0,N,0,0,0,1,68K01,0,,3,1,20.0,N,N,N,0,,0,0,0,0,0,N,4,0,1,0,0,0,0,0,3,4,0,1,3,3.0,N,,,,,,,,,,,
2021032835,39.0,1,0,0,0,0,0,0,0,0,7,0,,67,4,2021,1,40.0454,-75.1449,38.0,6,0,0,0,0,0,0,0,0,,0,0,0,0,3,1,2,,0,40 02:43.494,,0,75 08:41.802,8,0,0,0,67301,0,0,0,N,0,0,0,1,67301,0,,4,1,,N,N,N,0,,0,0,0,0,0,,38,1,1,0,0,0,1,0,3,4,0,1,4,4.0,N,,,,,,,,,,,
2021033139,2037.0,0,0,0,0,0,0,0,0,0,8,0,,67,4,2021,6,40.02,-75.1247,2032.0,6,0,0,0,0,0,0,0,0,,0,0,0,20,3,1,1,,0,40 01:11.899,,0,75 07:28.945,3,0,0,0,67301,1,0,0,N,1,0,0,2,67301,0,,1,1,,N,N,N,1,,1,0,0,3,3,,2030,1,2,0,0,0,0,0,3,4,0,1,3,,N,,,,,,,,,,,
2021032828,1325.0,2,0,0,0,0,0,0,0,0,4,0,,67,4,2021,5,40.0336,-75.0468,1321.0,6,0,0,0,0,0,0,0,0,,0,0,0,13,1,1,1,,0,40 02:01.052,,0,75 02:48.431,3,0,0,0,67301,0,0,0,N,0,0,0,2,67301,0,,1,1,,N,N,N,0,,1,0,0,3,2,,1321,1,2,0,0,0,0,0,3,4,0,2,3,3.0,N,,,,,,,,,,,
2021044225,1245.0,0,0,0,0,0,0,0,0,0,8,0,,67,5,2021,7,40.0012,-75.0675,1237.0,6,0,0,0,0,0,1,0,0,,0,0,0,12,1,1,0,N,0,40 00:04.230,,0,75 04:03.130,8,0,0,0,67301,1,0,0,N,1,0,0,2,67301,0,,1,1,,N,N,N,1,,0,0,0,0,0,,1236,1,2,0,0,0,1,0,3,4,0,1,3,,N,,,,,,,,,,,
2021017107,749.0,0,0,0,0,0,0,0,0,0,7,0,,67,2,2021,5,39.9332,-75.2376,743.0,6,0,0,0,0,0,0,0,0,,0,0,0,7,1,1,0,N,0,39 55:59.458,,0,75 14:15.363,3,0,0,0,67301,0,0,0,N,0,0,0,1,67301,0,,5,7,,N,N,N,0,,1,0,1,0,0,,720,1,1,0,0,0,0,0,3,4,0,1,10,9.0,N,,,,,,,,,,,
2021059480,14.0,2,0,0,0,0,0,0,0,0,1,1,,67,6,2021,7,39.9626,-75.1831,10.0,6,0,0,0,0,0,1,0,0,,0,1,0,0,3,0,0,N,1,39 57:45.400,4.0,0,75 10:59.083,0,0,0,0,67301,0,0,0,N,0,0,0,3,68K01,0,,1,1,40.0,N,N,N,0,,0,0,0,0,0,N,8,0,3,0,0,0,0,0,3,4,0,3,3,,N,,,,,,,,,,,
2021056723,1225.0,0,0,0,0,0,0,0,0,0,1,1,,67,6,2021,3,39.9937,-75.0848,1213.0,6,0,0,0,0,0,0,0,0,,0,1,0,12,1,0,0,N,1,39 59:37.147,2.0,0,75 05:05.272,0,0,0,0,67301,0,0,0,N,0,0,0,2,68K01,0,,1,1,1230.0,N,N,N,0,,0,0,1,0,0,N,1211,0,2,0,0,0,0,0,3,4,0,2,3,,N,,,,,,,,,,,
2021033133,1026.0,0,0,0,0,0,0,0,0,0,4,0,,67,4,2021,1,40.0394,-75.0828,1024.0,6,0,0,0,0,0,0,0,0,,0,0,0,10,1,4,1,,0,40 02:21.825,,0,75 04:58.144,4,0,0,0,67301,0,0,0,N,0,0,0,5,67301,4,,1,9,,N,N,N,0,,0,0,1,3,3,,1000,4,2,0,0,1,0,0,3,4,1,2,7,7.0,N,,,,,,,,,,,
2021057127,1800.0,0,0,0,0,0,0,0,0,0,4,0,,67,6,2021,6,40.0829,-75.2063,1756.0,6,0,0,0,0,0,1,0,0,,0,0,0,17,1,2,2,,0,40 04:58.544,,0,75 12:22.723,3,0,0,1,67301,0,0,0,N,0,0,0,2,67301,0,,1,1,,N,N,N,0,,2,0,0,0,0,,1730,2,2,0,0,1,0,0,3,4,1,2,3,3.0,N,,,,,,,,,,,
2021032236,2131.0,0,0,0,0,0,0,0,0,0,4,0,,67,4,2021,4,39.9057,-75.2466,2121.0,6,0,1,0,0,0,0,0,0,,0,0,0,21,3,1,1,,0,39 54:20.527,,0,75 14:47.666,3,0,0,1,67301,0,0,0,N,0,0,0,2,67301,0,,1,1,,N,N,N,0,,1,0,1,3,3,,2121,1,2,0,0,0,0,0,3,4,0,2,3,,N,,,,,,,,,,,
2021032556,2026.0,0,0,0,0,0,0,0,0,0,5,0,,67,4,2021,6,40.0599,-75.1418,2022.0,6,0,0,0,0,0,0,0,0,,0,0,0,20,3,0,2,,0,40 03:35.816,,0,75 08:30.616,0,0,0,0,67301,0,0,0,N,0,0,0,3,67301,0,,1,1,,N,N,N,1,,0,0,1,0,0,,2019,0,2,0,0,0,0,0,3,4,0,2,3,3.0,N,,,,,,,,,,,
2021057939,18.0,0,0,0,0,0,0,0,0,0,5,1,,67,6,2021,2,40.0293,-75.1248,14.0,6,0,0,0,0,0,0,0,0,,0,1,0,23,3,0,0,N,0,40 01:45.400,,0,75 07:29.100,0,0,0,0,67301,0,0,0,N,0,0,0,1,67301,0,,6,9,,N,N,N,0,,0,0,1,0,0,,2330,0,2,0,0,0,0,0,3,4,0,2,4,7.0,N,,,,,,,,,,,
2021057261,718.0,1,0,0,0,0,0,0,0,0,1,0,,67,6,2021,2,40.0323,-75.082,712.0,6,0,0,0,0,0,0,0,0,,0,0,0,7,1,1,0,N,1,40 01:56.118,1.0,0,75 04:55.214,3,0,0,0,67301,0,0,0,N,0,0,0,1,67301,0,,1,1,815.0,N,N,N,1,,1,0,0,3,2,N,700,1,2,0,0,0,0,0,3,4,0,2,3,,N,,,,,,,,,,,
2021033003,208.0,0,0,0,0,0,0,0,0,0,7,0,35.0,67,4,2021,7,39.9556,-75.1482,208.0,6,0,0,0,0,0,0,0,0,,0,0,0,2,3,1,0,N,0,39 57:20.070,,2,75 08:53.532,8,0,0,0,67301,0,0,0,N,0,0,0,1,67501,0,,4,1,,N,N,N,0,,0,0,1,0,0,,208,1,1,0,0,1,1,0,3,4,0,1,3,,Y,5.0,1.0,U,,,N,Y,,,,N
2021058111,1638.0,2,0,0,0,0,0,0,0,0,4,0,,67,6,2021,1,39.9401,-75.2007,1633.0,6,0,0,0,0,0,1,0,0,,0,0,0,14,1,1,2,,0,39 56:24.735,,0,75 12:02.476,8,0,0,0,67301,0,0,0,N,0,0,0,1,67301,0,,1,1,,N,N,N,0,,0,0,0,3,2,,1428,1,2,0,0,0,1,0,3,4,0,2,3,,N,,,,,,,,,,,
2021033140,1816.0,1,0,0,0,0,0,0,0,0,4,0,,67,4,2021,1,39.999,-75.1458,1814.0,6,0,0,0,0,0,1,0,0,,0,0,0,18,1,0,1,,0,39 59:56.551,,0,75 08:44.872,0,0,0,0,67301,0,0,0,N,0,0,0,3,67301,0,,1,9,,N,N,Y,0,,0,0,1,3,3,,1803,0,2,0,0,0,0,0,3,4,0,2,7,4.0,N,,,,,,,,,,,
2021035592,1824.0,2,0,0,0,0,0,0,0,0,2,0,,67,4,2021,1,40.0052,-75.0927,1819.0,6,0,0,0,0,0,0,0,0,,0,0,0,18,1,0,2,,0,40 00:18.774,,0,75 05:33.803,9,0,0,0,67301,0,0,0,N,0,0,0,4,67301,0,,1,1,,N,N,Y,0,,0,0,0,0,0,,1814,0,3,0,0,0,0,2,3,4,1,3,3,,N,,,,,,,,,,,
2021032608,2251.0,1,0,0,0,0,0,0,0,0,7,0,,67,4,2021,4,40.1021,-75.0282,2250.0,6,0,0,0,0,0,0,0,0,,0,0,0,22,3,1,0,N,2,40 06:07.600,3.0,7,75 01:41.600,3,0,0,0,67301,0,0,0,N,0,0,0,1,67301,0,,4,1,2215.0,N,N,N,0,,1,0,0,3,3,Y,2250,1,1,0,0,1,0,0,3,4,0,1,3,3.0,N,,,,,,,,,,,
2021033136,809.0,1,0,0,0,0,0,0,0,0,4,0,,67,4,2021,1,40.0622,-75.0127,805.0,6,0,0,0,0,0,2,0,0,,0,0,0,7,1,0,1,,0,40 03:43.855,,0,75 00:45.874,0,0,0,0,67301,0,0,0,N,0,0,0,2,67301,0,,1,9,,N,N,N,0,,0,0,1,3,3,,730,0,2,0,0,0,0,0,3,4,0,2,7,7.0,N,,,,,,,,,,,
2021058813,1655.0,1,0,0,0,0,0,0,0,0,3,0,,67,6,2021,3,40.0595,-75.0846,1646.0,6,0,0,0,0,0,1,0,0,,0,0,0,15,1,1,0,N,2,40 03:34.165,2.0,0,75 05:04.575,8,0,0,0,67301,0,0,0,N,0,0,0,2,67301,0,,1,9,1725.0,N,N,N,0,,0,0,1,0,0,N,1549,1,2,0,0,0,1,0,3,4,0,2,7,,N,,,,,,,,,,,
2021057655,2324.0,0,0,0,0,0,0,0,0,0,5,0,,67,6,2021,7,39.9338,-75.1451,2259.0,6,0,0,0,0,0,1,0,0,,0,0,0,22,3,1,0,N,0,39 56:01.516,,0,75 08:42.194,8,0,0,0,67301,0,0,0,N,0,0,0,3,68K01,0,,1,1,,N,N,N,0,,0,0,1,0,0,,2244,1,2,0,0,0,1,0,3,4,1,2,3,3.0,N,,,,,,,,,,,
2021058649,147.0,1,0,0,0,0,0,0,0,0,1,0,,67,6,2021,1,40.0615,-75.021,142.0,6,0,0,0,0,0,0,0,0,,0,0,0,1,3,0,0,N,0,40 03:41.387,,0,75 01:15.473,0,0,0,0,67301,0,0,0,N,0,0,0,1,67301,0,,2,1,,N,N,N,0,,0,0,1,0,0,,140,0,2,0,0,0,0,0,3,4,0,2,3,3.0,N,,,,,,,,,,,
2021058245,2308.0,1,0,0,0,0,0,0,0,0,1,0,,67,6,2021,7,39.9593,-75.1734,2303.0,6,0,0,0,0,0,0,1,0,,0,0,0,22,3,0,0,N,0,39 57:33.574,,0,75 10:24.340,0,0,0,0,67301,0,0,0,N,0,0,0,3,68K01,0,,1,1,,N,N,N,0,,0,0,1,0,0,,2242,0,2,0,0,0,0,0,3,4,0,2,3,,N,,,,,,,,,,,
2021033900,735.0,1,0,0,0,0,0,0,0,0,4,0,,67,4,2021,7,40.0161,-75.1496,731.0,6,0,0,0,0,0,0,0,0,,0,0,0,7,1,0,2,,0,40 00:58.063,,0,75 08:58.689,0,0,0,0,67301,0,0,0,N,0,0,0,3,67301,0,,1,9,,N,N,N,0,,0,0,1,3,3,,731,0,2,0,0,0,0,0,3,4,0,2,7,3.0,N,,,,,,,,,,,
2021033032,752.0,0,0,0,0,0,0,0,0,0,2,0,,67,4,2021,7,39.9446,-75.2464,751.0,6,0,0,0,0,0,1,0,0,,0,0,0,7,1,1,0,N,0,39 56:40.500,,0,75 14:47.100,3,0,0,0,67301,0,0,0,N,0,0,0,1,67301,0,,6,9,,N,N,N,0,,1,0,1,0,0,,745,1,2,0,0,0,0,0,3,4,1,2,7,4.0,N,,,,,,,,,,,
2021035574,320.0,0,0,0,0,0,0,0,0,0,1,0,,67,4,2021,1,39.9569,-75.202,254.0,6,0,0,0,0,0,0,0,0,,0,0,0,2,8,1,0,N,0,39 57:24.770,,0,75 12:07.250,3,0,0,0,67301,0,0,0,N,0,0,0,1,67301,0,,6,9,,N,N,N,0,,1,0,2,0,0,,238,1,2,0,0,0,0,0,3,4,0,2,7,7.0,N,,,,,,,,,,,
2021057316,744.0,0,0,0,0,0,0,0,0,0,7,0,,67,4,2021,1,39.9699,-75.1255,737.0,6,0,0,0,0,0,1,0,0,,0,0,0,7,5,0,7,,2,39 58:13.300,1.0,2,75 07:29.000,0,0,0,0,67301,0,0,0,N,0,0,0,1,68K01,0,,7,9,10.0,N,N,N,0,,0,0,1,0,0,N,737,0,1,0,0,0,0,0,3,4,0,1,7,,N,,,,,,,,,,,
2021056627,620.0,2,0,0,0,0,0,0,0,0,5,1,,67,6,2021,4,39.8865,-75.2059,620.0,6,0,0,0,0,0,0,0,0,,0,1,0,6,1,0,0,N,0,39 53:11.254,,3,75 12:21.390,9,0,0,0,67301,0,0,0,N,0,0,0,3,68K01,0,,2,1,,N,N,Y,0,,0,0,0,0,0,,620,0,3,0,0,0,0,1,3,4,0,3,3,3.0,N,,,,,,,,,,,
2021057154,1200.0,1,0,0,0,0,0,0,0,0,7,0,,67,6,2021,1,39.9931,-75.0816,1200.0,6,0,0,0,0,0,0,0,0,,0,0,0,0,3,0,2,,9,39 59:35.290,,0,75 04:53.935,0,0,0,0,67301,0,0,0,N,0,0,0,1,67301,0,,9,99,,N,N,N,0,,0,0,0,9,9,U,0,0,1,0,0,0,0,0,3,4,0,1,99,,N,,,,,,,,,,,
2021058557,1520.0,1,0,0,0,0,0,0,0,0,7,0,,67,5,2021,1,40.0376,-75.0118,1501.0,6,0,0,0,0,0,1,0,0,,0,0,0,14,1,0,0,N,1,40 02:15.447,1.0,0,75 00:42.358,0,0,0,0,67301,0,0,0,N,0,0,0,1,68K01,0,,4,9,1540.0,N,N,N,0,,0,0,0,0,0,N,1441,0,1,0,0,0,0,0,3,4,0,1,7,,N,,,,,,,,,,,
2021058744,1300.0,1,0,0,0,0,0,0,0,0,6,0,,67,6,2021,5,40.0166,-75.1712,1255.0,6,0,0,0,0,0,0,0,0,,0,1,0,11,1,1,0,N,0,40 00:59.829,,0,75 10:16.245,8,0,0,0,67301,0,0,0,N,0,0,0,2,67301,0,,1,1,,N,N,N,0,,0,0,0,0,0,,1130,1,2,0,0,0,1,1,3,4,0,2,3,,N,,,,,,,,,,,
2021033135,1812.0,0,0,0,0,0,0,0,0,0,4,0,,67,4,2021,7,40.0593,-75.0446,1807.0,6,0,0,0,0,0,0,0,0,,0,0,0,18,1,1,1,,0,40 03:33.392,,0,75 02:40.479,3,0,0,0,67301,0,0,0,N,0,0,0,2,67301,0,,1,1,,N,N,N,0,,1,0,1,3,2,,1807,1,2,0,0,0,0,0,3,4,1,2,3,3.0,N,,,,,,,,,,,
2021033232,2150.0,1,0,0,0,0,0,0,0,0,5,0,,67,4,2021,7,39.9377,-75.1736,2140.0,6,0,0,0,0,0,0,0,0,,0,0,0,21,4,1,0,N,0,39 56:15.700,,0,75 10:24.900,2,0,0,0,67301,1,0,1,N,1,0,1,3,67301,0,,6,1,,N,N,N,0,,0,1,3,0,0,,2135,1,6,0,0,0,0,0,3,4,1,5,3,3.0,N,,,,,,,,,,,
2021057574,1230.0,1,0,0,0,0,0,0,0,0,4,0,,67,6,2021,7,40.0946,-75.0152,1220.0,6,0,0,0,0,0,0,0,0,,0,0,0,12,1,2,1,,0,40 05:40.347,,0,75 00:54.154,3,0,0,0,67301,0,0,0,N,0,0,0,3,67301,1,,1,1,,N,N,Y,0,,1,0,1,3,2,,1219,2,2,0,0,0,0,0,3,4,0,2,3,4.0,N,,,,,,,,,,,