CRN,ARRIVAL_TM,AUTOMOBILE_COUNT,BELTED_DEATH_COUNT,BELTED_SUSP_SERIOUS_INJ_COUNT,BICYCLE_COUNT,BICYCLE_DEATH_COUNT,BICYCLE_SUSP_SERIOUS_INJ_COUNT,BUS_COUNT,CHLDPAS_DEATH_COUNT,CHLDPAS_SUSP_SERIOUS_INJ_COUNT,COLLISION_TYPE,COMM_VEH_COUNT,CONS_ZONE_SPD_LIM,COUNTY,CRASH_MONTH,CRASH_YEAR,DAY_OF_WEEK,DEC_LAT,DEC_LONG,DISPATCH_TM,DISTRICT,DRIVER_COUNT_16YR,DRIVER_COUNT_17YR,DRIVER_COUNT_18YR,DRIVER_COUNT_19YR,DRIVER_COUNT_20YR,DRIVER_COUNT_50_64YR,DRIVER_COUNT_65_74YR,DRIVER_COUNT_75PLUS,EST_HRS_CLOSED,FATAL_COUNT,HEAVY_TRUCK_COUNT,HORSE_BUGGY_COUNT,HOUR_OF_DAY,ILLUMINATION,INJURY_COUNT,INTERSECT_TYPE,INTERSECTION_RELATED,LANE_CLOSED,LATITUDE,LN_CLOSE_DIR,LOCATION_TYPE,LONGITUDE,MAX_SEVERITY_LEVEL,MCYCLE_DEATH_COUNT,MCYCLE_SUSP_SERIOUS_INJ_COUNT,MOTORCYCLE_COUNT,MUNICIPALITY,NONMOTR_COUNT,NONMOTR_DEATH_COUNT,NONMOTR_SUSP_SERIOUS_INJ_COUNT,NTFY_HIWY_MAINT,PED_COUNT,PED_DEATH_COUNT,PED_SUSP_SERIOUS_INJ_COUNT,PERSON_COUNT,POLICE_AGCY,POSSIBLE_INJ_COUNT,RDWY_SURF_TYPE_CD,RELATION_TO_ROAD,ROAD_CONDITION,ROADWAY_CLEARED,SCH_BUS_IND,SCH_ZONE_IND,SECONDARY_CRASH,SMALL_TRUCK_COUNT,SPEC_JURIS_CD,SUSP_MINOR_INJ_COUNT,SUSP_SERIOUS_INJ_COUNT,SUV_COUNT,TCD_FUNC_CD,TCD_TYPE,TFC_DETOUR_IND,TIME_OF_DAY,TOT_INJ_COUNT,TOTAL_UNITS,UNB_DEATH_COUNT,UNB_SUSP_SERIOUS_INJ_COUNT,UNBELTED_OCC_COUNT,UNK_INJ_DEG_COUNT,UNK_INJ_PER_COUNT,URBAN_AREA,URBAN_RURAL,VAN_COUNT,VEHICLE_COUNT,WEATHER1,WEATHER2,WORK_ZONE_IND,WORK_ZONE_LOC,WORK_ZONE_TYPE,WORKERS_PRES,WZ_CLOSE_DETOUR,WZ_FLAGGER,WZ_LAW_OFFCR_IND,WZ_LN_CLOSURE,WZ_MOVING,WZ_OTHER,WZ_SHLDER_MDN,WZ_WORKERS_INJ_KILLED
2021034135,1138.0,1,0,0,0,0,0,0,0,0,7,0,,67,4,2021,1,39.9806,-75.2143,1129.0,6,0,0,0,0,0,0,1,0,,0,0,0,10,1,1,0,N,0,39 58:50.185,,0,75 12:51.435,8,0,0,0,67301,0,0,0,N,0,0,0,1,67301,0,,4,9,,N,N,N,0,,0,0,0,0,0,,1031,1,1,0,0,0,1,0,3,4,0,1,7,,N,,,,,,,,,,,
2021057910,1532.0,1,0,0,0,0,0,0,0,0,4,0,,67,6,2021,3,39.9503,-75.1473,1530.0,6,0,0,0,0,0,0,0,0,,0,0,0,15,1,0,1,,0,39 57:01.377,,0,75 08:50.080,0,0,0,0,67301,0,0,0,N,0,0,0,2,67301,0,,1,9,,N,N,N,1,,0,0,0,3,2,,1529,0,2,0,0,0,0,0,3,4,0,2,7,4.0,N,,,,,,,,,,,
2021057702,408.0,4,0,0,0,0,0,0,0,0,1,0,,67,6,2021,1,40.0501,-75.1738,356.0,6,0,0,0,0,0,0,0,0,,0,0,0,3,3,0,0,N,1,40 03:00.536,4.0,0,75 10:25.554,9,0,0,0,67301,0,0,0,N,0,0,0,1,67301,0,,6,1,600.0,N,N,N,0,,0,0,0,0,0,N,350,0,4,0,0,0,0,1,3,4,0,4,3,3.0,N,,,,,,,,,,,
2021058492,1423.0,2,0,0,0,0,0,0,0,0,4,0,,67,6,2021,3,40.0473,-75.1677,1423.0,6,0,0,0,0,0,0,1,0,,0,0,0,14,1,2,1,N,0,40 02:50.068,,0,75 10:03.712,3,0,0,0,67301,0,0,0,N,0,0,0,2,67301,0,,1,9,,N,N,N,0,,2,0,0,3,2,,1419,2,2,0,0,0,0,0,3,4,0,2,7,,N,,,,,,,,,,,
2021033033,1545.0,2,0,0,0,0,0,0,0,0,5,0,,67,4,2021,1,39.9902,-75.1331,1530.0,6,0,0,0,0,0,0,0,0,,0,0,0,14,1,0,0,N,0,39 59:24.540,,0,75 07:59.090,9,0,0,0,67301,0,0,0,N,0,0,0,1,67301,0,,6,9,,N,N,N,0,,0,0,0,0,0,,1448,0,3,0,0,0,0,1,3,4,1,3,3,,N,,,,,,,,,,,
2021058597,1610.0,2,0,0,0,0,0,0,0,0,1,0,,67,6,2021,7,39.9595,-75.1748,1333.0,6,0,0,0,0,0,0,1,0,,0,0,0,13,1,0,0,N,0,39 57:34.178,,0,75 10:29.212,0,0,0,0,67301,0,0,0,N,0,0,0,2,68K01,0,,1,1,,N,N,N,0,,0,0,0,0,0,,1333,0,2,0,0,1,0,0,3,4,0,2,3,,N,,,,,,,,,,,
2021057160,1347.0,2,0,0,0,0,0,0,0,0,4,0,,67,6,2021,7,39.971,-75.1281,1346.0,6,0,0,0,0,0,0,0,0,,0,0,0,13,1,0,0,N,0,39 58:15.454,,0,75 07:41.010,0,0,0,0,67301,0,0,0,N,0,0,0,1,67301,0,,1,1,,N,N,N,0,,0,0,1,0,0,,1340,0,3,0,0,1,0,0,3,4,0,3,3,,N,,,,,,,,,,,
2021032591,537.0,0,0,1,0,0,0,0,0,0,7,0,35.0,67,4,2021,7,39.9113,-75.1649,537.0,6,0,0,0,1,0,0,0,0,,0,0,0,5,3,3,0,N,0,39 54:40.800,,3,75 09:53.800,2,0,0,0,67301,0,0,0,N,0,0,0,7,67501,0,,4,9,,N,N,N,0,,2,1,0,0,0,,537,3,1,0,0,0,0,0,3,4,1,1,7,,Y,4.0,1.0,N,,,N,Y,,,,N
2021057251,1018.0,0,0,0,0,0,0,0,0,0,4,1,,67,6,2021,2,40.1264,-75.0201,1011.0,6,0,0,0,0,0,0,1,1,,0,1,0,10,1,1,2,,1,40 07:35.065,3.0,0,75 01:12.536,3,0,0,0,67301,0,0,0,N,0,0,0,3,67301,0,,1,1,1028.0,N,N,N,0,,1,0,1,3,3,N,1010,1,3,0,0,0,0,0,3,4,1,3,4,4.0,N,,,,,,,,,,,
2021056619,704.0,2,0,0,0,0,0,0,0,0,1,0,,67,6,2021,3,39.9896,-75.0876,704.0,6,0,0,0,0,0,0,0,0,,0,0,0,6,1,1,0,N,0,39 59:22.470,,0,75 05:15.284,8,0,0,0,67301,0,0,0,N,0,0,0,2,68K01,0,,1,1,,N,N,N,0,,0,0,0,0,0,,634,1,2,0,0,0,1,0,3,4,0,2,3,3.0,N,,,,,,,,,,,
2021032832,2300.0,1,0,0,0,0,0,0,0,0,4,0,,67,4,2021,6,39.9888,-75.1628,2253.0,6,0,0,0,1,0,0,0,0,,0,0,0,22,3,0,1,,0,39 59:19.550,,0,75 09:46.081,0,0,0,0,67301,0,0,0,N,0,0,0,8,67301,0,,1,1,,N,N,Y,1,,0,0,1,3,3,,2230,0,3,0,0,0,0,0,3,4,0,3,3,3.0,N,,,,,,,,,,,
2021032781,1155.0,0,0,0,0,0,0,0,0,0,5,0,,67,4,2021,7,40.0366,-75.0502,1138.0,6,0,0,0,0,0,0,0,0,,0,0,0,10,8,1,0,N,0,40 02:11.850,,0,75 03:00.660,3,0,0,0,67301,0,0,0,N,0,0,0,1,67301,0,,6,1,,N,N,N,0,,1,0,4,0,0,,1047,1,4,0,0,0,0,0,3,4,0,4,3,3.0,N,,,,,,,,,,,
2021031923,920.0,0,0,0,0,0,0,0,0,0,4,0,,67,4,2021,4,40.0793,-75.1762,848.0,6,0,0,0,0,0,1,0,0,,0,0,0,7,1,1,1,,0,40 04:45.379,,0,75 10:34.208,3,0,0,0,67301,0,0,0,N,0,0,0,2,67301,0,,1,1,,N,N,N,0,,1,0,2,0,0,,710,1,2,0,0,0,0,1,3,4,0,2,3,4.0,N,,,,,,,,,,,
2021048108,20.0,3,0,0,0,0,0,0,0,0,5,0,,67,4,2021,5,39.9574,-75.2289,16.0,6,0,0,0,0,0,0,0,0,,0,0,0,0,3,0,0,N,0,39 57:26.583,,0,75 13:44.058,0,0,0,0,67301,1,0,0,N,0,0,0,2,67301,0,,6,1,,N,N,N,1,,0,0,3,0,0,,2,0,7,0,0,0,0,0,3,4,0,7,3,3.0,N,,,,,,,,,,,
2021057262,20.0,2,0,0,0,0,0,0,0,0,4,0,,67,6,2021,1,39.9557,-75.215,15.0,6,0,0,0,0,0,0,0,0,,0,0,0,0,3,0,0,N,0,39 57:20.409,,0,75 12:54.154,0,0,0,0,67301,0,0,0,N,0,0,0,1,67301,0,,1,1,,N,N,N,0,,0,0,0,0,0,,5,0,3,0,0,1,0,0,3,4,0,3,3,3.0,N,,,,,,,,,,,
2021032237,1535.0,1,0,0,0,0,0,0,0,0,4,0,,67,4,2021,5,39.9232,-75.2445,1535.0,6,0,0,0,0,0,1,0,0,,0,0,0,14,1,0,3,,0,39 55:23.455,,0,75 14:40.145,0,0,0,0,67301,0,0,0,N,0,0,0,2,67301,0,,1,1,,N,N,N,0,,0,0,1,0,0,,1452,0,2,0,0,2,0,0,3,4,0,2,3,3.0,N,,,,,,,,,,,
2021057838,224.0,1,0,0,0,0,0,0,0,0,7,0,,67,6,2021,4,39.8988,-75.1727,213.0,6,0,0,0,0,0,0,0,0,,0,0,0,1,3,0,0,N,1,39 53:55.605,1.0,0,75 10:21.546,0,0,0,0,67301,0,0,0,N,0,0,0,1,68K01,0,,4,1,238.0,N,N,N,0,,0,0,0,0,0,N,159,0,1,0,0,0,0,0,3,4,0,1,3,,N,,,,,,,,,,,
2021058244,1959.0,1,0,0,0,0,0,0,0,0,1,0,,67,6,2021,7,39.9792,-75.2039,1955.0,6,0,0,1,0,0,0,0,0,,0,0,0,19,4,2,0,N,1,39 58:45.181,3.0,0,75 12:13.908,3,0,0,0,67301,0,0,0,N,0,0,0,3,68K01,1,,1,1,25.0,N,N,N,0,,1,0,1,0,0,N,1954,2,2,0,0,1,0,0,3,4,0,2,4,,N,,,,,,,,,,,
2021032758,1601.0,1,0,0,0,0,0,0,0,0,5,0,,67,4,2021,7,40.0216,-75.0632,1601.0,6,0,0,0,0,0,0,0,0,,0,0,0,15,1,0,0,N,0,40 01:17.600,,0,75 03:47.594,0,0,0,0,67301,0,0,0,N,0,0,0,1,67301,0,,6,1,,N,N,N,0,,0,0,1,0,0,,1559,0,2,0,0,0,0,0,3,4,0,2,3,,N,,,,,,,,,,,
2021032330,910.0,3,0,0,0,0,0,0,0,0,4,0,,67,4,2021,5,39.964,-75.1916,909.0,6,0,0,0,0,0,0,0,0,,0,0,0,9,1,2,1,,0,39 57:50.576,,0,75 11:29.738,3,0,0,0,67301,0,0,0,N,0,0,0,2,67301,0,,1,1,,N,N,N,0,,2,0,1,3,2,,900,2,4,0,0,0,0,0,3,4,0,4,3,3.0,N,,,,,,,,,,,
2021057157,2221.0,2,0,0,0,0,0,0,0,0,1,0,,67,6,2021,4,39.9969,-75.0966,2215.0,6,0,0,0,0,0,0,0,0,,0,0,0,18,1,0,0,N,0,39 59:48.953,,0,75 05:47.630,0,0,0,0,67301,1,0,0,N,0,0,0,1,67301,0,,6,1,,N,N,N,0,,0,0,0,0,0,,1839,0,2,0,0,0,0,0,3,4,0,2,3,3.0,N,,,,,,,,,,,
2021057168,1923.0,0,0,0,0,0,0,0,0,0,1,1,,67,6,2021,6,40.04,-75.1445,1923.0,6,0,0,0,0,0,1,0,0,,0,1,0,14,1,1,0,Y,0,40 02:24.107,,0,75 08:40.287,8,0,0,0,67301,0,0,0,N,0,0,0,2,67301,0,,1,1,,N,N,N,0,,0,0,1,3,2,,1429,1,2,0,0,0,1,1,3,4,0,2,3,3.0,N,,,,,,,,,,,
2021058064,30.0,1,0,0,0,0,0,0,0,0,7,0,,67,6,2021,2,39.9756,-75.1949,30.0,6,0,0,0,0,1,0,0,0,,0,0,0,0,3,0,0,N,0,39 58:32.161,,0,75 11:41.736,0,0,0,0,67301,0,0,0,N,0,0,0,1,68K01,0,,1,1,,N,N,Y,0,,0,0,0,0,0,,30,0,1,0,0,0,0,0,3,4,0,1,3,,N,,,,,,,,,,,
2021057250,43.0,1,0,0,0,0,0,0,0,0,4,0,,67,6,2021,1,39.9266,-75.1622,39.0,6,0,0,0,0,0,0,0,0,,0,0,0,0,3,0,0,N,2,39 55:35.890,2.0,0,75 09:43.910,0,0,0,0,67301,0,0,0,N,0,0,0,1,67301,0,,1,1,203.0,N,N,N,0,,0,0,1,0,0,Y,32,0,2,0,0,0,0,0,3,4,0,2,3,3.0,N,,,,,,,,,,,
2021033405,525.0,0,0,0,0,0,0,0,0,0,1,0,,67,4,2021,1,40.0434,-75.1615,525.0,6,0,0,0,0,0,0,0,0,,0,0,0,5,3,0,0,N,0,40 02:36.395,,0,75 09:41.497,9,0,0,0,67301,0,0,0,N,0,0,0,2,67301,0,,6,9,,N,N,N,0,,0,0,2,0,0,,520,0,2,0,0,2,0,1,3,4,0,2,7,7.0,N,,,,,,,,,,,
2021032782,126.0,1,0,0,0,0,0,0,0,0,7,0,,67,4,2021,7,40.0059,-75.2163,124.0,6,0,0,0,0,0,0,0,0,,0,0,0,1,3,1,0,N,2,40 00:21.358,1.0,0,75 12:58.709,8,0,0,0,67301,0,0,0,N,0,0,0,1,67301,0,,4,1,20.0,N,N,N,0,,0,0,0,0,0,Y,120,1,1,0,0,0,1,0,3,4,0,1,3,3.0,N,,,,,,,,,,,
2021056967,1442.0,0,0,0,0,0,0,0,0,0,7,0,,67,6,2021,7,39.958,-75.1625,1410.0,6,0,0,0,0,0,1,0,0,,0,0,0,13,1,1,0,N,0,39 57:28.626,,0,75 09:44.843,3,0,0,0,67301,0,0,0,N,0,0,0,1,68K01,0,,3,1,,N,N,N,0,,1,0,1,0,0,,1355,1,1,0,0,0,0,0,3,4,0,1,3,,N,,,,,,,,,,,
2021032533,1930.0,1,0,0,0,0,0,0,0,0,5,0,,67,4,2021,4,40.0866,-74.972,1930.0,6,0,0,0,1,0,0,0,0,,0,0,0,19,4,2,0,N,1,40 05:11.756,1.0,0,74 58:19.152,8,0,0,0,67301,0,0,0,N,0,0,0,4,67301,0,,1,1,2130.0,N,N,N,1,,0,0,0,3,2,N,1925,2,2,0,0,0,2,1,3,4,0,2,3,,N,,,,,,,,,,,
2021033404,1302.0,2,0,0,0,0,0,0,0,0,4,0,,67,4,2021,4,40.0553,-75.0085,1300.0,6,0,0,0,0,0,0,0,0,,0,0,0,13,1,1,0,N,1,40 03:19.193,2.0,7,75 00:30.531,3,0,0,0,67301,0,0,0,N,0,0,0,3,67301,0,,1,1,30.0,N,N,N,0,,1,0,0,0,0,N,1300,1,2,0,0,0,0,0,3,4,0,2,3,3.0,N,,,,,,,,,,,
2021058914,940.0,1,0,0,0,0,0,0,0,0,1,0,,67,6,2021,2,40.0207,-75.0422,925.0,6,0,0,0,0,0,2,0,0,,0,0,0,9,1,2,0,N,0,40 01:14.684,,0,75 02:31.794,8,0,0,0,67301,0,0,0,N,0,0,0,5,68K01,0,,1,1,,N,N,N,0,,0,0,1,0,0,,924,2,2,0,0,0,2,0,3,4,0,2,4,,N,,,,,,,,,,,
2021033199,30.0,2,0,0,0,0,0,0,0,0,7,0,,67,4,2021,1,40.0307,-75.0219,14.0,6,0,0,0,0,0,0,0,0,,0,0,0,0,3,0,0,N,1,40 01:50.426,2.0,3,75 01:18.812,0,0,0,0,67301,0,0,0,N,0,0,0,2,68K01,0,,3,1,123.0,N,N,N,0,,0,0,0,0,0,N,13,0,2,0,0,0,0,0,3,4,0,2,3,3.0,N,,,,,,,,,,,
2021057418,1441.0,0,0,0,0,0,0,0,0,0,7,0,,67,6,2021,7,40.0064,-75.1974,1440.0,6,0,0,0,0,0,0,0,0,,0,0,0,14,1,5,0,N,0,40 00:22.985,,0,75 11:50.497,4,0,0,0,67301,0,0,0,N,0,0,0,5,68K01,5,,2,1,,N,N,N,0,,0,0,1,0,0,,1439,5,1,0,0,1,0,0,3,4,0,1,3,,N,,,,,,,,,,,
2021039734,735.0,1,0,0,0,0,0,0,0,0,1,0,,67,5,2021,2,40.1343,-75.0091,720.0,6,0,0,0,0,0,1,0,0,,0,0,0,6,1,1,1,N,0,40 08:03.571,,0,75 00:32.634,8,0,0,0,67301,0,0,0,N,0,0,0,2,67301,0,,7,1,,N,N,N,0,,0,0,1,3,2,,640,1,2,0,0,0,1,0,3,4,0,2,3,3.0,N,,,,,,,,,,,
2021033138,700.0,1,0,0,0,0,0,0,0,0,2,0,,67,4,2021,1,39.9871,-75.0935,640.0,6,0,0,0,0,0,0,0,0,,0,0,0,6,5,1,0,N,0,39 59:13.541,,0,75 05:36.526,3,0,0,0,67301,0,0,0,N,0,0,0,2,67301,0,,1,9,,N,N,N,0,,1,0,1,0,0,,630,1,2,0,0,0,0,0,3,4,0,2,7,7.0,N,,,,,,,,,,,
2021058296,1658.0,1,0,0,0,0,0,0,0,0,1,0,,67,6,2021,4,39.9844,-75.1419,1654.0,6,0,0,0,0,0,1,0,0,,0,1,0,16,1,0,1,,0,39 59:03.937,,0,75 08:30.724,0,0,0,0,67301,0,0,0,N,0,0,0,2,67301,0,,1,1,,N,N,N,0,,0,0,0,3,2,,1618,0,2,0,0,0,0,0,3,4,0,2,3,,N,,,,,,,,,,,
2021058263,47.0,1,0,0,0,0,0,0,0,0,7,0,,67,6,2021,3,39.9653,-75.1369,38.0,6,0,0,0,0,0,0,0,0,,0,0,0,0,3,1,0,N,0,39 57:55.127,,0,75 08:12.732,3,0,0,0,67301,0,0,0,N,0,0,0,1,68K01,0,,4,9,,N,N,N,0,,1,0,0,0,0,,33,1,1,0,0,1,0,0,3,4,0,1,7,,N,,,,,,,,,,,
2021032759,1549.0,1,0,0,0,0,0,0,0,0,7,0,,67,4,2021,7,39.966,-75.1317,1547.0,6,0,0,0,0,0,0,0,0,,0,0,0,15,1,1,0,N,1,39 57:57.751,2.0,0,75 07:53.545,4,0,0,0,67301,0,0,0,N,0,0,0,1,67301,1,,3,1,1700.0,N,N,N,0,,0,0,0,0,0,N,1528,1,1,0,0,0,0,0,3,4,0,1,3,,N,,,,,,,,,,,
2021032987,301.0,2,0,0,0,0,0,0,0,0,1,0,,67,4,2021,7,40.004,-75.195,256.0,6,0,0,0,0,0,0,0,0,,0,0,0,2,3,3,0,N,2,40 00:14.505,3.0,8,75 11:42.023,3,0,0,0,67301,0,0,0,N,0,0,0,5,68K01,0,,1,1,45.0,N,N,N,0,,3,0,0,0,0,Y,256,3,2,0,0,0,0,0,3,4,0,2,3,3.0,N,,,,,,,,,,,
2021033406,1135.0,1,0,0,0,0,0,0,0,0,5,0,,67,4,2021,6,39.9924,-75.0994,1135.0,6,0,0,0,0,0,1,0,0,,0,0,0,11,1,1,0,N,0,39 59:32.600,,0,75 05:58.000,3,0,0,1,67301,0,0,0,N,0,0,0,2,67301,0,,1,1,,N,N,N,0,,1,0,0,0,0,,1135,1,2,0,0,1,0,0,3,4,0,2,4,4.0,N,,,,,,,,,,,
2021057104,1814.0,0,0,0,0,0,0,0,0,0,8,0,,67,6,2021,7,39.9598,-75.1452,1812.0,6,0,0,0,0,0,0,0,0,,0,0,0,18,1,1,0,N,0,39 57:35.390,,7,75 08:42.780,3,0,0,0,67301,1,0,0,N,1,0,0,2,67301,0,,1,1,,N,N,N,0,,1,0,1,0,0,,1812,1,2,0,0,0,0,0,3,4,0,1,4,4.0,N,,,,,,,,,,,
2021057098,1005.0,1,0,0,0,0,0,0,0,0,5,0,,67,6,2021,6,40.0567,-75.0857,944.0,6,0,0,0,0,0,1,0,0,,0,0,0,9,1,0,0,N,0,40 03:24.254,,0,75 05:08.584,0,0,0,0,67301,0,0,0,N,0,0,0,1,67301,0,,2,1,,N,N,N,0,,0,0,1,0,0,,930,0,2,0,0,0,0,0,3,4,0,2,3,3.0,N,,,,,,,,,,,
2021032557,5.0,1,0,0,0,0,0,0,0,0,1,0,,67,4,2021,4,40.0314,-75.1124,2.0,6,0,0,0,0,0,0,0,0,,0,0,0,23,3,0,0,N,0,40 01:53.150,,0,75 06:44.650,9,0,0,0,67301,0,0,0,N,0,0,0,1,67301,0,,6,1,,N,N,N,0,,0,0,1,0,0,,2338,0,2,0,0,1,0,1,3,4,0,2,3,3.0,N,,,,,,,,,,,
2021058818,818.0,1,0,0,0,0,0,0,0,0,4,0,,67,6,2021,6,39.9616,-75.2245,817.0,6,0,0,0,0,0,0,0,0,,0,0,0,8,1,2,1,,0,39 57:41.589,,0,75 13:28.343,4,0,0,0,67301,0,0,0,N,0,0,0,3,67301,1,,1,1,,N,N,N,0,,0,0,1,3,3,,815,2,2,0,0,0,1,0,3,4,0,2,3,3.0,N,,,,,,,,,,,
2021033433,2322.0,0,0,0,0,0,0,0,0,0,4,0,,67,4,2021,5,39.9556,-75.234,2321.0,6,0,0,0,0,0,0,0,0,,0,0,0,22,3,1,1,,0,39 57:20.080,,0,75 14:02.342,3,0,0,0,67301,0,0,0,N,0,0,0,2,67301,0,,1,1,,N,N,N,0,,1,0,2,3,2,,2224,1,2,0,0,0,0,1,3,4,0,2,3,3.0,N,,,,,,,,,,,
2021041585,550.0,1,0,0,0,0,0,0,0,0,2,0,,67,4,2021,1,40.0042,-75.134,540.0,6,0,0,0,0,0,0,0,0,,0,0,0,2,3,3,1,,0,40 00:15.192,,0,75 08:02.540,3,0,0,0,67301,0,0,0,N,0,0,0,3,67301,0,,1,99,,N,N,N,0,,3,0,1,3,3,,200,3,2,0,0,0,0,0,3,4,0,2,7,,N,,,,,,,,,,,
2021058740,116.0,1,0,0,0,0,0,0,0,0,4,1,,67,6,2021,3,40.0133,-75.1772,112.0,6,0,0,0,0,0,1,0,0,,0,1,0,1,2,1,0,N,1,40 00:47.830,5.0,0,75 10:37.740,3,0,0,0,67301,1,0,0,N,0,0,0,2,67301,0,,1,9,151.0,N,N,N,0,,1,0,0,0,0,N,109,1,2,0,0,0,0,0,3,4,0,2,7,,N,,,,,,,,,,,
2021032334,2334.0,1,0,0,0,0,0,0,0,0,4,0,,67,4,2021,5,40.0243,-75.1613,2331.0,6,0,0,0,0,0,0,0,0,,0,0,0,23,3,1,1,,0,40 01:27.530,,0,75 09:40.561,8,0,0,0,67301,0,0,0,N,0,0,0,2,67301,0,,1,1,,N,N,N,0,,0,0,1,3,3,,2330,1,2,0,0,0,1,0,3,4,0,2,3,,N,,,,,,,,,,,
2021035593,1900.0,1,0,0,0,0,0,0,0,0,1,0,,67,4,2021,1,39.9888,-75.1066,1912.0,6,0,0,0,0,0,0,0,0,,0,0,0,19,4,1,0,N,0,39 59:19.753,,0,75 06:23.761,4,0,0,0,67301,0,0,0,N,0,0,0,1,67301,1,,6,9,,N,N,N,0,,0,0,3,0,0,,1900,1,4,0,0,0,0,0,3,4,0,4,4,,N,,,,,,,,,,,
2021032683,1245.0,1,0,0,0,0,0,0,0,0,4,0,,67,4,2021,5,40.0374,-75.1323,1245.0,6,0,0,0,0,0,1,0,0,,0,0,0,10,1,2,1,,0,40 02:14.784,,0,75 07:56.283,4,0,0,0,67301,0,0,0,N,0,0,0,2,67301,2,,1,99,,N,N,N,0,,0,0,1,3,3,,1040,2,2,0,0,0,0,0,3,4,0,2,3,,N,,,,,,,,,,,
2021057421,2203.0,2,0,0,0,0,0,0,0,0,1,0,,67,6,2021,7,39.937,-75.199,2151.0,6,0,1,0,0,0,0,0,0,,0,0,0,21,3,0,7,N,0,39 56:13.178,,0,75 11:56.545,0,0,0,0,67301,0,0,0,N,0,0,0,2,68K01,0,,1,1,,N,N,N,0,,0,0,0,0,0,,2146,0,2,0,0,0,0,0,3,4,0,2,3,,N,,,,,,,,,,,
2021031921,741.0,1,0,0,0,0,0,0,0,0,1,0,,67,4,2021,4,40.0892,-75.021,707.0,6,0,0,0,0,0,1,0,0,,0,0,0,7,5,0,2,,1,40 05:21.068,2.0,0,75 01:15.633,0,0,0,0,67301,0,0,0,N,0,0,0,2,67301,0,,1,9,750.0,N,N,N,0,,0,0,1,3,2,N,706,0,2,0,0,0,0,0,3,4,0,2,4,,N,,,,,,,,,,,
2021033034,1447.0,0,0,0,0,0,0,0,0,0,4,0,,67,4,2021,7,40.0395,-75.1298,1447.0,6,0,0,0,0,0,1,0,0,,0,0,0,16,1,2,1,,0,40 02:22.311,,0,75 07:47.377,8,0,0,0,67301,0,0,0,N,0,0,0,3,67301,0,,1,1,,N,N,N,0,,0,0,2,3,2,,1636,2,2,0,0,2,2,0,3,4,0,2,4,4.0,N,,,,,,,,,,,
2021057258,1740.0,1,0,0,0,0,0,0,0,0,8,0,,67,6,2021,7,40.0252,-75.0477,1733.0,6,0,0,0,0,0,1,0,0,,0,0,0,17,1,1,0,N,0,40 01:30.600,,0,75 02:51.790,3,0,0,0,67301,1,0,0,N,1,0,0,2,67301,0,,1,9,,N,N,N,0,,1,0,0,0,0,,1728,1,2,0,0,0,0,0,3,4,0,1,7,,N,,,,,,,,,,,
2021032774,144.0,1,0,0,0,0,0,0,0,0,5,0,,67,4,2021,1,39.9554,-75.148,144.0,6,0,0,0,0,0,0,0,0,,0,0,0,1,3,0,0,N,0,39 57:19.519,,2,75 08:52.863,0,0,0,0,67301,0,0,0,N,0,0,0,3,67501,0,,1,1,,N,N,N,0,,0,0,1,0,0,,144,0,2,0,0,0,0,0,3,4,0,2,3,,N,,,,,,,,,,,
2021032834,236.0,1,0,0,0,0,0,0,0,0,7,0,,67,4,2021,6,39.9796,-75.1078,235.0,6,0,0,0,0,0,0,0,0,,0,0,0,2,3,1,0,N,0,39 58:46.584,,1,75 06:27.966,3,0,0,0,67301,0,0,0,N,0,0,0,1,67301,0,,4,1,,N,N,N,0,,1,0,0,0,0,,232,1,1,0,0,0,0,0,3,4,0,1,3,3.0,N,,,,,,,,,,,
2021058602,1935.0,1,0,0,0,0,0,0,0,0,5,0,,67,6,2021,2,40.0248,-75.0296,1920.0,6,0,0,0,0,0,0,0,0,,0,0,0,19,1,0,0,N,0,40 01:29.360,,0,75 01:46.435,0,0,0,0,67301,0,0,0,N,0,0,0,2,68K01,0,,1,1,,N,N,N,0,,0,0,1,0,0,,1919,0,2,0,0,0,0,0,3,4,0,2,3,3.0,N,,,,,,,,,,,
2021032419,2140.0,0,0,0,0,0,0,0,0,0,4,0,,67,4,2021,5,39.9284,-75.1687,2140.0,6,0,0,0,0,0,0,0,0,,0,0,0,21,3,2,0,N,0,39 55:42.417,,0,75 10:07.434,4,0,0,1,67301,0,0,0,N,0,0,0,2,67301,1,,1,1,,N,N,N,0,,0,0,0,0,0,,2140,2,2,0,0,0,1,0,3,4,0,2,3,3.0,N,,,,,,,,,,,
2021033186,1415.0,2,0,0,0,0,0,0,0,0,1,0,,67,4,2021,6,39.9114,-75.1537,1402.0,6,0,0,0,0,0,0,1,0,,0,0,0,14,1,2,0,N,0,39 54:40.883,,2,75 09:13.182,3,0,0,0,67301,0,0,0,N,0,0,0,3,68K01,0,,1,1,,N,N,N,0,,2,0,1,0,0,,1400,2,3,0,0,0,0,0,3,4,0,3,3,,N,,,,,,,,,,,
2021032333,1934.0,1,0,0,0,0,0,0,0,0,5,0,,67,4,2021,5,39.9947,-75.1577,1932.0,6,0,0,0,0,0,1,0,0,,0,0,0,19,1,1,0,N,0,39 59:40.990,,0,75 09:27.820,3,0,0,0,67301,0,0,0,N,0,0,0,1,67301,0,,6,1,,N,N,N,0,,1,0,0,0,0,,1928,1,2,0,0,0,0,0,3,4,1,2,3,3.0,N,,,,,,,,,,,