CRN,ARRIVAL_TM,AUTOMOBILE_COUNT,BELTED_DEATH_COUNT,BELTED_SUSP_SERIOUS_INJ_COUNT,BICYCLE_COUNT,BICYCLE_DEATH_COUNT,BICYCLE_SUSP_SERIOUS_INJ_COUNT,BUS_COUNT,CHLDPAS_DEATH_COUNT,CHLDPAS_SUSP_SERIOUS_INJ_COUNT,COLLISION_TYPE,COMM_VEH_COUNT,CONS_ZONE_SPD_LIM,COUNTY,CRASH_MONTH,CRASH_YEAR,DAY_OF_WEEK,DEC_LAT,DEC_LONG,DISPATCH_TM,DISTRICT,DRIVER_COUNT_16YR,DRIVER_COUNT_17YR,DRIVER_COUNT_18YR,DRIVER_COUNT_19YR,DRIVER_COUNT_20YR,DRIVER_COUNT_50_64YR,DRIVER_COUNT_65_74YR,DRIVER_COUNT_75PLUS,EST_HRS_CLOSED,FATAL_COUNT,HEAVY_TRUCK_COUNT,HORSE_BUGGY_COUNT,HOUR_OF_DAY,ILLUMINATION,INJURY_COUNT,INTERSECT_TYPE,INTERSECTION_RELATED,LANE_CLOSED,LATITUDE,LN_CLOSE_DIR,LOCATION_TYPE,LONGITUDE,MAX_SEVERITY_LEVEL,MCYCLE_DEATH_COUNT,MCYCLE_SUSP_SERIOUS_INJ_COUNT,MOTORCYCLE_COUNT,MUNICIPALITY,NONMOTR_COUNT,NONMOTR_DEATH_COUNT,NONMOTR_SUSP_SERIOUS_INJ_COUNT,NTFY_HIWY_MAINT,PED_COUNT,PED_DEATH_COUNT,PED_SUSP_SERIOUS_INJ_COUNT,PERSON_COUNT,POLICE_AGCY,POSSIBLE_INJ_COUNT,RDWY_SURF_TYPE_CD,RELATION_TO_ROAD,ROAD_CONDITION,ROADWAY_CLEARED,SCH_BUS_IND,SCH_ZONE_IND,SECONDARY_CRASH,SMALL_TRUCK_COUNT,SPEC_JURIS_CD,SUSP_MINOR_INJ_COUNT,SUSP_SERIOUS_INJ_COUNT,SUV_COUNT,TCD_FUNC_CD,TCD_TYPE,TFC_DETOUR_IND,TIME_OF_DAY,TOT_INJ_COUNT,TOTAL_UNITS,UNB_DEATH_COUNT,UNB_SUSP_SERIOUS_INJ_COUNT,UNBELTED_OCC_COUNT,UNK_INJ_DEG_COUNT,UNK_INJ_PER_COUNT,URBAN_AREA,URBAN_RURAL,VAN_COUNT,VEHICLE_COUNT,WEATHER1,WEATHER2,WORK_ZONE_IND,WORK_ZONE_LOC,WORK_ZONE_TYPE,WORKERS_PRES,WZ_CLOSE_DETOUR,WZ_FLAGGER,WZ_LAW_OFFCR_IND,WZ_LN_CLOSURE,WZ_MOVING,WZ_OTHER,WZ_SHLDER_MDN,WZ_WORKERS_INJ_KILLED
2021032558,35.0,2,0,0,0,0,0,0,0,0,4,0,,67,4,2021,5,40.03,-75.142,30.0,6,0,0,0,0,0,0,0,0,,0,0,0,21,3,1,1,,0,40 01:48.082,,0,75 08:31.228,4,0,0,0,67301,0,0,0,N,0,0,0,2,67301,1,,1,1,,N,N,N,0,,0,0,1,3,3,,2115,1,3,0,0,0,0,1,3,4,0,3,3,3.0,N,,,,,,,,,,,
2021032830,1010.0,1,0,0,0,0,0,0,0,0,4,0,,67,4,2021,7,39.9772,-75.2268,1008.0,6,0,0,0,0,0,1,1,0,,0,0,0,10,1,2,1,,0,39 58:37.959,,0,75 13:36.308,3,0,0,0,67301,0,0,0,N,0,0,0,3,67301,0,,1,1,,N,N,N,0,,2,0,1,3,2,,1005,2,2,0,0,0,0,1,3,4,0,2,4,4.0,N,,,,,,,,,,,
2021058650,1900.0,1,0,0,0,0,0,0,0,0,2,0,,67,6,2021,4,40.0523,-75.008,1854.0,6,0,0,0,0,0,2,0,0,,0,0,0,18,1,0,1,,0,40 03:08.339,,0,75 00:28.750,0,0,0,0,67301,0,0,0,N,0,0,0,2,67301,0,,1,1,,N,N,N,0,,0,0,1,3,2,,1853,0,2,0,0,0,0,0,3,4,0,2,3,3.0,N,,,,,,,,,,,
2021033619,1108.0,2,0,0,0,0,0,0,0,0,4,0,,67,4,2021,5,40.0201,-75.1131,1106.0,6,0,0,0,0,0,0,0,0,,0,0,0,11,1,2,2,,2,40 01:12.501,6.0,0,75 06:47.172,3,0,0,0,67301,0,0,0,N,0,0,0,2,67301,0,,1,1,100.0,N,N,Y,0,,2,0,0,3,3,Y,1105,2,2,0,0,0,0,0,3,4,0,2,3,3.0,N,,,,,,,,,,,
2021003676,1706.0,2,0,0,0,0,0,0,0,0,4,0,,67,1,2021,2,40.0515,-75.1501,1706.0,6,0,0,0,0,0,1,0,0,,0,0,0,17,4,4,1,,2,40 03:05.564,1.0,0,75 09:00.360,3,0,0,0,67301,0,0,0,N,0,0,0,6,67301,0,,1,1,1935.0,N,N,N,0,,4,0,1,3,2,Y,1700,4,3,0,0,0,0,0,3,4,0,3,3,3.0,N,,,,,,,,,,,
2021007670,2005.0,0,0,0,0,0,0,0,0,0,4,0,,67,1,2021,5,40.0868,-75.0399,2005.0,6,0,0,0,0,0,1,0,0,,0,0,0,19,3,1,0,N,0,40 05:12.513,,7,75 02:23.794,3,0,0,0,67301,0,0,0,N,0,0,0,3,67301,0,,1,1,,N,N,N,0,,1,0,2,0,0,,1925,1,2,0,0,0,0,0,3,4,0,2,3,3.0,N,,,,,,,,,,,
2021016258,2030.0,1,0,0,0,0,0,0,0,0,4,0,,67,2,2021,4,39.9624,-75.2447,2030.0,6,0,0,0,0,0,0,0,0,,0,0,0,20,3,2,1,,0,39 57:44.907,,0,75 14:40.797,3,0,0,0,67301,0,0,0,N,0,0,0,5,67301,0,,1,1,,N,N,N,1,,2,0,0,3,2,,2012,2,2,0,0,2,0,0,3,4,0,2,3,3.0,N,,,,,,,,,,,
2021037761,110.0,1,0,0,0,0,0,0,0,0,7,0,,67,4,2021,3,40.0285,-75.0579,104.0,6,0,0,0,0,0,0,0,0,,0,0,0,1,3,0,1,,0,40 01:42.775,,0,75 03:28.507,0,0,0,0,67301,0,0,0,N,0,0,0,1,67301,0,,5,1,,N,N,N,0,,0,0,0,3,2,,100,0,1,0,0,0,0,0,3,4,0,1,3,3.0,N,,,,,,,,,,,
2021039932,152.0,1,0,0,0,0,0,0,0,0,7,0,,67,5,2021,3,40.0282,-75.0584,152.0,6,0,0,0,0,0,0,0,0,,0,0,0,1,3,0,0,N,2,40 01:41.689,1.0,0,75 03:30.299,9,0,0,0,67301,0,0,0,N,0,0,0,1,67301,0,,4,9,330.0,N,N,N,0,,0,0,0,0,0,N,148,0,1,0,0,0,0,1,3,4,0,1,7,,N,,,,,,,,,,,
2021001497,144.0,2,0,0,0,0,0,0,0,0,1,0,,67,1,2021,7,39.9802,-75.2053,144.0,6,0,0,0,0,0,0,0,0,,0,0,0,1,3,2,0,N,2,39 58:48.610,3.0,0,75 12:19.200,8,0,0,0,67301,0,0,0,N,0,0,0,3,68K01,0,,1,9,45.0,N,N,N,0,,0,0,0,0,0,N,144,2,3,0,0,0,2,1,3,4,0,3,7,7.0,N,,,,,,,,,,,
2021002649,1419.0,1,0,0,0,0,0,0,0,0,1,0,,67,1,2021,5,39.9982,-75.127,1419.0,6,0,0,0,0,0,1,0,0,,0,0,0,13,1,1,0,Y,0,39 59:53.544,,0,75 07:37.185,3,0,0,0,67301,0,0,0,N,0,0,0,2,67301,0,,1,1,,N,N,N,0,,1,0,1,3,2,,1345,1,2,0,0,0,0,0,3,4,0,2,3,3.0,N,,,,,,,,,,,
2021008094,1055.0,1,0,0,0,0,0,0,0,0,4,0,,67,1,2021,2,40.0317,-75.1789,1055.0,6,0,0,0,0,0,0,0,0,,0,0,0,10,1,0,1,,0,40 01:54.231,,0,75 10:43.900,0,0,0,0,67301,0,0,0,N,0,0,0,3,67301,0,,1,1,,N,N,N,1,,0,0,1,1,2,,1000,0,3,0,0,0,0,0,3,4,0,3,3,3.0,N,,,,,,,,,,,
2021007734,240.0,1,0,0,0,0,0,0,0,0,4,0,,67,1,2021,1,39.9641,-75.1843,239.0,6,0,0,0,0,0,0,0,0,,0,0,0,2,3,1,2,,0,39 57:50.764,,8,75 11:03.472,2,0,0,0,67301,0,0,0,N,0,0,0,3,67301,0,,1,1,,N,N,N,1,,0,1,0,3,2,,236,1,2,0,0,0,0,2,3,4,0,2,3,3.0,N,,,,,,,,,,,
2021042241,1021.0,2,0,0,0,0,0,0,0,0,1,0,,67,5,2021,5,39.9461,-75.1896,1006.0,6,0,0,0,0,0,0,0,0,,0,0,0,10,1,1,6,N,0,39 56:45.818,,2,75 11:22.661,4,0,0,0,67301,0,0,0,N,0,0,0,3,68K01,1,,1,1,,N,N,N,0,,0,0,0,0,0,,1003,1,2,0,0,0,0,0,3,4,0,2,3,,N,,,,,,,,,,,
2021007672,1707.0,0,0,0,0,0,0,0,0,0,4,0,,67,1,2021,7,40.0242,-75.0955,1707.0,6,0,0,0,0,0,0,0,0,,0,0,0,0,3,0,1,,0,40 01:26.990,,0,75 05:43.929,9,0,0,0,67301,0,0,0,N,0,0,0,2,67301,0,,1,99,,N,N,N,0,,0,0,1,3,2,,0,0,2,0,0,0,0,1,3,4,1,2,99,,N,,,,,,,,,,,
2021010462,1000.0,0,0,0,0,0,0,0,0,0,4,0,,67,2,2021,2,40.0011,-75.2154,956.0,6,0,0,0,0,0,2,0,0,,0,0,0,9,1,1,5,,0,40 00:03.902,,0,75 12:55.382,3,0,0,0,67301,0,0,0,N,0,0,0,2,67301,0,,1,2,,N,N,N,0,,1,0,2,3,2,,950,1,2,0,0,0,0,0,3,4,0,2,9,9.0,N,,,,,,,,,,,
2021014591,804.0,2,0,0,0,0,0,0,0,0,4,0,,67,2,2021,2,39.9997,-75.099,742.0,6,0,0,0,0,0,0,1,0,,0,0,0,7,1,5,1,,0,39 59:58.827,,0,75 05:56.359,3,0,0,0,67301,0,0,0,N,0,0,0,6,67301,0,,1,2,,N,N,N,0,,5,0,0,3,2,,741,5,2,0,0,0,0,0,3,4,0,2,3,3.0,N,,,,,,,,,,,
2021014996,2332.0,1,0,0,0,0,0,0,0,0,7,0,,67,2,2021,5,39.9551,-75.1411,2324.0,6,0,0,0,0,0,0,0,0,,0,0,0,23,3,1,0,N,0,39 57:18.499,,0,75 08:27.848,3,0,0,0,67301,0,0,0,Y,0,0,0,3,68K01,0,,4,1,,N,N,N,0,,1,0,0,0,0,,2309,1,1,0,0,0,0,0,3,4,0,1,3,3.0,N,,,,,,,,,,,
2021009420,415.0,1,0,0,0,0,0,0,0,0,2,0,,67,1,2021,6,40.0602,-75.1731,411.0,6,0,0,0,0,0,0,0,0,,0,0,0,3,3,0,0,N,0,40 03:36.771,,0,75 10:23.184,9,0,0,0,67301,0,0,0,N,0,0,0,1,67301,0,,6,1,,N,N,N,0,,0,0,0,0,0,,350,0,2,0,0,0,0,1,3,4,1,2,3,3.0,N,,,,,,,,,,,
2021012720,307.0,2,0,0,0,0,0,0,0,0,4,0,,67,2,2021,7,39.9689,-75.1599,304.0,6,0,0,0,1,0,0,0,0,,0,0,0,3,3,0,1,,1,39 58:08.181,2.0,0,75 09:35.736,9,0,0,0,67301,0,0,0,N,0,0,0,2,67301,0,,1,1,345.0,N,N,N,0,,0,0,0,3,2,N,303,0,2,0,0,0,0,2,3,4,0,2,3,10.0,N,,,,,,,,,,,
2021015478,624.0,1,0,0,0,0,0,0,0,0,6,0,,67,2,2021,6,39.9854,-75.2127,617.0,6,0,0,0,0,0,0,0,0,,0,0,0,6,5,0,0,N,0,39 59:07.350,,0,75 12:45.860,0,0,0,0,67301,0,0,0,N,0,0,0,3,67301,0,,1,1,,N,N,N,1,,0,0,1,0,0,,606,0,3,0,0,0,0,0,3,4,0,3,3,3.0,N,,,,,,,,,,,
2021010978,1242.0,1,0,0,0,0,0,0,0,0,5,0,,67,1,2021,7,40.0522,-74.9876,1219.0,6,0,0,0,0,0,0,0,0,,0,0,0,12,1,0,0,N,1,40 03:07.873,1.0,0,74 59:15.534,0,0,0,0,67301,0,0,0,N,0,0,0,3,68K01,0,,1,1,1330.0,N,N,N,0,,0,0,1,0,0,Y,1217,0,2,0,0,0,0,0,3,4,0,2,3,,N,,,,,,,,,,,
2021013029,855.0,2,0,0,0,0,0,0,0,0,5,0,,67,2,2021,1,40.0002,-75.1424,850.0,6,0,0,0,0,0,0,0,0,,0,0,0,7,5,0,0,N,0,40 00:00.884,,0,75 08:32.474,0,0,0,0,67301,0,0,0,N,0,0,0,1,67301,0,,6,9,,N,N,N,0,,0,0,1,0,0,,743,0,3,0,0,0,0,0,3,4,0,3,7,,N,,,,,,,,,,,
2021003751,1430.0,1,0,0,0,0,0,0,0,0,1,0,,67,1,2021,3,40.0014,-75.1437,1420.0,6,0,0,0,0,0,0,1,0,,0,0,0,12,1,1,0,N,0,40 00:05.137,,1,75 08:37.412,3,0,0,0,67301,0,0,0,N,0,0,0,3,67301,0,,1,1,,N,N,N,0,,1,0,1,0,0,,1253,1,3,0,0,1,0,0,3,4,0,3,4,98.0,N,,,,,,,,,,,
2021011088,1833.0,1,0,0,0,0,0,0,0,0,5,0,,67,1,2021,4,39.9748,-75.2673,1817.0,6,0,0,0,0,0,0,0,0,,0,0,0,17,3,0,0,N,0,39 58:29.320,,0,75 16:02.180,0,0,0,0,67301,0,0,0,N,0,0,0,1,67301,0,,6,1,,N,N,N,0,,0,0,1,0,0,,1735,0,2,0,0,0,0,0,3,4,0,2,3,3.0,N,,,,,,,,,,,
2021009421,1734.0,1,0,0,0,0,0,0,0,0,4,0,,67,1,2021,5,40.0114,-75.0803,1734.0,6,0,1,0,0,0,0,0,0,,0,0,0,17,4,3,1,,0,40 00:41.007,,0,75 04:49.105,4,0,0,0,67301,0,0,0,N,0,0,0,5,67301,1,,1,1,,N,N,N,0,,0,0,1,3,3,,1733,3,2,0,0,1,2,0,3,4,0,2,3,,N,,,,,,,,,,,
2021002276,157.0,3,0,0,0,0,0,0,0,0,5,0,,67,1,2021,5,40.0298,-75.1625,157.0,6,0,0,0,0,0,0,0,0,,0,0,0,1,3,0,0,N,1,40 01:47.160,3.0,0,75 09:44.830,0,0,0,0,67301,0,0,0,N,0,0,0,1,67301,0,,6,1,115.0,N,N,N,0,,0,0,0,0,0,N,128,0,4,0,0,0,0,0,3,4,1,4,3,3.0,N,,,,,,,,,,,
2021023906,1003.0,0,0,0,0,0,0,0,0,0,7,0,,67,1,2021,6,39.9569,-75.1528,956.0,6,0,0,0,0,0,0,0,0,,0,0,0,9,1,0,0,N,1,39 57:24.952,3.0,0,75 09:10.123,0,0,0,0,67301,0,0,0,N,0,0,0,1,68K01,0,,3,1,1015.0,N,N,N,0,,0,0,0,0,0,N,955,0,1,0,0,0,0,0,3,4,1,1,3,3.0,N,,,,,,,,,,,
2021014102,346.0,3,0,0,0,0,0,0,0,0,5,0,,67,2,2021,1,40.0483,-75.1137,345.0,6,0,0,0,0,0,0,0,0,,0,0,0,3,3,0,0,N,0,40 02:53.829,,0,75 06:49.289,0,0,0,0,67301,0,0,0,N,0,0,0,1,67301,0,,6,1,,N,N,Y,0,,0,0,1,0,0,,339,0,4,0,0,0,0,0,3,4,0,4,3,,N,,,,,,,,,,,
2021004230,2125.0,2,0,0,0,0,0,0,0,0,5,0,,67,1,2021,1,39.9722,-75.1373,2119.0,6,0,0,0,0,0,0,0,0,,0,0,0,21,3,0,0,N,0,39 58:20.040,,0,75 08:14.380,0,0,0,0,67301,0,0,0,N,0,0,0,1,67301,0,,6,1,,N,N,N,1,,0,0,5,0,0,,2119,0,8,0,0,0,0,0,3,4,0,8,3,3.0,N,,,,,,,,,,,
2021009015,1525.0,2,0,0,0,0,0,0,0,0,5,0,,67,1,2021,6,40.0358,-75.1277,1515.0,6,0,0,0,0,0,0,0,0,,0,0,0,15,1,0,0,N,0,40 02:08.960,,0,75 07:39.720,0,0,0,0,67301,0,0,0,N,0,0,0,1,67301,0,,6,1,,N,N,N,0,,0,0,1,0,0,,1510,0,3,0,0,1,0,0,3,4,0,3,3,,N,,,,,,,,,,,
2021008267,2352.0,3,0,0,0,0,0,0,0,0,5,0,,67,1,2021,2,39.9851,-75.1564,2348.0,6,0,0,0,0,0,0,0,0,,0,0,0,23,3,2,0,N,0,39 59:06.303,,7,75 09:23.060,4,0,0,0,67301,2,0,0,N,0,0,0,4,67505,1,,6,1,,N,N,Y,0,,0,0,0,0,0,,2345,2,3,0,0,0,1,0,3,4,0,3,3,3.0,N,,,,,,,,,,,
2021035601,858.0,2,0,0,0,0,0,0,0,0,4,0,,67,4,2021,6,39.9942,-75.1322,858.0,6,0,0,0,0,0,0,0,0,,0,0,0,8,1,2,1,,0,39 59:39.253,,0,75 07:55.866,8,0,0,0,67301,0,0,0,N,0,0,0,3,67301,0,,1,1,,N,N,N,0,,0,0,0,3,3,,855,2,2,0,0,0,2,0,3,4,0,2,3,,N,,,,,,,,,,,
2021009972,2250.0,1,0,0,0,0,0,0,0,0,1,0,,67,1,2021,7,40.0227,-75.1335,2250.0,6,0,0,0,0,0,0,0,0,,0,0,0,22,3,1,1,,0,40 01:21.738,,0,75 08:00.643,8,0,0,0,67301,0,0,0,N,0,0,0,5,67301,0,,1,99,,N,N,N,0,,0,0,1,3,2,,2242,1,2,0,0,0,1,3,3,4,0,2,3,,N,,,,,,,,,,,
2021039844,815.0,1,0,0,0,0,0,0,0,0,5,1,,67,4,2021,6,39.9666,-75.1348,800.0,6,0,0,0,0,0,0,1,0,,0,1,0,7,1,1,0,N,1,39 57:59.781,1.0,0,75 08:05.144,8,0,0,0,67301,0,0,0,N,0,0,0,2,68K01,0,,1,1,835.0,N,N,N,0,,0,0,0,0,0,N,756,1,2,0,0,0,1,0,3,4,0,2,3,,N,,,,,,,,,,,
2021041376,528.0,1,0,0,0,0,0,0,0,0,7,0,,67,5,2021,5,39.9666,-75.1604,525.0,6,0,0,0,0,0,0,0,0,,0,0,0,5,5,1,2,,0,39 58:00.207,,0,75 09:37.950,4,0,0,0,67301,0,0,0,N,0,0,0,2,67301,1,,5,1,,N,N,N,0,,0,0,0,9,2,,524,1,1,0,0,0,0,1,3,4,0,1,3,3.0,N,,,,,,,,,,,
2021009549,209.0,0,0,0,0,0,0,0,0,0,7,0,,67,1,2021,6,40.0097,-75.1872,207.0,6,0,0,1,0,0,0,0,0,,0,0,0,2,3,1,7,,2,40 00:34.890,2.0,2,75 11:15.780,3,0,0,0,67301,0,0,0,N,0,0,0,1,67301,0,,4,1,430.0,N,N,N,0,,1,0,1,0,0,Y,204,1,2,0,0,0,0,0,3,4,0,1,3,3.0,N,,,,,,,,,,,
2021014693,45.0,1,0,0,0,0,0,0,0,0,4,0,,67,2,2021,1,39.9373,-75.2176,45.0,6,0,0,0,0,0,0,0,0,,0,0,0,0,3,1,1,,0,39 56:14.434,,0,75 13:03.453,3,0,0,0,67301,0,0,0,N,0,0,0,5,67301,0,,1,1,,N,N,N,0,,1,0,1,3,3,,10,1,2,0,0,2,0,0,3,4,0,2,3,3.0,N,,,,,,,,,,,
2021003752,2010.0,3,0,0,0,0,0,0,0,0,4,0,,67,1,2021,3,39.9983,-75.1499,2006.0,6,0,0,0,0,0,1,0,0,,0,0,0,20,3,1,1,,0,39 59:53.941,,0,75 08:59.517,8,0,0,0,67301,0,0,0,N,0,0,0,3,67301,0,,1,1,,N,N,N,0,,0,0,0,3,2,,2001,1,3,0,0,0,1,0,3,4,0,3,3,,N,,,,,,,,,,,
2021011518,1700.0,1,0,0,0,0,0,0,0,0,1,0,,67,1,2021,1,39.9311,-75.2323,1655.0,6,0,0,0,0,0,0,1,0,,0,0,0,16,3,0,1,,0,39 55:51.993,,0,75 13:56.255,0,0,0,0,67301,0,0,0,N,0,0,0,2,67301,0,,1,7,,N,N,N,0,,0,0,1,2,2,,1643,0,2,0,0,0,0,0,3,4,0,2,10,10.0,N,,,,,,,,,,,
2021036038,2041.0,1,0,0,0,0,0,0,0,0,7,0,,67,4,2021,2,40.0364,-75.0157,2031.0,6,0,0,0,0,0,0,0,0,,0,0,0,20,3,0,0,N,0,40 02:11.111,,0,75 00:56.663,0,0,0,0,67301,0,0,0,N,0,0,0,2,68K01,0,,2,1,,N,N,N,0,,0,0,0,0,0,,2025,0,1,0,0,0,0,0,3,4,0,1,3,3.0,N,,,,,,,,,,,
2021007473,1240.0,2,0,0,0,0,0,0,0,0,4,0,,67,1,2021,3,39.9751,-75.195,1226.0,6,0,0,0,0,0,1,1,0,,0,0,0,12,1,0,1,,0,39 58:30.755,,0,75 11:41.945,9,0,0,0,67301,0,0,0,N,0,0,0,2,67301,0,,1,1,,N,N,N,0,,0,0,0,3,2,,1215,0,2,0,0,0,0,1,3,4,0,2,3,3.0,N,,,,,,,,,,,
2021009644,1707.0,3,0,0,0,0,0,0,0,0,1,0,99.0,67,1,2021,1,39.943,-75.193,1701.0,6,0,0,0,0,0,1,0,0,,0,0,0,16,1,4,0,N,2,39 56:34.733,4.0,0,75 11:34.821,4,0,0,0,67301,0,0,0,N,0,0,0,7,68K01,4,,1,1,45.0,N,N,N,0,,0,0,1,0,0,N,1658,4,4,0,0,0,0,0,3,4,0,4,3,,Y,4.0,1.0,U,,,U,Y,,,,N
2021023314,655.0,1,0,0,0,0,0,0,0,0,7,0,,67,2,2021,2,40.0061,-75.1967,631.0,6,0,0,0,0,0,0,0,0,,0,0,0,6,3,0,0,N,0,40 00:21.901,,0,75 11:48.197,0,0,0,0,67301,0,0,0,N,0,0,0,1,68K01,0,,2,9,,N,N,N,0,,0,0,0,0,0,,622,0,1,0,0,0,0,0,3,4,0,1,10,,N,,,,,,,,,,,
2021013760,1038.0,0,0,0,0,0,0,0,0,0,4,0,,67,2,2021,2,40.0422,-75.1263,1034.0,6,0,0,0,0,0,1,0,0,,0,0,0,10,1,1,1,,0,40 02:31.958,,0,75 07:34.659,3,0,0,0,67301,0,0,0,N,0,0,0,2,67301,0,,1,2,,N,N,N,0,,1,0,2,3,2,,1021,1,2,0,0,0,0,0,3,4,0,2,3,3.0,N,,,,,,,,,,,
2021002272,956.0,1,0,0,0,0,0,0,0,0,5,0,,67,1,2021,2,40.0728,-75.1787,949.0,6,0,0,0,0,0,0,1,0,,0,0,0,9,1,1,0,N,1,40 04:21.952,6.0,0,75 10:43.252,3,0,0,0,67301,0,0,0,N,0,0,0,1,67301,0,,6,9,1206.0,N,N,N,0,,1,0,1,0,0,Y,946,1,2,0,0,0,0,0,3,4,0,2,3,3.0,N,,,,,,,,,,,
2021013858,1731.0,2,0,0,0,0,0,0,0,0,4,0,,67,2,2021,1,39.9863,-75.1079,1731.0,6,0,0,0,0,0,0,0,0,,0,0,0,17,1,0,1,,1,39 59:10.600,3.0,0,75 06:28.569,0,0,0,0,67301,0,0,0,N,0,0,0,2,67301,0,,1,2,1800.0,N,N,N,0,,0,0,0,0,0,Y,1730,0,2,0,0,0,0,0,3,4,0,2,9,10.0,N,,,,,,,,,,,
2021038026,1430.0,0,0,0,0,0,0,0,0,0,4,0,,67,4,2021,1,39.9157,-75.1478,1417.0,6,0,0,0,0,0,1,0,0,,0,0,0,14,1,4,0,N,1,39 54:56.360,2.0,0,75 08:52.249,8,0,0,0,67301,0,0,0,N,0,0,0,4,68K01,0,,1,1,1513.0,N,N,N,0,,0,0,2,0,0,N,1414,4,2,0,0,0,4,0,3,4,0,2,3,,N,,,,,,,,,,,
2021002643,1655.0,1,0,0,0,0,0,0,0,0,1,0,,67,1,2021,5,40.0372,-75.011,1650.0,6,0,0,0,0,0,0,0,1,,0,0,0,16,4,2,0,Y,2,40 02:14.063,2.0,0,75 00:39.675,3,0,0,0,67301,0,0,0,N,0,0,0,2,67301,0,,1,1,1811.0,N,N,N,0,,2,0,1,3,2,N,1630,2,2,0,0,0,0,0,3,4,0,2,3,98.0,N,,,,,,,,,,,
2021006064,2142.0,0,0,0,0,0,0,0,0,0,8,0,,67,1,2021,4,39.9964,-75.1733,2139.0,6,0,0,0,0,0,0,0,0,,0,0,0,21,3,1,0,N,0,39 59:46.918,,0,75 10:24.056,3,0,0,0,67301,1,0,0,N,1,0,0,2,67301,0,,1,99,,N,N,N,0,,1,0,0,0,0,,2100,1,2,0,0,0,0,1,3,4,0,1,3,,N,,,,,,,,,,,
2021006454,920.0,2,0,0,0,0,0,0,0,0,4,0,,67,1,2021,4,39.9556,-75.1895,915.0,6,0,0,0,0,0,0,1,0,,0,0,0,9,1,0,1,,0,39 57:20.190,,0,75 11:22.129,0,0,0,0,67301,0,0,0,N,0,0,0,2,67507,0,,1,1,,N,N,N,0,,0,0,0,3,2,,915,0,2,0,0,0,0,0,3,4,0,2,3,3.0,N,,,,,,,,,,,
2021042262,1522.0,0,0,0,0,0,0,0,0,0,1,0,,67,5,2021,6,39.9852,-75.094,1501.0,6,0,1,0,0,0,0,0,0,,0,0,0,14,1,0,0,N,0,39 59:06.783,,0,75 05:38.493,0,0,0,0,67301,0,0,0,N,0,0,0,3,68K01,0,,1,1,,N,N,N,0,,0,0,2,0,0,,1453,0,2,0,0,0,0,0,3,4,0,2,3,,N,,,,,,,,,,,
2021006333,134.0,1,0,0,0,0,0,0,0,0,7,0,,67,1,2021,1,40.0246,-75.0306,124.0,6,0,0,0,0,0,0,0,0,,0,0,0,1,3,0,0,N,0,40 01:28.487,,0,75 01:50.133,0,0,0,0,67301,0,0,0,N,0,0,0,1,68K01,0,,4,1,,N,N,N,0,,0,0,0,0,0,,120,0,1,0,0,0,0,0,3,4,0,1,3,3.0,N,,,,,,,,,,,
2021008849,1921.0,0,0,0,0,0,0,0,0,0,8,0,,67,1,2021,4,39.9638,-75.22,1908.0,6,0,0,0,0,0,0,0,1,,0,0,0,19,3,1,5,,0,39 57:49.815,,0,75 13:12.169,3,0,0,0,67301,1,0,0,N,1,0,0,2,67301,0,,1,1,,N,N,N,0,,1,0,0,3,2,,1903,1,2,0,0,0,0,0,3,4,1,1,3,3.0,N,,,,,,,,,,,
2021014185,1254.0,2,0,0,0,0,0,0,0,0,4,0,,67,2,2021,4,40.0194,-75.1913,1250.0,6,0,0,0,0,0,0,0,0,,0,0,0,12,1,1,3,,1,40 01:09.972,2.0,0,75 11:28.516,3,0,0,0,67301,0,0,0,N,0,0,0,2,67301,0,,1,1,1310.0,N,N,N,0,,1,0,0,0,0,Y,1243,1,2,0,0,0,0,0,3,4,0,2,3,,N,,,,,,,,,,,
2021009425,2206.0,1,0,0,0,0,0,0,0,0,7,0,,67,1,2021,3,39.9988,-75.1876,2205.0,6,0,0,0,0,0,1,0,0,,0,0,0,22,3,0,0,N,1,39 59:55.949,2.0,0,75 11:15.253,0,0,0,0,67301,0,0,0,N,0,0,0,1,67301,0,,4,1,806.0,N,N,N,0,,0,0,0,0,0,N,2200,0,1,0,0,0,0,0,3,4,0,1,3,3.0,N,,,,,,,,,,,
2021005377,447.0,0,0,0,0,0,0,0,0,0,7,0,,67,1,2021,7,40.0111,-75.0614,445.0,6,0,0,0,0,0,0,0,0,,0,0,0,4,3,0,0,N,2,40 00:39.973,1.0,0,75 03:41.172,0,0,0,0,67301,0,0,0,N,0,0,0,1,68K01,0,,4,9,504.0,N,N,N,0,,0,0,1,0,0,N,441,0,1,0,0,0,0,0,3,4,0,1,7,7.0,N,,,,,,,,,,,
2021009334,1200.0,2,0,0,0,0,0,0,0,0,4,0,,67,1,2021,3,39.9594,-75.2393,1158.0,6,0,0,0,0,0,0,0,0,,0,0,0,11,1,1,1,,0,39 57:34.005,,0,75 14:21.353,3,0,0,0,67301,0,0,0,N,0,0,0,2,67301,0,,1,9,,N,N,N,0,,1,0,0,3,3,,1156,1,2,0,0,0,0,0,3,4,0,2,4,7.0,N,,,,,,,,,,,