CRN,ARRIVAL_TM,AUTOMOBILE_COUNT,BELTED_DEATH_COUNT,BELTED_SUSP_SERIOUS_INJ_COUNT,BICYCLE_COUNT,BICYCLE_DEATH_COUNT,BICYCLE_SUSP_SERIOUS_INJ_COUNT,BUS_COUNT,CHLDPAS_DEATH_COUNT,CHLDPAS_SUSP_SERIOUS_INJ_COUNT,COLLISION_TYPE,COMM_VEH_COUNT,CONS_ZONE_SPD_LIM,COUNTY,CRASH_MONTH,CRASH_YEAR,DAY_OF_WEEK,DEC_LAT,DEC_LONG,DISPATCH_TM,DISTRICT,DRIVER_COUNT_16YR,DRIVER_COUNT_17YR,DRIVER_COUNT_18YR,DRIVER_COUNT_19YR,DRIVER_COUNT_20YR,DRIVER_COUNT_50_64YR,DRIVER_COUNT_65_74YR,DRIVER_COUNT_75PLUS,EST_HRS_CLOSED,FATAL_COUNT,HEAVY_TRUCK_COUNT,HORSE_BUGGY_COUNT,HOUR_OF_DAY,ILLUMINATION,INJURY_COUNT,INTERSECT_TYPE,INTERSECTION_RELATED,LANE_CLOSED,LATITUDE,LN_CLOSE_DIR,LOCATION_TYPE,LONGITUDE,MAX_SEVERITY_LEVEL,MCYCLE_DEATH_COUNT,MCYCLE_SUSP_SERIOUS_INJ_COUNT,MOTORCYCLE_COUNT,MUNICIPALITY,NONMOTR_COUNT,NONMOTR_DEATH_COUNT,NONMOTR_SUSP_SERIOUS_INJ_COUNT,NTFY_HIWY_MAINT,PED_COUNT,PED_DEATH_COUNT,PED_SUSP_SERIOUS_INJ_COUNT,PERSON_COUNT,POLICE_AGCY,POSSIBLE_INJ_COUNT,RDWY_SURF_TYPE_CD,RELATION_TO_ROAD,ROAD_CONDITION,ROADWAY_CLEARED,SCH_BUS_IND,SCH_ZONE_IND,SECONDARY_CRASH,SMALL_TRUCK_COUNT,SPEC_JURIS_CD,SUSP_MINOR_INJ_COUNT,SUSP_SERIOUS_INJ_COUNT,SUV_COUNT,TCD_FUNC_CD,TCD_TYPE,TFC_DETOUR_IND,TIME_OF_DAY,TOT_INJ_COUNT,TOTAL_UNITS,UNB_DEATH_COUNT,UNB_SUSP_SERIOUS_INJ_COUNT,UNBELTED_OCC_COUNT,UNK_INJ_DEG_COUNT,UNK_INJ_PER_COUNT,URBAN_AREA,URBAN_RURAL,VAN_COUNT,VEHICLE_COUNT,WEATHER1,WEATHER2,WORK_ZONE_IND,WORK_ZONE_LOC,WORK_ZONE_TYPE,WORKERS_PRES,WZ_CLOSE_DETOUR,WZ_FLAGGER,WZ_LAW_OFFCR_IND,WZ_LN_CLOSURE,WZ_MOVING,WZ_OTHER,WZ_SHLDER_MDN,WZ_WORKERS_INJ_KILLED
2021008610,259.0,1,0,0,0,0,0,0,0,0,7,0,,67,1,2021,4,40.0101,-75.0641,249.0,6,0,0,0,0,0,0,0,0,,0,0,0,2,2,1,7,,2,40 00:35.200,2.0,2,75 03:55.100,3,0,0,0,67301,0,0,0,N,0,0,0,1,68K01,0,,7,1,307.0,N,N,N,0,,1,0,0,0,0,N,247,1,1,0,0,0,0,0,3,4,0,1,3,3.0,N,,,,,,,,,,,
2021000809,145.0,0,0,0,0,0,0,0,0,0,7,0,,67,1,2021,2,39.9839,-75.1501,144.0,6,0,0,0,0,0,0,0,0,,0,0,0,1,3,1,0,N,0,39 59:01.900,,0,75 09:00.200,3,0,0,0,67301,0,0,0,N,0,0,0,1,67505,0,,5,9,,N,N,N,0,,1,0,1,0,0,,140,1,1,0,0,0,0,0,3,4,0,1,3,3.0,N,,,,,,,,,,,
2021005977,1715.0,2,0,0,0,0,0,0,0,0,1,0,,67,1,2021,1,40.1047,-75.0015,1706.0,6,0,0,0,0,0,0,0,0,,0,0,0,17,4,0,1,,1,40 06:16.829,1.0,0,75 00:05.337,0,0,0,0,67301,0,0,0,N,0,0,0,4,67301,0,,1,1,1745.0,N,N,Y,0,,0,0,1,3,2,N,1700,0,3,0,0,0,0,0,3,4,0,3,3,,N,,,,,,,,,,,
2021013537,2217.0,1,0,0,0,0,0,0,0,0,7,0,,67,1,2021,3,40.0078,-75.2011,2211.0,6,0,0,0,0,0,0,0,0,,0,0,0,22,3,0,0,N,0,40 00:28.015,,0,75 12:04.079,0,0,0,0,67301,0,0,0,N,0,0,0,1,68K01,0,,4,9,,N,N,N,0,,0,0,0,0,0,,2200,0,1,0,0,0,0,0,3,4,0,1,3,,N,,,,,,,,,,,
2021035666,959.0,1,0,0,0,0,0,0,0,0,1,0,,67,4,2021,5,39.9586,-75.1676,946.0,6,0,0,0,0,0,0,0,0,,0,0,0,9,1,2,0,N,0,39 57:30.950,,0,75 10:03.255,8,0,0,0,67301,0,0,0,N,0,0,0,3,68K01,0,,1,1,,N,N,N,0,,0,0,1,0,0,,944,2,2,0,0,0,2,0,3,4,0,2,3,,N,,,,,,,,,,,
2021039049,2145.0,1,0,0,0,0,0,0,0,0,8,0,,67,4,2021,5,39.9496,-75.1604,2126.0,6,0,0,0,0,0,0,0,0,,0,0,0,20,3,1,1,,0,39 56:58.675,,0,75 09:37.383,3,0,0,0,67301,1,0,0,N,1,0,0,2,67301,0,,1,9,,N,N,N,0,,1,0,0,3,2,,2000,1,2,0,0,0,0,0,3,4,0,1,7,,N,,,,,,,,,,,
2021017257,1252.0,0,0,0,0,0,0,0,0,0,7,0,,67,2,2021,2,39.9764,-75.1139,1247.0,6,0,0,0,0,0,0,0,0,,0,0,0,12,1,0,0,N,1,39 58:35.097,1.0,3,75 06:49.954,0,0,0,0,67301,0,0,0,N,0,0,0,3,68K01,0,,4,7,1325.0,N,N,N,1,,0,0,1,0,0,N,1241,0,2,0,0,2,0,0,3,4,0,2,10,,N,,,,,,,,,,,
2021006907,1200.0,0,0,0,0,0,0,0,0,0,4,0,,67,1,2021,6,40.029,-75.0892,1150.0,6,0,0,0,0,0,0,0,0,,0,0,0,17,1,0,1,,0,40 01:43.965,,0,75 05:21.904,0,0,0,0,67301,0,0,0,N,0,0,0,2,67301,0,,1,1,,N,N,N,0,,0,0,1,3,2,,1710,0,2,0,0,0,0,0,3,4,1,2,3,3.0,N,,,,,,,,,,,
2021010259,1919.0,0,0,0,0,0,0,0,0,0,7,0,,67,1,2021,1,40.0546,-75.1497,1918.0,6,0,0,0,0,0,0,0,0,,0,0,0,19,3,1,1,,0,40 03:16.736,,0,75 08:58.941,3,0,0,0,67301,0,0,0,N,0,0,0,1,67301,0,,4,7,,N,N,N,0,,1,0,1,3,2,,1917,1,1,0,0,0,0,0,3,4,0,1,10,2.0,N,,,,,,,,,,,
2021008004,452.0,1,0,0,0,0,0,0,0,0,4,0,,67,1,2021,1,40.0459,-74.9946,447.0,6,0,0,0,0,0,0,0,0,,0,0,0,4,3,1,1,,0,40 02:45.118,,0,74 59:40.643,8,0,0,1,67301,0,0,0,N,0,0,0,2,67301,0,,1,1,,N,N,N,0,,0,0,0,3,2,,440,1,2,0,0,0,1,0,3,4,0,2,3,3.0,N,,,,,,,,,,,
2021036028,2313.0,2,0,0,0,0,0,0,0,0,98,0,,67,4,2021,6,39.9313,-75.1995,2304.0,6,0,0,0,0,0,1,0,0,,0,0,0,22,3,0,0,N,2,39 55:52.855,3.0,0,75 11:58.259,0,0,0,0,67301,0,0,0,N,0,0,0,3,68K01,0,,1,1,2300.0,N,N,N,0,,0,0,1,0,0,N,2244,0,3,0,0,0,0,0,3,4,0,3,3,,N,,,,,,,,,,,
2021021419,1956.0,2,0,0,0,0,0,0,0,0,4,0,,67,3,2021,4,40.0209,-75.1486,1956.0,6,0,0,0,0,0,0,0,0,,0,0,0,16,1,0,1,N,0,40 01:15.173,,0,75 08:54.961,0,0,0,0,67301,0,0,0,N,0,0,0,1,67301,0,,1,1,,N,N,N,0,,0,0,0,0,0,,1638,0,2,0,0,0,0,0,3,4,0,2,3,,N,,,,,,,,,,,
2021036474,1347.0,0,0,0,0,0,0,0,0,0,8,0,,67,4,2021,3,39.9674,-75.203,1347.0,6,0,0,0,0,0,0,0,0,,0,0,0,13,1,1,0,N,0,39 58:02.670,,0,75 12:10.650,8,0,0,0,67301,1,0,0,N,1,0,0,1,67301,0,,1,1,,N,N,N,0,,0,0,0,0,0,,1345,1,2,0,0,0,1,0,3,4,0,1,3,3.0,N,,,,,,,,,,,
2021002284,39.0,0,0,0,0,0,0,0,0,0,8,0,,67,1,2021,7,39.9688,-75.2322,34.0,6,0,0,0,0,0,0,0,0,,0,0,0,23,3,1,1,,0,39 58:07.676,,0,75 13:55.966,8,0,0,0,67301,1,0,0,N,1,0,0,2,67301,0,,1,1,,N,N,N,0,,0,0,0,3,3,,2346,1,2,0,0,0,1,0,3,4,0,1,3,,N,,,,,,,,,,,
2021011796,447.0,2,0,1,0,0,0,0,0,0,2,0,,67,1,2021,5,39.9347,-75.2351,447.0,6,0,0,0,0,0,0,0,0,,0,0,0,22,3,1,0,N,0,39 56:04.800,,0,75 14:06.500,2,0,0,0,67301,0,0,0,N,0,0,0,2,67301,0,,1,1,,N,N,N,0,,0,1,0,0,0,,2213,1,2,0,0,0,0,0,3,4,0,2,3,3.0,N,,,,,,,,,,,
2021012925,659.0,2,0,0,0,0,0,0,0,0,1,0,,67,2,2021,1,39.9812,-75.1774,658.0,6,0,0,0,0,0,0,0,0,,0,0,0,6,1,0,0,N,0,39 58:52.330,,0,75 10:38.740,0,0,0,0,67301,0,0,0,N,0,0,0,1,67301,0,,6,1,,N,N,N,0,,0,0,1,0,0,,603,0,3,0,0,0,0,0,3,4,0,3,3,3.0,N,,,,,,,,,,,
2021041058,1650.0,1,0,0,0,0,0,0,0,0,4,0,,67,5,2021,5,40.0388,-75.0661,1638.0,6,0,0,0,0,1,1,0,0,,0,0,0,16,1,1,0,N,0,40 02:19.730,,0,75 03:57.870,8,0,0,1,67301,0,0,0,N,0,0,0,2,67301,0,,1,1,,N,Y,N,0,,0,0,0,0,0,,1631,1,2,0,0,0,1,0,3,4,0,2,3,3.0,N,,,,,,,,,,,
2021006012,2020.0,1,0,0,0,0,0,0,0,0,4,0,,67,1,2021,5,40.0086,-75.0688,2015.0,6,0,0,0,0,0,1,0,0,,0,0,0,20,3,2,1,,0,40 00:31.034,,0,75 04:07.810,3,0,0,0,67301,0,0,0,N,0,0,0,2,67301,0,,1,1,,N,N,N,0,,2,0,1,3,2,,2000,2,2,0,0,0,0,0,3,4,0,2,3,,N,,,,,,,,,,,
2021009609,1824.0,1,0,0,0,0,0,0,0,0,7,0,,67,1,2021,3,39.9817,-75.2073,1819.0,6,0,0,0,0,0,0,0,0,,0,0,0,18,3,0,0,N,1,39 58:54.193,3.0,0,75 12:26.404,9,0,0,0,67301,0,0,0,N,0,0,0,1,68K01,0,,3,9,1903.0,N,N,N,0,,0,0,0,0,0,N,1819,0,1,0,0,1,0,1,3,4,0,1,7,,N,,,,,,,,,,,
2021002281,1140.0,1,0,0,0,0,0,0,0,0,4,0,,67,1,2021,3,39.9584,-75.2313,1140.0,6,0,0,0,0,0,1,0,0,,0,0,0,11,1,0,1,,0,39 57:30.373,,0,75 13:52.586,0,0,0,0,67301,0,0,0,N,0,0,0,2,67301,0,,1,1,,N,N,N,0,,0,0,0,3,3,,1140,0,2,0,0,0,0,0,3,4,1,2,3,3.0,N,,,,,,,,,,,
2021040646,1709.0,3,0,0,0,0,0,0,0,0,1,0,,67,5,2021,7,40.0059,-75.0748,1657.0,6,0,0,0,0,0,2,0,0,,0,0,0,16,1,1,0,N,2,40 00:21.144,1.0,0,75 04:29.217,3,0,0,0,67301,0,0,0,N,0,0,0,6,68K01,0,,1,1,30.0,N,N,N,0,,1,0,2,0,0,N,1640,1,5,0,0,0,0,0,3,4,0,5,3,,N,,,,,,,,,,,
2021040654,757.0,1,0,0,0,0,0,0,0,0,1,0,,67,5,2021,2,39.8919,-75.1982,742.0,6,0,0,1,0,0,1,0,0,,0,1,0,7,1,0,0,N,1,39 53:30.790,1.0,3,75 11:53.552,9,0,0,0,67301,0,0,0,N,0,0,0,3,68K01,0,,1,1,832.0,N,N,N,0,,0,0,0,0,0,N,735,0,3,0,0,0,0,1,3,4,0,3,3,,N,,,,,,,,,,,
2021010645,1743.0,0,0,0,0,0,0,0,0,0,4,0,,67,1,2021,6,40.0018,-75.1297,1743.0,6,0,0,0,0,0,0,0,0,,0,0,0,9,1,1,1,,0,40 00:06.354,,0,75 07:46.765,3,0,0,0,67301,0,0,0,N,0,0,0,2,67301,0,,1,1,,N,N,N,1,,1,0,1,3,3,,900,1,2,0,0,0,0,0,3,4,0,2,3,3.0,N,,,,,,,,,,,
2021035830,748.0,1,0,0,0,0,0,0,0,0,5,0,,67,4,2021,5,39.9436,-75.1925,738.0,6,0,0,0,0,0,0,0,0,,0,0,0,7,1,1,0,N,1,39 56:37.006,3.0,0,75 11:32.908,4,0,0,0,67301,0,0,0,N,0,0,0,2,68K01,1,,1,1,804.0,N,N,N,0,,0,0,1,0,0,N,736,1,2,0,0,0,0,0,3,4,0,2,3,,N,,,,,,,,,,,
2021012926,2047.0,1,0,0,0,0,0,0,0,0,7,0,,67,2,2021,1,39.9934,-75.1918,2040.0,6,0,0,0,0,0,0,0,0,,0,0,0,20,3,0,0,N,0,39 59:36.060,,0,75 11:30.400,9,0,0,0,67301,0,0,0,N,0,0,0,1,67301,0,,2,2,,N,N,N,0,,0,0,0,0,0,,2038,0,1,0,0,0,0,1,3,4,0,1,3,,N,,,,,,,,,,,
2021035986,420.0,2,0,0,0,0,0,0,0,0,1,0,,67,4,2021,4,40.0169,-75.1676,419.0,6,0,0,0,0,0,0,0,0,,0,0,0,3,3,1,2,,0,40 01:00.788,,0,75 10:03.391,3,0,0,0,67301,0,0,0,N,0,0,0,1,67301,0,,1,1,,N,N,N,0,,1,0,0,0,0,,350,1,2,0,0,1,0,0,3,4,0,2,3,3.0,N,,,,,,,,,,,
2021041074,1644.0,1,0,0,0,0,0,0,0,0,7,0,,67,5,2021,2,40.0169,-75.0873,1620.0,6,0,0,0,0,0,0,0,0,,0,0,0,16,1,0,0,N,0,40 01:00.770,,0,75 05:14.310,0,0,0,0,67301,0,0,0,N,0,0,0,1,67301,0,,5,1,,N,N,N,0,,0,0,0,0,0,,1620,0,1,0,0,1,0,0,3,4,0,1,4,4.0,N,,,,,,,,,,,
2021017682,2343.0,1,0,0,0,0,0,0,0,0,0,0,,67,2,2021,4,39.9601,-75.18,2340.0,6,0,0,0,0,0,0,0,0,,0,0,0,23,3,0,0,N,0,39 57:36.496,,3,75 10:48.044,0,0,0,0,67301,0,0,0,N,0,0,0,2,68K01,0,,1,9,,N,N,N,0,,0,0,0,0,0,,2330,0,1,0,0,0,0,0,3,4,0,1,10,,N,,,,,,,,,,,
2021005957,2013.0,2,0,0,0,0,0,0,0,0,5,0,,67,1,2021,1,40.0488,-75.062,2013.0,6,0,0,1,0,0,0,0,0,,0,0,0,19,3,0,0,N,0,40 02:55.845,,0,75 03:43.295,0,0,0,0,67301,0,0,0,N,0,0,0,1,67301,0,,6,1,,N,N,N,0,,0,0,0,0,0,,1940,0,2,0,0,1,0,0,3,4,0,2,3,3.0,N,,,,,,,,,,,
2021007535,140.0,0,0,0,0,0,0,0,0,0,5,0,,67,1,2021,7,40.0694,-75.0794,131.0,6,0,0,0,0,0,0,0,0,,0,0,0,1,3,2,0,N,2,40 04:09.961,5.0,0,75 04:45.908,8,0,0,0,67301,0,0,0,N,0,0,0,2,67301,0,,6,1,100.0,N,N,N,1,,0,0,1,0,0,Y,128,2,2,0,0,0,2,0,3,4,0,2,3,3.0,N,,,,,,,,,,,
2021007741,55.0,2,0,0,0,0,0,0,0,0,5,0,,67,1,2021,7,40.0195,-75.1448,47.0,6,0,0,0,1,0,0,0,0,,0,0,0,0,3,0,0,N,0,40 01:10.243,,0,75 08:41.320,0,0,0,0,67301,0,0,0,N,0,0,0,2,67301,0,,1,1,,N,N,N,0,,0,0,0,0,0,,30,0,2,0,0,0,0,0,3,4,0,2,3,3.0,N,,,,,,,,,,,
2021014879,416.0,1,0,0,0,0,0,0,0,0,7,0,,67,2,2021,6,39.9896,-75.1556,415.0,6,0,0,0,0,0,0,0,0,,0,0,0,4,3,1,0,N,2,39 59:22.381,5.0,0,75 09:20.048,2,0,0,0,67301,0,0,0,N,0,0,0,1,67301,0,,3,1,622.0,N,N,N,0,,0,1,0,0,0,Y,413,1,1,0,1,1,0,0,3,4,0,1,3,3.0,N,,,,,,,,,,,
2021037559,207.0,1,0,0,0,0,0,0,0,0,2,0,,67,4,2021,1,40.04,-75.0066,145.0,6,0,0,1,0,0,0,0,0,,0,0,0,1,3,0,0,N,0,40 02:23.876,,0,75 00:23.813,0,0,0,0,67301,0,0,0,N,0,0,0,2,68K01,0,,2,9,,N,N,N,0,,0,0,0,0,0,,141,0,1,0,0,0,0,0,3,4,0,1,7,,N,,,,,,,,,,,
2021007733,2330.0,1,0,0,0,0,0,0,0,0,4,0,,67,1,2021,6,39.9652,-75.1918,2322.0,6,0,0,0,0,0,0,0,0,,0,0,0,23,3,0,1,,0,39 57:54.791,,0,75 11:30.533,0,0,0,0,67301,0,0,0,N,0,0,0,2,67301,0,,1,1,,N,N,N,0,,0,0,1,3,3,,2306,0,2,0,0,0,0,0,3,4,0,2,3,3.0,N,,,,,,,,,,,
2021002271,1156.0,2,0,0,0,0,0,0,0,0,6,0,,67,1,2021,2,39.9267,-75.2431,1150.0,6,0,0,0,0,1,0,0,0,,0,0,0,11,1,1,0,N,0,39 55:36.080,,0,75 14:35.220,3,0,0,0,67301,0,0,0,N,0,0,0,1,67301,0,,6,1,,N,N,N,0,,1,0,1,0,0,,1120,1,4,0,0,0,0,0,3,4,0,3,3,3.0,N,,,,,,,,,,,
2021010352,622.0,0,0,0,0,0,0,0,0,0,4,0,,67,1,2021,4,40.0138,-75.126,620.0,6,0,0,0,0,0,1,0,0,,0,0,0,5,3,0,1,,1,40 00:49.824,3.0,0,75 07:33.527,9,0,0,0,67301,0,0,0,N,0,0,0,2,67301,0,,1,1,650.0,N,N,N,1,,0,0,1,3,2,N,507,0,2,0,0,0,0,2,3,4,0,2,3,,N,,,,,,,,,,,
2021002287,1115.0,1,0,0,0,0,0,0,0,0,4,0,,67,1,2021,3,39.9993,-75.1357,1115.0,6,0,0,0,0,0,0,0,0,,0,0,0,10,1,0,2,,0,39 59:57.621,,7,75 08:08.418,9,0,0,0,67301,0,0,0,N,0,0,0,2,67301,0,,1,1,,N,N,N,0,,0,0,0,3,2,,1046,0,2,0,0,0,0,2,3,4,1,2,3,,N,,,,,,,,,,,
2021003626,1055.0,1,0,0,0,0,0,0,0,0,7,0,,67,1,2021,1,39.9568,-75.1536,1049.0,6,0,0,0,1,0,0,0,0,,0,0,0,10,1,0,7,,0,39 57:24.100,,2,75 09:13.200,0,0,0,0,67301,0,0,0,Y,0,0,0,2,68K01,0,,7,9,,N,N,N,0,,0,0,0,0,0,,1044,0,1,0,0,0,0,0,3,4,0,1,3,3.0,N,,,,,,,,,,,
2021006024,2324.0,4,0,0,0,0,0,0,0,0,4,0,,67,1,2021,4,39.9517,-75.2286,2322.0,6,0,0,0,0,0,0,0,0,,0,0,0,22,3,0,2,,0,39 57:06.138,,0,75 13:43.118,9,0,0,0,67301,0,0,0,N,0,0,0,2,67301,0,,1,1,,N,N,N,0,,0,0,2,3,3,,2240,0,6,0,0,0,0,1,3,4,0,6,3,3.0,N,,,,,,,,,,,
2021007194,55.0,2,0,0,0,0,0,0,0,0,4,0,,67,1,2021,1,39.993,-75.1103,53.0,6,0,0,0,0,0,0,0,0,,0,0,0,0,3,0,1,,1,39 59:34.645,6.0,0,75 06:36.928,0,0,0,0,67301,0,0,0,N,0,0,0,2,67301,0,,1,1,200.0,N,N,N,0,,0,0,0,3,2,Y,51,0,2,0,0,2,0,0,3,4,0,2,3,3.0,N,,,,,,,,,,,
2021013182,1738.0,0,0,0,0,0,0,0,0,0,8,0,,67,2,2021,1,40.0189,-75.1472,1735.0,6,0,0,0,0,0,0,0,0,,0,0,0,15,1,1,1,,0,40 01:08.061,,0,75 08:50.029,8,0,0,0,67301,2,0,0,N,2,0,0,3,67301,0,,1,9,,N,N,N,0,,0,0,1,9,2,,1544,1,3,0,0,0,1,1,3,4,0,1,10,10.0,N,,,,,,,,,,,
2021010254,1718.0,2,0,0,0,0,0,0,0,0,1,0,,67,1,2021,1,40.0532,-75.1752,1717.0,6,0,0,0,0,0,0,0,0,,0,0,0,12,1,0,0,N,0,40 03:11.380,,0,75 10:30.650,9,0,0,0,67301,0,0,0,N,0,0,0,1,67301,0,,6,7,,N,N,N,0,,0,0,0,0,0,,1230,0,2,0,0,0,0,1,3,4,0,2,10,10.0,N,,,,,,,,,,,
2021039842,2332.0,0,0,0,0,0,0,0,0,0,7,0,,67,4,2021,5,39.8821,-75.2458,2330.0,6,0,0,0,0,0,0,0,0,,0,0,0,23,3,2,0,N,2,39 52:55.698,2.0,0,75 14:44.711,3,0,0,0,67301,0,0,0,N,0,0,0,2,68K01,0,,4,9,1235.0,N,N,N,0,,2,0,1,0,0,N,2326,2,1,0,0,0,0,0,3,4,0,1,7,,N,,,,,,,,,,,
2021013534,1817.0,1,0,0,0,0,0,0,0,0,7,0,,67,1,2021,3,40.0404,-75.006,1817.0,6,0,0,0,0,0,1,0,0,,0,0,0,18,3,0,0,N,0,40 02:25.263,,0,75 00:21.599,0,0,0,0,67301,0,0,0,N,0,0,0,3,68K01,0,,3,1,,N,N,N,0,,0,0,1,0,0,,1817,0,3,0,0,0,0,0,3,4,0,2,3,,N,,,,,,,,,,,
2021002262,930.0,1,0,0,0,0,0,0,0,0,4,0,,67,1,2021,2,40.0369,-75.0798,923.0,6,0,0,0,0,0,0,0,0,,0,0,0,8,1,1,1,,0,40 02:13.172,,0,75 04:47.317,3,0,0,0,67301,0,0,0,N,0,0,0,1,67301,0,,1,9,,N,N,N,0,,1,0,1,3,2,,817,1,3,0,0,0,0,0,3,4,1,3,4,,N,,,,,,,,,,,
2021007290,1233.0,1,0,0,0,0,0,0,0,0,4,0,,67,1,2021,5,40.0323,-75.051,1230.0,6,0,0,0,0,0,0,0,1,,0,0,0,12,1,0,1,,0,40 01:56.185,,0,75 03:03.545,9,0,0,0,67301,0,0,0,N,0,0,0,3,67301,0,,1,1,,N,N,N,0,,0,0,1,3,2,,1222,0,2,0,0,0,0,1,3,4,0,2,3,3.0,N,,,,,,,,,,,
2021012160,44.0,2,0,0,0,0,0,0,0,0,1,0,,67,2,2021,6,40.0303,-75.0877,38.0,6,0,0,0,0,0,0,0,0,,0,0,0,0,3,0,0,Y,0,40 01:49.138,,0,75 05:15.892,0,0,0,0,67301,0,0,0,N,0,0,0,7,67301,0,,1,1,,N,N,N,0,,0,0,1,3,2,,23,0,3,0,0,0,0,0,3,4,0,3,3,3.0,N,,,,,,,,,,,
2021012321,346.0,1,0,0,0,0,0,0,0,0,5,0,,67,2,2021,7,39.9852,-75.1564,345.0,6,0,0,0,0,0,0,0,1,,0,0,0,3,3,0,0,N,0,39 59:06.654,,0,75 09:22.984,0,0,0,0,67301,0,0,0,N,0,0,0,2,67505,0,,1,2,,N,N,N,0,,0,0,1,0,0,,340,0,2,0,0,0,0,0,3,4,0,2,3,3.0,N,,,,,,,,,,,
2021034390,1629.0,3,0,0,0,0,0,0,0,0,1,0,,67,4,2021,4,40.0267,-75.0259,1622.0,6,0,0,0,0,0,0,0,0,,0,0,0,16,1,0,0,N,0,40 01:36.266,,0,75 01:33.302,0,0,0,0,67301,0,0,0,N,0,0,0,3,68K01,0,,1,9,,N,N,N,0,,0,0,0,0,0,,1620,0,3,0,0,0,0,0,3,4,0,3,7,7.0,N,,,,,,,,,,,
2021001070,321.0,1,0,0,0,0,0,0,0,0,1,0,,67,1,2021,7,40.0103,-75.1644,321.0,6,0,0,0,0,0,0,0,0,,0,0,0,3,3,1,0,N,0,40 00:37.020,,0,75 09:51.740,3,0,0,0,67301,0,0,0,N,0,0,0,1,67301,0,,1,9,,N,N,N,0,,1,0,1,0,0,,321,1,2,0,0,1,0,0,3,4,0,2,7,7.0,N,,,,,,,,,,,
2021035530,805.0,0,0,0,0,0,0,0,0,0,7,1,,67,4,2021,6,39.9698,-75.1738,749.0,6,0,0,0,0,0,0,0,0,,0,1,0,7,1,0,0,N,0,39 58:11.310,,0,75 10:25.670,0,0,0,0,67301,0,0,0,N,0,0,0,2,67301,0,,5,1,,N,Y,N,0,,0,0,0,0,0,,740,0,1,0,0,0,0,0,3,4,0,1,3,3.0,N,,,,,,,,,,,
2021015643,830.0,0,0,0,0,0,0,1,0,0,5,1,,67,1,2021,6,39.9997,-75.1385,821.0,6,0,0,0,0,0,1,0,0,,0,0,0,8,1,1,1,,0,39 59:59.082,,0,75 08:18.715,4,0,0,0,67301,0,0,0,N,0,0,0,3,67508,1,,1,1,,N,N,Y,0,,0,0,0,3,2,,821,1,2,0,0,0,0,0,3,4,1,2,3,3.0,N,,,,,,,,,,,
2021006018,100.0,0,0,0,0,0,0,0,0,0,4,0,,67,1,2021,2,39.9741,-75.2043,1254.0,6,0,0,0,0,0,0,0,0,,0,0,0,23,3,2,1,,0,39 58:26.830,,0,75 12:15.528,8,0,0,0,67301,0,0,0,N,0,0,0,3,67301,0,,1,1,,N,N,N,0,,0,0,1,3,2,,2335,2,2,0,0,1,2,1,3,4,1,2,3,,N,,,,,,,,,,,
2021040558,2206.0,1,0,0,0,0,0,0,0,0,8,0,,67,3,2021,6,40.0054,-75.1073,2203.0,6,0,0,0,0,0,0,0,0,,1,0,0,21,3,0,2,N,2,40 00:19.593,6.0,0,75 06:26.392,1,0,0,0,67301,1,1,0,N,1,1,0,2,67301,0,2.0,1,1,2206.0,N,N,N,0,0.0,0,0,0,0,0,Y,2155,0,2,0,0,0,0,1,3,4,0,1,3,3.0,N,,,,,,,,,,,
2021006180,1530.0,2,0,0,0,0,0,0,0,0,4,0,,67,1,2021,3,39.9622,-75.1913,1525.0,6,0,0,0,0,0,0,1,0,,0,0,0,15,1,1,1,,1,39 57:43.801,2.0,0,75 11:28.582,3,0,0,0,67301,0,0,0,N,0,0,0,2,67507,0,,1,1,1540.0,N,N,N,0,,1,0,0,3,2,N,1522,1,2,0,0,0,0,0,3,4,0,2,3,,N,,,,,,,,,,,
2021008356,1100.0,1,0,0,0,0,0,0,0,0,1,0,,67,1,2021,1,40.0451,-75.0875,1055.0,6,0,0,0,0,0,0,0,0,,0,0,0,10,1,2,0,N,0,40 02:42.323,,0,75 05:15.166,4,0,0,0,67301,0,0,0,N,0,0,0,3,67301,2,,1,1,,N,N,N,0,,0,0,1,0,0,,1050,2,2,0,0,0,0,0,3,4,0,2,3,3.0,N,,,,,,,,,,,
2021035608,1629.0,0,0,0,0,0,0,0,0,0,2,1,,67,4,2021,7,39.9918,-75.1383,1627.0,6,0,0,0,0,0,0,0,0,,0,1,0,16,1,3,1,,0,39 59:30.836,,0,75 08:18.103,3,0,0,0,67301,0,0,0,N,0,0,0,4,67301,0,,1,1,,N,N,N,0,,3,0,0,3,2,,1627,3,2,0,0,0,0,0,3,4,1,2,3,,N,,,,,,,,,,,
2021009328,2040.0,0,0,0,0,0,0,0,0,0,4,0,,67,1,2021,2,39.9157,-75.1628,2038.0,6,0,0,0,0,1,1,0,0,,0,0,0,20,3,0,1,,0,39 54:56.483,,0,75 09:46.253,0,0,0,0,67301,0,0,0,N,0,0,0,2,67301,0,,1,1,,N,N,N,0,,0,0,2,3,2,,2030,0,2,0,0,0,0,0,3,4,0,2,3,3.0,N,,,,,,,,,,,
2021006051,2238.0,2,0,0,0,0,0,0,0,0,5,0,,67,1,2021,1,40.0188,-75.1249,2236.0,6,0,0,0,0,0,0,0,0,,0,0,0,22,3,2,0,N,1,40 01:07.830,1.0,0,75 07:29.720,3,0,0,0,67301,0,0,0,N,0,0,0,2,67301,0,,1,1,2330.0,N,N,N,0,,2,0,0,0,0,N,2201,2,2,0,0,0,0,0,3,4,0,2,3,3.0,N,,,,,,,,,,,