CRN,ARRIVAL_TM,AUTOMOBILE_COUNT,BELTED_DEATH_COUNT,BELTED_SUSP_SERIOUS_INJ_COUNT,BICYCLE_COUNT,BICYCLE_DEATH_COUNT,BICYCLE_SUSP_SERIOUS_INJ_COUNT,BUS_COUNT,CHLDPAS_DEATH_COUNT,CHLDPAS_SUSP_SERIOUS_INJ_COUNT,COLLISION_TYPE,COMM_VEH_COUNT,CONS_ZONE_SPD_LIM,COUNTY,CRASH_MONTH,CRASH_YEAR,DAY_OF_WEEK,DEC_LAT,DEC_LONG,DISPATCH_TM,DISTRICT,DRIVER_COUNT_16YR,DRIVER_COUNT_17YR,DRIVER_COUNT_18YR,DRIVER_COUNT_19YR,DRIVER_COUNT_20YR,DRIVER_COUNT_50_64YR,DRIVER_COUNT_65_74YR,DRIVER_COUNT_75PLUS,EST_HRS_CLOSED,FATAL_COUNT,HEAVY_TRUCK_COUNT,HORSE_BUGGY_COUNT,HOUR_OF_DAY,ILLUMINATION,INJURY_COUNT,INTERSECT_TYPE,INTERSECTION_RELATED,LANE_CLOSED,LATITUDE,LN_CLOSE_DIR,LOCATION_TYPE,LONGITUDE,MAX_SEVERITY_LEVEL,MCYCLE_DEATH_COUNT,MCYCLE_SUSP_SERIOUS_INJ_COUNT,MOTORCYCLE_COUNT,MUNICIPALITY,NONMOTR_COUNT,NONMOTR_DEATH_COUNT,NONMOTR_SUSP_SERIOUS_INJ_COUNT,NTFY_HIWY_MAINT,PED_COUNT,PED_DEATH_COUNT,PED_SUSP_SERIOUS_INJ_COUNT,PERSON_COUNT,POLICE_AGCY,POSSIBLE_INJ_COUNT,RDWY_SURF_TYPE_CD,RELATION_TO_ROAD,ROAD_CONDITION,ROADWAY_CLEARED,SCH_BUS_IND,SCH_ZONE_IND,SECONDARY_CRASH,SMALL_TRUCK_COUNT,SPEC_JURIS_CD,SUSP_MINOR_INJ_COUNT,SUSP_SERIOUS_INJ_COUNT,SUV_COUNT,TCD_FUNC_CD,TCD_TYPE,TFC_DETOUR_IND,TIME_OF_DAY,TOT_INJ_COUNT,TOTAL_UNITS,UNB_DEATH_COUNT,UNB_SUSP_SERIOUS_INJ_COUNT,UNBELTED_OCC_COUNT,UNK_INJ_DEG_COUNT,UNK_INJ_PER_COUNT,URBAN_AREA,URBAN_RURAL,VAN_COUNT,VEHICLE_COUNT,WEATHER1,WEATHER2,WORK_ZONE_IND,WORK_ZONE_LOC,WORK_ZONE_TYPE,WORKERS_PRES,WZ_CLOSE_DETOUR,WZ_FLAGGER,WZ_LAW_OFFCR_IND,WZ_LN_CLOSURE,WZ_MOVING,WZ_OTHER,WZ_SHLDER_MDN,WZ_WORKERS_INJ_KILLED
2021024520,2016.0,1,0,0,0,0,0,0,0,0,4,0,,67,3,2021,1,39.9202,-75.2302,2007.0,6,0,0,0,0,0,0,0,0,,0,0,0,20,6,1,1,,0,39 55:12.547,,0,75 13:48.619,3,0,0,0,67301,0,0,0,N,0,0,0,2,67301,0,,1,1,,N,N,N,0,,1,0,0,3,3,,2001,1,2,0,0,1,0,0,3,4,0,2,3,3.0,N,,,,,,,,,,,
2021049173,1850.0,3,0,0,0,0,0,0,0,0,4,0,,67,5,2021,6,39.9738,-75.2582,1842.0,6,0,0,0,0,0,0,0,0,,0,0,0,18,1,1,1,,0,39 58:25.593,,0,75 15:29.649,3,0,0,0,67301,0,0,0,N,0,0,0,3,67301,0,,1,9,,N,N,N,0,,1,0,0,3,2,,1830,1,3,0,0,0,0,0,3,4,0,3,7,4.0,N,,,,,,,,,,,
2021050135,232.0,2,0,0,0,0,0,0,0,0,4,0,,67,4,2021,4,39.9922,-75.2457,231.0,6,0,0,0,0,0,0,0,0,,0,0,0,10,8,1,0,N,0,39 59:31.757,,0,75 14:44.399,4,0,0,0,67301,0,0,0,N,0,0,0,1,67301,1,,1,1,,N,N,N,0,,0,0,0,3,2,,1039,1,2,0,0,0,0,0,3,4,0,2,3,3.0,N,,,,,,,,,,,
2021049507,1020.0,0,0,0,0,0,0,1,0,0,8,1,,67,5,2021,3,39.9513,-75.1672,1003.0,6,0,0,0,0,0,0,0,0,,0,0,0,10,1,1,1,,0,39 57:04.553,,0,75 10:01.796,4,0,0,0,67301,1,0,0,N,1,0,0,2,67508,1,,1,1,,N,N,Y,0,,0,0,0,0,0,,1003,1,2,0,0,0,0,0,3,4,0,1,3,3.0,N,,,,,,,,,,,
2021026156,440.0,1,0,0,0,0,0,0,0,0,5,0,,67,3,2021,6,39.9822,-75.1405,437.0,6,0,0,0,0,0,0,0,0,,0,0,0,4,3,0,0,N,0,39 58:55.950,,0,75 08:25.620,0,0,0,0,67301,0,0,0,N,0,0,0,1,67301,0,,6,1,,N,N,N,0,,0,0,1,0,0,,437,0,3,0,0,0,0,0,3,4,1,3,3,3.0,N,,,,,,,,,,,
2021049987,325.0,0,0,0,0,0,0,0,0,0,0,0,,67,5,2021,7,40.0481,-74.9995,325.0,6,0,0,0,0,0,0,0,0,,0,0,0,3,3,1,0,N,1,40 02:53.048,2.0,0,74 59:58.332,3,0,0,0,67301,0,0,0,N,0,0,0,1,68K01,0,,1,1,345.0,N,N,N,0,,1,0,1,0,0,N,320,1,1,0,0,0,0,0,3,4,0,1,3,,N,,,,,,,,,,,
2021025213,1651.0,1,0,0,0,0,0,0,0,0,4,0,,67,3,2021,7,40.0215,-75.1398,1650.0,6,0,0,0,0,0,1,0,0,,0,0,0,21,3,2,1,,0,40 01:17.537,,0,75 08:23.331,8,0,0,0,67301,0,0,0,N,0,0,0,2,67301,0,,1,1,,N,N,N,0,,0,0,1,3,2,,2154,2,2,0,0,0,2,0,3,4,0,2,3,3.0,N,,,,,,,,,,,
2021025495,1910.0,1,0,1,0,0,0,0,0,0,1,0,,67,3,2021,3,39.9851,-75.1036,1910.0,6,0,0,0,0,0,1,0,0,,0,0,0,14,1,1,0,N,0,39 59:06.200,,0,75 06:12.800,2,0,0,0,67301,0,0,0,N,0,0,0,2,67301,0,,1,1,,N,N,N,0,,0,1,0,0,0,,1430,1,2,0,0,0,0,0,3,4,1,2,4,,N,,,,,,,,,,,
2021025270,1848.0,1,0,0,0,0,0,0,0,0,8,0,,67,3,2021,6,39.9585,-75.2252,1846.0,6,0,0,0,0,0,0,0,0,,0,0,0,18,3,1,1,,0,39 57:30.554,,0,75 13:30.649,8,0,0,0,67301,1,0,0,N,1,0,0,2,67301,0,,1,1,,N,N,N,0,,0,0,0,3,2,,1846,1,2,0,0,0,1,0,3,4,0,1,3,3.0,N,,,,,,,,,,,
2021031666,845.0,1,0,0,0,0,0,1,0,0,1,1,,67,3,2021,2,40.0096,-75.1666,808.0,6,0,0,0,0,0,1,0,0,,0,0,0,8,1,1,3,,0,40 00:34.520,,0,75 09:59.677,4,0,0,0,67301,0,0,0,N,0,0,0,2,67508,1,,1,99,,N,N,Y,0,,0,0,0,3,3,,808,1,2,0,0,0,0,1,3,4,0,2,99,98.0,N,,,,,,,,,,,
2021019175,1550.0,1,0,0,0,0,0,0,0,0,5,0,,67,2,2021,4,39.9169,-75.1526,1546.0,6,0,0,0,0,0,0,0,0,,0,0,0,15,1,1,0,N,0,39 55:00.800,,0,75 09:09.500,3,0,0,0,67301,0,0,0,N,0,0,0,1,67301,0,,6,1,,N,N,N,1,,1,0,5,0,0,,1515,1,7,0,0,0,0,0,3,4,0,7,3,,N,,,,,,,,,,,
2021020853,152.0,1,0,0,0,0,0,0,0,0,7,0,,67,3,2021,2,40.0296,-75.1027,148.0,6,0,0,0,0,0,0,0,0,,0,0,0,1,3,0,0,N,0,40 01:46.391,,0,75 06:09.799,9,0,0,0,67301,0,0,0,N,0,0,0,1,67301,0,,3,9,,N,N,N,0,,0,0,0,0,0,,145,0,1,0,0,0,0,1,3,4,0,1,7,7.0,N,,,,,,,,,,,
2021017752,321.0,4,0,0,0,0,0,0,0,0,5,0,,67,2,2021,1,39.9578,-75.2198,321.0,6,0,0,0,0,0,0,0,0,,0,0,0,3,3,1,0,N,0,39 57:28.136,,0,75 13:11.222,4,0,0,0,67301,0,0,0,N,0,0,0,1,67301,1,,6,2,,N,N,N,0,,0,0,2,0,0,,321,1,7,0,0,0,0,0,3,4,1,7,10,10.0,N,,,,,,,,,,,
2021045608,2000.0,0,0,0,0,0,0,1,0,0,1,1,,67,5,2021,4,39.955,-75.168,1950.0,6,0,0,0,0,0,2,0,0,,0,0,0,19,1,3,1,,0,39 57:18.079,,0,75 10:04.799,3,0,0,0,67301,0,0,0,N,0,0,0,5,67301,0,,1,1,,N,N,N,0,,3,0,1,3,2,,1930,3,2,0,0,0,0,0,3,4,0,2,3,3.0,N,,,,,,,,,,,
2021021422,216.0,1,0,0,0,0,0,0,0,0,7,0,,67,3,2021,2,39.9555,-75.1481,215.0,6,0,0,0,1,0,0,0,0,,0,0,0,2,3,3,0,N,1,39 57:19.639,4.0,2,75 08:53.033,8,0,0,0,67301,0,0,0,Y,0,0,0,6,67501,0,,4,9,305.0,N,N,Y,0,,0,0,0,0,0,N,215,3,1,0,0,6,3,1,3,4,0,1,7,,N,,,,,,,,,,,
2021021207,816.0,3,0,0,0,0,0,0,0,0,4,0,,67,3,2021,3,40.0413,-75.1067,756.0,6,0,0,0,0,0,1,0,0,,0,0,0,7,1,2,1,,1,40 02:28.801,2.0,0,75 06:24.126,8,0,0,0,67301,0,0,0,N,0,0,0,3,67301,0,,1,1,915.0,N,N,N,0,,0,0,0,3,1,N,733,2,3,0,0,0,2,0,3,4,0,3,3,3.0,N,,,,,,,,,,,
2021021324,713.0,1,0,0,0,0,0,0,0,0,7,0,,67,2,2021,5,39.926,-75.147,642.0,6,0,0,0,0,0,0,0,0,,0,0,0,6,5,0,0,N,0,39 55:33.736,,3,75 08:49.236,0,0,0,0,67301,0,0,0,N,0,0,0,1,68K01,0,,3,1,,N,N,N,0,,0,0,0,0,0,,636,0,1,0,0,0,0,0,3,4,0,1,3,,N,,,,,,,,,,,
2021020858,1010.0,0,0,0,0,0,0,0,0,0,8,0,,67,3,2021,2,40.0227,-75.1335,1010.0,6,0,0,0,0,0,0,0,0,,0,0,0,22,6,1,1,,0,40 01:21.738,,0,75 08:00.643,3,0,0,0,67301,1,0,0,N,1,0,0,2,67301,0,,1,99,,N,N,N,0,,1,0,0,3,2,,2200,1,2,0,0,0,0,0,3,4,0,1,99,,N,,,,,,,,,,,
2021019289,1003.0,2,0,0,0,0,0,0,0,0,4,0,,67,2,2021,5,39.9969,-75.165,957.0,6,0,0,0,0,1,0,0,0,,0,0,0,9,1,0,2,,0,39 59:48.926,,0,75 09:53.888,0,0,0,0,67301,0,0,0,N,0,0,0,2,67301,0,,1,1,,N,N,N,0,,0,0,0,3,3,,945,0,2,0,0,0,0,0,3,4,0,2,3,3.0,N,,,,,,,,,,,
2021019285,1015.0,2,0,0,0,0,0,0,0,0,4,0,,67,2,2021,5,40.0361,-75.0879,1006.0,6,0,0,0,0,0,1,0,0,,0,0,0,10,1,3,1,,0,40 02:09.819,,0,75 05:16.319,3,0,0,0,67301,0,0,0,N,0,0,0,3,67301,0,,1,1,,N,N,N,0,,3,0,0,3,2,,1005,3,2,0,0,0,0,0,3,4,0,2,3,3.0,N,,,,,,,,,,,
2021021123,836.0,2,0,0,0,0,0,0,0,0,4,0,,67,3,2021,4,40.0599,-75.1501,836.0,6,0,0,0,0,0,0,0,0,,0,0,0,6,5,0,1,,1,40 03:35.463,1.0,0,75 09:00.467,0,0,0,0,67301,0,0,0,N,0,0,0,3,67301,0,,1,1,854.0,N,N,N,0,,0,0,0,3,2,N,615,0,2,0,0,0,0,0,3,4,0,2,3,3.0,N,,,,,,,,,,,
2021021056,16.0,0,0,0,0,0,0,0,0,0,7,0,,67,2,2021,2,39.9103,-75.193,14.0,6,0,0,0,0,0,0,0,0,,0,0,0,0,3,0,0,N,1,39 54:36.977,2.0,0,75 11:34.899,0,0,0,0,67301,0,0,0,N,0,0,0,1,67301,0,,4,2,15.0,N,N,N,0,,0,0,1,0,0,N,12,0,1,0,0,0,0,0,3,4,0,1,3,,N,,,,,,,,,,,
2021020856,720.0,1,0,0,0,0,0,0,0,0,8,0,,67,3,2021,2,39.9987,-75.1005,710.0,6,0,0,0,0,0,0,0,0,,0,0,0,7,1,1,0,N,0,39 59:55.318,,0,75 06:01.696,3,0,0,0,67301,1,0,0,N,1,0,0,2,67301,0,,1,9,,N,N,N,0,,1,0,0,0,0,,705,1,2,0,0,0,0,0,3,4,0,1,7,,N,,,,,,,,,,,
2021024665,217.0,1,0,0,0,0,0,0,0,0,7,0,,67,2,2021,7,39.9831,-75.208,214.0,6,0,0,0,0,0,0,0,0,,0,0,0,2,3,1,0,N,1,39 58:59.054,4.0,0,75 12:28.632,4,0,0,0,67301,0,0,0,N,0,0,0,1,68K01,1,,4,9,245.0,N,N,N,0,,0,0,0,0,0,N,216,1,1,0,0,0,0,0,3,4,0,1,7,,N,,,,,,,,,,,
2021026032,1141.0,1,0,0,0,0,0,0,0,0,4,0,,67,3,2021,6,39.9825,-75.2642,1124.0,6,0,0,0,0,0,0,0,0,,0,0,0,11,1,1,0,N,0,39 58:56.890,,0,75 15:51.176,4,0,0,0,67301,0,0,0,N,0,0,0,2,67301,1,,1,1,,N,N,N,0,,0,0,1,0,0,,1115,1,2,0,0,1,0,0,3,4,0,2,3,,N,,,,,,,,,,,
2021050476,2331.0,1,0,0,0,0,0,0,0,0,1,0,,67,5,2021,3,39.9454,-75.1905,2314.0,6,0,0,0,0,0,1,0,0,,0,0,0,23,3,0,0,N,0,39 56:43.419,,0,75 11:25.770,0,0,0,0,67301,0,0,0,N,0,0,0,2,68K01,0,,1,1,,N,N,N,0,,0,0,1,0,0,,2312,0,2,0,0,0,0,0,3,4,0,2,3,3.0,N,,,,,,,,,,,
2021032680,1625.0,0,0,0,0,0,0,0,0,0,8,0,,67,4,2021,4,39.9768,-75.1274,1625.0,6,0,0,0,0,0,0,0,0,,0,0,0,21,3,2,5,,0,39 58:36.634,,0,75 07:38.773,8,0,0,0,67301,2,0,0,N,2,0,0,3,67301,0,,1,99,,N,N,N,0,,0,0,1,3,3,,2147,2,3,0,0,0,2,1,3,4,0,1,3,,N,,,,,,,,,,,
2021041382,320.0,1,0,0,0,0,0,0,0,0,5,0,,67,3,2021,7,40.0086,-75.1417,315.0,6,0,0,0,0,0,0,0,0,,0,0,0,2,3,0,0,N,0,40 00:30.800,,0,75 08:30.000,0,0,0,0,67301,0,0,0,N,0,0,0,1,67301,0,,6,1,,N,N,N,1,,0,0,0,0,0,,250,0,2,0,0,0,0,0,3,4,0,2,3,3.0,N,,,,,,,,,,,
2021023928,1536.0,2,0,0,0,0,0,0,0,0,5,0,,67,2,2021,6,39.8896,-75.2197,1536.0,6,0,0,0,0,0,0,0,0,,0,0,0,15,1,2,6,,1,39 53:22.614,1.0,8,75 13:10.944,3,0,0,0,67301,0,0,0,N,0,0,0,2,68K01,0,,7,1,1630.0,N,N,N,0,,2,0,0,0,0,N,1536,2,2,0,0,0,0,0,3,4,0,2,3,,N,,,,,,,,,,,
2021020657,1929.0,1,0,0,0,0,0,0,0,0,4,0,,67,3,2021,2,40.0415,-75.1584,1928.0,6,0,0,0,0,0,0,0,0,,0,0,0,19,3,1,5,,0,40 02:29.398,,0,75 09:30.121,3,0,0,0,67301,0,0,0,N,0,0,0,2,67301,0,,1,1,,N,N,N,0,,1,0,1,3,2,,1920,1,2,0,0,0,0,0,3,4,0,2,3,3.0,N,,,,,,,,,,,
2021018903,1518.0,1,0,0,0,0,0,0,0,0,4,0,,67,2,2021,4,39.9556,-75.1897,1515.0,6,0,0,0,0,0,0,0,0,,0,0,0,15,1,1,0,N,0,39 57:20.129,,0,75 11:22.778,4,0,0,0,67301,0,0,0,N,0,0,0,3,67507,1,,1,1,,N,N,N,0,,0,0,1,0,0,,1513,1,2,0,0,0,0,0,3,4,0,2,3,,N,,,,,,,,,,,
2021019838,332.0,1,0,0,0,0,0,0,0,0,5,0,,67,2,2021,7,40.0377,-75.1302,333.0,6,0,0,0,0,0,0,0,0,,0,0,0,2,3,0,0,N,0,40 02:15.700,,0,75 07:48.700,0,0,0,0,67301,0,0,0,N,0,0,0,1,67301,0,,6,9,,N,N,N,0,,0,0,1,0,0,,248,0,2,0,0,0,0,0,3,4,0,2,7,3.0,N,,,,,,,,,,,
2021045682,826.0,1,0,0,0,0,0,0,0,0,8,0,,67,5,2021,3,39.9609,-75.2329,826.0,6,0,0,0,0,0,0,0,0,,0,0,0,8,1,1,1,,0,39 57:39.352,,0,75 13:58.289,3,0,0,0,67301,1,0,0,N,1,0,0,1,67301,0,,1,1,,N,N,N,0,,1,0,0,3,2,,825,1,2,0,0,0,0,0,3,4,0,1,3,3.0,N,,,,,,,,,,,
2021022507,137.0,2,0,0,0,0,0,0,0,0,1,0,,67,3,2021,4,40.0158,-75.1498,136.0,6,0,0,0,0,0,1,0,0,,0,0,0,1,3,0,0,N,0,40 00:56.712,,0,75 08:59.369,9,0,0,0,67301,0,0,0,N,0,0,0,2,67301,0,,6,1,,N,N,N,0,,0,0,1,0,0,,121,0,3,0,0,1,0,1,3,4,0,3,3,3.0,N,,,,,,,,,,,
2021019832,1932.0,1,0,0,0,0,0,0,0,0,8,0,,67,2,2021,6,39.924,-75.1436,1925.0,6,0,0,0,0,0,0,0,1,,0,0,0,19,3,1,2,,1,39 55:26.351,2.0,0,75 08:36.885,3,0,0,0,67301,1,0,0,N,1,0,0,2,67301,0,,1,1,2020.0,N,N,N,0,,1,0,0,3,2,N,1924,1,2,0,0,0,0,0,3,4,0,1,3,3.0,N,,,,,,,,,,,
2021021565,1355.0,1,0,0,0,0,0,0,0,0,4,0,,67,3,2021,4,40.0288,-75.0572,1350.0,6,0,0,0,0,0,1,0,0,,0,0,0,13,1,1,2,,1,40 01:43.506,1.0,0,75 03:25.959,3,0,0,1,67301,0,0,0,N,0,0,0,2,67301,0,,1,1,1430.0,N,N,N,0,,1,0,0,0,0,N,1327,1,2,0,0,0,0,0,3,4,0,2,3,3.0,N,,,,,,,,,,,
2021019179,2125.0,2,0,0,0,0,0,0,0,0,4,0,,67,2,2021,4,40.027,-75.0654,2124.0,6,0,0,0,0,0,0,0,0,,0,0,0,21,3,0,5,,1,40 01:37.455,2.0,0,75 03:55.390,0,0,0,0,67301,0,0,0,N,0,0,0,5,67301,0,,1,1,30.0,N,N,N,0,,0,0,1,3,2,N,2123,0,3,0,0,5,0,0,3,4,0,3,3,3.0,N,,,,,,,,,,,
2021027137,2051.0,2,0,0,0,0,0,0,0,0,1,0,,67,3,2021,6,39.9626,-75.213,2050.0,6,0,0,0,0,0,1,0,0,,0,0,0,20,3,0,1,,0,39 57:45.290,,0,75 12:46.959,0,0,0,0,67301,0,0,0,N,0,0,0,3,67301,0,,1,1,,N,N,N,0,,0,0,0,3,2,,2030,0,3,0,0,0,0,0,3,4,0,3,3,3.0,N,,,,,,,,,,,
2021049281,1133.0,1,0,0,0,0,0,0,0,0,2,1,,67,5,2021,6,39.974,-75.1442,1125.0,6,0,0,0,0,0,0,0,0,,0,1,0,11,1,2,1,,1,39 58:26.371,3.0,0,75 08:38.976,4,0,0,0,67301,0,0,0,N,0,0,0,2,67301,2,,1,1,100.0,N,N,Y,0,,0,0,0,3,3,Y,1102,2,3,0,0,0,0,0,3,4,1,3,3,3.0,N,,,,,,,,,,,
2021026028,710.0,1,0,0,0,0,0,0,0,0,8,0,,67,3,2021,4,40.0381,-75.0197,701.0,6,0,0,0,1,0,0,0,0,,0,0,0,6,3,1,2,,0,40 02:17.245,,0,75 01:10.848,3,0,0,0,67301,1,0,0,N,1,0,0,2,67301,0,,1,1,,N,N,N,0,,1,0,0,0,0,,635,1,2,0,0,0,0,0,3,4,0,1,3,3.0,N,,,,,,,,,,,
2021025942,2225.0,2,0,0,0,0,0,0,0,0,5,0,,67,3,2021,7,39.9446,-75.1649,2221.0,6,0,0,0,0,0,0,0,0,,0,0,0,22,3,0,0,N,0,39 56:40.620,,0,75 09:53.530,0,0,0,0,67301,0,0,0,N,0,0,0,1,67301,0,,6,1,,N,N,N,0,,0,0,1,0,0,,2221,0,3,0,0,0,0,0,3,4,0,3,3,3.0,N,,,,,,,,,,,
2021049146,31.0,1,0,0,0,0,0,0,0,0,7,0,,67,5,2021,7,39.9413,-75.1431,24.0,6,0,0,0,0,0,0,0,0,,0,0,0,0,3,0,0,N,2,39 56:28.654,1.0,0,75 08:35.060,0,0,0,0,67301,0,0,0,N,0,0,0,2,68K01,0,,4,9,1245.0,N,N,N,0,,0,0,1,0,0,N,9,0,2,0,0,0,0,0,3,4,0,2,7,,N,,,,,,,,,,,
2021049501,20.0,1,0,0,0,0,0,1,0,0,1,1,,67,1,2021,5,40.0475,-75.1581,15.0,6,0,0,0,1,0,1,0,0,,0,0,0,0,3,1,2,,0,40 02:50.820,,0,75 09:29.070,8,0,0,0,67301,0,0,0,N,0,0,0,3,67508,0,,1,1,,N,N,Y,0,,0,0,0,3,2,,15,1,2,0,0,1,1,0,3,4,0,2,3,3.0,N,,,,,,,,,,,
2021025188,1340.0,0,0,0,0,0,0,0,0,0,5,0,,67,3,2021,1,40.0334,-75.1067,1340.0,6,0,0,0,0,0,0,0,0,,0,0,0,13,1,1,0,N,0,40 02:00.190,,0,75 06:23.940,3,0,0,0,67301,0,0,0,N,0,0,0,4,67301,0,,1,1,,N,N,N,1,,1,0,1,0,0,,1330,1,2,0,0,1,0,0,3,4,0,2,3,3.0,N,,,,,,,,,,,
2021050685,359.0,1,0,0,0,0,0,0,0,0,7,0,,67,6,2021,4,39.9957,-75.2381,355.0,6,0,0,0,0,0,0,0,0,,0,0,0,3,3,0,0,N,9,39 59:44.528,,0,75 14:17.197,0,0,0,0,67301,0,0,0,N,0,0,0,1,67301,0,,2,1,,N,N,N,0,,0,0,0,0,0,U,350,0,1,0,0,1,0,0,3,4,0,1,3,,N,,,,,,,,,,,
2021020852,2225.0,0,0,0,0,0,0,0,0,0,5,0,,67,2,2021,1,40.0383,-75.0365,2221.0,6,0,0,0,0,0,0,0,0,,0,0,0,22,3,0,0,N,0,40 02:17.869,,0,75 02:11.556,0,0,0,0,67301,0,0,0,N,0,0,0,3,67301,0,,6,9,,N,N,N,1,,0,0,1,0,0,,2220,0,3,0,0,0,0,0,3,4,1,3,7,7.0,N,,,,,,,,,,,
2021044221,759.0,1,0,0,0,0,0,0,0,0,4,0,,67,5,2021,5,40.0316,-75.0633,759.0,6,0,0,0,0,0,0,0,0,,0,0,0,7,1,3,5,,1,40 01:53.617,3.0,0,75 03:47.844,3,0,0,0,67301,0,0,0,N,0,0,0,3,67301,1,,1,1,130.0,N,N,N,0,,2,0,1,3,2,Y,759,3,2,0,0,0,0,0,3,4,0,2,3,,N,,,,,,,,,,,
2021044905,1000.0,1,0,0,0,0,0,0,0,0,2,0,,67,2,2021,6,40.0088,-75.1386,946.0,6,0,0,0,0,0,0,1,0,,0,0,0,9,1,1,1,,0,40 00:31.604,,0,75 08:18.833,3,0,0,0,67301,0,0,0,N,0,0,0,2,67301,0,,1,1,,N,N,Y,1,,1,0,0,3,2,,930,1,2,0,0,0,0,0,3,4,0,2,3,,N,,,,,,,,,,,
2021020554,2106.0,0,0,0,0,0,0,0,0,0,7,0,,67,2,2021,2,40.045,-75.002,2057.0,6,0,0,0,0,0,0,0,0,,0,0,0,20,3,0,0,N,0,40 02:42.115,,0,75 00:07.254,0,0,0,0,67301,0,0,0,Y,0,0,0,1,68K01,0,,2,9,,N,N,N,0,,0,0,1,0,0,,2053,0,1,0,0,0,0,0,3,4,0,1,3,,N,,,,,,,,,,,
2021018269,2114.0,1,0,0,0,0,0,0,0,0,5,0,,67,2,2021,1,39.9438,-75.2318,2113.0,6,0,0,0,0,0,1,0,0,,0,0,0,21,3,1,0,N,0,39 56:37.561,,0,75 13:54.368,4,0,0,0,67301,0,0,0,N,0,0,0,3,67301,1,,1,1,,N,N,N,0,,0,0,1,0,0,,2105,1,2,0,0,0,0,0,3,4,0,2,3,3.0,N,,,,,,,,,,,
2021021058,1948.0,1,0,0,0,0,0,0,0,0,4,0,,67,2,2021,1,40.0355,-75.1788,1946.0,6,0,0,0,0,0,0,0,0,,0,0,0,19,3,0,1,,0,40 02:07.785,,0,75 10:43.557,9,0,0,0,67301,0,0,0,N,0,0,0,2,67301,0,,1,9,,N,N,N,1,,0,0,0,3,2,,1915,0,2,0,0,2,0,1,3,4,0,2,7,7.0,N,,,,,,,,,,,
2021020224,2230.0,1,0,0,0,0,0,0,0,0,7,0,35.0,67,2,2021,1,39.9111,-75.163,2226.0,6,0,0,0,0,0,0,0,0,,0,0,0,22,3,0,0,N,0,39 54:40.000,,3,75 09:46.900,0,0,0,0,67301,0,0,0,N,0,0,0,1,67501,0,,3,9,,N,N,N,0,,0,0,0,0,0,,2226,0,1,0,0,0,0,0,3,4,0,1,7,,Y,4.0,1.0,N,,,N,,,,Y,N
2021028859,1740.0,1,0,0,0,0,0,0,0,0,5,0,,67,2,2021,5,39.9337,-75.1977,1740.0,6,0,0,0,0,0,0,0,0,,0,0,0,17,1,1,0,N,0,39 56:01.180,,0,75 11:51.540,8,0,0,0,67301,0,0,0,N,0,0,0,1,67301,0,,6,1,,N,N,N,0,,0,0,2,0,0,,1740,1,3,0,0,1,1,0,3,4,0,3,3,3.0,N,,,,,,,,,,,
2021024911,2343.0,2,0,0,0,0,0,0,0,0,4,0,,67,3,2021,2,40.0395,-75.0458,2338.0,6,0,0,0,0,0,0,0,0,,0,0,0,23,3,1,1,,0,40 02:22.372,,0,75 02:44.922,4,0,0,0,67301,0,0,0,N,0,0,0,2,67301,1,,1,1,,N,N,N,0,,0,0,0,3,2,,2332,1,2,0,0,0,0,0,3,4,0,2,3,3.0,N,,,,,,,,,,,
2021026196,1430.0,2,0,0,0,0,0,0,0,0,4,0,,67,3,2021,6,39.9144,-75.1523,1427.0,6,0,0,0,0,0,0,0,0,,0,0,0,14,1,1,2,,0,39 54:51.926,,0,75 09:08.416,3,0,0,0,67301,0,0,0,N,0,0,0,3,67301,0,,1,1,,N,N,N,0,,1,0,0,0,0,,1422,1,2,0,0,0,0,0,3,4,0,2,3,3.0,N,,,,,,,,,,,
2021027646,2025.0,1,0,0,0,0,0,0,0,0,1,0,,67,3,2021,6,40.0462,-75.2177,2021.0,6,0,0,0,0,0,2,0,0,,0,0,0,20,3,2,3,,0,40 02:46.345,,0,75 13:03.659,3,0,0,0,67301,0,0,0,N,0,0,0,3,67301,0,,1,1,,N,N,N,0,,1,0,1,3,2,,2018,2,2,0,0,0,1,0,3,4,0,2,3,3.0,N,,,,,,,,,,,
2021026267,1310.0,2,0,0,0,0,0,0,0,0,5,0,,67,3,2021,5,40.0521,-75.1757,1309.0,6,0,0,1,0,0,1,0,0,,0,0,0,13,1,1,0,Y,0,40 03:07.711,,0,75 10:32.407,3,0,0,0,67301,0,0,0,N,0,0,0,3,67301,0,,1,9,,N,N,N,0,,1,0,0,0,0,,1309,1,3,0,0,0,0,0,3,4,1,3,7,7.0,N,,,,,,,,,,,
2021026750,457.0,2,0,0,0,0,0,0,0,0,5,0,,67,3,2021,2,40.0093,-75.1519,456.0,6,0,0,0,0,0,0,0,0,,0,0,0,3,3,0,0,N,0,40 00:33.652,,0,75 09:07.020,9,0,0,0,67301,0,0,0,N,0,0,0,2,67301,0,,1,1,,N,N,N,0,,0,0,0,0,0,,350,0,2,0,0,1,0,1,3,4,0,2,3,3.0,N,,,,,,,,,,,
2021026200,530.0,2,0,0,0,0,0,0,0,0,5,0,,67,3,2021,5,39.9145,-75.2342,524.0,6,0,0,0,0,0,0,0,0,,0,0,0,5,3,0,0,N,1,39 54:52.100,1.0,0,75 14:03.020,0,0,0,0,67301,0,0,0,N,0,0,0,1,67301,0,,6,1,700.0,N,N,Y,0,,0,0,2,0,0,N,505,0,4,0,0,0,0,0,3,4,0,4,3,3.0,N,,,,,,,,,,,