CRN,ARRIVAL_TM,AUTOMOBILE_COUNT,BELTED_DEATH_COUNT,BELTED_SUSP_SERIOUS_INJ_COUNT,BICYCLE_COUNT,BICYCLE_DEATH_COUNT,BICYCLE_SUSP_SERIOUS_INJ_COUNT,BUS_COUNT,CHLDPAS_DEATH_COUNT,CHLDPAS_SUSP_SERIOUS_INJ_COUNT,COLLISION_TYPE,COMM_VEH_COUNT,CONS_ZONE_SPD_LIM,COUNTY,CRASH_MONTH,CRASH_YEAR,DAY_OF_WEEK,DEC_LAT,DEC_LONG,DISPATCH_TM,DISTRICT,DRIVER_COUNT_16YR,DRIVER_COUNT_17YR,DRIVER_COUNT_18YR,DRIVER_COUNT_19YR,DRIVER_COUNT_20YR,DRIVER_COUNT_50_64YR,DRIVER_COUNT_65_74YR,DRIVER_COUNT_75PLUS,EST_HRS_CLOSED,FATAL_COUNT,HEAVY_TRUCK_COUNT,HORSE_BUGGY_COUNT,HOUR_OF_DAY,ILLUMINATION,INJURY_COUNT,INTERSECT_TYPE,INTERSECTION_RELATED,LANE_CLOSED,LATITUDE,LN_CLOSE_DIR,LOCATION_TYPE,LONGITUDE,MAX_SEVERITY_LEVEL,MCYCLE_DEATH_COUNT,MCYCLE_SUSP_SERIOUS_INJ_COUNT,MOTORCYCLE_COUNT,MUNICIPALITY,NONMOTR_COUNT,NONMOTR_DEATH_COUNT,NONMOTR_SUSP_SERIOUS_INJ_COUNT,NTFY_HIWY_MAINT,PED_COUNT,PED_DEATH_COUNT,PED_SUSP_SERIOUS_INJ_COUNT,PERSON_COUNT,POLICE_AGCY,POSSIBLE_INJ_COUNT,RDWY_SURF_TYPE_CD,RELATION_TO_ROAD,ROAD_CONDITION,ROADWAY_CLEARED,SCH_BUS_IND,SCH_ZONE_IND,SECONDARY_CRASH,SMALL_TRUCK_COUNT,SPEC_JURIS_CD,SUSP_MINOR_INJ_COUNT,SUSP_SERIOUS_INJ_COUNT,SUV_COUNT,TCD_FUNC_CD,TCD_TYPE,TFC_DETOUR_IND,TIME_OF_DAY,TOT_INJ_COUNT,TOTAL_UNITS,UNB_DEATH_COUNT,UNB_SUSP_SERIOUS_INJ_COUNT,UNBELTED_OCC_COUNT,UNK_INJ_DEG_COUNT,UNK_INJ_PER_COUNT,URBAN_AREA,URBAN_RURAL,VAN_COUNT,VEHICLE_COUNT,WEATHER1,WEATHER2,WORK_ZONE_IND,WORK_ZONE_LOC,WORK_ZONE_TYPE,WORKERS_PRES,WZ_CLOSE_DETOUR,WZ_FLAGGER,WZ_LAW_OFFCR_IND,WZ_LN_CLOSURE,WZ_MOVING,WZ_OTHER,WZ_SHLDER_MDN,WZ_WORKERS_INJ_KILLED
2021026263,1505.0,1,0,0,0,0,0,0,0,0,5,0,,67,3,2021,2,40.0405,-75.0589,1442.0,6,0,0,0,0,0,0,0,2,,0,0,0,14,1,1,1,,0,40 02:25.798,,0,75 03:31.964,3,0,0,0,67301,0,0,0,N,0,0,0,2,67301,0,,1,1,,N,N,N,1,,1,0,0,3,2,,1417,1,2,0,0,0,0,0,3,4,0,2,3,3.0,N,,,,,,,,,,,
2021026593,2209.0,0,0,0,0,0,0,0,0,0,1,0,,67,3,2021,6,40.039,-75.0563,2202.0,6,0,0,0,0,0,0,0,0,,0,0,0,22,3,0,1,,0,40 02:20.428,,0,75 03:22.510,0,0,0,0,67301,0,0,0,N,0,0,0,3,67301,0,,1,1,,N,N,N,1,,0,0,2,3,2,,2200,0,3,0,0,0,0,0,3,4,0,3,3,3.0,N,,,,,,,,,,,
2021024979,2200.0,1,0,0,0,0,0,0,0,0,7,0,,67,3,2021,1,39.996,-75.0831,2154.0,6,0,0,0,0,0,0,0,0,,0,0,0,21,3,1,0,N,1,39 59:45.543,2.0,3,75 04:59.048,3,0,0,0,67301,0,0,0,N,0,0,0,1,68K01,0,,3,1,2232.0,N,N,N,0,,1,0,0,0,0,N,2153,1,1,0,0,0,0,0,3,4,0,1,3,,N,,,,,,,,,,,
2021049177,1135.0,2,0,0,0,0,0,0,0,0,5,0,,67,3,2021,6,40.0339,-75.1436,1135.0,6,0,0,0,0,0,0,0,0,,0,0,0,11,1,0,0,N,0,40 02:02.050,,0,75 08:36.910,0,0,0,0,67301,0,0,0,N,0,0,0,2,67301,0,,6,1,,N,N,N,0,,0,0,0,0,0,,1135,0,2,0,0,2,0,0,3,4,0,2,3,3.0,N,,,,,,,,,,,
2021024981,1426.0,1,0,0,0,0,0,0,0,0,1,0,,67,3,2021,2,39.9638,-75.1844,1412.0,6,0,0,0,0,0,1,0,0,,0,0,0,14,1,2,0,N,2,39 57:49.618,3.0,0,75 11:03.818,8,0,0,0,67301,0,0,0,N,0,0,0,3,68K01,0,,1,1,1420.0,N,N,N,0,,0,0,1,0,0,N,1407,2,2,0,0,0,2,0,3,4,0,2,3,,N,,,,,,,,,,,
2021049079,1504.0,1,0,0,0,0,0,0,0,0,4,0,,67,5,2021,1,40.0202,-75.1141,1501.0,6,0,0,0,0,0,0,0,0,,0,0,0,14,1,1,1,,2,40 01:13.096,2.0,0,75 06:50.969,2,0,1,1,67301,0,0,0,N,0,0,0,2,67301,0,,1,1,1720.0,N,N,N,0,,0,1,0,3,2,Y,1458,1,2,0,0,0,0,0,3,4,0,2,4,4.0,N,,,,,,,,,,,
2021049378,1923.0,1,0,0,0,0,0,0,0,0,0,1,,67,5,2021,6,40.0457,-75.002,1916.0,6,0,0,0,0,0,0,1,0,,0,1,0,19,4,1,0,N,1,40 02:44.574,2.0,0,75 00:07.037,4,0,0,0,67301,0,0,0,N,0,0,0,2,68K01,1,,1,9,300.0,N,N,N,0,,0,0,0,0,0,N,1916,1,2,0,0,1,0,0,3,4,0,2,7,4.0,N,,,,,,,,,,,
2021026751,1836.0,0,0,0,0,0,0,0,0,0,8,0,,67,3,2021,4,40.0039,-75.1707,1835.0,6,0,0,0,0,0,0,0,0,,0,0,0,12,1,1,1,,0,40 00:13.989,,0,75 10:14.382,2,0,0,0,67301,1,0,1,N,1,0,1,2,67301,0,,1,1,,N,N,N,0,,0,1,1,3,2,,1250,1,2,0,0,0,0,0,3,4,0,1,3,3.0,N,,,,,,,,,,,
2021050526,110.0,1,0,0,0,0,0,0,0,0,1,0,,67,5,2021,2,39.9771,-75.1995,105.0,6,0,0,0,0,0,0,0,0,,0,0,0,1,3,1,0,N,2,39 58:37.616,3.0,0,75 11:58.366,8,0,0,0,67301,0,0,0,N,0,0,0,3,68K01,0,,1,1,130.0,N,N,N,0,,0,0,1,0,0,N,104,1,2,0,0,0,1,1,3,4,0,2,3,3.0,N,,,,,,,,,,,
2021021670,1535.0,1,0,0,0,0,0,0,0,0,4,0,,67,3,2021,4,40.0915,-74.9656,1527.0,6,0,0,0,0,0,0,0,0,,0,0,0,15,1,4,2,,1,40 05:29.941,2.0,7,74 57:56.517,3,0,0,0,67301,0,0,0,N,0,0,0,4,67301,0,,1,1,1545.0,N,N,N,0,,4,0,1,3,2,N,1525,4,2,0,0,0,0,0,3,4,0,2,3,3.0,N,,,,,,,,,,,
2021019840,1740.0,0,0,0,0,0,0,0,0,0,1,0,,67,2,2021,5,40.0079,-75.1913,1730.0,6,0,0,0,0,0,1,0,0,,0,0,0,17,1,0,0,N,2,40 00:28.367,1.0,3,75 11:28.746,0,0,0,0,67301,0,0,0,N,0,0,0,3,67301,0,,1,1,1830.0,N,N,N,0,,0,0,2,0,0,Y,1730,0,3,0,0,0,0,0,3,4,0,3,3,3.0,N,,,,,,,,,,,
2021021762,15.0,1,0,0,0,0,0,0,0,0,7,0,,67,3,2021,4,40.0115,-75.108,15.0,6,0,0,0,0,0,0,0,0,,0,0,0,0,3,1,1,,1,40 00:41.562,3.0,0,75 06:28.950,3,0,0,0,67301,0,0,0,N,0,0,0,1,67301,0,,4,1,128.0,N,N,N,0,,1,0,0,3,2,N,15,1,1,0,0,1,0,0,3,4,0,1,3,3.0,N,,,,,,,,,,,
2021045946,1755.0,1,0,0,0,0,0,0,0,0,4,0,,67,5,2021,4,39.9643,-75.2464,1750.0,6,0,0,0,0,0,0,0,0,,0,0,0,17,1,0,1,,0,39 57:51.481,,0,75 14:46.938,0,0,0,0,67301,0,0,0,N,0,0,0,1,67301,0,,1,1,,N,N,N,0,,0,0,0,3,2,,1730,0,2,0,0,0,0,0,3,4,0,2,3,3.0,N,,,,,,,,,,,
2021020092,1310.0,2,0,0,0,0,0,0,0,0,4,0,,67,2,2021,1,40.0099,-75.1964,1310.0,6,0,0,0,0,0,0,0,0,,0,0,0,13,1,0,1,,1,40 00:35.528,2.0,0,75 11:47.178,0,0,0,0,67301,0,0,0,N,0,0,0,2,67301,0,,1,9,1400.0,N,N,N,0,,0,0,0,3,2,N,1300,0,2,0,0,0,0,0,3,4,0,2,7,4.0,N,,,,,,,,,,,
2021019925,1935.0,0,0,0,0,0,0,0,0,0,4,0,,67,2,2021,7,40.0053,-75.1814,1920.0,6,0,0,0,0,0,0,0,0,,0,0,0,18,3,1,0,N,0,40 00:18.984,,0,75 10:53.125,3,0,0,0,67301,0,0,0,N,0,0,0,1,67301,0,,6,1,,N,N,N,0,,1,0,1,0,0,,1850,1,2,0,0,1,0,0,3,4,1,2,3,3.0,N,,,,,,,,,,,
2021019181,924.0,1,0,0,0,0,0,0,0,0,1,0,,67,2,2021,5,40.0491,-75.1425,854.0,6,0,0,0,0,0,0,0,1,,0,0,0,8,1,1,0,N,0,40 02:56.992,,0,75 08:33.087,3,0,0,0,67301,0,0,0,N,0,0,0,2,67301,0,,1,1,,N,N,N,0,,1,0,1,0,0,,850,1,2,0,0,0,0,1,3,4,0,2,3,3.0,N,,,,,,,,,,,
2021021961,1130.0,0,0,0,0,0,0,0,0,0,8,0,,67,3,2021,2,40.0501,-75.0642,1128.0,6,0,0,0,0,0,0,0,0,,0,0,0,11,1,2,1,,1,40 03:00.396,1.0,0,75 03:51.268,8,0,0,0,67301,2,0,0,N,2,0,0,3,67301,0,,1,9,1245.0,N,N,N,0,,0,0,1,3,1,Y,1128,2,3,0,0,0,2,0,3,4,0,1,3,4.0,N,,,,,,,,,,,
2021044009,1112.0,1,0,0,0,0,0,0,0,0,4,0,,67,5,2021,6,39.9802,-75.2693,1112.0,6,0,0,0,1,0,0,0,0,,0,0,0,12,1,1,1,,9,39 58:48.595,,0,75 16:09.378,3,0,0,0,67301,0,0,0,N,0,0,0,2,67301,0,,1,1,,N,N,N,0,,1,0,1,3,2,U,1250,1,2,0,0,0,0,0,3,4,0,2,3,,N,,,,,,,,,,,
2021019958,157.0,3,0,0,0,0,0,0,0,0,4,0,,67,2,2021,7,39.9627,-75.2039,154.0,6,0,0,0,0,0,0,0,0,,0,0,0,1,3,0,1,,0,39 57:45.818,,0,75 12:14.114,0,0,0,0,67301,0,0,0,N,0,0,0,2,67301,0,,1,9,,N,N,N,0,,0,0,0,0,0,,150,0,3,0,0,0,0,0,3,4,0,3,7,,N,,,,,,,,,,,
2021021971,1419.0,1,0,0,0,0,0,0,0,0,7,0,,67,2,2021,4,39.9878,-75.1775,1410.0,6,0,0,0,0,0,0,1,0,,0,0,0,14,1,1,0,N,0,39 59:16.000,,0,75 10:38.900,8,0,0,0,67301,0,0,0,N,0,0,0,1,67301,0,,5,1,,N,N,N,0,,0,0,0,0,0,,1400,1,2,0,0,1,1,0,3,4,0,1,3,3.0,N,,,,,,,,,,,
2021018392,1403.0,1,0,0,0,0,0,0,0,0,4,0,,67,2,2021,1,40.0079,-75.1041,1354.0,6,0,0,0,0,0,0,0,0,,0,0,0,13,1,3,1,,0,40 00:28.394,,0,75 06:14.938,4,0,0,0,67301,0,0,0,N,0,0,0,4,67301,3,,1,1,,N,N,N,0,,0,0,1,3,3,,1339,3,2,0,0,0,0,0,3,4,0,2,3,,N,,,,,,,,,,,
2021046058,955.0,1,0,0,0,0,0,0,0,0,1,1,,67,5,2021,5,40.0417,-75.1824,949.0,6,0,0,0,1,0,0,0,0,,0,1,0,9,1,1,0,N,0,40 02:30.173,,0,75 10:56.697,3,0,0,0,67301,0,0,0,N,0,0,0,2,67301,0,,1,1,,N,N,N,0,,1,0,0,0,0,,918,1,2,0,0,0,0,0,3,4,0,2,3,3.0,N,,,,,,,,,,,
2021050461,330.0,1,0,0,0,0,0,0,0,0,7,0,,67,5,2021,1,39.8864,-75.2069,318.0,6,0,0,0,0,0,0,0,0,,0,0,0,3,3,0,0,N,0,39 53:10.926,,3,75 12:24.937,9,0,0,0,67301,0,0,0,N,0,0,0,1,68K01,0,,4,1,,N,N,N,0,,0,0,0,0,0,,311,0,1,0,0,0,0,1,3,4,0,1,3,3.0,N,,,,,,,,,,,
2021049761,33.0,2,0,0,0,0,0,0,0,0,1,0,,67,6,2021,3,40.0318,-75.1424,30.0,6,0,0,1,0,0,0,0,0,,0,0,0,0,2,4,0,N,2,40 01:54.440,6.0,0,75 08:32.650,3,0,0,0,67301,0,0,0,N,0,0,0,5,67301,0,,1,1,145.0,N,N,N,0,,4,0,0,0,0,Y,20,4,2,0,0,0,0,0,3,4,0,2,3,,N,,,,,,,,,,,
2021049759,1226.0,2,0,0,0,0,0,0,0,0,4,0,,67,5,2021,2,40.0409,-75.1514,1226.0,6,0,0,0,0,0,0,0,0,,0,0,0,12,8,1,0,N,0,40 02:27.130,,0,75 09:04.990,4,0,0,0,67301,0,0,0,N,0,0,0,1,67301,1,,6,1,,N,N,N,0,,0,0,0,0,0,,1226,1,2,0,0,0,0,0,3,4,0,2,3,3.0,N,,,,,,,,,,,
2021049798,438.0,1,0,0,0,0,0,0,0,0,7,0,,67,5,2021,3,39.9599,-75.1793,432.0,6,0,0,0,0,0,0,0,0,,0,0,0,4,3,0,0,N,1,39 57:35.755,3.0,0,75 10:45.301,0,0,0,0,67301,0,0,0,N,0,0,0,1,68K01,0,,4,9,445.0,N,N,N,0,,0,0,0,0,0,N,427,0,1,0,0,0,0,0,3,4,0,1,7,7.0,N,,,,,,,,,,,
2021025687,905.0,1,0,0,0,0,0,0,0,0,1,0,,67,3,2021,5,39.9573,-75.1441,859.0,6,0,0,0,0,0,1,0,0,,0,0,0,8,8,0,5,,0,39 57:26.412,,2,75 08:38.875,0,0,0,0,67301,0,0,0,N,0,0,0,2,67301,0,,1,9,,N,N,N,1,,0,0,0,3,2,,859,0,2,0,0,0,0,0,3,4,0,2,7,7.0,N,,,,,,,,,,,
2021026599,1830.0,2,0,0,0,0,0,0,0,0,4,0,,67,3,2021,7,40.0474,-75.1557,1830.0,6,0,0,0,0,0,0,0,0,,0,0,0,18,3,0,1,,1,40 02:50.568,2.0,0,75 09:20.361,9,0,0,0,67301,0,0,0,N,0,0,0,1,67301,0,,1,1,1912.0,N,N,N,0,,0,0,2,3,3,N,1823,0,4,0,0,0,0,1,3,4,0,4,3,3.0,N,,,,,,,,,,,
2021050216,349.0,0,0,1,0,0,0,0,0,0,0,1,,67,5,2021,5,39.9576,-75.1477,349.0,6,0,0,0,0,0,0,0,0,,0,1,0,3,3,1,0,N,2,39 57:27.458,4.0,3,75 08:51.882,2,0,0,0,67301,0,0,0,N,0,0,0,1,67501,0,,1,1,1223.0,N,N,N,0,,0,1,0,3,8,N,349,1,1,0,0,0,0,0,3,4,0,1,3,3.0,N,,,,,,,,,,,
2021025458,206.0,1,0,0,0,0,0,0,0,0,7,0,,67,3,2021,7,39.9572,-75.1519,204.0,6,0,0,0,0,0,0,0,0,,0,0,0,2,3,0,0,N,1,39 57:25.804,3.0,0,75 09:06.776,0,0,0,0,67301,0,0,0,N,0,0,0,2,68K01,0,,3,1,238.0,N,N,N,0,,0,0,0,0,0,N,202,0,1,0,0,0,0,0,3,4,0,1,3,,N,,,,,,,,,,,
2021049279,1325.0,0,0,0,0,0,0,0,0,0,8,0,,67,5,2021,7,39.9863,-75.1561,1310.0,6,0,0,0,0,0,0,0,0,,0,0,0,13,1,1,1,,0,39 59:10.703,,0,75 09:22.597,3,0,0,0,67301,1,0,0,N,1,0,0,1,67301,0,,1,9,,N,N,N,0,,1,0,0,3,2,,1310,1,2,0,0,0,0,0,3,4,0,1,7,7.0,N,,,,,,,,,,,
2021024508,120.0,1,0,0,1,0,1,0,0,0,4,0,,67,3,2021,7,39.9317,-75.1493,112.0,6,0,0,0,0,0,0,0,0,,0,0,0,1,3,1,1,,0,39 55:54.270,,0,75 08:57.561,2,0,0,0,67301,1,0,1,N,0,0,0,2,67301,0,,1,1,,N,N,N,0,,0,1,0,3,2,,105,1,2,0,0,0,0,0,3,4,0,1,3,3.0,N,,,,,,,,,,,
2021024511,1811.0,0,0,0,0,0,0,0,0,0,4,0,,67,3,2021,6,39.9576,-75.1457,1806.0,6,0,0,0,0,0,0,0,0,,0,0,0,17,3,0,1,,0,39 57:27.432,,0,75 08:44.473,0,0,0,0,67301,0,0,0,N,0,0,0,2,67301,0,,1,1,,N,N,N,0,,0,0,2,3,2,,1757,0,2,0,0,0,0,0,3,4,0,2,3,3.0,N,,,,,,,,,,,
2021045465,2000.0,2,0,0,0,0,0,0,0,0,4,0,,67,5,2021,1,39.9933,-75.0971,2000.0,6,0,0,0,0,0,1,0,0,,0,0,0,19,4,0,0,N,0,39 59:35.926,,0,75 05:49.381,0,0,0,0,67301,0,0,0,N,0,0,0,2,67301,0,,1,1,,N,N,N,0,,0,0,0,0,0,,1954,0,2,0,0,1,0,0,3,4,0,2,3,3.0,N,,,,,,,,,,,
2021020636,2028.0,0,0,0,0,0,0,0,0,0,8,0,,67,2,2021,1,39.978,-75.2668,2028.0,6,0,0,0,0,0,1,0,0,,0,0,0,19,3,1,1,,0,39 58:40.834,,0,75 16:00.375,3,0,0,0,67301,1,0,0,N,1,0,0,2,67301,0,,1,9,,N,N,N,0,,1,0,1,3,2,,1911,1,2,0,0,1,0,0,3,4,0,1,7,7.0,N,,,,,,,,,,,
2021045462,2309.0,2,0,0,0,0,0,0,0,0,1,0,,67,5,2021,6,40.0015,-75.1043,2309.0,6,0,0,0,0,0,1,0,0,,0,0,0,23,3,0,1,,0,40 00:05.531,,0,75 06:15.328,0,0,0,0,67301,0,0,0,N,0,0,0,5,67301,0,,1,1,,N,N,N,0,,0,0,1,3,2,,2309,0,3,0,0,3,0,0,3,4,0,3,3,3.0,N,,,,,,,,,,,
2021045135,1825.0,0,0,0,0,0,0,0,0,0,1,1,45.0,67,5,2021,3,39.9992,-75.0804,1810.0,6,0,0,0,0,0,1,0,0,,0,1,0,18,1,1,0,N,0,39 59:57.073,,0,75 04:49.565,8,0,0,0,67301,0,0,0,N,0,0,0,2,68K01,0,,1,1,,N,N,N,0,,0,0,0,0,0,,1808,1,2,0,0,0,1,0,3,4,1,2,3,,Y,2.0,1.0,N,,,N,Y,,,,N
2021027209,149.0,1,0,0,0,0,0,0,0,0,7,0,,67,3,2021,6,40.0422,-75.0039,143.0,6,0,0,0,0,0,0,0,0,,0,0,0,1,3,0,0,N,0,40 02:32.066,,0,75 00:14.114,0,0,0,0,67301,0,0,0,N,0,0,0,1,68K01,0,,4,9,,N,N,N,0,,0,0,0,0,0,,134,0,1,0,0,0,0,0,3,4,0,1,7,,N,,,,,,,,,,,
2021023965,1453.0,0,0,0,0,0,0,0,0,0,7,0,,67,3,2021,5,40.0058,-75.1973,1450.0,6,0,0,0,1,0,0,0,0,,0,0,0,14,1,3,0,N,1,40 00:20.999,3.0,0,75 11:50.351,8,0,0,0,67301,0,0,0,N,0,0,0,3,68K01,0,,3,1,1552.0,N,N,N,0,,0,0,1,0,0,N,1446,3,1,0,0,0,3,0,3,4,0,1,3,,N,,,,,,,,,,,
2021024775,721.0,1,0,0,0,0,0,0,0,0,7,0,,67,3,2021,1,39.9662,-75.1868,716.0,6,0,0,0,0,0,0,0,0,,0,0,0,7,1,1,0,N,1,39 57:58.358,4.0,0,75 11:12.512,4,0,0,0,67301,0,0,0,N,0,0,0,2,68K01,1,,2,1,750.0,N,N,N,0,,0,0,0,0,0,N,713,1,1,0,0,2,0,0,3,4,0,1,3,3.0,N,,,,,,,,,,,
2021030130,1605.0,2,0,0,0,0,0,0,0,0,1,0,,67,3,2021,7,39.9626,-75.2467,1557.0,6,0,0,0,0,1,0,0,0,,0,0,0,15,1,1,1,,0,39 57:45.487,,0,75 14:48.219,3,0,0,0,67301,0,0,0,N,0,0,0,2,67301,0,,1,1,,N,N,N,0,,1,0,0,3,2,,1536,1,2,0,0,2,0,0,3,4,0,2,7,3.0,N,,,,,,,,,,,
2021040560,1707.0,0,0,0,0,0,0,0,0,0,4,0,,67,4,2021,1,40.0096,-75.1803,1705.0,6,0,0,0,0,0,0,0,0,,1,0,0,17,1,0,2,N,2,40 00:34.737,7.0,0,75 10:49.079,1,1,0,1,67301,0,0,0,N,0,0,0,2,67301,0,2.0,1,1,1850.0,N,N,N,0,0.0,0,0,1,3,2,Y,1700,0,2,0,0,0,0,0,3,4,0,2,3,,N,,,,,,,,,,,
2021023708,1634.0,1,0,0,0,0,0,0,0,0,1,0,,67,3,2021,5,40.0042,-75.0773,1709.0,6,0,0,1,0,0,0,0,0,,0,0,0,16,1,0,1,,0,40 00:15.259,,0,75 04:38.425,0,0,0,0,67301,0,0,0,N,0,0,0,3,67301,0,,1,1,,N,N,N,0,,0,0,1,3,2,,1622,0,2,0,0,0,0,0,3,4,0,2,3,3.0,N,,,,,,,,,,,
2021048644,1725.0,0,0,0,0,0,0,1,0,0,8,1,,67,5,2021,4,39.9904,-75.1753,1715.0,6,0,0,0,0,0,0,0,0,,0,0,0,17,1,1,1,,0,39 59:25.340,,0,75 10:30.910,4,0,0,0,67301,1,0,0,N,1,0,0,2,67508,1,,1,1,,N,N,Y,0,,0,0,0,3,2,,1715,1,2,0,0,0,0,0,3,4,0,1,3,3.0,N,,,,,,,,,,,
2021025591,416.0,4,0,0,0,0,0,0,0,0,6,0,,67,3,2021,5,40.0111,-75.0777,410.0,6,0,0,0,0,0,0,0,0,,0,0,0,4,3,0,0,N,0,40 00:39.845,,0,75 04:39.699,0,0,0,0,67301,0,0,0,N,0,0,0,1,67301,0,,6,1,,N,N,N,0,,0,0,1,0,0,,408,0,5,0,0,0,0,0,3,4,0,5,3,,N,,,,,,,,,,,
2021024978,2030.0,2,0,0,0,0,0,0,0,0,1,0,,67,3,2021,1,40.0312,-75.0214,2024.0,6,0,0,0,0,0,0,1,0,,0,0,0,20,3,1,0,N,0,40 01:52.336,,3,75 01:17.107,3,0,0,0,67301,0,0,0,N,0,0,0,2,68K01,0,,1,1,,N,N,N,0,,1,0,0,0,0,,2017,1,2,0,0,0,0,0,3,4,0,2,3,,N,,,,,,,,,,,
2021025590,1949.0,1,0,0,0,0,0,0,0,0,8,0,,67,3,2021,4,40.0124,-75.0737,1945.0,6,0,0,1,0,0,0,0,0,,0,0,0,19,3,1,0,N,1,40 00:44.808,5.0,0,75 04:25.304,3,0,0,0,67301,1,0,0,N,1,0,0,3,67301,0,,1,1,100.0,N,N,N,0,,1,0,0,0,0,N,1930,1,3,0,0,0,0,0,3,4,1,2,3,3.0,N,,,,,,,,,,,
2021050366,2048.0,1,0,0,0,0,0,0,0,0,5,0,,67,5,2021,4,40.0896,-74.9685,2033.0,6,0,0,0,0,0,0,0,0,,0,0,0,20,3,0,0,N,0,40 05:22.735,,0,74 58:06.733,0,0,0,0,67301,0,0,0,N,0,0,0,0,67301,0,,6,9,,N,N,N,1,,0,0,2,0,0,,2030,0,4,0,0,0,0,0,3,4,0,4,7,4.0,N,,,,,,,,,,,
2021048656,1615.0,1,0,0,0,0,0,0,0,0,4,0,,67,5,2021,5,39.9704,-75.149,1609.0,6,0,0,0,0,0,0,0,0,,0,1,0,16,1,5,1,,2,39 58:13.897,7.0,0,75 08:55.980,3,0,0,0,67301,0,0,0,N,0,0,0,5,67301,0,,1,1,2000.0,N,N,Y,0,,4,0,1,3,2,N,1605,5,3,0,0,0,1,0,3,4,0,3,3,,N,,,,,,,,,,,
2021024521,1017.0,1,0,0,0,0,0,0,0,0,7,0,,67,3,2021,6,40.0409,-75.1873,1014.0,6,0,0,0,0,0,0,0,0,,0,0,0,10,1,0,1,,0,40 02:27.297,,0,75 11:14.370,0,0,0,0,67301,0,0,0,N,0,0,0,1,67301,0,,4,1,,N,N,N,0,,0,0,0,3,2,,1010,0,2,0,0,0,0,0,3,4,0,1,3,3.0,N,,,,,,,,,,,
2021026030,1705.0,1,0,0,0,0,0,0,0,0,1,0,,67,3,2021,5,39.9645,-75.182,1659.0,6,0,0,0,0,0,0,0,0,,0,0,0,16,1,2,0,N,0,39 57:52.042,,0,75 10:55.030,3,0,0,0,67301,0,0,0,N,0,0,0,5,67301,0,,1,9,,N,N,N,0,,2,0,1,3,1,,1655,2,2,0,0,0,0,1,3,4,0,2,7,7.0,N,,,,,,,,,,,
2021027017,257.0,2,0,0,0,0,0,0,0,0,5,0,,67,3,2021,7,39.9627,-75.2433,257.0,6,0,0,0,0,0,0,0,0,,0,0,0,1,3,0,0,N,0,39 57:45.630,,0,75 14:35.760,0,0,0,0,67301,0,0,0,N,0,0,0,1,67301,0,,6,1,,N,N,N,0,,0,0,1,0,0,,134,0,3,0,0,0,0,0,3,4,0,3,3,3.0,N,,,,,,,,,,,
2021030236,1745.0,2,0,0,0,0,0,0,0,0,4,0,,67,3,2021,7,39.9674,-75.2457,1745.0,6,0,0,0,0,0,1,0,0,,0,0,0,17,1,0,1,,0,39 58:02.410,,0,75 14:45.030,0,0,0,0,67301,0,0,0,N,0,0,0,2,67301,0,,1,1,,N,N,N,0,,0,0,0,3,2,,1740,0,2,0,0,0,0,0,3,4,0,2,3,3.0,N,,,,,,,,,,,
2021025190,833.0,1,0,0,0,0,0,0,0,0,4,0,,67,3,2021,3,39.9582,-75.2291,831.0,6,0,0,0,0,0,1,0,0,,0,0,0,8,5,1,1,,0,39 57:29.437,,0,75 13:44.774,3,0,0,0,67301,0,0,0,N,0,0,0,2,67301,0,,1,1,,N,N,N,0,,1,0,1,3,3,,830,1,2,0,0,0,0,0,3,4,0,2,3,,N,,,,,,,,,,,
2021024773,613.0,1,0,0,0,0,0,0,0,0,5,0,45.0,67,3,2021,1,39.8991,-75.1751,600.0,6,0,0,0,0,0,0,0,0,,0,0,0,5,3,2,0,N,2,39 53:56.674,1.0,3,75 10:30.429,3,0,0,0,67301,0,0,0,N,0,0,0,2,68K01,0,,1,1,45.0,N,N,N,0,,2,0,1,0,0,N,532,2,2,0,0,0,0,0,3,4,0,2,3,,Y,4.0,1.0,N,,,N,Y,,,Y,N
2021022580,1655.0,1,0,0,0,0,0,0,0,0,1,0,,67,3,2021,4,39.9249,-75.2265,1655.0,6,0,0,0,0,0,0,0,0,,0,0,0,16,1,1,1,,0,39 55:29.800,,0,75 13:35.500,3,0,0,0,67301,0,0,0,N,0,0,0,4,67301,0,,1,1,,N,N,N,0,,1,0,2,3,2,,1650,1,3,0,0,2,0,0,3,4,0,3,3,,N,,,,,,,,,,,
2021045694,2230.0,1,0,0,0,0,0,0,0,0,7,0,,67,5,2021,3,40.013,-75.201,2216.0,6,0,0,1,0,0,0,0,0,,0,0,0,22,3,0,0,N,2,40 00:46.950,7.0,0,75 12:03.440,0,0,0,0,67301,0,0,0,N,0,0,0,1,67301,0,,4,1,130.0,N,N,N,0,,0,0,0,0,0,Y,2209,0,1,0,0,0,0,0,3,4,0,1,3,,N,,,,,,,,,,,
2021044119,1218.0,2,0,0,0,0,0,0,0,0,2,0,,67,5,2021,7,39.9917,-75.1856,1218.0,6,0,0,0,0,0,0,0,0,,0,0,0,12,1,0,1,,0,39 59:30.124,,99,75 11:08.194,0,0,0,0,67301,0,0,0,N,0,0,0,2,67301,0,,1,1,,N,N,N,0,,0,0,0,3,2,,1217,0,2,0,0,2,0,0,3,4,0,2,3,4.0,N,,,,,,,,,,,