CRN,ARRIVAL_TM,AUTOMOBILE_COUNT,BELTED_DEATH_COUNT,BELTED_SUSP_SERIOUS_INJ_COUNT,BICYCLE_COUNT,BICYCLE_DEATH_COUNT,BICYCLE_SUSP_SERIOUS_INJ_COUNT,BUS_COUNT,CHLDPAS_DEATH_COUNT,CHLDPAS_SUSP_SERIOUS_INJ_COUNT,COLLISION_TYPE,COMM_VEH_COUNT,CONS_ZONE_SPD_LIM,COUNTY,CRASH_MONTH,CRASH_YEAR,DAY_OF_WEEK,DEC_LAT,DEC_LONG,DISPATCH_TM,DISTRICT,DRIVER_COUNT_16YR,DRIVER_COUNT_17YR,DRIVER_COUNT_18YR,DRIVER_COUNT_19YR,DRIVER_COUNT_20YR,DRIVER_COUNT_50_64YR,DRIVER_COUNT_65_74YR,DRIVER_COUNT_75PLUS,EST_HRS_CLOSED,FATAL_COUNT,HEAVY_TRUCK_COUNT,HORSE_BUGGY_COUNT,HOUR_OF_DAY,ILLUMINATION,INJURY_COUNT,INTERSECT_TYPE,INTERSECTION_RELATED,LANE_CLOSED,LATITUDE,LN_CLOSE_DIR,LOCATION_TYPE,LONGITUDE,MAX_SEVERITY_LEVEL,MCYCLE_DEATH_COUNT,MCYCLE_SUSP_SERIOUS_INJ_COUNT,MOTORCYCLE_COUNT,MUNICIPALITY,NONMOTR_COUNT,NONMOTR_DEATH_COUNT,NONMOTR_SUSP_SERIOUS_INJ_COUNT,NTFY_HIWY_MAINT,PED_COUNT,PED_DEATH_COUNT,PED_SUSP_SERIOUS_INJ_COUNT,PERSON_COUNT,POLICE_AGCY,POSSIBLE_INJ_COUNT,RDWY_SURF_TYPE_CD,RELATION_TO_ROAD,ROAD_CONDITION,ROADWAY_CLEARED,SCH_BUS_IND,SCH_ZONE_IND,SECONDARY_CRASH,SMALL_TRUCK_COUNT,SPEC_JURIS_CD,SUSP_MINOR_INJ_COUNT,SUSP_SERIOUS_INJ_COUNT,SUV_COUNT,TCD_FUNC_CD,TCD_TYPE,TFC_DETOUR_IND,TIME_OF_DAY,TOT_INJ_COUNT,TOTAL_UNITS,UNB_DEATH_COUNT,UNB_SUSP_SERIOUS_INJ_COUNT,UNBELTED_OCC_COUNT,UNK_INJ_DEG_COUNT,UNK_INJ_PER_COUNT,URBAN_AREA,URBAN_RURAL,VAN_COUNT,VEHICLE_COUNT,WEATHER1,WEATHER2,WORK_ZONE_IND,WORK_ZONE_LOC,WORK_ZONE_TYPE,WORKERS_PRES,WZ_CLOSE_DETOUR,WZ_FLAGGER,WZ_LAW_OFFCR_IND,WZ_LN_CLOSURE,WZ_MOVING,WZ_OTHER,WZ_SHLDER_MDN,WZ_WORKERS_INJ_KILLED
2021044664,2237.0,1,0,0,0,0,0,0,0,0,5,0,,67,5,2021,4,39.9585,-75.1675,2237.0,6,0,0,0,0,0,0,0,0,,0,0,0,22,3,1,0,N,2,39 57:30.487,3.0,0,75 10:03.111,3,0,0,0,67301,0,0,0,N,0,0,0,2,68K01,0,,1,1,1105.0,N,N,N,1,,1,0,0,0,0,N,2231,1,2,0,0,0,0,0,3,4,0,2,3,,N,,,,,,,,,,,
2021050688,1922.0,1,0,0,0,0,0,0,0,0,5,0,,67,6,2021,4,40.0051,-75.1907,1917.0,6,0,0,0,0,0,1,0,0,,0,0,0,19,1,0,0,N,0,40 00:18.255,,0,75 11:26.558,0,0,0,0,67301,0,0,0,N,0,0,0,2,67301,0,,1,1,,N,N,N,1,,0,0,0,0,0,,1902,0,2,0,0,0,0,0,3,4,0,2,3,3.0,N,,,,,,,,,,,
2021024514,2003.0,2,0,0,0,0,0,0,0,0,4,0,,67,3,2021,6,40.1025,-75.0287,2001.0,6,0,0,0,1,0,0,0,0,,0,0,0,19,3,0,1,,0,40 06:09.252,,0,75 01:43.896,0,0,0,0,67301,0,0,0,N,0,0,0,2,67301,0,,1,1,,N,N,N,0,,0,0,0,3,2,,1950,0,2,0,0,0,0,0,3,4,0,2,3,3.0,N,,,,,,,,,,,
2021026154,101.0,3,0,0,0,0,0,0,0,0,5,0,,67,3,2021,6,39.9741,-75.2047,101.0,6,0,0,0,0,0,0,0,0,,0,0,0,0,3,0,0,N,1,39 58:26.835,4.0,0,75 12:16.793,0,0,0,0,67301,0,0,0,N,0,0,0,1,67301,0,,6,9,200.0,N,N,N,0,,0,0,0,0,0,N,40,0,3,0,0,0,0,0,3,4,0,3,7,,N,,,,,,,,,,,
2021050684,1548.0,1,0,0,0,0,0,0,0,0,4,0,,67,6,2021,4,40.0439,-75.0516,1545.0,6,0,0,0,1,0,0,0,0,,0,0,0,15,1,0,2,N,1,40 02:38.156,1.0,0,75 03:05.712,0,0,0,0,67301,0,0,0,N,0,0,0,2,67301,0,,1,1,1625.0,N,N,N,0,,0,0,1,0,0,N,1513,0,2,0,0,0,0,0,3,4,0,2,3,,N,,,,,,,,,,,
2021024507,413.0,1,0,0,0,0,0,0,0,0,5,0,,67,3,2021,1,40.0576,-75.06,411.0,6,0,0,0,0,0,0,0,0,,0,0,0,4,3,0,0,N,0,40 03:27.426,,0,75 03:35.862,0,0,0,0,67301,0,0,0,N,0,0,0,2,67301,0,,1,1,,N,N,N,0,,0,0,1,0,0,,410,0,2,0,0,1,0,0,3,4,0,2,3,3.0,N,,,,,,,,,,,
2021026201,1043.0,1,0,0,0,0,0,0,0,0,4,0,,67,3,2021,5,39.9113,-75.2427,1038.0,6,0,0,1,0,0,0,0,0,,0,0,0,10,1,2,5,,0,39 54:40.810,,0,75 14:33.592,3,0,0,0,67301,0,0,0,N,0,0,0,3,67301,0,,1,9,,N,N,N,0,,2,0,0,3,2,,1020,2,2,0,0,0,0,0,3,4,1,2,7,7.0,N,,,,,,,,,,,
2021025196,1544.0,1,0,0,0,0,0,0,0,0,4,0,,67,3,2021,1,40.0275,-75.1464,1543.0,6,0,0,0,0,0,0,0,0,,0,0,0,15,1,4,1,,1,40 01:39.158,5.0,0,75 08:47.122,3,0,0,0,67301,0,0,0,N,0,0,0,4,67301,0,,1,1,1700.0,N,N,N,0,,4,0,2,3,2,Y,1540,4,3,0,0,0,0,0,3,4,0,3,3,3.0,N,,,,,,,,,,,
2021049622,228.0,1,0,0,0,0,0,0,0,0,7,0,,67,5,2021,7,39.9602,-75.1801,223.0,6,0,0,1,0,0,0,0,0,,0,0,0,2,3,0,0,N,2,39 57:36.544,4.0,0,75 10:48.463,0,0,0,0,67301,0,0,0,N,0,0,0,2,68K01,0,,3,9,235.0,N,N,N,0,,0,0,0,0,0,N,206,0,1,0,0,0,0,0,3,4,0,1,7,,N,,,,,,,,,,,
2021024542,1310.0,1,0,0,0,0,0,0,0,0,4,0,,67,3,2021,6,39.9894,-75.191,1246.0,6,0,0,0,0,0,0,0,0,,0,0,0,12,1,0,2,,0,39 59:21.850,,0,75 11:27.549,0,0,0,0,67301,0,0,0,N,0,0,0,2,67301,0,,1,1,,N,N,N,0,,0,0,0,3,3,,1221,0,2,0,0,0,0,0,3,4,0,2,3,3.0,N,,,,,,,,,,,
2021026344,1731.0,0,0,0,0,0,0,0,0,0,5,0,,67,3,2021,5,39.9945,-75.1331,1727.0,6,0,0,0,0,0,0,0,0,,0,0,0,14,1,0,0,N,0,39 59:40.090,,0,75 07:59.110,0,0,0,0,67301,0,0,0,N,0,0,0,1,67301,0,,6,9,,N,N,N,1,,0,0,2,0,0,,1400,0,3,0,0,0,0,0,3,4,0,3,7,,N,,,,,,,,,,,
2021024522,2359.0,2,0,0,0,0,0,0,0,0,6,0,,67,3,2021,6,40.0518,-75.178,2353.0,6,0,0,1,0,0,0,0,0,,0,0,0,22,3,0,0,N,0,40 03:06.320,,0,75 10:40.970,9,0,0,0,67301,0,0,0,N,0,0,0,1,67301,0,,6,1,,N,N,N,0,,0,0,1,0,0,,2245,0,4,0,0,0,0,1,3,4,1,4,3,3.0,N,,,,,,,,,,,
2021049076,2018.0,0,0,0,0,0,0,0,0,0,8,0,,67,5,2021,7,40.0232,-75.1305,2013.0,6,0,0,0,0,0,0,0,0,,0,0,0,19,1,1,2,,0,40 01:23.444,,0,75 07:49.695,3,0,0,0,67301,1,0,0,N,1,0,0,1,67301,0,,1,1,,N,N,N,0,,1,0,1,9,3,,1915,1,2,0,0,0,0,0,3,4,0,1,3,3.0,N,,,,,,,,,,,
2021024581,2100.0,1,0,0,0,0,0,0,0,0,4,0,,67,3,2021,6,40.0204,-75.1569,2100.0,6,0,0,0,0,0,1,0,0,,0,0,0,20,3,1,2,,2,40 01:13.546,5.0,0,75 09:24.699,8,0,0,0,67301,0,0,0,N,0,0,0,2,67301,0,,1,1,2130.0,N,N,N,0,,0,0,1,0,0,Y,2045,1,3,0,0,0,1,0,3,4,1,3,3,3.0,N,,,,,,,,,,,
2021045361,2128.0,2,0,0,0,0,0,0,0,0,4,0,,67,5,2021,2,39.9639,-75.1387,2121.0,6,0,1,0,0,0,0,0,0,,0,0,0,21,3,0,0,N,0,39 57:50.210,,0,75 08:19.198,0,0,0,0,67301,0,0,0,N,0,0,0,2,68K01,0,,1,1,,N,N,N,0,,0,0,0,0,0,,2118,0,2,0,0,0,0,0,3,4,0,2,3,3.0,N,,,,,,,,,,,
2021018923,418.0,3,0,0,0,0,0,0,0,0,5,0,,67,2,2021,4,39.9258,-75.1575,413.0,6,0,0,0,0,0,0,0,0,,0,0,0,4,3,0,0,N,0,39 55:32.910,,0,75 09:27.170,0,0,0,0,67301,0,0,0,N,0,0,0,1,67301,0,,6,1,,N,N,N,0,,0,0,0,0,0,,405,0,3,0,0,0,0,0,3,4,0,3,3,3.0,N,,,,,,,,,,,
2021043994,1710.0,1,0,0,0,0,0,0,0,0,4,0,,67,5,2021,6,40.0522,-75.0931,1644.0,6,0,0,0,1,0,0,0,0,,0,0,0,16,1,1,1,,0,40 03:07.828,,0,75 05:35.123,8,0,0,1,67301,0,0,0,N,0,0,0,2,67301,0,,1,1,,N,N,N,0,,0,0,0,3,3,,1644,1,2,0,0,0,1,0,3,4,0,2,3,3.0,N,,,,,,,,,,,
2021022057,2133.0,0,0,0,0,0,0,0,0,0,7,0,,67,3,2021,2,39.987,-75.2447,2133.0,6,0,0,0,0,0,0,0,0,,0,0,0,21,3,0,0,N,2,39 59:13.220,4.0,0,75 14:40.870,0,0,0,0,67301,0,0,0,N,0,0,0,1,67301,0,,5,1,2200.0,N,N,N,0,,0,0,2,0,0,N,2113,0,2,0,0,1,0,0,3,4,0,2,3,3.0,N,,,,,,,,,,,
2021021761,1619.0,0,0,0,0,0,0,0,0,0,4,0,,67,3,2021,3,39.9884,-75.1174,1613.0,6,0,0,0,0,0,0,0,0,,0,0,0,16,1,0,1,,1,39 59:18.121,2.0,0,75 07:02.495,0,0,0,0,67301,0,0,0,N,0,0,0,2,67301,0,,1,1,1729.0,N,N,N,0,,0,0,2,3,3,Y,1605,0,2,0,0,0,0,0,3,4,0,2,3,3.0,N,,,,,,,,,,,
2021044113,33.0,0,0,0,0,0,0,1,0,0,4,1,,67,5,2021,6,39.9363,-75.1939,26.0,6,0,0,0,0,0,1,0,0,,0,0,0,0,3,2,1,,0,39 56:10.582,,0,75 11:37.939,3,0,0,0,67301,0,0,0,N,0,0,0,2,67301,0,,1,1,,N,N,N,0,,2,0,1,3,3,,10,2,2,0,0,1,0,0,3,4,0,2,3,,N,,,,,,,,,,,
2021019423,1519.0,1,0,0,0,0,0,0,0,0,1,0,,67,2,2021,5,40.0119,-75.0862,1509.0,6,0,0,0,0,0,1,0,0,,0,0,0,14,1,0,1,,0,40 00:42.710,,0,75 05:10.233,0,0,0,0,67301,0,0,0,N,0,0,0,3,67301,0,,1,1,,N,N,N,0,,0,0,1,3,3,,1444,0,2,0,0,1,0,0,3,4,0,2,3,,N,,,,,,,,,,,
2021021035,1630.0,1,0,0,0,0,0,0,0,0,4,0,,67,3,2021,3,40.0268,-75.1171,1626.0,6,0,0,0,0,0,1,0,0,,0,0,0,16,1,1,1,,0,40 01:36.458,,0,75 07:02.143,3,0,0,0,67301,0,0,0,N,0,0,0,2,67301,0,,1,1,,N,N,N,0,,1,0,1,2,2,,1615,1,2,0,0,0,0,0,3,4,0,2,3,3.0,N,,,,,,,,,,,
2021025493,1859.0,2,0,0,0,0,0,0,0,0,4,0,,67,3,2021,4,40.048,-75.0928,1857.0,6,0,0,0,0,0,0,0,0,,0,0,0,18,3,1,1,,0,40 02:52.866,,0,75 05:34.153,3,0,0,0,67301,0,0,0,N,0,0,0,2,67301,0,,1,1,,N,N,N,0,,1,0,1,3,3,,1849,1,3,0,0,0,0,0,3,4,0,3,3,,N,,,,,,,,,,,
2021025012,1239.0,2,0,0,0,0,0,0,0,0,4,0,,67,3,2021,1,40.0057,-75.099,1236.0,6,0,0,0,0,0,0,0,1,,0,0,0,12,1,2,1,,1,40 00:20.692,2.0,0,75 05:56.577,3,0,0,0,67301,0,0,0,N,0,0,0,3,67301,0,,1,1,50.0,N,N,N,0,,2,0,0,3,2,N,1231,2,2,0,0,0,0,0,3,4,0,2,3,3.0,N,,,,,,,,,,,
2021026264,2252.0,1,0,0,0,0,0,0,0,0,7,0,,67,3,2021,5,39.961,-75.1616,2250.0,6,0,0,0,0,0,0,0,0,,0,0,0,22,3,0,2,,0,39 57:39.647,,0,75 09:41.893,0,0,0,0,67301,0,0,0,N,0,0,0,1,67301,0,,3,9,,N,N,N,0,,0,0,0,0,0,,2248,0,1,0,0,1,0,0,3,4,0,1,7,7.0,N,,,,,,,,,,,
2021025193,1003.0,1,0,0,0,0,0,0,0,0,4,0,,67,3,2021,3,39.9996,-75.1905,948.0,6,0,0,0,1,0,0,0,0,,0,0,0,9,1,1,2,,1,39 59:58.717,4.0,0,75 11:25.759,3,0,0,0,67301,0,0,0,N,0,0,0,3,67301,0,,1,1,1030.0,N,N,N,0,,1,0,1,3,2,N,940,1,2,0,0,0,0,0,3,4,0,2,4,3.0,N,,,,,,,,,,,
2021025274,1715.0,3,0,0,0,0,0,0,0,0,1,0,,67,3,2021,3,39.9773,-75.1581,1714.0,6,0,0,0,0,0,0,0,0,,0,0,0,17,1,1,1,,1,39 58:38.118,1.0,0,75 09:29.146,4,0,0,0,67301,0,0,0,N,0,0,0,2,67301,1,,1,9,1901.0,N,N,N,0,,0,0,0,3,2,Y,1712,1,3,0,0,0,0,0,3,4,0,3,4,4.0,N,,,,,,,,,,,
2021027018,2338.0,2,0,0,0,0,0,0,0,0,4,0,,67,3,2021,7,39.98,-75.2329,2336.0,6,0,0,0,0,0,1,0,0,,0,0,0,23,3,1,0,N,2,39 58:47.979,6.0,0,75 13:58.520,8,0,0,0,67301,0,0,0,N,0,0,0,2,67301,0,,1,1,100.0,N,N,N,0,,0,0,0,0,0,Y,2330,1,2,0,0,0,1,0,3,4,0,2,3,3.0,N,,,,,,,,,,,
2021025693,1122.0,2,0,0,0,0,0,0,0,0,4,0,,67,3,2021,5,40.0268,-75.1252,1106.0,6,0,0,0,0,0,0,0,0,,0,0,0,10,1,1,1,,0,40 01:36.591,,0,75 07:30.698,3,0,0,0,67301,0,0,0,N,0,0,0,2,67301,0,,1,9,,N,N,N,0,,1,0,0,3,3,,1030,1,2,0,0,1,0,0,3,4,0,2,7,,N,,,,,,,,,,,
2021025457,2101.0,1,0,0,0,0,0,0,0,0,1,0,,67,3,2021,6,39.9446,-75.1913,2050.0,6,0,1,0,0,0,0,0,0,,0,0,0,20,3,0,6,,1,39 56:41.760,4.0,2,75 11:27.450,0,0,0,0,67301,0,0,0,N,0,0,0,2,68K01,0,,7,1,2105.0,N,N,N,0,,0,0,1,3,4,Y,2048,0,2,0,0,0,0,0,3,4,0,2,3,,N,,,,,,,,,,,
2021027892,1711.0,2,0,0,0,0,0,0,0,0,4,0,,67,3,2021,4,40.0572,-75.1583,1703.0,6,0,0,0,0,0,0,0,0,,0,0,0,16,1,1,3,,0,40 03:25.754,,0,75 09:29.847,3,0,0,0,67301,0,0,0,N,0,0,0,1,67301,0,,1,9,,N,N,N,0,,1,0,1,3,3,,1642,1,3,0,0,0,0,0,3,4,0,3,7,,N,,,,,,,,,,,
2021048925,200.0,1,0,0,0,0,0,0,0,0,6,0,,67,5,2021,6,39.9852,-75.1474,154.0,6,0,0,0,0,0,0,0,0,,0,0,0,1,3,0,0,N,2,39 59:06.550,4.0,0,75 08:50.570,0,0,0,0,67301,0,0,0,N,0,0,0,1,67301,0,,6,1,250.0,N,N,N,1,,0,0,0,0,0,Y,145,0,2,0,0,0,0,0,3,4,0,2,3,3.0,N,,,,,,,,,,,
2021024567,2033.0,1,0,0,0,0,0,0,0,0,4,0,,67,3,2021,6,39.9815,-75.1173,2025.0,6,0,0,0,0,0,0,0,0,,0,0,0,20,3,0,1,,0,39 58:53.344,,0,75 07:02.419,9,0,0,0,67301,0,0,0,N,0,0,0,2,67301,0,,1,1,,N,N,N,0,,0,0,1,3,1,,2023,0,2,0,0,0,0,1,3,4,0,2,3,3.0,N,,,,,,,,,,,
2021049188,2020.0,0,0,0,0,0,0,0,0,0,4,0,,67,5,2021,7,40.0216,-75.1607,2018.0,6,0,0,0,0,0,1,0,0,,0,0,0,20,3,1,0,N,1,40 01:17.654,1.0,1,75 09:38.504,3,0,0,0,67301,0,0,0,N,0,0,0,2,67301,0,,1,9,2050.0,N,N,N,0,,1,0,2,3,2,N,2015,1,2,0,0,0,0,1,3,4,0,2,7,4.0,N,,,,,,,,,,,
2021026198,1638.0,1,0,0,0,0,0,0,0,0,4,0,,67,3,2021,1,39.9022,-75.2472,1631.0,6,0,0,0,0,0,0,1,0,,0,0,0,16,1,0,1,,0,39 54:07.916,,0,75 14:49.757,9,0,0,0,67301,0,0,0,N,0,0,0,2,67301,0,,1,1,,N,N,N,0,,0,0,1,0,0,,1615,0,2,0,0,0,0,1,3,4,0,2,3,3.0,N,,,,,,,,,,,
2021026034,1820.0,0,0,0,0,0,0,0,0,0,4,0,,67,3,2021,5,40.0171,-75.1717,1816.0,6,0,0,0,0,0,0,0,0,,0,0,0,18,1,2,0,N,0,40 01:01.613,,0,75 10:17.974,4,0,0,0,67301,0,0,0,N,0,0,0,2,67301,2,,1,9,,N,Y,N,0,,0,0,2,0,0,,1802,2,2,0,0,2,0,0,3,4,0,2,7,7.0,N,,,,,,,,,,,
2021019922,1132.0,3,0,0,0,0,0,0,0,0,4,0,,67,2,2021,7,40.0539,-75.1577,1127.0,6,0,0,0,0,0,0,0,0,,0,0,0,11,1,3,0,N,2,40 03:14.020,6.0,0,75 09:27.540,3,0,0,0,67301,0,0,0,N,0,0,0,3,67301,0,,1,9,1132.0,N,N,N,0,,3,0,0,0,0,Y,1109,3,3,0,0,0,0,0,3,4,0,3,7,4.0,N,,,,,,,,,,,
2021020367,953.0,0,0,0,0,0,0,0,0,0,5,0,,67,2,2021,2,40.0111,-75.0618,953.0,6,0,0,0,0,0,2,0,0,,0,0,0,9,1,0,0,N,1,40 00:40.073,2.0,0,75 03:42.493,0,0,0,0,67301,0,0,0,N,0,0,0,3,68K01,0,,1,1,25.0,N,N,Y,1,,0,0,2,0,0,N,953,0,3,0,0,0,0,0,3,4,0,3,3,3.0,N,,,,,,,,,,,
2021020801,113.0,1,0,0,0,0,0,0,0,0,5,0,,67,2,2021,1,39.9578,-75.1621,109.0,6,0,0,0,0,0,0,0,0,,0,0,0,1,3,0,0,N,1,39 57:28.132,3.0,0,75 09:43.512,0,0,0,0,67301,1,0,0,N,0,0,0,2,68K01,0,,2,1,115.0,N,N,N,0,,0,0,0,0,0,N,108,0,2,0,0,0,0,0,3,4,1,2,3,3.0,N,,,,,,,,,,,
2021019684,1600.0,2,0,0,0,0,0,0,0,0,4,0,,67,2,2021,6,40.0331,-75.1706,1554.0,6,0,0,0,0,0,0,0,0,,0,0,0,15,1,0,1,,1,40 01:59.290,4.0,0,75 10:14.198,9,0,0,0,67301,0,0,0,N,0,0,0,2,67301,0,,1,1,1624.0,N,N,N,0,,0,0,0,3,2,Y,1530,0,2,0,0,0,0,1,3,4,0,2,3,3.0,N,,,,,,,,,,,
2021045210,2020.0,1,0,0,0,0,0,0,0,0,8,0,,67,5,2021,2,39.9926,-75.1462,2011.0,6,0,0,0,0,0,0,0,0,,0,0,0,20,3,1,0,N,0,39 59:33.290,,0,75 08:46.190,3,0,0,0,67301,1,0,0,N,1,0,0,2,67301,0,,1,1,,N,N,N,0,,1,0,0,0,0,,2005,1,2,0,0,0,0,0,3,4,0,1,3,,N,,,,,,,,,,,
2021019907,2030.0,1,0,0,0,0,0,0,0,0,5,0,,67,2,2021,7,39.9811,-75.1623,2025.0,6,0,0,0,0,0,1,0,0,,0,0,0,20,3,1,0,Y,2,39 58:52.100,2.0,0,75 09:44.300,3,0,0,0,67301,0,0,0,N,0,0,0,1,67505,0,,6,1,2055.0,N,N,N,0,,1,0,1,0,0,Y,2023,1,2,0,0,0,0,0,3,4,0,2,3,3.0,N,,,,,,,,,,,
2021025271,2115.0,1,0,0,0,0,0,0,0,0,5,0,,67,3,2021,6,39.954,-75.2486,2111.0,6,0,0,0,0,0,0,0,0,,0,0,0,21,3,0,0,N,0,39 57:14.401,,0,75 14:54.848,0,0,0,0,67301,0,0,0,N,0,0,0,1,67301,0,,6,1,,N,N,N,0,,0,0,1,0,0,,2110,0,2,0,0,0,0,0,3,4,0,2,3,,N,,,,,,,,,,,
2021024822,1116.0,1,0,0,0,0,0,0,0,0,5,0,,67,3,2021,7,39.9422,-75.2358,1116.0,6,0,0,0,0,0,0,0,0,,0,0,0,11,1,0,0,N,2,39 56:31.800,5.0,0,75 14:08.900,0,0,0,0,67301,0,0,0,N,0,0,0,1,67301,0,,6,1,115.0,N,N,N,0,,0,0,1,0,0,Y,1116,0,2,0,0,0,0,0,3,4,0,2,3,3.0,N,,,,,,,,,,,
2021025367,906.0,1,0,0,0,0,0,0,0,0,5,0,,67,3,2021,4,40.017,-75.1716,903.0,6,0,0,0,0,0,1,0,0,,0,0,0,8,1,0,0,N,0,40 01:01.236,,0,75 10:17.910,0,0,0,0,67301,0,0,0,N,0,0,0,2,67301,0,,1,9,,N,N,N,0,,0,0,1,0,0,,825,0,2,0,0,0,0,0,3,4,0,2,4,,N,,,,,,,,,,,
2021024568,138.0,1,0,0,0,0,0,0,0,0,7,0,,67,3,2021,7,39.9749,-75.1216,135.0,6,0,0,0,0,0,0,0,0,,0,0,0,1,3,0,0,N,0,39 58:29.544,,0,75 07:17.826,0,0,0,0,67301,0,0,0,N,0,0,0,1,67301,0,,4,1,,N,N,N,0,,0,0,0,3,2,,134,0,1,0,0,0,0,0,3,4,0,1,3,3.0,N,,,,,,,,,,,
2021045228,2305.0,2,0,0,0,0,0,0,0,0,1,0,,67,5,2021,3,39.9217,-75.19,2305.0,6,0,0,0,0,0,0,0,0,,0,0,0,22,3,1,1,,1,39 55:18.061,4.0,0,75 11:24.286,8,0,0,0,67301,0,0,0,N,0,0,0,2,67301,0,,1,1,2345.0,N,N,N,0,,0,0,0,3,2,N,2245,1,2,0,0,0,1,0,3,4,0,2,3,3.0,N,,,,,,,,,,,
2021044432,1348.0,2,0,0,0,0,0,0,0,0,4,1,,67,5,2021,5,40.114,-74.9876,1342.0,6,0,0,0,0,0,1,0,1,,0,1,0,13,1,1,1,,0,40 06:50.525,,0,74 59:15.412,2,0,0,0,67301,0,0,0,N,0,0,0,3,67301,0,,1,1,,N,N,N,0,,0,1,0,3,2,,1320,1,3,0,0,0,0,0,3,4,0,3,3,3.0,N,,,,,,,,,,,
2021020555,2141.0,0,0,0,0,0,0,0,0,0,7,0,,67,2,2021,2,40.0451,-75.0013,2131.0,6,0,0,0,0,0,0,0,0,,0,0,0,21,3,0,0,N,0,40 02:42.324,,2,75 00:04.780,0,0,0,0,67301,0,0,0,Y,0,0,0,1,68K01,0,,1,9,,N,N,Y,0,,0,0,1,0,0,,2131,0,1,0,0,0,0,0,3,4,0,1,3,,N,,,,,,,,,,,
2021044681,800.0,0,0,0,0,0,0,0,0,0,1,0,,67,5,2021,3,39.9775,-75.2003,800.0,6,0,0,0,0,0,0,0,0,,0,0,0,7,1,1,0,N,1,39 58:38.900,4.0,0,75 12:01.109,3,0,0,0,67301,0,0,0,N,0,0,0,4,68K01,0,,1,1,810.0,N,N,N,1,,1,0,2,0,0,N,759,1,3,0,0,0,0,0,3,4,0,3,3,,N,,,,,,,,,,,
2021025437,2301.0,1,0,0,0,0,0,0,0,0,7,0,,67,3,2021,3,39.919,-75.148,2255.0,6,0,0,0,0,0,0,0,0,,0,0,0,22,3,1,0,N,1,39 55:08.222,2.0,3,75 08:52.972,8,0,0,0,67301,0,0,0,N,0,0,0,1,68K01,0,,3,1,15.0,N,N,N,0,,0,0,0,0,0,N,2241,1,1,0,0,1,1,0,3,4,0,1,3,3.0,N,,,,,,,,,,,
2021044774,1930.0,1,0,0,0,0,0,0,0,0,8,0,,67,5,2021,6,40.0355,-75.1307,1926.0,6,0,0,0,0,0,0,0,0,,0,0,0,19,4,1,0,N,0,40 02:07.940,,0,75 07:50.530,8,0,0,0,67301,1,0,0,N,1,0,0,2,67301,0,,1,1,,N,N,N,0,,0,0,0,0,0,,1910,1,2,0,0,0,1,0,3,4,0,1,3,3.0,N,,,,,,,,,,,
2021050686,1718.0,1,0,0,0,0,0,0,0,0,4,0,,67,5,2021,2,39.9997,-75.1385,1718.0,6,0,0,0,0,0,1,0,0,,0,0,0,17,1,0,1,,0,39 59:59.077,,0,75 08:18.677,9,0,0,0,67301,0,0,0,N,0,0,0,3,67301,0,,1,1,,N,N,N,1,,0,0,0,3,2,,1715,0,2,0,0,2,0,1,3,4,0,2,3,3.0,N,,,,,,,,,,,
2021051174,1410.0,0,0,0,0,0,0,0,0,0,4,0,,67,6,2021,4,39.9673,-75.157,1359.0,6,0,0,0,0,0,0,0,0,,0,0,0,13,1,1,0,N,0,39 58:02.120,,0,75 09:25.180,3,0,0,0,67301,0,0,0,N,0,0,0,2,67301,0,,1,1,,N,N,N,0,,1,0,1,0,0,,1356,1,2,0,0,0,0,0,3,4,0,2,3,3.0,N,,,,,,,,,,,
2021049633,626.0,1,0,0,0,0,0,0,0,0,7,0,,67,5,2021,1,40.0309,-75.0218,604.0,6,0,0,0,0,0,0,0,0,,0,0,0,5,5,1,0,N,0,40 01:51.336,,0,75 01:18.427,8,0,0,0,67301,0,0,0,N,0,0,0,2,68K01,0,,4,9,,N,N,N,0,,0,0,0,3,8,,553,1,1,0,0,0,1,0,3,4,0,1,7,,N,,,,,,,,,,,
2021050982,1954.0,1,0,0,0,0,0,0,0,0,4,0,,67,6,2021,4,40.027,-75.1074,1948.0,6,0,0,0,0,0,0,1,0,,0,0,0,19,1,0,0,N,1,40 01:37.299,3.0,0,75 06:26.434,9,0,0,0,67301,0,0,0,N,0,0,0,1,67301,0,,1,1,2045.0,N,N,N,1,,0,0,1,0,0,Y,1944,0,3,0,0,0,0,1,3,4,0,3,3,,N,,,,,,,,,,,
2021025211,710.0,1,0,0,0,0,0,0,0,0,4,0,,67,3,2021,3,39.9614,-75.247,700.0,6,0,0,0,0,0,0,0,0,,0,0,0,6,5,1,0,N,0,39 57:40.887,,7,75 14:49.165,3,0,0,0,67301,0,0,0,N,0,0,0,2,67301,0,,1,1,,N,N,N,0,,1,0,1,0,0,,600,1,2,0,0,0,0,0,3,4,0,2,3,3.0,N,,,,,,,,,,,
2021024526,745.0,1,0,0,0,0,0,0,0,0,4,0,,67,3,2021,1,40.0256,-75.0582,735.0,6,0,0,0,0,0,1,0,0,,0,0,0,6,1,1,1,,0,40 01:32.306,,0,75 03:29.519,3,0,0,0,67301,0,0,0,N,0,0,0,2,67301,0,,1,1,,N,N,N,0,,1,0,1,3,2,,630,1,2,0,0,0,0,0,3,4,0,2,3,3.0,N,,,,,,,,,,,