CRN,ARRIVAL_TM,AUTOMOBILE_COUNT,BELTED_DEATH_COUNT,BELTED_SUSP_SERIOUS_INJ_COUNT,BICYCLE_COUNT,BICYCLE_DEATH_COUNT,BICYCLE_SUSP_SERIOUS_INJ_COUNT,BUS_COUNT,CHLDPAS_DEATH_COUNT,CHLDPAS_SUSP_SERIOUS_INJ_COUNT,COLLISION_TYPE,COMM_VEH_COUNT,CONS_ZONE_SPD_LIM,COUNTY,CRASH_MONTH,CRASH_YEAR,DAY_OF_WEEK,DEC_LAT,DEC_LONG,DISPATCH_TM,DISTRICT,DRIVER_COUNT_16YR,DRIVER_COUNT_17YR,DRIVER_COUNT_18YR,DRIVER_COUNT_19YR,DRIVER_COUNT_20YR,DRIVER_COUNT_50_64YR,DRIVER_COUNT_65_74YR,DRIVER_COUNT_75PLUS,EST_HRS_CLOSED,FATAL_COUNT,HEAVY_TRUCK_COUNT,HORSE_BUGGY_COUNT,HOUR_OF_DAY,ILLUMINATION,INJURY_COUNT,INTERSECT_TYPE,INTERSECTION_RELATED,LANE_CLOSED,LATITUDE,LN_CLOSE_DIR,LOCATION_TYPE,LONGITUDE,MAX_SEVERITY_LEVEL,MCYCLE_DEATH_COUNT,MCYCLE_SUSP_SERIOUS_INJ_COUNT,MOTORCYCLE_COUNT,MUNICIPALITY,NONMOTR_COUNT,NONMOTR_DEATH_COUNT,NONMOTR_SUSP_SERIOUS_INJ_COUNT,NTFY_HIWY_MAINT,PED_COUNT,PED_DEATH_COUNT,PED_SUSP_SERIOUS_INJ_COUNT,PERSON_COUNT,POLICE_AGCY,POSSIBLE_INJ_COUNT,RDWY_SURF_TYPE_CD,RELATION_TO_ROAD,ROAD_CONDITION,ROADWAY_CLEARED,SCH_BUS_IND,SCH_ZONE_IND,SECONDARY_CRASH,SMALL_TRUCK_COUNT,SPEC_JURIS_CD,SUSP_MINOR_INJ_COUNT,SUSP_SERIOUS_INJ_COUNT,SUV_COUNT,TCD_FUNC_CD,TCD_TYPE,TFC_DETOUR_IND,TIME_OF_DAY,TOT_INJ_COUNT,TOTAL_UNITS,UNB_DEATH_COUNT,UNB_SUSP_SERIOUS_INJ_COUNT,UNBELTED_OCC_COUNT,UNK_INJ_DEG_COUNT,UNK_INJ_PER_COUNT,URBAN_AREA,URBAN_RURAL,VAN_COUNT,VEHICLE_COUNT,WEATHER1,WEATHER2,WORK_ZONE_IND,WORK_ZONE_LOC,WORK_ZONE_TYPE,WORKERS_PRES,WZ_CLOSE_DETOUR,WZ_FLAGGER,WZ_LAW_OFFCR_IND,WZ_LN_CLOSURE,WZ_MOVING,WZ_OTHER,WZ_SHLDER_MDN,WZ_WORKERS_INJ_KILLED
2021050687,2030.0,1,0,0,0,0,0,0,0,0,1,0,,67,6,2021,3,40.0299,-75.1591,2030.0,6,0,0,0,0,0,0,0,0,,0,0,0,23,6,0,0,N,0,40 01:47.770,,99,75 09:32.600,0,0,0,0,67301,0,0,0,N,0,0,0,0,67301,0,,9,99,,N,N,N,0,,0,0,0,0,0,,2330,0,2,0,0,0,0,0,3,4,0,2,99,,N,,,,,,,,,,,
2021019833,1240.0,1,0,0,0,0,0,0,0,0,5,1,,67,2,2021,7,40.0073,-75.0735,1210.0,6,0,0,0,0,0,0,0,0,,0,1,0,12,1,1,0,N,0,40 00:26.266,,0,75 04:24.593,3,0,0,0,67301,0,0,0,N,0,0,0,2,67301,0,,1,9,,N,N,N,0,,1,0,0,0,0,,1205,1,2,0,0,0,0,0,3,4,0,2,4,,N,,,,,,,,,,,
2021018928,921.0,1,0,1,0,0,0,0,0,0,1,0,,67,2,2021,2,40.0002,-75.1405,920.0,6,0,0,0,0,0,0,0,0,,0,0,0,8,1,2,0,Y,0,40 00:00.820,,0,75 08:25.620,2,0,0,0,67301,0,0,0,N,0,0,0,3,67301,0,,1,2,,N,N,N,0,,1,1,0,3,2,,830,2,2,0,0,1,0,1,3,4,1,2,10,,N,,,,,,,,,,,
2021021031,1136.0,1,0,0,0,0,0,0,0,0,4,0,,67,2,2021,1,39.9249,-75.1729,1135.0,6,0,0,0,0,0,1,0,0,,0,0,0,11,1,0,5,,0,39 55:29.456,,0,75 10:22.766,0,0,0,0,67301,0,0,0,N,0,0,0,2,67301,0,,1,9,,N,N,N,0,,0,0,1,3,2,,1135,0,2,0,0,0,0,0,3,4,0,2,7,4.0,N,,,,,,,,,,,
2021045695,1607.0,1,0,0,0,0,0,0,0,0,4,0,,67,5,2021,4,40.0166,-75.171,1607.0,6,0,0,0,0,0,0,0,0,,0,0,0,16,1,0,0,N,0,40 00:59.619,,0,75 10:15.658,0,0,0,0,67301,0,0,0,N,0,0,0,2,67301,0,,1,1,,N,N,N,1,,0,0,0,0,0,,1605,0,2,0,0,0,0,0,3,4,0,2,3,,N,,,,,,,,,,,
2021045417,1328.0,0,0,0,0,0,0,0,0,0,8,0,,67,5,2021,3,39.9666,-75.1548,1323.0,6,0,0,0,0,0,0,0,0,,0,0,0,13,1,1,0,N,2,39 57:59.780,3.0,0,75 09:17.400,2,0,0,0,67301,1,0,1,N,1,0,1,2,67301,0,,1,1,100.0,N,N,N,0,,0,1,1,0,0,N,1321,1,2,0,0,0,0,0,3,4,0,1,3,,N,,,,,,,,,,,
2021022060,1559.0,1,0,0,0,0,0,0,0,0,2,0,,67,3,2021,3,40.0141,-75.1277,1556.0,6,0,0,0,0,0,0,0,0,,0,0,0,15,1,2,0,N,1,40 00:50.660,3.0,0,75 07:39.780,3,0,0,0,67301,0,0,0,N,0,0,0,4,67301,0,,1,1,1753.0,N,N,N,0,,2,0,1,0,0,N,1534,2,2,0,0,0,0,0,3,4,0,2,3,3.0,N,,,,,,,,,,,
2021044022,1617.0,2,0,0,0,0,0,0,0,0,4,1,,67,5,2021,5,40.0101,-75.1214,1615.0,6,0,0,0,0,0,1,0,0,,0,1,0,16,1,0,1,,0,40 00:36.450,,0,75 07:17.168,0,0,0,0,67301,0,0,0,N,0,0,0,3,67301,0,,1,1,,N,N,N,0,,0,0,0,3,2,,1615,0,3,0,0,0,0,0,3,4,0,3,3,,N,,,,,,,,,,,
2021021696,1630.0,1,0,0,0,0,0,0,0,0,4,0,,67,3,2021,2,40.0352,-75.1455,1630.0,6,0,0,0,0,0,0,0,0,,0,0,0,16,1,1,1,,0,40 02:06.768,,0,75 08:43.662,3,0,0,0,67301,0,0,0,N,0,0,0,2,67301,0,,1,1,,N,N,N,0,,1,0,1,2,2,,1625,1,2,0,0,0,0,0,3,4,0,2,3,,N,,,,,,,,,,,
2021045725,1003.0,1,0,0,0,0,0,0,0,0,1,0,,67,5,2021,4,39.9595,-75.1757,950.0,6,0,0,0,0,0,1,0,0,,0,0,0,9,1,0,0,N,2,39 57:34.122,3.0,0,75 10:32.383,9,0,0,0,67301,0,0,0,N,0,0,0,4,68K01,0,,1,1,5.0,N,N,N,0,,0,0,1,0,0,N,948,0,3,0,0,0,0,1,3,4,0,3,3,,N,,,,,,,,,,,
2021045421,1735.0,0,0,0,0,0,0,0,0,0,0,0,,67,5,2021,3,40.1318,-75.0127,1724.0,6,0,0,0,0,0,0,0,0,,0,0,0,17,1,1,1,,1,40 07:54.415,1.0,0,75 00:45.582,3,0,0,1,67301,0,0,0,N,0,0,0,1,67301,0,,1,4,1844.0,N,N,N,0,,1,0,0,0,0,N,1724,1,1,0,0,0,0,0,3,4,0,1,3,,N,,,,,,,,,,,
2021045359,1854.0,1,0,0,0,0,0,0,0,0,1,0,,67,5,2021,2,40.0032,-75.0777,1839.0,6,0,0,0,0,0,1,0,0,,0,0,0,18,1,2,0,N,0,40 00:11.342,,0,75 04:39.720,8,0,0,0,67301,0,0,0,N,0,0,0,3,68K01,0,,1,1,,N,N,N,1,,0,0,0,0,0,,1830,2,2,0,0,0,2,0,3,4,0,2,3,,N,,,,,,,,,,,
2021020211,1243.0,0,0,0,0,0,0,0,0,0,8,0,,67,2,2021,6,40.0367,-75.1739,1243.0,6,0,0,0,0,0,0,0,0,,0,0,0,11,1,1,2,,0,40 02:12.019,,0,75 10:25.881,8,0,0,0,67301,1,0,0,N,1,0,0,2,67301,0,,1,1,,N,N,N,0,,0,0,1,3,2,,1149,1,2,0,0,0,1,0,3,4,0,1,3,3.0,N,,,,,,,,,,,
2021044224,1614.0,3,0,0,0,0,0,0,0,0,4,0,,67,5,2021,7,40.037,-75.0365,1614.0,6,0,0,1,0,0,0,0,0,,0,0,0,14,1,1,1,N,0,40 02:13.106,,0,75 02:11.246,3,0,0,0,67301,0,0,0,N,0,0,0,3,67301,0,,1,1,,N,N,N,0,,1,0,0,3,3,,1430,1,3,0,0,1,0,0,3,4,0,3,3,3.0,N,,,,,,,,,,,
2021045899,643.0,2,0,0,0,0,0,0,0,0,1,1,,67,5,2021,3,39.9593,-75.1735,639.0,6,0,0,0,0,0,2,0,1,,0,1,0,6,1,0,0,N,1,39 57:33.621,4.0,0,75 10:24.720,0,0,0,0,67301,0,0,0,N,0,0,0,3,68K01,0,,1,1,730.0,N,N,N,0,,0,0,0,0,0,N,638,0,3,0,0,0,0,0,3,4,0,3,3,,N,,,,,,,,,,,
2021051176,216.0,1,0,0,0,0,0,0,0,0,2,0,,67,6,2021,5,39.9546,-75.226,214.0,6,0,0,0,0,0,0,0,0,,0,1,0,2,3,0,1,N,0,39 57:16.529,,0,75 13:33.605,0,0,0,0,67301,0,0,0,N,0,0,0,1,67301,0,,1,1,,N,N,N,0,,0,0,0,0,0,,214,0,2,0,0,1,0,0,3,4,0,2,3,3.0,N,,,,,,,,,,,
2021026268,1129.0,1,0,0,0,0,0,0,0,0,1,0,,67,3,2021,5,40.0388,-75.0355,1125.0,6,0,0,0,0,0,0,0,0,,0,0,0,11,1,1,0,N,0,40 02:19.523,,0,75 02:07.848,3,0,0,0,67301,0,0,0,N,0,0,0,1,67301,0,,6,9,,N,N,Y,0,,1,0,2,0,0,,1117,1,3,0,0,0,0,0,3,4,0,3,7,7.0,N,,,,,,,,,,,
2021049139,545.0,1,0,0,0,0,0,0,0,0,4,0,,67,5,2021,6,39.9751,-75.1164,537.0,6,0,0,0,0,0,1,0,0,,0,0,0,5,5,1,0,N,2,39 58:30.272,1.0,0,75 06:59.165,8,0,0,0,67301,0,0,0,N,0,0,0,3,68K01,0,,1,1,630.0,N,N,N,0,,0,0,1,0,0,N,536,1,2,0,0,0,1,0,3,4,0,2,3,3.0,N,,,,,,,,,,,
2021024848,1841.0,0,0,0,0,0,0,0,0,0,4,0,,67,3,2021,2,40.0945,-75.015,1839.0,6,0,0,0,0,0,0,0,0,,0,0,0,18,1,1,1,,1,40 05:40.347,1.0,0,75 00:54.154,4,0,0,0,67301,0,0,0,N,0,0,0,2,67301,1,,1,1,1906.0,N,N,N,0,,0,0,2,3,2,N,1830,1,2,0,0,0,0,0,3,4,0,2,3,,N,,,,,,,,,,,
2021027330,1900.0,2,0,0,0,0,0,0,0,0,4,0,,67,3,2021,7,39.9244,-75.17,1900.0,6,0,0,0,0,0,0,0,0,,0,0,0,19,4,1,0,N,2,39 55:27.899,6.0,0,75 10:11.924,8,0,0,0,67301,0,0,0,N,0,0,0,4,67301,0,,1,1,1920.0,N,N,N,0,,0,0,1,0,0,Y,1900,1,4,0,0,0,1,0,3,4,0,4,3,3.0,N,,,,,,,,,,,
2021025943,1058.0,1,0,0,0,0,0,0,0,0,5,0,,67,3,2021,5,39.9216,-75.1675,1045.0,6,0,0,0,1,0,0,0,0,,0,0,0,10,1,1,0,N,2,39 55:17.620,3.0,0,75 10:02.970,3,0,0,0,67301,0,0,0,N,0,0,0,1,67301,0,,6,9,1222.0,N,N,N,0,,1,0,2,0,0,Y,1044,1,3,0,0,0,0,0,3,4,0,3,7,,N,,,,,,,,,,,
2021049275,1128.0,1,0,0,0,0,0,0,0,0,4,0,,67,5,2021,7,40.0974,-74.9704,1115.0,6,0,0,0,0,0,0,0,0,,0,0,0,10,1,1,0,N,0,40 05:50.710,,0,74 58:13.380,3,0,0,0,67301,0,0,0,N,0,0,0,1,67301,0,,1,9,,N,N,N,0,,1,0,1,0,0,,1020,1,2,0,0,0,0,0,3,4,0,2,7,7.0,N,,,,,,,,,,,
2021021969,1435.0,1,0,0,0,0,0,0,0,0,4,0,,67,2,2021,2,39.9765,-75.1894,1428.0,6,0,0,0,0,0,0,0,0,,0,0,0,14,1,0,3,,0,39 58:35.233,,0,75 11:21.692,0,0,0,0,67301,0,0,0,N,0,0,0,2,67301,0,,1,6,,N,N,N,1,,0,0,0,3,3,,1427,0,2,0,0,0,0,0,3,4,0,2,7,4.0,N,,,,,,,,,,,
2021022784,1445.0,0,0,0,0,0,0,0,0,0,8,0,,67,3,2021,4,40.0275,-75.0984,1415.0,6,0,0,0,0,0,1,0,0,,0,0,0,13,1,1,0,N,0,40 01:38.990,,0,75 05:54.380,4,0,0,0,67301,1,0,0,N,1,0,0,2,67301,1,,1,1,,N,N,N,0,,0,0,1,0,0,,1350,1,2,0,0,1,0,0,3,4,0,1,3,3.0,N,,,,,,,,,,,
2021020331,253.0,2,0,0,0,0,0,0,0,0,6,0,,67,2,2021,1,40.0459,-75.1302,248.0,6,0,0,0,0,0,0,0,0,,0,0,0,2,3,2,0,N,0,40 02:45.087,,0,75 07:48.707,3,0,0,0,67301,0,0,0,N,0,0,0,2,67301,0,,6,1,,N,N,N,0,,2,0,1,0,0,,235,2,3,0,0,0,0,0,3,4,0,3,3,3.0,N,,,,,,,,,,,
2021020129,1829.0,1,0,0,0,0,0,0,0,0,7,0,,67,2,2021,1,39.9555,-75.1481,1828.0,6,0,0,0,0,0,0,0,0,,0,0,0,18,3,0,0,N,0,39 57:19.729,,2,75 08:53.156,0,0,0,0,67301,0,0,0,N,0,0,0,2,67501,0,,4,9,,N,N,N,0,,0,0,0,0,0,,1828,0,1,0,0,0,0,0,3,4,0,1,7,,N,,,,,,,,,,,
2021041573,125.0,0,0,0,0,0,0,0,0,0,1,1,,67,5,2021,6,39.8997,-75.242,114.0,6,0,0,0,0,0,0,0,0,,0,1,0,0,3,0,0,N,0,39 53:58.790,,0,75 14:31.130,0,0,0,0,67301,0,0,0,N,0,0,0,2,67301,0,,1,1,,N,N,N,0,,0,0,1,0,0,,53,0,2,0,0,1,0,0,3,4,0,2,3,3.0,N,,,,,,,,,,,
2021010350,1006.0,2,0,0,0,0,0,0,0,0,4,0,,67,1,2021,7,39.9737,-75.2508,1002.0,6,0,0,0,0,0,0,0,0,,0,0,0,9,1,0,1,,0,39 58:25.273,,0,75 15:03.002,0,0,0,0,67301,0,0,0,N,0,0,0,3,67301,0,,1,1,,N,N,N,2,,0,0,1,3,3,,943,0,6,0,0,0,0,0,3,4,1,6,3,3.0,N,,,,,,,,,,,
2021012837,539.0,1,0,0,0,0,0,0,0,0,5,0,,67,2,2021,1,40.031,-75.0359,532.0,6,0,0,0,0,0,0,0,0,,0,0,0,5,3,0,0,N,0,40 01:51.551,,0,75 02:09.326,0,0,0,0,67301,0,0,0,N,0,0,0,2,67301,0,,1,1,,N,N,N,0,,0,0,1,0,0,,511,0,2,0,0,0,0,0,3,4,0,2,3,3.0,N,,,,,,,,,,,
2021006002,1255.0,1,0,0,0,0,0,0,0,0,4,0,,67,1,2021,3,40.0798,-75.2008,1247.0,6,0,0,0,1,0,0,0,1,,0,0,0,12,1,2,0,N,0,40 04:47.199,,7,75 12:02.915,4,0,0,0,67301,0,0,0,N,0,0,0,2,67301,2,,1,1,,N,N,N,0,,0,0,1,0,0,,1245,2,2,0,0,0,0,0,3,4,0,2,3,3.0,N,,,,,,,,,,,
2021042335,1415.0,0,0,0,0,0,0,0,0,0,4,0,,67,5,2021,7,40.0166,-75.1496,1415.0,6,0,0,0,0,0,0,0,0,,0,0,0,14,1,0,0,N,2,40 00:59.727,2.0,7,75 08:58.713,0,0,0,0,67301,0,0,0,N,0,0,0,2,67301,0,,1,1,1528.0,N,N,N,0,,0,0,1,0,0,N,1412,0,2,0,0,0,0,0,3,4,0,2,3,3.0,N,,,,,,,,,,,
2021033616,830.0,4,0,0,0,0,0,0,0,0,5,1,,67,4,2021,3,39.9921,-75.155,827.0,6,0,0,0,0,0,1,0,0,,0,1,0,8,1,0,0,N,2,39 59:31.489,5.0,0,75 09:18.070,0,0,0,0,67301,0,0,0,N,0,0,0,5,67301,0,,1,1,1130.0,N,N,N,0,,0,0,0,0,0,Y,825,0,5,0,0,0,0,0,3,4,0,5,3,3.0,N,,,,,,,,,,,
2021009332,1800.0,1,0,0,0,0,0,0,0,0,4,0,,67,1,2021,1,39.947,-75.1647,1756.0,6,0,0,0,0,0,1,0,0,,0,0,0,17,3,0,1,,1,39 56:49.178,2.0,0,75 09:53.385,9,0,0,0,67301,0,0,0,N,0,0,0,3,67301,0,,1,1,1830.0,N,N,N,0,,0,0,1,3,2,Y,1755,0,2,0,0,0,0,2,3,4,0,2,3,3.0,N,,,,,,,,,,,
2021015238,100.0,2,0,0,0,0,0,0,0,0,5,0,,67,2,2021,4,39.957,-75.2133,143.0,6,0,0,0,0,0,0,1,0,,0,0,0,14,1,1,1,,0,39 57:25.253,,0,75 12:48.054,3,0,0,0,67301,0,0,0,N,0,0,0,3,67301,0,,1,1,,N,N,N,0,,1,0,0,3,2,,1400,1,2,0,0,1,0,2,3,4,0,2,3,98.0,N,,,,,,,,,,,
2021007893,302.0,1,0,0,0,0,0,0,0,0,7,0,,67,1,2021,2,39.9688,-75.1915,254.0,6,0,0,0,0,0,0,0,0,,0,0,0,2,3,3,0,N,2,39 58:07.703,4.0,0,75 11:29.327,3,0,0,0,67301,0,0,0,N,0,0,0,3,68K01,2,,3,1,20.0,N,N,N,0,,1,0,0,0,0,N,252,3,1,0,0,0,0,0,3,4,0,1,3,3.0,N,,,,,,,,,,,
2021014071,1718.0,0,0,0,0,0,0,0,0,0,7,0,35.0,67,2,2021,1,,,1718.0,6,0,0,0,0,0,0,0,0,,0,0,0,17,1,1,0,N,0,,,3,,3,0,0,0,67301,0,0,0,N,0,0,0,1,67501,0,,5,2,,N,N,N,0,,1,0,1,0,0,,1718,1,1,0,0,0,0,0,3,3,0,1,3,3.0,Y,5.0,1.0,N,,,N,,,,Y,N
2021022957,102.0,0,0,0,0,0,0,0,0,0,7,0,,67,2,2021,3,39.8928,-75.2246,52.0,6,0,0,0,0,0,0,0,0,,0,0,0,0,3,0,0,N,0,39 53:34.231,,8,75 13:28.636,0,0,0,0,67301,0,0,0,N,0,0,0,1,68K01,0,,4,2,,N,N,N,0,,0,0,1,0,0,,50,0,1,0,0,0,0,0,3,4,0,1,3,,N,,,,,,,,,,,
2021019947,233.0,4,0,0,0,0,0,0,0,0,5,0,,67,2,2021,5,39.9817,-75.1606,230.0,6,0,0,0,0,0,0,0,0,,0,0,0,2,3,0,0,N,2,39 58:54.217,1.0,0,75 09:38.031,9,0,0,0,67301,0,0,0,N,0,0,0,2,67505,0,,6,1,326.0,N,N,N,0,,0,0,2,0,0,Y,225,0,6,0,0,0,0,2,3,4,0,6,3,3.0,N,,,,,,,,,,,
2021046255,2248.0,2,0,1,0,0,0,0,0,0,1,0,,67,5,2021,5,39.9897,-75.2058,2246.0,6,0,0,0,0,0,0,1,0,,0,0,0,22,3,4,0,N,2,39 59:23.005,4.0,0,75 12:20.912,2,0,0,0,67301,0,0,0,N,0,0,0,4,68K01,1,,1,1,1130.0,N,N,N,0,,0,1,0,0,0,N,2242,4,2,0,0,1,2,0,3,4,0,2,3,,N,,,,,,,,,,,
2021046178,3.0,3,0,0,0,0,0,0,0,0,5,0,,67,5,2021,2,40.0189,-75.1643,2352.0,6,0,0,0,0,0,0,0,0,,0,0,0,23,3,1,0,N,0,40 01:08.027,,0,75 09:51.554,8,0,0,0,67301,0,0,0,N,0,0,0,1,67301,0,,1,1,,N,N,N,0,,0,0,0,0,0,,2328,1,3,0,0,0,1,0,3,4,0,3,3,3.0,N,,,,,,,,,,,
2021044728,551.0,1,0,0,0,0,0,0,0,0,1,1,45.0,67,5,2021,2,39.9963,-75.1969,551.0,6,0,0,0,0,0,0,0,0,,0,1,0,5,5,1,0,N,1,39 59:46.631,4.0,0,75 11:48.730,8,0,0,0,67301,0,0,0,N,0,0,0,3,68K01,0,,1,1,625.0,N,N,N,0,,0,0,1,0,0,N,550,1,3,0,0,0,1,0,3,4,0,3,3,3.0,Y,4.0,1.0,N,,,N,,,,Y,N
2021002833,842.0,0,0,0,0,0,0,0,0,0,7,0,,67,1,2021,3,39.9772,-75.1991,836.0,6,0,0,0,0,0,0,0,0,,0,0,0,8,1,0,0,N,2,39 58:37.783,4.0,0,75 11:56.823,0,0,0,0,67301,0,0,0,N,0,0,0,1,68K01,0,,3,1,45.0,N,N,N,0,,0,0,1,0,0,N,835,0,2,0,0,0,0,0,3,4,0,1,3,,N,,,,,,,,,,,
2021006037,255.0,1,0,0,0,0,0,0,0,0,4,0,,67,1,2021,1,39.9819,-75.1706,252.0,6,0,0,0,0,0,0,0,0,,0,0,0,2,3,1,1,,0,39 58:54.836,,0,75 10:14.109,8,0,0,0,67301,0,0,0,N,0,0,0,3,67301,0,,1,1,,N,N,N,0,,0,0,1,3,2,,240,1,2,0,0,0,1,0,3,4,0,2,3,3.0,N,,,,,,,,,,,
2021005967,155.0,1,0,0,0,0,0,0,0,0,4,0,,67,1,2021,1,40.1172,-75.0065,153.0,6,0,0,0,0,0,0,0,0,,0,0,0,1,3,0,0,N,0,40 07:01.786,,7,75 00:23.364,0,0,0,0,67301,0,0,0,N,0,0,0,2,67301,0,,1,1,,N,N,N,1,,0,0,0,0,0,,138,0,2,0,0,2,0,0,3,4,0,2,3,3.0,N,,,,,,,,,,,
2021012169,1640.0,0,0,0,0,0,0,0,0,0,7,0,,67,2,2021,6,39.9573,-75.1912,1637.0,6,0,0,0,0,0,1,0,0,,0,0,0,16,4,0,3,,1,39 57:26.165,2.0,0,75 11:28.187,0,0,0,0,67301,0,0,0,N,0,0,0,1,67507,0,,4,1,1730.0,N,N,N,0,,0,0,1,3,2,N,1635,0,1,0,0,0,0,0,3,4,0,1,3,3.0,N,,,,,,,,,,,
2021010255,355.0,1,0,0,0,0,0,0,0,0,7,0,,67,1,2021,6,40.0059,-75.0742,346.0,6,0,0,0,0,1,0,0,0,,0,0,0,3,3,1,0,N,0,40 00:21.077,,2,75 04:27.278,3,0,0,0,67301,0,0,0,N,0,0,0,1,67301,0,,2,1,,N,N,N,0,,1,0,0,0,0,,345,1,1,0,0,1,0,0,3,4,0,1,3,,N,,,,,,,,,,,
2021002288,1345.0,1,0,0,0,0,0,0,0,0,4,0,,67,1,2021,3,40.0147,-75.1198,1338.0,6,0,0,0,0,0,0,0,0,,0,0,0,13,1,1,0,N,0,40 00:52.880,,7,75 07:11.250,3,0,0,0,67301,0,0,0,N,0,0,0,3,67301,0,,1,1,,N,N,N,1,,1,0,0,0,0,,1330,1,2,0,0,3,0,0,3,4,0,2,3,3.0,N,,,,,,,,,,,
2021007879,829.0,0,0,0,0,0,0,0,0,0,1,0,,67,1,2021,5,39.9573,-75.1574,746.0,6,0,0,0,0,0,0,0,0,,0,0,0,7,1,0,0,N,1,39 57:26.219,4.0,0,75 09:26.727,0,0,0,0,67301,0,0,0,N,0,0,0,2,68K01,0,,1,1,900.0,N,N,N,0,,0,0,1,0,0,N,742,0,2,0,0,0,0,0,3,4,1,2,3,,N,,,,,,,,,,,
2021009417,1520.0,0,0,0,0,0,0,0,0,0,4,0,,67,1,2021,3,40.0915,-74.9656,1506.0,6,0,0,0,0,0,0,0,0,,0,0,0,14,1,1,2,,0,40 05:29.941,,7,74 57:56.517,3,0,0,0,67301,0,0,0,N,0,0,0,2,67301,0,,1,1,,N,N,N,1,,1,0,1,3,2,,1424,1,2,0,0,0,0,1,3,4,0,2,3,3.0,N,,,,,,,,,,,
2021008227,803.0,1,0,0,0,0,0,0,0,0,1,0,,67,1,2021,5,39.9965,-75.0827,744.0,6,0,0,0,0,0,1,0,0,,0,0,0,7,1,0,0,N,1,39 59:47.505,2.0,0,75 04:57.570,0,0,0,0,67301,0,0,0,N,0,0,0,5,68K01,0,,1,1,30.0,N,N,N,0,,0,0,1,0,0,N,740,0,3,0,0,0,0,0,3,4,1,3,3,,N,,,,,,,,,,,
2021003652,1550.0,1,0,0,0,0,0,0,0,0,4,0,,67,1,2021,2,39.9396,-75.2203,1538.0,6,0,0,0,0,0,0,1,0,,0,0,0,15,1,1,1,,0,39 56:22.435,,0,75 13:13.013,3,0,0,0,67301,0,0,0,N,0,0,0,3,67301,0,,1,1,,N,N,N,0,,1,0,1,3,2,,1506,1,2,0,0,0,0,0,3,4,0,2,3,,N,,,,,,,,,,,
2021006022,1344.0,2,0,0,0,0,0,0,0,0,5,0,,67,1,2021,1,39.9318,-75.1948,1344.0,6,0,0,0,0,1,0,0,0,,0,0,0,13,8,1,0,N,0,39 55:54.600,,0,75 11:41.300,3,0,0,0,67301,0,0,0,N,0,0,0,1,67301,0,,6,1,,N,N,N,0,,1,0,0,0,0,,1344,1,2,0,0,0,0,0,3,4,0,2,3,,N,,,,,,,,,,,
2021010075,125.0,1,0,0,0,0,0,0,0,0,4,0,,67,1,2021,7,40.0548,-75.1527,120.0,6,0,0,0,0,0,0,0,0,,0,0,0,1,3,0,1,,0,40 03:17.355,,0,75 09:09.820,9,0,0,0,67301,0,0,0,N,0,0,0,2,67301,0,,1,1,,N,N,N,0,,0,0,1,3,2,,118,0,2,0,0,0,0,1,3,4,0,2,3,3.0,N,,,,,,,,,,,
2021009577,201.0,1,0,0,0,0,0,0,0,0,7,0,,67,1,2021,4,,,201.0,6,0,0,0,0,0,0,0,0,,0,0,0,1,3,0,0,N,0,,,3,,0,0,0,0,67301,0,0,0,N,0,0,0,2,67501,0,,3,99,,N,N,N,0,,0,0,0,0,0,,130,0,2,0,0,1,0,0,3,3,0,1,3,3.0,N,,,,,,,,,,,
2021040299,1444.0,3,0,0,0,0,0,0,0,0,1,0,,67,5,2021,7,40.0023,-75.0781,1424.0,6,0,0,0,0,0,0,0,0,,0,0,0,13,1,0,0,N,0,40 00:08.185,,0,75 04:41.322,0,0,0,0,67301,0,0,0,N,0,0,0,3,68K01,0,,1,1,,N,N,N,0,,0,0,0,0,0,,1357,0,3,0,0,0,0,0,3,4,0,3,3,,N,,,,,,,,,,,
2021016142,1955.0,1,0,0,0,0,0,0,0,0,7,0,,67,2,2021,7,40.0477,-74.9993,1942.0,6,0,0,0,0,0,1,0,0,,0,0,0,19,3,1,0,N,2,40 02:51.700,1.0,3,74 59:57.375,8,0,0,0,67301,0,0,0,N,0,0,0,1,68K01,0,,4,1,2034.0,N,N,N,0,,0,0,0,0,0,Y,1940,1,1,0,0,0,1,0,3,4,0,1,3,3.0,N,,,,,,,,,,,
2021012974,742.0,1,0,0,0,0,0,0,0,0,5,0,,67,1,2021,1,39.9316,-75.1996,738.0,6,0,0,0,0,0,0,0,0,,0,0,0,7,1,1,0,N,2,39 55:53.664,4.0,0,75 11:58.407,8,0,0,0,67301,0,0,0,N,0,0,0,2,68K01,0,,1,1,30.0,N,N,N,0,,0,0,1,0,0,N,730,1,2,0,0,0,1,0,3,4,0,2,3,,N,,,,,,,,,,,
2021012393,2340.0,2,0,0,0,0,0,0,0,0,4,0,,67,2,2021,4,39.9603,-75.1969,2340.0,6,0,0,0,0,0,1,0,0,,0,0,0,22,3,0,1,,0,39 57:36.965,,0,75 11:48.688,0,0,0,0,67301,0,0,0,N,0,0,0,2,67301,0,,1,7,,N,N,N,0,,0,0,0,3,2,,2215,0,2,0,0,0,0,0,3,4,0,2,3,3.0,N,,,,,,,,,,,