CRN,ARRIVAL_TM,AUTOMOBILE_COUNT,BELTED_DEATH_COUNT,BELTED_SUSP_SERIOUS_INJ_COUNT,BICYCLE_COUNT,BICYCLE_DEATH_COUNT,BICYCLE_SUSP_SERIOUS_INJ_COUNT,BUS_COUNT,CHLDPAS_DEATH_COUNT,CHLDPAS_SUSP_SERIOUS_INJ_COUNT,COLLISION_TYPE,COMM_VEH_COUNT,CONS_ZONE_SPD_LIM,COUNTY,CRASH_MONTH,CRASH_YEAR,DAY_OF_WEEK,DEC_LAT,DEC_LONG,DISPATCH_TM,DISTRICT,DRIVER_COUNT_16YR,DRIVER_COUNT_17YR,DRIVER_COUNT_18YR,DRIVER_COUNT_19YR,DRIVER_COUNT_20YR,DRIVER_COUNT_50_64YR,DRIVER_COUNT_65_74YR,DRIVER_COUNT_75PLUS,EST_HRS_CLOSED,FATAL_COUNT,HEAVY_TRUCK_COUNT,HORSE_BUGGY_COUNT,HOUR_OF_DAY,ILLUMINATION,INJURY_COUNT,INTERSECT_TYPE,INTERSECTION_RELATED,LANE_CLOSED,LATITUDE,LN_CLOSE_DIR,LOCATION_TYPE,LONGITUDE,MAX_SEVERITY_LEVEL,MCYCLE_DEATH_COUNT,MCYCLE_SUSP_SERIOUS_INJ_COUNT,MOTORCYCLE_COUNT,MUNICIPALITY,NONMOTR_COUNT,NONMOTR_DEATH_COUNT,NONMOTR_SUSP_SERIOUS_INJ_COUNT,NTFY_HIWY_MAINT,PED_COUNT,PED_DEATH_COUNT,PED_SUSP_SERIOUS_INJ_COUNT,PERSON_COUNT,POLICE_AGCY,POSSIBLE_INJ_COUNT,RDWY_SURF_TYPE_CD,RELATION_TO_ROAD,ROAD_CONDITION,ROADWAY_CLEARED,SCH_BUS_IND,SCH_ZONE_IND,SECONDARY_CRASH,SMALL_TRUCK_COUNT,SPEC_JURIS_CD,SUSP_MINOR_INJ_COUNT,SUSP_SERIOUS_INJ_COUNT,SUV_COUNT,TCD_FUNC_CD,TCD_TYPE,TFC_DETOUR_IND,TIME_OF_DAY,TOT_INJ_COUNT,TOTAL_UNITS,UNB_DEATH_COUNT,UNB_SUSP_SERIOUS_INJ_COUNT,UNBELTED_OCC_COUNT,UNK_INJ_DEG_COUNT,UNK_INJ_PER_COUNT,URBAN_AREA,URBAN_RURAL,VAN_COUNT,VEHICLE_COUNT,WEATHER1,WEATHER2,WORK_ZONE_IND,WORK_ZONE_LOC,WORK_ZONE_TYPE,WORKERS_PRES,WZ_CLOSE_DETOUR,WZ_FLAGGER,WZ_LAW_OFFCR_IND,WZ_LN_CLOSURE,WZ_MOVING,WZ_OTHER,WZ_SHLDER_MDN,WZ_WORKERS_INJ_KILLED
2021035727,1319.0,1,0,0,0,0,0,0,0,0,4,1,,67,4,2021,2,39.9143,-75.1523,1309.0,6,0,0,0,0,0,0,1,0,,0,1,0,12,1,1,2,,0,39 54:51.546,,0,75 09:08.241,3,0,0,0,67301,0,0,0,N,0,0,0,2,67301,0,,1,1,,N,N,N,0,,1,0,0,0,0,,1254,1,2,0,0,0,0,0,3,4,0,2,3,3.0,N,,,,,,,,,,,
2021010258,1746.0,1,0,0,0,0,0,0,0,0,4,0,,67,1,2021,1,40.0314,-75.1524,1740.0,6,0,0,0,0,0,0,0,0,,0,0,0,16,3,1,1,,0,40 01:53.011,,0,75 09:08.560,3,0,0,0,67301,2,0,0,N,0,0,0,3,67301,0,,1,7,,N,N,N,0,,1,0,0,3,2,,1606,1,2,0,0,0,0,0,3,4,1,2,10,,N,,,,,,,,,,,
2021013590,823.0,1,0,0,0,0,0,0,0,0,7,0,,67,2,2021,1,39.9608,-75.1816,815.0,6,0,0,0,0,0,0,0,0,,0,0,0,8,1,0,0,N,1,39 57:38.865,4.0,3,75 10:53.688,0,0,0,0,67301,0,0,0,N,0,0,0,1,68K01,0,,2,9,845.0,N,N,N,0,,0,0,0,0,0,N,814,0,1,0,0,0,0,0,3,4,0,1,10,,N,,,,,,,,,,,
2021002702,536.0,0,0,0,0,0,0,0,0,0,5,0,,67,1,2021,4,40.03,-75.0222,536.0,6,0,0,0,0,0,0,0,0,,0,0,0,5,3,1,0,Y,2,40 01:47.896,2.0,0,75 01:20.013,8,0,0,0,67301,0,0,0,N,0,0,0,2,68K01,0,,1,1,656.0,N,N,N,0,,0,0,2,0,0,N,536,1,2,0,0,1,1,0,3,4,0,2,3,,N,,,,,,,,,,,
2021007475,1614.0,2,0,0,0,0,0,0,0,0,5,0,,67,1,2021,4,39.9569,-75.2127,1614.0,6,0,0,0,0,0,0,0,0,,0,0,0,16,1,0,0,N,1,39 57:24.945,3.0,0,75 12:45.581,0,0,0,0,67301,0,0,0,N,0,0,0,1,67301,0,,6,1,1720.0,N,N,N,0,,0,0,0,0,0,N,1610,0,2,0,0,0,0,0,3,4,0,2,3,3.0,N,,,,,,,,,,,
2021000789,1916.0,0,0,0,0,0,0,0,0,0,7,0,,67,1,2021,1,40.0042,-75.0994,1916.0,6,0,0,0,0,0,0,0,0,,0,0,0,19,3,1,1,,0,40 00:15.118,,1,75 05:57.764,3,0,0,0,67301,0,0,0,N,0,0,0,1,67301,0,,4,9,,N,N,N,0,,1,0,1,3,2,,1916,1,1,0,0,0,0,0,3,4,0,1,7,7.0,N,,,,,,,,,,,
2021007730,1830.0,1,0,0,0,0,0,0,0,0,5,0,,67,1,2021,7,39.9244,-75.2389,1830.0,6,0,0,0,0,0,0,0,0,,0,0,0,18,3,0,0,N,0,39 55:27.900,,0,75 14:19.900,0,0,0,0,67301,0,0,0,N,0,0,0,1,67301,0,,6,1,,N,N,N,0,,0,0,0,0,0,,1814,0,2,0,0,0,0,0,3,4,1,2,3,,N,,,,,,,,,,,
2021003496,1855.0,1,0,0,0,0,0,0,0,0,5,0,,67,1,2021,1,40.0329,-75.2107,1850.0,6,0,0,0,0,0,0,0,0,,0,0,0,18,3,1,0,N,0,40 01:58.420,,0,75 12:38.400,8,0,0,0,67301,0,0,0,N,0,0,0,1,67301,0,,6,1,,N,N,N,1,,0,0,0,0,0,,1842,1,3,0,0,0,1,0,3,4,1,3,3,3.0,N,,,,,,,,,,,
2021003038,955.0,1,0,0,0,0,0,0,0,0,4,0,,67,1,2021,4,40.1084,-75.0412,925.0,6,0,0,0,0,0,0,0,0,,0,0,0,9,1,1,2,,0,40 06:30.309,,0,75 02:28.310,3,0,0,0,67301,0,0,0,N,0,0,0,3,67301,0,,1,1,,N,N,N,0,,1,0,0,3,2,,919,1,2,0,0,0,0,0,3,4,0,2,3,3.0,N,,,,,,,,,,,
2021041107,2303.0,1,0,0,0,0,0,0,0,0,7,0,,67,5,2021,5,40.0132,-75.1737,2303.0,6,0,0,0,0,0,0,0,0,,0,0,0,23,3,1,0,N,0,40 00:47.605,,0,75 10:25.230,2,0,0,0,67301,0,0,0,N,0,0,0,1,67301,0,,2,1,,N,N,Y,0,,0,1,0,0,0,,2300,1,1,0,1,1,0,0,3,4,0,1,3,3.0,N,,,,,,,,,,,
2021023623,1330.0,0,0,0,0,0,0,0,0,0,7,0,,67,2,2021,6,40.0057,-75.1973,1320.0,6,0,0,0,0,0,0,0,0,,0,0,0,13,1,0,0,N,1,40 00:20.444,1.0,2,75 11:50.415,0,0,0,0,67301,0,0,0,N,0,0,0,2,68K01,0,,2,1,1350.0,N,N,N,0,,0,0,1,0,0,N,1307,0,1,0,0,0,0,0,3,4,0,1,3,,N,,,,,,,,,,,
2021023939,1958.0,0,0,0,0,0,0,0,0,0,1,0,,67,3,2021,4,39.9151,-75.148,1948.0,6,0,0,0,0,0,0,0,0,,0,0,0,19,3,7,0,N,2,39 54:54.217,2.0,3,75 08:52.786,3,0,0,0,67301,1,0,0,N,1,0,0,7,68K01,0,,1,1,30.0,N,N,N,0,,4,0,1,0,0,N,1933,7,3,0,0,4,3,0,3,4,1,2,3,,N,,,,,,,,,,,
2021019627,1710.0,2,0,0,0,0,0,0,0,0,5,0,,67,2,2021,6,39.9628,-75.1913,1705.0,6,0,0,0,0,0,0,0,0,,0,0,0,16,1,0,0,N,0,39 57:46.200,,0,75 11:28.800,0,0,0,0,67301,0,0,0,N,0,0,0,1,67507,0,,6,1,,N,N,N,0,,0,0,0,0,0,,1655,0,2,0,0,0,0,0,3,4,0,2,3,3.0,N,,,,,,,,,,,
2021046259,850.0,0,0,0,0,0,0,0,0,0,7,0,,67,5,2021,6,40.0542,-74.9858,843.0,6,0,0,0,0,0,0,0,0,,0,0,0,8,1,0,0,N,1,40 03:15.212,2.0,0,74 59:08.964,0,0,0,0,67301,0,0,0,N,0,0,0,1,68K01,0,,4,1,1000.0,N,N,N,0,,0,0,1,0,0,N,843,0,1,0,0,0,0,0,3,4,0,1,3,,N,,,,,,,,,,,
2021000463,1601.0,3,0,0,0,0,0,0,0,0,4,0,,67,1,2021,7,39.9494,-75.2373,1551.0,6,0,0,0,0,1,0,0,0,,0,0,0,15,1,2,1,,0,39 56:57.976,,0,75 14:14.398,3,0,0,0,67301,0,0,0,N,0,0,0,3,67301,0,,1,1,,N,N,N,0,,2,0,0,3,3,,1542,2,3,0,0,0,0,1,3,4,0,3,3,,N,,,,,,,,,,,
2021025521,118.0,1,0,0,1,0,0,0,0,0,4,0,,67,1,2021,3,40.0092,-75.1511,118.0,6,0,0,0,0,0,0,0,0,,0,0,0,1,3,1,1,,0,40 00:33.277,,0,75 09:04.079,3,0,0,0,67301,1,0,0,N,0,0,0,2,67301,0,,1,1,,N,N,N,0,,1,0,0,3,2,,104,1,2,0,0,0,0,0,3,4,0,1,3,,N,,,,,,,,,,,
2021007676,100.0,1,0,0,0,0,0,0,0,0,4,0,,67,1,2021,6,40.0294,-75.1888,100.0,6,0,0,0,0,0,1,0,0,,0,0,0,22,3,0,3,,0,40 01:45.775,,0,75 11:19.654,0,0,0,0,67301,0,0,0,N,0,0,0,2,67301,0,,1,1,,N,N,N,0,,0,0,0,3,2,,2245,0,2,0,0,0,0,0,3,4,1,2,3,,N,,,,,,,,,,,
2021009910,1955.0,0,0,0,0,0,0,0,0,0,4,0,,67,1,2021,5,39.9756,-75.1919,1941.0,6,0,0,0,0,0,0,0,0,,0,0,0,19,3,1,2,,0,39 58:32.319,,0,75 11:31.223,3,0,0,0,67301,0,0,0,N,0,0,0,2,67301,0,,1,1,,N,N,N,0,,1,0,2,0,0,,1931,1,2,0,0,0,0,0,3,4,0,2,3,3.0,N,,,,,,,,,,,
2021041092,1650.0,1,0,0,0,0,0,0,0,0,4,0,,67,5,2021,5,39.9891,-75.0896,1646.0,6,0,0,0,0,0,1,0,0,,0,0,0,16,1,0,1,,0,39 59:20.627,,0,75 05:22.626,0,0,0,0,67301,0,0,0,N,0,0,0,2,67301,0,,1,1,,N,N,N,1,,0,0,0,3,2,,1640,0,2,0,0,0,0,0,3,4,0,2,3,,N,,,,,,,,,,,
2021036990,38.0,1,0,0,0,0,0,0,0,0,4,1,,67,4,2021,7,39.9802,-75.1575,34.0,6,0,0,0,0,0,0,0,0,,0,1,0,0,3,2,1,,0,39 58:48.767,,0,75 09:26.884,3,0,0,0,67301,0,0,0,N,0,0,0,2,67301,0,,1,1,,N,N,N,0,,2,0,0,3,2,,34,2,2,0,0,0,0,0,3,4,0,2,3,3.0,N,,,,,,,,,,,
2021011512,1020.0,3,0,0,0,0,0,0,0,0,2,0,,67,1,2021,4,39.9274,-75.1831,1019.0,6,0,0,0,0,0,0,0,0,,0,0,0,10,1,1,1,N,2,39 55:38.460,4.0,0,75 10:59.055,3,0,0,0,67301,0,0,0,N,0,0,0,2,67301,0,,1,1,1138.0,N,N,N,0,,1,0,0,0,0,Y,1018,1,3,0,0,1,0,0,3,4,0,3,3,4.0,N,,,,,,,,,,,
2021035691,1310.0,1,0,0,0,0,0,0,0,0,1,1,,67,4,2021,2,39.9387,-75.1435,1301.0,6,0,0,0,0,0,1,0,0,,0,1,0,13,1,2,0,N,0,39 56:19.381,,0,75 08:36.436,4,0,0,0,67301,0,0,0,N,0,0,0,2,68K01,2,,1,1,,N,N,N,0,,0,0,0,0,0,,1300,2,2,0,0,0,0,0,3,4,0,2,3,,N,,,,,,,,,,,
2021035503,1305.0,1,0,0,0,0,0,1,0,0,4,1,,67,4,2021,4,39.922,-75.151,1300.0,6,0,0,0,0,0,1,0,0,,0,0,0,12,1,1,1,,1,39 55:19.117,4.0,0,75 09:03.924,4,0,0,0,67301,0,0,0,N,0,0,0,5,67301,1,,1,1,1320.0,N,N,N,0,,0,0,0,3,2,Y,1227,1,2,0,0,0,0,0,3,4,0,2,3,3.0,N,,,,,,,,,,,
2021000383,351.0,1,0,0,0,0,0,0,0,0,7,0,15.0,67,1,2021,7,39.9094,-75.1575,350.0,6,0,0,0,0,0,0,0,0,,0,0,0,3,3,0,0,N,0,39 54:33.700,,2,75 09:27.000,0,0,0,0,67301,0,0,0,N,0,0,0,1,67501,0,,5,9,,N,N,N,0,,0,0,0,0,0,,350,0,1,0,0,0,0,0,3,4,0,1,7,,Y,3.0,1.0,N,,,N,,,,Y,N
2021005995,2251.0,0,0,0,0,0,0,0,0,0,4,0,,67,1,2021,7,39.9198,-75.2275,2245.0,6,0,0,0,0,0,0,0,0,,0,0,0,22,3,2,1,,0,39 55:11.478,,0,75 13:39.136,3,0,0,0,67301,0,0,0,N,0,0,0,3,67301,0,,1,1,,N,N,N,0,,2,0,2,3,2,,2235,2,2,0,0,0,0,0,3,4,0,2,3,3.0,N,,,,,,,,,,,
2021020635,1710.0,1,0,0,0,0,0,0,0,0,4,0,,67,2,2021,7,39.9584,-75.2313,1704.0,6,0,0,0,0,0,0,0,0,,0,0,0,16,8,0,1,,0,39 57:30.373,,0,75 13:52.586,0,0,0,0,67301,0,0,0,N,0,0,0,3,67301,0,,1,1,,N,N,N,0,,0,0,1,3,3,,1629,0,2,0,0,0,0,0,3,4,0,2,3,3.0,N,,,,,,,,,,,
2021044226,1750.0,0,0,0,0,0,0,0,0,0,8,0,,67,5,2021,7,40.0306,-75.0548,1749.0,6,0,0,0,0,0,0,0,0,,0,0,0,17,1,1,1,,0,40 01:50.211,,0,75 03:17.181,3,0,0,0,67301,1,0,0,N,1,0,0,2,67301,0,,1,1,,N,N,N,0,,1,0,1,0,0,,1748,1,2,0,0,0,0,1,3,4,0,1,3,3.0,N,,,,,,,,,,,
2021004343,33.0,1,0,0,0,0,0,0,0,0,7,0,55.0,67,1,2021,3,39.8991,-75.1672,28.0,6,0,0,0,0,0,1,0,0,,0,0,0,0,3,1,0,N,2,39 53:56.682,1.0,3,75 10:01.826,3,0,0,0,67301,0,0,0,N,0,0,0,2,68K01,0,,4,1,100.0,N,N,N,1,,1,0,0,0,0,N,28,1,2,0,0,0,0,0,3,4,0,2,3,,Y,4.0,1.0,Y,N,N,Y,Y,Y,N,Y,N
2021036662,830.0,0,0,0,0,0,0,0,0,0,8,0,,67,4,2021,5,39.9327,-75.1696,823.0,6,0,0,0,0,0,0,0,0,,0,0,0,8,1,1,0,N,0,39 55:57.840,,0,75 10:10.600,4,0,0,0,67301,1,0,0,N,1,0,0,2,67301,1,,5,1,,N,N,N,0,,0,0,1,0,0,,815,1,2,0,0,1,0,0,3,4,0,1,3,,N,,,,,,,,,,,
2021036031,158.0,0,0,0,0,0,0,0,0,0,3,0,,67,4,2021,1,39.9667,-75.1346,157.0,6,0,0,0,0,0,0,0,0,,0,0,0,1,3,0,0,N,0,39 57:59.995,,0,75 08:04.544,0,0,0,0,67301,0,0,0,N,0,0,0,1,68K01,0,,5,1,,N,N,N,0,,0,0,1,0,0,,157,0,1,0,0,0,0,0,3,4,0,1,3,,N,,,,,,,,,,,
2021014694,231.0,1,0,0,0,0,0,0,0,0,5,0,,67,2,2021,1,39.9065,-75.2353,220.0,6,0,0,0,0,0,0,0,0,,0,0,0,2,3,1,2,,2,39 54:23.539,4.0,0,75 14:06.976,3,0,0,0,67301,0,0,0,N,0,0,0,2,67301,0,,1,1,426.0,N,N,N,0,,1,0,1,3,2,Y,210,1,2,0,0,0,0,0,3,4,0,2,3,3.0,N,,,,,,,,,,,
2021004388,1511.0,1,0,0,0,0,0,0,0,0,4,0,,67,1,2021,2,40.0275,-75.0624,1511.0,6,0,0,0,0,0,1,0,0,,0,0,0,15,1,1,1,,1,40 01:38.783,2.0,0,75 03:44.998,3,0,0,0,67301,1,0,0,N,1,0,0,4,67301,0,,1,1,0.0,N,N,Y,0,,1,0,1,3,2,N,1505,1,3,0,0,0,0,0,3,4,0,2,3,,N,,,,,,,,,,,
2021041240,637.0,1,0,0,0,0,0,0,0,0,1,0,,67,5,2021,2,39.9799,-75.205,627.0,6,0,0,0,0,0,1,0,0,,0,0,0,6,5,3,0,N,1,39 58:47.758,3.0,0,75 12:17.888,3,0,0,0,67301,0,0,0,N,0,0,0,3,68K01,0,,1,1,715.0,N,N,N,0,,3,0,1,0,0,Y,622,3,3,0,0,0,0,0,3,4,1,3,3,,N,,,,,,,,,,,
2021002280,650.0,1,0,0,0,0,0,0,0,0,1,0,,67,1,2021,3,39.9443,-75.1975,638.0,6,0,0,0,0,0,1,0,0,,0,0,0,6,5,0,0,N,0,39 56:39.529,,0,75 11:51.039,0,0,0,0,67301,0,0,0,N,0,0,0,2,67301,0,,1,1,,N,N,N,0,,0,0,1,0,0,,620,0,2,0,0,0,0,0,3,4,0,2,3,3.0,N,,,,,,,,,,,
2021025212,1838.0,1,0,0,0,0,0,0,0,0,4,0,,67,1,2021,6,40.0367,-75.1584,1838.0,6,0,0,0,0,0,0,0,0,,0,0,0,17,3,1,1,,0,40 02:12.120,,0,75 09:30.184,3,0,0,0,67301,0,0,0,N,0,0,0,3,67301,0,,1,1,,N,N,N,0,,1,0,0,3,2,,1746,1,2,0,0,0,0,0,3,4,0,2,3,3.0,N,,,,,,,,,,,
2021012395,40.0,1,0,0,0,0,0,0,0,0,7,0,,67,2,2021,5,40.0057,-75.1976,35.0,6,0,0,0,0,0,0,0,0,,0,0,0,0,2,1,0,N,0,40 00:20.514,,2,75 11:51.452,8,0,0,0,67301,0,0,0,N,0,0,0,1,67301,0,,4,1,,N,N,N,0,,0,0,0,0,0,,15,1,1,0,0,0,1,0,3,4,0,1,10,10.0,N,,,,,,,,,,,
2021013551,2001.0,0,0,0,0,0,0,0,0,0,7,0,,67,1,2021,1,39.9502,-75.1417,1959.0,6,0,0,0,0,0,0,0,0,,0,0,0,19,3,0,0,N,0,39 57:00.866,,0,75 08:30.090,0,0,0,0,67301,0,0,0,N,0,0,0,1,68K01,0,,3,6,,N,N,N,0,,0,0,1,0,0,,1955,0,1,0,0,0,0,0,3,4,0,1,10,,N,,,,,,,,,,,
2021035982,600.0,2,0,0,0,0,0,1,0,0,4,1,,67,3,2021,5,39.974,-75.1551,542.0,6,0,0,0,0,0,1,0,0,,1,0,0,4,3,1,1,,2,39 58:26.407,4.0,0,75 09:18.244,1,0,0,0,67301,0,0,0,N,0,0,0,10,67301,0,2.0,1,9,800.0,N,N,N,0,0.0,0,1,1,3,3,Y,457,1,4,0,0,0,0,7,3,4,0,4,3,4.0,N,,,,,,,,,,,
2021009965,1122.0,2,0,0,0,0,0,0,0,0,4,0,,67,1,2021,7,39.9134,-75.1502,1117.0,6,0,0,0,0,0,1,0,0,,0,0,0,11,1,0,0,N,1,39 54:48.320,2.0,7,75 09:00.570,0,0,0,0,67301,0,0,0,N,0,0,0,3,67301,0,,1,1,1235.0,N,N,N,0,,0,0,0,0,0,N,1106,0,2,0,0,0,0,0,3,4,0,2,3,,N,,,,,,,,,,,
2021038192,1813.0,1,0,0,0,0,0,0,0,0,1,0,,67,4,2021,3,39.8857,-75.2121,1755.0,6,0,0,0,0,0,0,0,0,,0,0,0,17,1,0,0,N,2,39 53:08.575,1.0,0,75 12:43.601,0,0,0,0,67301,0,0,0,N,0,0,0,4,68K01,0,,1,1,30.0,N,N,N,0,,0,0,1,0,0,Y,1727,0,4,0,0,0,0,0,3,4,2,4,3,3.0,N,,,,,,,,,,,
2021038063,1052.0,1,0,0,0,0,0,0,0,0,5,1,,67,4,2021,2,39.8929,-75.1969,1040.0,6,0,0,0,0,0,0,0,0,,0,1,0,10,1,0,0,N,0,39 53:34.533,,3,75 11:48.919,0,0,0,0,67301,0,0,0,N,0,0,0,2,68K01,0,,1,1,,N,N,N,0,,0,0,0,0,0,,1038,0,2,0,0,0,0,0,3,4,0,2,3,3.0,N,,,,,,,,,,,
2021012061,938.0,0,0,0,0,0,0,0,0,0,4,0,,67,2,2021,5,39.9806,-75.1838,928.0,6,0,0,0,0,0,0,0,0,,0,0,0,9,1,0,1,,0,39 58:50.052,,0,75 11:01.759,9,0,0,0,67301,0,0,0,N,0,0,0,2,67301,0,,1,2,,N,N,N,0,,0,0,2,3,2,,910,0,2,0,0,0,0,1,3,4,0,2,3,3.0,N,,,,,,,,,,,
2021019920,8.0,1,0,0,0,0,0,0,0,0,5,0,,67,2,2021,6,40.041,-75.0699,0.0,6,0,0,0,0,0,0,0,0,,0,0,0,23,3,0,0,N,0,40 02:27.460,,0,75 04:11.670,0,0,0,0,67301,0,0,0,N,0,0,0,1,67301,0,,6,8,,N,N,N,0,,0,0,1,0,0,,2355,0,3,0,0,0,0,0,3,4,0,2,7,7.0,N,,,,,,,,,,,
2021044545,822.0,1,0,0,0,0,0,0,0,0,4,0,,67,5,2021,5,39.9617,-75.2388,822.0,6,0,0,0,0,0,0,0,0,,0,0,0,8,1,0,1,,0,39 57:42.014,,99,75 14:19.710,0,0,0,0,67301,0,0,0,N,0,0,0,1,67301,0,,1,1,,N,N,N,0,,0,0,0,3,2,,815,0,2,0,0,0,0,0,3,4,0,2,3,3.0,N,,,,,,,,,,,
2021045696,1735.0,1,0,0,0,0,0,0,0,0,1,0,,67,5,2021,4,40.0235,-75.1792,1731.0,6,0,0,0,0,0,0,0,0,,0,0,0,17,1,0,0,N,2,40 01:24.716,1.0,0,75 10:45.293,0,0,0,0,67301,0,0,0,N,0,0,0,2,67301,0,,1,1,30.0,N,N,N,0,,0,0,1,0,0,Y,1720,0,2,0,0,0,0,0,3,4,0,2,3,,N,,,,,,,,,,,
2021036426,1823.0,1,0,0,0,0,0,0,0,0,1,0,,67,4,2021,3,39.9609,-75.1818,1814.0,6,0,0,0,0,0,0,0,0,,0,0,0,18,1,0,0,N,1,39 57:39.107,4.0,0,75 10:54.555,0,0,0,0,67301,0,0,0,N,0,0,0,2,68K01,0,,1,1,1905.0,N,N,N,0,,0,0,1,0,0,N,1810,0,2,0,0,0,0,0,3,4,0,2,3,3.0,N,,,,,,,,,,,
2021008850,2324.0,3,0,0,0,0,0,0,0,0,5,0,,67,1,2021,2,39.9687,-75.2199,2319.0,6,0,0,0,0,0,0,0,0,,0,0,0,22,3,0,0,N,0,39 58:07.200,,0,75 13:11.600,0,0,0,0,67301,0,0,0,N,0,0,0,3,67301,0,,6,1,,N,N,N,0,,0,0,0,0,0,,2248,0,3,0,0,0,0,0,3,4,0,3,3,3.0,N,,,,,,,,,,,
2021002596,214.0,1,0,0,0,0,0,0,0,0,7,0,,67,1,2021,6,40.061,-75.1901,208.0,6,0,0,0,0,0,0,0,0,,0,0,0,2,3,0,2,,0,40 03:39.695,,0,75 11:24.461,0,0,0,0,67301,0,0,0,N,0,0,0,1,67301,0,,5,1,,N,N,N,0,,0,0,0,3,2,,205,0,1,0,0,0,0,0,3,4,0,1,3,3.0,N,,,,,,,,,,,
2021007294,1825.0,6,0,0,0,0,0,0,0,0,1,0,,67,1,2021,2,39.9924,-75.1511,1817.0,6,0,0,0,0,0,0,0,0,,0,0,0,18,3,0,0,N,0,39 59:32.460,,0,75 09:03.820,0,0,0,0,67301,0,0,0,N,0,0,0,2,67301,0,,1,1,,N,N,Y,0,,0,0,3,0,0,,1816,0,12,0,0,0,0,0,3,4,3,12,3,3.0,N,,,,,,,,,,,
2021041098,117.0,1,0,0,0,0,0,0,0,0,7,0,,67,5,2021,4,40.0475,-75.1428,116.0,6,0,0,0,0,0,0,0,0,,0,0,0,1,3,0,1,N,2,40 02:51.028,6.0,0,75 08:34.417,9,0,0,0,67301,0,0,0,N,0,0,0,1,67301,0,,4,1,235.0,N,N,N,0,,0,0,0,0,0,N,115,0,1,0,0,0,0,1,3,4,0,1,3,3.0,N,,,,,,,,,,,
2021036400,1128.0,2,0,0,0,0,0,0,0,0,1,0,,67,4,2021,6,39.965,-75.1855,1117.0,6,0,0,0,0,0,0,0,0,,0,0,0,11,1,1,0,N,1,39 57:53.913,3.0,0,75 11:07.878,3,0,0,0,67301,0,0,0,N,0,0,0,2,68K01,0,,1,9,1130.0,N,N,N,0,,1,0,0,3,8,N,1114,1,2,0,0,0,0,0,3,4,0,2,4,7.0,N,,,,,,,,,,,
2021007468,1603.0,1,0,0,0,0,0,0,0,0,4,0,,67,1,2021,1,39.9479,-75.2233,1603.0,6,0,0,0,0,0,1,0,0,,0,0,0,15,1,1,1,,0,39 56:52.608,,0,75 13:23.758,3,0,0,0,67301,0,0,0,N,0,0,0,2,67301,0,,1,1,,N,N,N,0,,1,0,1,3,2,,1545,1,2,0,0,1,0,1,3,4,0,2,3,3.0,N,,,,,,,,,,,
2021003423,1635.0,1,0,0,0,0,0,0,0,0,2,0,,67,1,2021,1,39.9878,-75.146,1630.0,6,0,0,0,0,0,0,0,0,,0,0,0,0,6,0,0,N,0,39 59:15.900,,0,75 08:45.600,0,0,0,0,67301,0,0,0,N,0,0,0,1,67301,0,,6,1,,N,N,N,0,,0,0,1,0,0,,2,0,2,0,0,0,0,0,3,4,0,2,3,3.0,N,,,,,,,,,,,
2021022448,1605.0,2,0,0,0,0,0,0,0,0,4,0,,67,3,2021,7,39.9727,-75.2041,1558.0,6,0,0,0,0,0,0,0,1,,0,0,0,15,1,1,0,N,0,39 58:21.800,,0,75 12:14.640,3,0,0,0,67301,0,0,0,N,0,0,0,2,67301,0,,1,1,,N,N,N,0,,1,0,0,3,2,,1540,1,2,0,0,1,0,0,3,4,0,2,3,3.0,N,,,,,,,,,,,
2021037382,807.0,1,0,0,0,0,0,0,0,0,4,1,,67,4,2021,5,39.9364,-75.219,803.0,6,0,0,0,0,0,1,0,0,,0,1,0,8,1,1,1,,1,39 56:10.978,4.0,0,75 13:08.360,3,0,0,0,67301,0,0,0,N,0,0,0,3,67301,0,,1,1,900.0,N,N,N,0,,1,0,0,3,2,N,800,1,2,0,0,0,0,0,3,4,0,2,3,3.0,N,,,,,,,,,,,
2021006047,225.0,1,0,0,0,0,0,0,0,0,0,0,,67,1,2021,6,40.0191,-75.1303,219.0,6,0,0,0,0,0,0,0,0,,0,0,0,2,3,0,0,N,0,40 01:08.800,,0,75 07:49.000,0,0,0,0,67301,0,0,0,N,0,0,0,1,67301,0,,1,1,,N,N,N,0,,0,0,0,0,0,,215,0,1,0,0,0,0,0,3,4,0,1,3,3.0,N,,,,,,,,,,,
2021013527,724.0,1,0,0,0,0,0,0,0,0,5,0,,67,1,2021,1,39.886,-75.2134,712.0,6,0,0,0,0,0,0,0,0,,0,0,0,7,1,0,0,N,0,39 53:09.729,,3,75 12:48.194,0,0,0,0,67301,0,0,0,N,0,0,0,2,68K01,0,,1,1,,N,N,N,1,,0,0,0,0,0,,703,0,2,0,0,0,0,0,3,4,0,2,3,3.0,N,,,,,,,,,,,
2021024549,1115.0,0,0,0,0,0,0,0,0,0,1,0,,67,3,2021,2,40.0202,-75.1141,1113.0,6,0,0,0,0,0,0,0,0,,0,0,0,10,1,1,1,,0,40 01:12.937,,0,75 06:50.646,3,0,0,0,67301,0,0,0,N,0,0,0,3,67301,0,,1,9,,N,N,N,0,,1,0,2,3,2,,1027,1,2,0,0,3,0,0,3,4,0,2,4,7.0,N,,,,,,,,,,,