CRN,ARRIVAL_TM,AUTOMOBILE_COUNT,BELTED_DEATH_COUNT,BELTED_SUSP_SERIOUS_INJ_COUNT,BICYCLE_COUNT,BICYCLE_DEATH_COUNT,BICYCLE_SUSP_SERIOUS_INJ_COUNT,BUS_COUNT,CHLDPAS_DEATH_COUNT,CHLDPAS_SUSP_SERIOUS_INJ_COUNT,COLLISION_TYPE,COMM_VEH_COUNT,CONS_ZONE_SPD_LIM,COUNTY,CRASH_MONTH,CRASH_YEAR,DAY_OF_WEEK,DEC_LAT,DEC_LONG,DISPATCH_TM,DISTRICT,DRIVER_COUNT_16YR,DRIVER_COUNT_17YR,DRIVER_COUNT_18YR,DRIVER_COUNT_19YR,DRIVER_COUNT_20YR,DRIVER_COUNT_50_64YR,DRIVER_COUNT_65_74YR,DRIVER_COUNT_75PLUS,EST_HRS_CLOSED,FATAL_COUNT,HEAVY_TRUCK_COUNT,HORSE_BUGGY_COUNT,HOUR_OF_DAY,ILLUMINATION,INJURY_COUNT,INTERSECT_TYPE,INTERSECTION_RELATED,LANE_CLOSED,LATITUDE,LN_CLOSE_DIR,LOCATION_TYPE,LONGITUDE,MAX_SEVERITY_LEVEL,MCYCLE_DEATH_COUNT,MCYCLE_SUSP_SERIOUS_INJ_COUNT,MOTORCYCLE_COUNT,MUNICIPALITY,NONMOTR_COUNT,NONMOTR_DEATH_COUNT,NONMOTR_SUSP_SERIOUS_INJ_COUNT,NTFY_HIWY_MAINT,PED_COUNT,PED_DEATH_COUNT,PED_SUSP_SERIOUS_INJ_COUNT,PERSON_COUNT,POLICE_AGCY,POSSIBLE_INJ_COUNT,RDWY_SURF_TYPE_CD,RELATION_TO_ROAD,ROAD_CONDITION,ROADWAY_CLEARED,SCH_BUS_IND,SCH_ZONE_IND,SECONDARY_CRASH,SMALL_TRUCK_COUNT,SPEC_JURIS_CD,SUSP_MINOR_INJ_COUNT,SUSP_SERIOUS_INJ_COUNT,SUV_COUNT,TCD_FUNC_CD,TCD_TYPE,TFC_DETOUR_IND,TIME_OF_DAY,TOT_INJ_COUNT,TOTAL_UNITS,UNB_DEATH_COUNT,UNB_SUSP_SERIOUS_INJ_COUNT,UNBELTED_OCC_COUNT,UNK_INJ_DEG_COUNT,UNK_INJ_PER_COUNT,URBAN_AREA,URBAN_RURAL,VAN_COUNT,VEHICLE_COUNT,WEATHER1,WEATHER2,WORK_ZONE_IND,WORK_ZONE_LOC,WORK_ZONE_TYPE,WORKERS_PRES,WZ_CLOSE_DETOUR,WZ_FLAGGER,WZ_LAW_OFFCR_IND,WZ_LN_CLOSURE,WZ_MOVING,WZ_OTHER,WZ_SHLDER_MDN,WZ_WORKERS_INJ_KILLED
2021029403,2129.0,1,0,0,0,0,0,0,0,0,4,0,,67,3,2021,2,39.9864,-75.2372,2120.0,6,0,1,0,0,0,0,0,0,,0,0,0,21,3,1,1,,0,39 59:11.162,,0,75 14:13.894,3,0,0,0,67301,0,0,0,N,0,0,0,2,67301,0,,1,1,,N,N,N,0,,1,0,0,1,2,,2110,1,2,0,0,0,0,0,3,4,0,2,3,3.0,N,,,,,,,,,,,
2021031094,207.0,0,0,0,0,0,0,0,0,0,7,0,,67,3,2021,6,39.9074,-75.1499,202.0,6,0,0,0,0,0,0,0,0,,0,0,0,1,3,1,0,N,0,39 54:26.777,,8,75 08:59.517,3,0,0,0,67301,0,0,0,N,0,0,0,1,68K01,0,,4,1,,N,N,N,0,,1,0,1,0,0,,157,1,1,0,0,1,0,0,3,4,0,1,3,3.0,N,,,,,,,,,,,
2021027926,2345.0,1,0,0,0,0,0,0,0,0,7,0,,67,3,2021,5,40.028,-75.091,2330.0,6,0,0,0,0,0,0,0,0,,0,0,0,23,3,0,2,,0,40 01:40.803,,0,75 05:27.628,0,0,0,0,67301,0,0,0,N,0,0,0,1,67301,0,,5,1,,N,N,N,0,,0,0,0,0,0,,2320,0,1,0,0,0,0,0,3,4,0,1,4,4.0,N,,,,,,,,,,,
2021028804,1739.0,1,0,0,0,0,0,0,0,0,1,0,,67,3,2021,6,39.9431,-75.1929,1739.0,6,0,0,0,0,0,1,0,0,,0,0,0,17,1,0,0,N,2,39 56:35.244,4.0,0,75 11:34.320,0,0,0,0,67301,0,0,0,N,0,0,0,3,68K01,0,,1,1,1830.0,N,N,N,0,,0,0,1,0,0,N,1718,0,3,0,0,0,0,0,3,4,1,3,3,3.0,N,,,,,,,,,,,
2021026412,104.0,0,0,0,0,0,0,0,0,0,7,0,,67,3,2021,1,39.9897,-75.1702,104.0,6,0,0,0,0,0,0,0,0,,0,0,0,1,3,1,1,,0,39 59:23.021,,0,75 10:12.880,3,0,0,0,67301,0,0,0,N,0,0,0,1,67301,0,,5,1,,N,N,N,0,,1,0,1,3,2,,100,1,1,0,0,0,0,0,3,4,0,1,3,,N,,,,,,,,,,,
2021053861,129.0,1,0,0,0,0,0,0,0,0,7,0,,67,6,2021,6,39.9812,-75.2069,129.0,6,0,0,0,0,1,0,0,0,,0,0,0,1,2,0,0,N,0,39 58:52.490,,0,75 12:24.749,0,0,0,0,67301,0,0,0,N,0,0,0,1,68K01,0,,2,9,,N,N,N,0,,0,0,0,0,0,,129,0,1,0,0,0,0,0,3,4,0,1,7,,N,,,,,,,,,,,
2021027675,108.0,2,0,0,0,0,0,0,0,0,5,0,,67,3,2021,5,40.0307,-75.1224,108.0,6,0,0,0,0,0,0,0,0,,0,0,0,1,3,1,1,,1,40 01:50.570,6.0,0,75 07:20.640,4,0,0,0,67301,0,0,0,N,0,0,0,2,67301,1,,1,9,230.0,N,N,N,0,,0,0,0,3,2,Y,100,1,2,0,0,0,0,0,3,4,0,2,7,4.0,N,,,,,,,,,,,
2021026754,1205.0,1,0,0,0,0,0,0,0,0,4,0,,67,3,2021,2,40.0262,-75.1692,1201.0,6,0,0,0,0,0,0,0,0,,0,0,0,11,1,1,1,,0,40 01:34.321,,0,75 10:08.941,8,0,0,0,67301,0,0,0,N,0,0,0,2,67301,0,,1,1,,N,N,N,0,,0,0,0,3,2,,1159,1,2,0,0,0,1,0,3,4,0,2,3,3.0,N,,,,,,,,,,,
2021052067,2236.0,0,0,0,0,0,0,0,0,0,7,0,,67,1,2021,6,40.027,-75.1593,2215.0,6,0,0,0,0,0,0,0,1,,1,0,0,22,2,0,0,N,0,40 01:37.120,,0,75 09:33.320,1,0,0,0,67301,0,0,0,N,0,0,0,1,67301,0,2.0,4,1,,N,N,N,0,0.0,0,0,1,0,0,,2215,0,1,1,0,1,0,0,3,4,0,1,98,98.0,N,,,,,,,,,,,
2021024510,50.0,1,0,0,0,0,0,0,0,0,4,0,,67,3,2021,6,39.9573,-75.1523,47.0,6,0,0,0,2,0,0,0,0,,0,0,0,0,2,0,5,,0,39 57:26.075,,2,75 09:08.042,9,0,0,0,67301,0,0,0,N,0,0,0,4,67301,0,,1,1,,N,N,N,0,,0,0,1,3,2,,36,0,2,0,0,1,0,1,3,4,0,2,3,3.0,N,,,,,,,,,,,
2021051302,1009.0,1,0,0,0,0,0,0,0,0,1,0,,67,6,2021,4,39.9602,-75.1806,1003.0,6,0,0,0,0,0,1,0,0,,0,0,0,10,1,1,0,N,1,39 57:36.766,3.0,0,75 10:50.122,8,0,0,0,67301,0,0,0,N,0,0,0,2,68K01,0,,1,1,15.0,N,N,N,0,,0,0,1,0,0,N,1000,1,2,0,0,0,1,0,3,4,0,2,3,,N,,,,,,,,,,,
2021026266,926.0,2,0,0,0,0,0,0,0,0,5,0,,67,3,2021,7,39.9262,-75.2277,921.0,6,0,0,0,0,0,0,0,0,,0,0,0,9,1,0,0,N,0,39 55:34.310,,0,75 13:39.850,0,0,0,0,67301,0,0,0,N,0,0,0,1,67301,0,,6,1,,N,N,N,0,,0,0,0,0,0,,920,0,2,0,0,0,0,0,3,4,0,2,3,3.0,N,,,,,,,,,,,
2021031957,6.0,1,0,0,0,0,0,0,0,0,4,0,,67,3,2021,6,40.0145,-75.0795,2359.0,6,0,0,0,0,0,0,0,0,,0,0,0,23,3,1,1,,2,40 00:52.055,1.0,0,75 04:46.088,3,0,0,0,67301,0,0,0,N,0,0,0,4,67301,0,,1,1,30.0,N,N,N,1,,1,0,0,3,3,N,2355,1,2,0,0,0,0,0,3,4,0,2,3,,N,,,,,,,,,,,
2021027925,150.0,1,0,0,0,0,0,0,0,0,4,0,,67,3,2021,5,40.034,-75.0744,144.0,6,0,0,0,0,0,0,1,0,,0,0,0,1,3,0,1,,1,40 02:02.392,1.0,0,75 04:27.730,0,0,0,0,67301,0,0,0,N,0,0,0,2,67301,0,,1,1,215.0,N,N,N,0,,0,0,1,3,2,N,139,0,2,0,0,0,0,0,3,4,0,2,3,3.0,N,,,,,,,,,,,
2021027246,1810.0,1,0,0,0,0,0,0,0,0,1,0,,67,3,2021,3,40.0347,-75.039,1804.0,6,0,0,0,0,0,0,0,0,,0,0,0,17,1,0,0,N,1,40 02:05.270,3.0,0,75 02:20.467,0,0,0,0,67301,0,0,0,N,0,0,0,2,67301,0,,1,1,1841.0,N,N,N,0,,0,0,1,0,0,N,1755,0,2,0,0,0,0,0,3,4,0,2,3,3.0,N,,,,,,,,,,,
2021051974,1951.0,1,0,0,0,0,0,0,0,0,4,0,,67,5,2021,2,39.9454,-75.1904,1951.0,6,0,0,0,0,0,0,0,0,,0,0,0,19,1,2,0,N,2,39 56:43.321,4.0,0,75 11:25.471,3,0,0,0,67301,0,0,0,N,0,0,0,3,68K01,1,,1,1,30.0,N,N,N,0,,1,0,1,0,0,N,1946,2,2,0,0,0,0,0,3,4,0,2,3,,N,,,,,,,,,,,
2021053610,1616.0,1,0,0,0,0,0,1,0,0,2,1,,67,6,2021,3,40.0275,-75.0624,1608.0,6,0,0,1,0,0,0,0,0,,0,0,0,15,1,2,1,,0,40 01:38.846,,0,75 03:44.583,3,0,0,0,67301,0,0,0,N,0,0,0,3,67301,0,,1,9,,Y,N,N,0,,2,0,0,3,2,,1545,2,2,0,0,0,0,0,3,4,0,2,7,4.0,N,,,,,,,,,,,
2021028048,1756.0,1,0,0,0,0,0,0,0,0,4,0,,67,3,2021,2,40.0159,-75.1538,1748.0,6,0,0,0,0,0,0,0,0,,0,0,0,18,1,1,1,,0,40 00:57.350,,0,75 09:13.935,4,0,0,0,67301,0,0,0,N,0,0,0,2,67301,1,,1,99,,N,N,N,0,,0,0,0,3,2,,1845,1,2,0,0,0,0,0,3,4,0,2,99,,N,,,,,,,,,,,
2021027241,1915.0,0,0,0,0,0,0,0,0,0,4,0,,67,3,2021,2,39.967,-75.1603,1905.0,6,0,0,0,0,0,0,0,0,,0,0,0,19,4,0,1,,0,39 58:01.123,,0,75 09:37.248,9,0,0,0,67301,0,0,0,N,0,0,0,2,67301,0,,1,1,,N,N,N,0,,0,0,2,3,2,,1900,0,2,0,0,0,0,1,3,4,0,2,3,,N,,,,,,,,,,,
2021053641,1950.0,3,0,0,0,0,0,0,0,0,5,0,,67,5,2021,6,40.0152,-75.1365,1948.0,6,0,0,0,0,0,0,0,0,,0,0,0,19,4,2,1,N,1,40 00:54.653,4.0,0,75 08:11.406,4,0,0,0,67301,0,0,0,N,0,0,0,6,67301,2,,1,1,2115.0,N,N,Y,0,,0,0,0,0,0,N,1948,2,3,0,0,1,0,1,3,4,0,3,7,4.0,N,,,,,,,,,,,
2021028162,1906.0,2,0,0,0,0,0,0,0,0,1,0,,67,3,2021,5,40.0571,-75.1749,1906.0,6,0,0,0,0,0,0,0,0,,0,0,0,19,3,1,0,N,0,40 03:25.404,,0,75 10:29.750,4,0,0,0,67301,0,0,0,N,0,0,0,1,67301,1,,6,1,,N,N,N,0,,0,0,0,0,0,,1905,1,2,0,0,0,0,0,3,4,0,2,3,3.0,N,,,,,,,,,,,
2021028046,1156.0,1,0,0,0,0,0,0,0,0,7,0,,67,3,2021,5,39.9991,-75.1907,1154.0,6,0,0,0,0,0,0,0,0,,0,0,0,11,1,1,0,N,2,39 59:56.787,5.0,0,75 11:26.356,4,0,0,0,67301,0,0,0,N,0,0,0,1,67301,1,,4,9,15.0,N,N,N,0,,0,0,0,0,0,N,1150,1,1,0,0,0,0,0,3,4,0,1,4,7.0,N,,,,,,,,,,,
2021053766,943.0,1,0,0,0,0,0,0,0,0,2,0,,67,6,2021,6,40.0445,-75.1931,936.0,6,0,0,0,0,0,1,0,0,,0,0,0,9,1,0,1,,0,40 02:40.301,,0,75 11:35.235,0,0,0,0,67301,0,0,0,N,0,0,0,2,67301,0,,1,1,,N,N,N,0,,0,0,1,3,2,,917,0,2,0,0,0,0,0,3,4,0,2,4,7.0,N,,,,,,,,,,,
2021052600,1856.0,1,0,0,0,0,0,0,0,0,7,0,,67,6,2021,5,40.0381,-75.0111,1856.0,6,0,0,0,0,0,0,0,0,,0,0,0,18,1,0,0,N,0,40 02:17.143,,0,75 00:40.094,0,0,0,0,67301,0,0,0,N,0,0,0,1,68K01,0,,4,1,,N,N,N,0,,0,0,0,0,0,,1847,0,1,0,0,0,0,0,3,4,0,1,4,4.0,N,,,,,,,,,,,
2021051410,838.0,1,0,0,0,0,0,0,0,0,2,0,,67,6,2021,5,40.0845,-74.9737,833.0,6,0,0,0,0,0,0,0,1,,0,0,0,8,1,2,1,,0,40 05:04.180,,0,74 58:25.617,3,0,0,0,67301,0,0,0,N,0,0,0,2,67301,1,,4,9,,N,N,N,1,,1,0,0,3,2,,827,2,2,0,0,0,0,0,3,4,0,2,7,7.0,N,,,,,,,,,,,
2021052452,2045.0,1,0,0,0,0,0,0,0,0,1,0,,67,6,2021,7,40.051,-74.9904,2030.0,6,0,0,0,0,0,0,0,0,,0,0,0,20,3,0,0,N,1,40 03:03.537,2.0,0,74 59:25.335,0,0,0,0,67301,0,0,0,N,0,0,0,2,68K01,0,,1,1,2130.0,N,N,N,0,,0,0,1,0,0,N,2028,0,2,0,0,1,0,0,3,4,0,2,3,3.0,N,,,,,,,,,,,
2021053593,1836.0,0,0,0,0,0,0,0,0,0,4,0,,67,6,2021,3,40.0571,-75.1612,1836.0,6,0,0,0,0,0,2,0,0,,0,0,0,17,1,0,0,N,9,40 03:25.647,,0,75 09:40.474,9,0,0,0,67301,0,0,0,N,0,0,0,2,67301,0,,1,9,,N,N,N,1,,0,0,1,3,2,U,1730,0,2,0,0,0,0,1,3,4,0,2,7,,N,,,,,,,,,,,
2021053855,535.0,1,0,0,0,0,0,0,0,0,7,0,,67,6,2021,5,39.9856,-75.2083,519.0,6,0,0,0,0,0,0,0,0,,0,0,0,5,5,0,6,N,0,39 59:08.303,,0,75 12:29.817,9,0,0,0,67301,0,0,0,Y,0,0,0,1,68K01,0,,7,9,,N,N,N,0,,0,0,0,3,3,,514,0,1,0,0,0,0,1,3,4,0,1,7,,N,,,,,,,,,,,
2021027645,1950.0,2,0,0,0,0,0,0,0,0,4,0,,67,3,2021,3,40.0472,-75.0592,1947.0,6,0,0,0,0,0,0,0,0,,0,0,0,19,3,2,0,N,1,40 02:49.952,4.0,7,75 03:33.060,2,0,0,0,67301,0,0,0,N,0,0,0,4,67301,0,,1,1,2130.0,N,N,N,0,,0,1,0,3,3,N,1947,2,3,0,0,0,1,0,3,4,0,3,3,3.0,N,,,,,,,,,,,
2021024576,2159.0,1,0,0,0,0,0,0,0,0,1,0,,67,3,2021,1,40.0283,-75.1198,2158.0,6,0,0,0,0,0,0,0,0,,0,0,0,18,4,0,0,N,0,40 01:41.920,,0,75 07:11.130,0,0,0,0,67301,0,0,0,N,0,0,0,2,67301,0,,1,1,,N,N,N,0,,0,0,0,0,0,,1852,0,2,0,0,0,0,0,3,4,1,2,3,3.0,N,,,,,,,,,,,
2021049750,2149.0,2,0,0,0,0,0,0,0,0,2,0,,67,5,2021,6,40.0271,-75.0411,2135.0,6,0,0,0,0,0,0,0,0,,0,0,0,21,3,0,1,,0,40 01:37.419,,0,75 02:27.883,0,0,0,0,67301,0,0,0,N,0,0,0,2,67301,0,,1,9,,N,N,N,0,,0,0,0,3,2,,2133,0,2,0,0,2,0,0,3,4,0,2,7,,N,,,,,,,,,,,
2021024536,1217.0,0,0,0,0,0,0,0,0,0,8,0,,67,3,2021,7,39.9532,-75.2426,1216.0,6,0,0,0,0,0,0,0,0,,0,0,0,12,1,1,2,,0,39 57:11.556,,0,75 14:33.316,3,0,0,0,67301,1,0,0,N,1,0,0,2,67301,0,,1,1,,N,N,N,0,,1,0,1,3,3,,1215,1,2,0,0,1,0,0,3,4,0,1,3,3.0,N,,,,,,,,,,,
2021027014,1600.0,1,0,0,0,0,0,0,0,0,8,0,,67,3,2021,6,39.9732,-75.2122,1525.0,6,0,0,0,0,0,1,0,0,,0,0,0,15,1,1,1,,0,39 58:23.653,,0,75 12:44.012,3,0,0,0,67301,1,0,0,N,1,0,0,2,67301,0,,1,1,,N,N,N,0,,1,0,0,3,2,,1502,1,2,0,0,0,0,0,3,4,0,1,3,3.0,N,,,,,,,,,,,
2021026273,2030.0,0,0,0,0,0,0,0,0,0,1,0,,67,3,2021,6,39.9912,-75.1664,2030.0,6,0,0,0,0,0,0,0,0,,0,0,0,20,3,3,0,N,0,39 59:28.320,,0,75 09:58.970,3,0,0,0,67301,0,0,0,N,0,0,0,3,67301,1,,1,1,,N,N,N,0,,2,0,1,0,0,,2030,3,2,0,0,1,0,0,3,4,1,2,3,3.0,N,,,,,,,,,,,
2021053595,2356.0,2,0,0,0,0,0,0,0,0,5,0,,67,6,2021,3,40.0712,-75.1858,2348.0,6,0,0,0,0,0,0,0,0,,0,0,0,23,3,2,0,N,0,40 04:16.385,,7,75 11:08.907,3,0,0,0,67301,0,0,0,N,0,0,0,2,67301,0,,1,9,,N,N,N,0,,2,0,0,0,0,,2330,2,2,0,0,0,0,0,3,4,0,2,3,,N,,,,,,,,,,,
2021028814,128.0,1,0,0,0,0,0,0,0,0,7,0,,67,3,2021,1,39.9672,-75.1326,121.0,6,0,0,0,0,0,0,0,0,,0,0,0,1,3,1,0,N,0,39 58:01.978,,0,75 07:57.446,3,0,0,0,67301,0,0,0,N,0,0,0,1,68K01,0,,3,1,,N,N,N,0,,1,0,0,0,0,,120,1,1,0,0,1,0,0,3,4,0,1,3,,N,,,,,,,,,,,
2021026753,1540.0,3,0,0,0,0,0,0,0,0,1,0,,67,3,2021,1,40.0139,-75.179,1526.0,6,0,0,0,1,0,0,1,0,,0,0,0,15,1,2,0,N,0,40 00:50.142,,0,75 10:44.365,3,0,0,0,67301,0,0,0,N,0,0,0,4,67301,0,,1,1,,N,N,N,0,,2,0,0,0,0,,1521,2,3,0,0,0,0,0,3,4,0,3,3,3.0,N,,,,,,,,,,,
2021028656,1117.0,0,0,0,0,0,0,0,0,0,8,0,,67,3,2021,1,40.0126,-75.0732,1113.0,6,0,0,0,0,0,1,0,0,,0,0,0,10,1,1,1,,0,40 00:45.124,,0,75 04:23.885,4,0,0,0,67301,1,0,0,N,1,0,0,2,67301,1,,1,9,,N,N,N,0,,0,0,1,3,2,,1059,1,2,0,0,0,0,0,3,4,0,1,7,7.0,N,,,,,,,,,,,
2021028456,1019.0,1,0,0,0,0,0,0,0,0,4,0,,67,3,2021,6,40.0428,-75.1135,1018.0,6,0,0,0,0,0,0,0,0,,0,0,0,15,1,1,1,,0,40 02:33.864,,0,75 06:48.811,8,0,0,0,67301,0,0,0,N,0,0,0,2,67301,0,,1,1,,N,N,N,0,,0,0,0,3,2,,1500,1,2,0,0,0,1,1,3,4,0,2,3,3.0,N,,,,,,,,,,,
2021028855,1410.0,1,0,0,0,0,0,0,0,0,4,0,,67,3,2021,7,39.9096,-75.1617,1403.0,6,0,0,0,0,0,0,0,0,,0,0,0,13,1,1,0,N,0,39 54:34.400,,0,75 09:42.150,3,0,0,0,67301,0,0,0,N,0,0,0,4,67301,0,,1,1,,N,N,N,0,,1,0,0,0,0,,1322,1,2,0,0,2,0,0,3,4,1,2,3,3.0,N,,,,,,,,,,,
2021028856,850.0,2,0,0,0,0,0,0,0,0,6,0,,67,3,2021,1,39.9069,-75.1617,840.0,6,0,0,0,0,0,0,0,0,,0,0,0,8,1,0,0,N,0,39 54:24.930,,0,75 09:42.010,0,0,0,0,67301,0,0,0,N,0,0,0,1,67301,0,,6,9,,N,N,N,0,,0,0,0,0,0,,839,0,2,0,0,0,0,0,3,4,0,2,7,7.0,N,,,,,,,,,,,
2021029074,1440.0,2,0,0,0,0,0,0,0,0,1,0,,67,3,2021,1,40.0934,-75.0313,1438.0,6,0,0,0,0,0,0,0,0,,0,0,0,14,1,1,2,,0,40 05:36.348,,0,75 01:52.568,3,0,0,0,67301,0,0,0,N,0,0,0,3,67301,0,,1,1,,N,N,N,0,,1,0,0,3,2,,1400,1,2,0,0,2,0,0,3,4,0,2,3,3.0,N,,,,,,,,,,,
2021053621,1518.0,1,0,0,0,0,0,0,0,0,8,0,,67,6,2021,4,39.9535,-75.2344,1516.0,6,0,0,0,0,0,0,0,0,,0,0,0,15,1,1,1,,0,39 57:12.725,,0,75 14:03.886,3,0,0,0,67301,1,0,0,N,1,0,0,2,67301,0,,1,1,,N,N,N,0,,1,0,0,3,3,,1515,1,2,0,0,0,0,0,3,4,0,1,3,4.0,N,,,,,,,,,,,
2021032062,1212.0,1,0,0,0,0,0,0,0,0,7,0,,67,3,2021,1,39.983,-75.2079,1206.0,6,0,0,0,0,0,0,0,0,,0,0,0,12,1,0,0,N,0,39 58:58.635,,0,75 12:28.480,0,0,0,0,67301,0,0,0,N,0,0,0,2,68K01,0,,4,9,,N,N,N,0,,0,0,0,0,0,,1205,0,2,0,0,0,0,0,3,4,0,1,7,,N,,,,,,,,,,,
2021030128,952.0,1,0,0,0,0,0,0,0,0,4,0,,67,3,2021,2,40.0285,-75.0854,949.0,6,0,0,0,0,0,0,0,0,,0,0,0,9,1,1,1,,2,40 01:42.769,7.0,0,75 05:07.285,3,0,0,0,67301,0,0,0,N,0,0,0,2,67301,0,,1,1,1040.0,N,N,N,0,,1,0,1,3,2,Y,946,1,2,0,0,0,0,0,3,4,0,2,3,,N,,,,,,,,,,,
2021025947,1300.0,0,0,0,0,0,0,0,0,0,8,0,,67,3,2021,5,39.9938,-75.157,1255.0,6,0,0,0,0,0,0,0,0,,0,0,0,12,1,1,0,N,0,39 59:37.600,,0,75 09:25.080,3,0,0,0,67301,1,0,0,N,1,0,0,2,67301,0,,4,8,,N,N,N,0,,1,0,0,0,0,,1254,1,2,0,0,0,0,0,3,4,1,1,7,7.0,N,,,,,,,,,,,
2021050980,1433.0,1,0,0,0,0,0,0,0,0,5,0,,67,6,2021,3,40.0823,-74.9834,1426.0,6,0,0,0,0,0,0,0,0,,0,0,0,14,1,0,0,N,0,40 04:56.420,,0,74 59:00.280,0,0,0,0,67301,0,0,0,N,0,0,0,2,67301,0,,1,1,,N,N,N,0,,0,0,1,0,0,,1420,0,2,0,0,0,0,0,3,4,0,2,3,3.0,N,,,,,,,,,,,
2021026851,1816.0,2,0,0,0,0,0,0,0,0,1,0,,67,3,2021,3,39.9595,-75.1747,1816.0,6,0,0,0,0,0,0,0,0,,0,0,0,18,4,2,0,N,0,39 57:34.161,,0,75 10:29.072,3,0,0,0,67301,0,0,0,N,0,0,0,6,68K01,0,,1,1,,N,N,N,0,,2,0,2,0,0,,1816,2,4,0,0,1,0,0,3,4,0,4,3,,N,,,,,,,,,,,
2021049741,1740.0,1,0,0,0,0,0,0,0,0,8,0,,67,5,2021,1,39.9533,-75.1398,1737.0,6,0,0,0,0,0,0,0,0,,1,0,0,17,1,0,0,N,1,39 57:11.802,5.0,0,75 08:23.374,1,0,0,0,67301,1,1,0,N,1,1,0,3,67301,0,2.0,1,1,430.0,N,N,N,0,0.0,0,0,0,0,0,Y,1736,0,2,0,0,2,0,0,3,4,0,1,3,3.0,N,,,,,,,,,,,
2021028163,727.0,0,0,0,0,0,0,0,0,0,7,0,,67,3,2021,6,40.0321,-75.1934,723.0,6,0,0,0,0,0,0,0,0,,0,0,0,7,1,1,0,N,0,40 01:55.478,,0,75 11:36.174,3,0,0,0,67301,0,0,0,N,0,0,0,1,67301,0,,4,9,,N,N,N,0,,1,0,1,0,0,,712,1,1,0,0,0,0,0,3,4,0,1,7,98.0,N,,,,,,,,,,,
2021030831,2057.0,1,0,0,0,0,0,0,0,0,7,0,,67,3,2021,4,39.9332,-75.2,2049.0,6,0,0,0,0,0,0,0,0,,0,0,0,20,3,0,0,N,1,39 55:59.517,4.0,0,75 12:00.020,0,0,0,0,67301,0,0,0,N,0,0,0,1,68K01,0,,3,9,2120.0,N,N,N,0,,0,0,0,0,0,N,2048,0,1,0,0,0,0,0,3,4,0,1,7,5.0,N,,,,,,,,,,,
2021053596,815.0,2,0,0,0,0,0,0,0,0,1,0,,67,6,2021,5,40.0715,-75.1793,802.0,6,0,0,0,0,0,0,0,0,,0,0,0,7,1,0,0,N,0,40 04:17.433,,0,75 10:45.506,0,0,0,0,67301,0,0,0,N,0,0,0,0,67301,0,,6,1,,N,N,N,0,,0,0,0,0,0,,715,0,2,0,0,0,0,0,3,4,0,2,3,3.0,N,,,,,,,,,,,
2021053182,1130.0,0,0,0,0,0,0,1,0,0,4,1,,67,6,2021,1,40.0196,-75.0734,1045.0,6,0,0,0,0,0,1,0,0,,0,0,0,10,1,1,1,,0,40 01:10.699,,0,75 04:24.144,4,0,0,0,67301,0,0,0,N,0,0,0,3,67508,1,,1,1,,N,N,Y,1,,0,0,0,3,2,N,1045,1,2,0,0,0,0,0,3,4,0,2,3,3.0,N,,,,,,,,,,,
2021027896,1555.0,1,0,0,0,0,0,0,0,0,5,0,,67,3,2021,5,40.0571,-75.1909,1548.0,6,0,0,0,0,0,0,0,0,,0,0,0,15,1,0,0,N,0,40 03:25.490,,0,75 11:27.360,0,0,0,0,67301,0,0,0,N,0,0,0,1,67301,0,,6,1,,N,N,N,1,,0,0,0,0,0,,1530,0,3,0,0,0,0,0,3,4,1,3,4,,N,,,,,,,,,,,
2021026367,1745.0,1,0,0,0,0,0,0,0,0,2,0,,67,3,2021,7,40.0282,-75.1459,1745.0,6,0,0,0,0,0,0,0,0,,0,0,0,16,1,2,0,N,0,40 01:41.630,,0,75 08:45.260,8,0,0,0,67301,0,0,0,N,0,0,0,3,67301,0,,1,1,,N,N,N,0,,0,0,1,0,0,,1600,2,2,0,0,1,2,0,3,4,0,2,3,,N,,,,,,,,,,,
2021028393,2350.0,1,0,0,0,0,0,0,0,0,4,0,,67,3,2021,6,40.0295,-75.1467,2345.0,6,0,0,0,0,0,1,0,0,,0,0,0,21,3,2,1,,0,40 01:46.120,,0,75 08:48.586,2,0,0,0,67301,0,0,0,N,0,0,0,3,67301,0,,1,1,,N,N,N,0,,0,2,0,3,2,,2100,2,2,0,0,0,0,1,3,4,0,2,3,3.0,N,,,,,,,,,,,
2021053627,1101.0,1,0,0,0,0,0,0,0,0,2,0,,67,6,2021,6,39.9952,-75.1095,1057.0,6,0,0,0,0,0,0,0,0,,0,0,0,10,1,1,0,N,0,39 59:42.640,,0,75 06:34.220,3,0,0,0,67301,0,0,0,N,0,0,0,1,67301,0,,6,1,,N,N,N,0,,1,0,1,0,0,,1052,1,2,0,0,0,0,0,3,4,0,2,3,4.0,N,,,,,,,,,,,
2021027882,2114.0,2,0,0,0,0,0,0,0,0,4,0,,67,3,2021,5,39.979,-75.1603,2112.0,6,0,0,0,0,0,0,0,0,,0,0,0,21,3,2,1,,1,39 58:44.358,4.0,0,75 09:37.216,8,0,0,0,67301,0,0,0,N,0,0,0,3,67505,0,,1,1,2203.0,N,N,Y,0,,0,0,1,3,3,Y,2110,2,3,0,0,0,2,0,3,4,0,3,3,3.0,N,,,,,,,,,,,
2021028860,1121.0,2,0,0,0,0,0,0,0,0,1,0,,67,3,2021,1,39.9362,-75.1955,1121.0,6,0,0,0,0,0,0,0,0,,0,0,0,11,1,0,0,N,0,39 56:10.250,,0,75 11:43.840,0,0,0,0,67301,0,0,0,N,0,0,0,1,67301,0,,6,9,,N,N,N,0,,0,0,1,0,0,,1121,0,3,0,0,0,0,0,3,4,0,3,7,7.0,N,,,,,,,,,,,