CRN,ARRIVAL_TM,AUTOMOBILE_COUNT,BELTED_DEATH_COUNT,BELTED_SUSP_SERIOUS_INJ_COUNT,BICYCLE_COUNT,BICYCLE_DEATH_COUNT,BICYCLE_SUSP_SERIOUS_INJ_COUNT,BUS_COUNT,CHLDPAS_DEATH_COUNT,CHLDPAS_SUSP_SERIOUS_INJ_COUNT,COLLISION_TYPE,COMM_VEH_COUNT,CONS_ZONE_SPD_LIM,COUNTY,CRASH_MONTH,CRASH_YEAR,DAY_OF_WEEK,DEC_LAT,DEC_LONG,DISPATCH_TM,DISTRICT,DRIVER_COUNT_16YR,DRIVER_COUNT_17YR,DRIVER_COUNT_18YR,DRIVER_COUNT_19YR,DRIVER_COUNT_20YR,DRIVER_COUNT_50_64YR,DRIVER_COUNT_65_74YR,DRIVER_COUNT_75PLUS,EST_HRS_CLOSED,FATAL_COUNT,HEAVY_TRUCK_COUNT,HORSE_BUGGY_COUNT,HOUR_OF_DAY,ILLUMINATION,INJURY_COUNT,INTERSECT_TYPE,INTERSECTION_RELATED,LANE_CLOSED,LATITUDE,LN_CLOSE_DIR,LOCATION_TYPE,LONGITUDE,MAX_SEVERITY_LEVEL,MCYCLE_DEATH_COUNT,MCYCLE_SUSP_SERIOUS_INJ_COUNT,MOTORCYCLE_COUNT,MUNICIPALITY,NONMOTR_COUNT,NONMOTR_DEATH_COUNT,NONMOTR_SUSP_SERIOUS_INJ_COUNT,NTFY_HIWY_MAINT,PED_COUNT,PED_DEATH_COUNT,PED_SUSP_SERIOUS_INJ_COUNT,PERSON_COUNT,POLICE_AGCY,POSSIBLE_INJ_COUNT,RDWY_SURF_TYPE_CD,RELATION_TO_ROAD,ROAD_CONDITION,ROADWAY_CLEARED,SCH_BUS_IND,SCH_ZONE_IND,SECONDARY_CRASH,SMALL_TRUCK_COUNT,SPEC_JURIS_CD,SUSP_MINOR_INJ_COUNT,SUSP_SERIOUS_INJ_COUNT,SUV_COUNT,TCD_FUNC_CD,TCD_TYPE,TFC_DETOUR_IND,TIME_OF_DAY,TOT_INJ_COUNT,TOTAL_UNITS,UNB_DEATH_COUNT,UNB_SUSP_SERIOUS_INJ_COUNT,UNBELTED_OCC_COUNT,UNK_INJ_DEG_COUNT,UNK_INJ_PER_COUNT,URBAN_AREA,URBAN_RURAL,VAN_COUNT,VEHICLE_COUNT,WEATHER1,WEATHER2,WORK_ZONE_IND,WORK_ZONE_LOC,WORK_ZONE_TYPE,WORKERS_PRES,WZ_CLOSE_DETOUR,WZ_FLAGGER,WZ_LAW_OFFCR_IND,WZ_LN_CLOSURE,WZ_MOVING,WZ_OTHER,WZ_SHLDER_MDN,WZ_WORKERS_INJ_KILLED
2021031570,1305.0,2,0,0,0,0,0,0,0,0,4,0,,67,3,2021,4,40.1292,-75.0249,1300.0,6,0,0,0,0,0,0,0,0,,0,0,0,6,1,1,1,,0,40 07:45.210,,0,75 01:29.597,3,0,0,0,67301,0,0,0,N,0,0,0,2,67301,0,,1,99,,N,N,N,0,,1,0,0,3,2,,645,1,2,0,0,1,0,1,3,4,0,2,3,,N,,,,,,,,,,,
2021050486,57.0,0,0,0,0,0,0,0,0,0,7,0,,67,5,2021,5,39.9301,-75.1983,43.0,6,0,0,0,0,0,0,0,0,,0,0,0,0,3,0,0,N,1,39 55:48.212,3.0,0,75 11:53.811,0,0,0,0,67301,0,0,0,N,0,0,0,1,68K01,0,,4,9,110.0,N,N,N,0,,0,0,1,0,0,N,42,0,1,0,0,0,0,0,3,4,0,1,7,,N,,,,,,,,,,,
2021050067,503.0,0,0,0,0,0,0,0,0,0,7,0,,67,5,2021,1,40.0396,-75.0073,448.0,6,0,0,0,0,0,1,0,0,,0,0,0,4,3,1,0,N,0,40 02:22.592,,0,75 00:26.132,3,0,0,0,67301,0,0,0,N,0,0,0,2,68K01,0,,3,9,,N,N,N,0,,1,0,2,0,0,,447,1,2,0,0,0,0,0,3,4,0,2,7,,N,,,,,,,,,,,
2021049634,619.0,0,0,0,0,0,0,0,0,0,7,1,,67,5,2021,1,40.043,-75.0034,607.0,6,0,0,0,0,0,0,0,0,,0,1,0,6,1,0,0,N,1,40 02:34.693,2.0,0,75 00:12.187,0,0,0,0,67301,0,0,0,N,0,0,0,2,68K01,0,,3,9,800.0,N,N,N,0,,0,0,0,0,0,N,604,0,1,0,0,0,0,0,3,4,0,1,7,7.0,N,,,,,,,,,,,
2021026199,1829.0,2,0,0,0,0,0,0,0,0,5,0,,67,3,2021,4,39.9059,-75.2464,1819.0,6,0,0,0,0,0,0,0,0,,0,0,0,16,1,0,0,N,0,39 54:21.110,,0,75 14:47.130,9,0,0,0,67301,0,0,0,N,0,0,0,1,67301,0,,6,1,,N,N,N,0,,0,0,0,0,0,,1624,0,2,0,0,0,0,1,3,4,0,2,3,3.0,N,,,,,,,,,,,
2021049072,842.0,1,0,0,0,0,0,0,0,0,5,1,,67,5,2021,7,39.9744,-75.1652,829.0,6,0,0,0,0,0,0,0,0,,0,1,0,8,1,0,0,N,0,39 58:27.710,,0,75 09:54.650,9,0,0,0,67301,0,0,0,N,0,0,0,1,67301,0,,6,1,,N,N,N,0,,0,0,1,0,0,,829,0,3,0,0,0,0,1,3,4,0,3,3,3.0,N,,,,,,,,,,,
2021028454,1910.0,2,0,0,0,0,0,0,0,0,4,0,,67,3,2021,3,40.0337,-75.1458,1900.0,6,0,0,0,0,0,0,0,0,,0,0,0,13,1,5,1,,0,40 02:01.293,,0,75 08:45.271,3,0,0,0,67301,0,0,0,N,0,0,0,5,67301,0,,1,1,,N,N,N,0,,4,0,0,3,2,,1320,5,2,0,0,0,1,0,3,4,0,2,3,3.0,N,,,,,,,,,,,
2021025265,1321.0,1,0,0,0,0,0,0,0,0,8,0,,67,3,2021,7,39.9168,-75.1718,1321.0,6,0,0,0,0,0,0,0,0,,0,0,0,18,4,1,0,N,0,39 55:00.646,,0,75 10:18.492,3,0,0,0,67301,1,0,0,N,1,0,0,2,67301,0,,1,1,,N,N,N,0,,1,0,0,0,0,,1800,1,2,0,0,0,0,0,3,4,0,1,3,3.0,N,,,,,,,,,,,
2021049393,624.0,1,0,0,0,0,0,0,0,0,7,0,,67,5,2021,1,39.9578,-75.1802,615.0,6,0,0,0,0,0,0,0,0,,0,0,0,5,1,1,0,N,1,39 57:28.214,4.0,0,75 10:48.701,8,0,0,0,67301,0,0,0,N,0,0,0,1,68K01,0,,3,9,726.0,N,N,N,0,,0,0,0,0,0,N,542,1,1,0,0,0,1,0,3,4,0,1,7,4.0,N,,,,,,,,,,,
2021027728,1021.0,1,0,0,0,0,0,0,0,0,4,0,,67,3,2021,4,39.9417,-75.2228,1020.0,6,0,0,0,0,0,0,0,0,,0,0,0,10,1,2,1,,0,39 56:29.979,,0,75 13:22.008,3,0,0,0,67301,0,0,0,N,0,0,0,3,67301,0,,1,9,,N,N,N,0,,2,0,1,3,2,,1018,2,2,0,0,0,0,0,3,4,0,2,7,7.0,N,,,,,,,,,,,
2021028487,1530.0,3,0,0,0,0,0,0,0,0,1,0,,67,3,2021,7,39.9932,-75.0852,1500.0,6,0,0,0,0,0,0,2,0,,0,0,0,14,1,0,0,N,0,39 59:35.365,,0,75 05:06.569,0,0,0,0,67301,0,0,0,N,0,0,0,3,68K01,0,,1,1,,N,N,N,0,,0,0,0,0,0,,1430,0,3,0,0,0,0,0,3,4,0,3,3,3.0,N,,,,,,,,,,,
2021051180,1240.0,0,0,0,0,0,0,0,0,0,1,1,,67,6,2021,3,40.0022,-75.1576,1232.0,6,0,0,0,0,0,0,1,0,,0,1,0,12,1,1,1,,0,40 00:07.957,,0,75 09:27.721,4,0,0,0,67301,0,0,0,N,0,0,0,3,67301,1,,1,1,,N,N,Y,0,,0,0,2,3,2,,1232,1,3,0,0,1,0,0,3,4,0,3,3,3.0,N,,,,,,,,,,,
2021028452,500.0,1,0,0,0,0,0,0,0,0,4,0,,67,3,2021,6,39.9909,-75.1675,500.0,6,0,0,0,0,0,0,0,0,,0,0,0,23,3,2,2,,0,39 59:27.333,,0,75 10:03.118,8,0,0,0,67301,0,0,0,N,0,0,0,3,67301,0,,1,1,,N,N,N,0,,0,0,1,3,3,,2300,2,2,0,0,0,2,0,3,4,0,2,3,3.0,N,,,,,,,,,,,
2021028453,1615.0,1,0,0,0,0,0,0,0,0,5,0,,67,3,2021,6,39.9774,-75.1434,1605.0,6,0,0,0,0,0,0,0,0,,0,0,0,15,1,1,0,N,0,39 58:38.780,,0,75 08:36.250,3,0,0,0,67301,0,0,0,N,0,0,0,1,67301,0,,6,1,,N,N,N,0,,1,0,1,0,0,,1530,1,2,0,0,0,0,0,3,4,0,2,3,3.0,N,,,,,,,,,,,
2021028037,1600.0,1,0,0,1,0,0,0,0,0,4,0,,67,3,2021,5,39.9179,-75.1689,1555.0,6,0,0,0,0,0,0,0,0,,0,0,0,15,1,1,1,,0,39 55:04.343,,0,75 10:08.211,4,0,0,0,67301,1,0,0,N,0,0,0,2,67301,1,,1,1,,N,N,N,0,,0,0,0,3,3,,1545,1,2,0,0,0,0,0,3,4,0,1,4,,N,,,,,,,,,,,
2021028043,1620.0,1,0,0,0,0,0,0,0,0,4,0,,67,3,2021,3,40.0042,-75.1573,1611.0,6,0,0,0,0,0,1,0,0,,0,0,0,16,1,1,0,N,0,40 00:15.180,,0,75 09:26.170,3,0,0,1,67301,0,0,0,N,0,0,0,6,67301,0,,1,1,,N,N,N,0,,1,0,0,0,0,,1610,1,2,0,0,0,0,0,3,4,0,2,3,,N,,,,,,,,,,,
2021028455,1907.0,1,0,0,0,0,0,0,0,0,4,0,,67,3,2021,1,40.0574,-75.1368,1902.0,6,0,1,0,0,0,1,0,0,,0,0,0,18,1,1,1,,0,40 03:26.463,,0,75 08:12.656,4,0,0,0,67301,0,0,0,N,0,0,0,5,67301,1,,1,1,,N,N,N,1,,0,0,0,3,3,,1835,1,2,0,0,0,0,0,3,4,0,2,3,3.0,N,,,,,,,,,,,
2021051831,1135.0,0,0,0,0,0,0,0,0,0,4,0,,67,5,2021,6,40.022,-75.1283,1131.0,6,0,0,0,0,0,0,0,0,,0,0,0,11,1,1,2,,0,40 01:19.318,,0,75 07:41.905,3,0,0,1,67301,0,0,0,N,0,0,0,2,67301,0,,1,1,,N,N,N,0,,1,0,0,3,3,,1130,1,2,0,0,0,0,0,3,4,1,2,3,3.0,N,,,,,,,,,,,
2021049065,1529.0,1,0,0,0,0,0,0,0,0,8,0,,67,5,2021,7,40.0523,-75.0612,1522.0,6,0,0,0,1,0,0,0,0,,0,0,0,14,1,1,0,N,0,40 03:08.120,,0,75 03:40.250,8,0,0,0,67301,1,0,0,N,1,0,0,2,67301,0,,1,1,,N,N,N,0,,0,0,0,0,0,,1440,1,2,0,0,0,1,0,3,4,0,1,3,,N,,,,,,,,,,,
2021026269,1853.0,1,0,0,0,0,0,0,0,0,5,0,,67,3,2021,6,40.0077,-75.0756,1844.0,6,0,0,0,0,0,0,0,0,,0,0,0,18,1,1,0,N,0,40 00:27.845,,0,75 04:32.133,3,0,0,0,67301,1,0,0,N,1,0,0,3,67301,0,,1,1,,N,N,N,0,,1,0,1,0,0,,1840,1,3,0,0,0,0,0,3,4,0,2,3,,N,,,,,,,,,,,
2021026366,2135.0,2,0,0,0,0,0,0,0,0,4,0,,67,3,2021,6,40.0501,-75.1505,2133.0,6,0,0,0,0,0,0,0,0,,0,0,0,21,3,1,1,,0,40 03:00.233,,0,75 09:01.728,4,0,0,0,67301,0,0,0,N,0,0,0,2,67301,1,,1,1,,N,N,Y,0,,0,0,0,3,2,,2129,1,2,0,0,0,0,0,3,4,0,2,3,,N,,,,,,,,,,,
2021050682,2005.0,0,0,0,0,0,0,0,0,0,1,1,,67,6,2021,4,40.1328,-75.0078,1953.0,6,0,0,0,0,1,0,0,0,,0,1,0,19,1,0,0,N,0,40 07:58.059,,0,75 00:28.042,9,0,0,0,67301,0,0,0,N,0,0,0,1,67301,0,,6,1,,N,N,N,0,,0,0,1,0,0,,1937,0,2,0,0,0,0,1,3,4,0,2,3,3.0,N,,,,,,,,,,,
2021028376,2115.0,1,0,0,0,0,0,0,0,0,4,0,,67,3,2021,6,39.9814,-75.1788,2113.0,6,0,0,0,0,0,0,0,0,,0,0,0,21,3,0,1,,0,39 58:53.018,,0,75 10:43.838,0,0,0,0,67301,0,0,0,N,0,0,0,2,67301,0,,1,1,,N,N,Y,0,,0,0,1,3,2,,2112,0,2,0,0,0,0,0,3,4,0,2,3,3.0,N,,,,,,,,,,,
2021028165,2135.0,1,0,0,0,0,0,0,0,0,7,0,,67,3,2021,4,39.9833,-75.2028,2126.0,6,0,0,0,0,0,0,0,0,,0,0,0,21,3,0,0,N,0,39 58:59.791,,0,75 12:09.968,0,0,0,0,67301,0,0,0,N,0,0,0,1,67301,0,,4,9,,N,N,N,0,,0,0,0,0,0,,2117,0,2,0,0,0,0,0,3,4,0,1,7,7.0,N,,,,,,,,,,,
2021030649,1317.0,1,0,0,0,0,0,0,0,0,4,0,,67,3,2021,4,39.966,-75.1624,1315.0,6,0,0,0,0,0,0,0,0,,0,0,0,13,1,0,1,,1,39 57:57.538,2.0,0,75 09:44.625,0,0,0,0,67301,0,0,0,N,0,0,0,2,67301,0,,1,9,30.0,N,N,N,0,,0,0,1,3,3,Y,1313,0,2,0,0,0,0,0,3,4,0,2,7,7.0,N,,,,,,,,,,,
2021029041,1756.0,2,0,0,0,0,0,0,0,0,1,0,,67,3,2021,1,40.0149,-75.1705,1754.0,6,0,0,0,0,0,0,0,0,,0,0,0,17,1,1,0,N,2,40 00:53.801,6.0,0,75 10:13.718,2,0,0,0,67301,1,0,1,N,0,0,0,2,67301,0,,6,1,2118.0,N,N,N,0,,0,1,2,0,0,Y,1750,1,4,0,0,0,0,1,3,4,0,4,4,,N,,,,,,,,,,,
2021027730,926.0,2,0,0,0,0,0,0,0,0,5,0,,67,3,2021,3,40.0037,-75.1691,919.0,6,0,0,0,0,0,0,0,0,,0,0,0,9,1,1,5,,1,40 00:13.260,3.0,0,75 10:08.730,3,0,0,0,67301,0,0,0,N,0,0,0,3,67301,0,,1,1,1000.0,N,N,N,1,,1,0,0,3,2,N,904,1,3,0,0,0,0,0,3,4,0,3,3,3.0,N,,,,,,,,,,,
2021028537,1040.0,0,0,0,0,0,0,0,0,0,7,0,99.0,67,3,2021,7,40.0155,-75.0523,1033.0,6,0,0,0,0,0,1,0,0,,0,0,0,10,1,1,2,,1,40 00:56.154,2.0,0,75 03:08.188,8,0,0,0,67301,0,0,0,N,0,0,0,1,67301,0,,4,1,1230.0,N,N,N,0,,0,0,0,3,3,Y,1020,1,1,0,0,0,1,0,3,4,0,1,3,3.0,Y,4.0,1.0,U,,,U,,,,,N
2021028391,52.0,2,0,0,0,0,0,0,0,0,4,0,,67,3,2021,7,39.9751,-75.195,49.0,6,0,0,0,0,0,0,0,0,,0,0,0,0,3,2,1,,1,39 58:30.755,7.0,0,75 11:41.945,4,0,0,0,67301,0,0,0,N,0,0,0,3,67301,2,,1,1,45.0,N,N,N,0,,0,0,0,3,2,N,48,2,2,0,0,1,0,0,3,4,0,2,3,3.0,N,,,,,,,,,,,
2021027893,2020.0,2,0,0,0,0,0,0,0,0,4,0,,67,3,2021,4,40.0446,-75.1749,2017.0,6,0,0,0,0,0,0,0,0,,0,0,0,20,3,2,2,,1,40 02:40.458,5.0,0,75 10:29.778,3,0,0,0,67301,0,0,0,N,0,0,0,2,67301,1,,1,9,2030.0,N,N,N,0,,1,0,0,3,3,N,2017,2,2,0,0,0,0,0,3,4,0,2,7,4.0,N,,,,,,,,,,,
2021053629,108.0,1,0,0,0,0,0,0,0,0,4,0,,67,2,2021,6,39.9908,-75.1309,107.0,6,0,0,0,0,0,1,0,0,,0,0,0,0,3,2,1,,0,39 59:27.376,,0,75 07:51.301,3,0,0,0,67301,0,0,0,N,0,0,0,4,67301,0,,1,1,,N,N,N,0,,2,0,1,3,2,,58,2,2,0,0,0,0,0,3,4,0,2,3,3.0,N,,,,,,,,,,,
2021029871,1025.0,1,0,0,0,0,0,0,0,0,7,0,,67,3,2021,1,39.9483,-75.1421,1016.0,6,0,0,0,0,0,0,0,0,,0,0,0,10,1,0,0,N,1,39 56:53.873,2.0,0,75 08:31.496,0,0,0,0,67301,0,0,0,N,0,0,0,1,68K01,0,,3,9,1035.0,N,N,N,0,,0,0,0,3,8,N,1015,0,1,0,0,0,0,0,3,4,0,1,7,7.0,N,,,,,,,,,,,
2021025011,925.0,4,0,0,0,0,0,0,0,0,4,0,,67,3,2021,1,39.99,-75.1172,920.0,6,0,0,0,0,0,0,0,0,,0,0,0,9,1,1,1,,0,39 59:23.885,,0,75 07:01.777,3,0,0,0,67301,0,0,0,N,0,0,0,2,67301,0,,1,1,,N,N,N,0,,1,0,0,3,3,,915,1,4,0,0,0,0,0,3,4,0,4,3,3.0,N,,,,,,,,,,,
2021025010,925.0,2,0,0,0,0,0,0,0,0,4,0,,67,3,2021,3,39.9806,-75.2469,925.0,6,0,0,0,1,0,0,0,0,,0,0,0,9,1,1,3,,0,39 58:50.318,,0,75 14:48.807,4,0,0,0,67301,0,0,0,N,0,0,0,2,67301,1,,1,1,,N,N,N,0,,0,0,0,3,3,,923,1,2,0,0,0,0,0,3,4,0,2,4,,N,,,,,,,,,,,
2021028543,1040.0,2,0,0,0,0,0,0,0,0,4,0,,67,3,2021,1,40.0239,-75.1433,1036.0,6,0,0,0,0,0,0,0,0,,0,0,0,10,1,1,1,,0,40 01:26.205,,0,75 08:36.052,8,0,0,0,67301,0,0,0,N,0,0,0,2,67301,0,,1,9,,N,N,Y,1,,0,0,1,3,3,,1000,1,4,0,0,0,1,0,3,4,0,4,7,,N,,,,,,,,,,,
2021027507,2145.0,1,0,0,0,0,0,0,0,0,5,0,,67,3,2021,2,40.0338,-75.0751,2140.0,6,0,0,0,0,0,0,0,0,,0,0,0,21,3,1,0,N,0,40 02:01.815,,0,75 04:30.219,3,0,0,0,67301,0,0,0,N,0,0,0,2,67301,0,,1,1,,N,N,N,0,,1,0,1,0,0,,2135,1,2,0,0,0,0,0,3,4,0,2,3,,N,,,,,,,,,,,
2021028655,1135.0,0,0,0,0,0,0,0,0,0,8,0,,67,3,2021,5,40.0098,-75.0767,1134.0,6,0,0,0,0,0,0,0,0,,0,0,0,10,1,1,1,,0,40 00:35.402,,0,75 04:36.058,2,0,0,0,67301,1,0,1,N,1,0,1,2,67301,0,,1,99,,N,N,N,0,,0,1,0,3,3,,1000,1,2,0,0,0,0,1,3,4,0,1,99,,N,,,,,,,,,,,
2021026745,1025.0,1,0,0,0,0,0,0,0,0,4,0,,67,3,2021,2,39.9932,-75.1492,1014.0,6,0,0,0,0,0,2,0,0,,0,0,0,10,1,1,1,,1,39 59:35.703,4.0,0,75 08:57.313,8,0,0,0,67301,0,0,0,N,0,0,0,3,67301,0,,1,1,1050.0,N,N,N,0,,0,0,2,3,2,N,1010,1,3,0,0,0,1,1,3,4,0,3,3,,N,,,,,,,,,,,
2021032417,710.0,0,0,0,0,0,0,0,0,0,8,0,,67,3,2021,6,39.9367,-75.1669,700.0,6,0,0,0,0,0,1,0,0,,0,0,0,6,1,1,1,,0,39 56:12.293,,0,75 10:00.986,8,0,0,0,67301,1,0,0,N,1,0,0,2,67301,0,,1,9,,N,N,N,0,,0,0,1,3,1,,621,1,2,0,0,0,1,0,3,4,0,1,7,7.0,N,,,,,,,,,,,
2021027332,1253.0,1,0,0,0,0,0,0,0,0,4,0,,67,3,2021,3,39.9665,-75.2216,1253.0,6,0,0,0,0,0,0,0,0,,0,0,0,12,1,0,2,,0,39 57:59.490,,0,75 13:17.875,0,0,0,0,67301,0,0,0,N,0,0,0,1,67301,0,,1,1,,N,N,N,0,,0,0,1,0,0,,1249,0,2,0,0,0,0,0,3,4,0,2,3,3.0,N,,,,,,,,,,,
2021028545,203.0,1,0,0,0,0,0,0,0,0,8,0,,67,3,2021,7,40.0043,-75.1738,200.0,6,0,0,0,0,0,0,0,0,,0,0,0,0,3,2,2,,0,40 00:15.459,,0,75 10:25.775,3,0,0,0,67301,1,0,0,N,1,0,0,2,67301,0,,1,1,,N,N,N,0,,2,0,0,3,2,,50,2,2,0,0,0,0,0,3,4,0,1,3,3.0,N,,,,,,,,,,,
2021053575,1010.0,1,0,0,0,0,0,0,0,0,5,1,,67,5,2021,5,40.0844,-75.0251,1004.0,6,0,0,0,0,0,1,0,0,,0,1,0,9,1,1,0,N,0,40 05:03.782,,0,75 01:30.318,8,0,0,0,67301,0,0,0,N,0,0,0,5,67301,0,,1,1,,N,N,N,0,,0,0,1,3,2,,948,1,3,0,0,0,1,2,3,4,0,3,3,3.0,N,,,,,,,,,,,
2021053622,2233.0,2,0,0,0,0,0,0,0,0,4,0,,67,6,2021,7,39.9991,-75.2309,2229.0,6,0,0,0,0,0,1,0,0,,0,0,0,22,3,1,1,,0,39 59:56.764,,0,75 13:51.134,3,0,0,0,67301,0,0,0,N,0,0,0,2,67301,0,,1,1,,N,N,N,0,,1,0,0,3,3,,2210,1,2,0,0,0,0,0,3,4,0,2,3,3.0,N,,,,,,,,,,,
2021028302,1200.0,2,0,0,0,0,0,0,0,0,4,0,,67,3,2021,4,39.9764,-75.1625,1159.0,6,0,0,0,0,0,2,0,0,,0,0,0,11,1,2,1,,0,39 58:34.977,,0,75 09:45.122,4,0,0,0,67301,0,0,0,N,0,0,0,3,67301,2,,1,9,,N,N,N,0,,0,0,0,3,3,,1158,2,3,0,0,1,0,0,3,4,1,3,7,,N,,,,,,,,,,,
2021028451,2119.0,4,0,0,0,0,0,0,0,0,1,0,,67,3,2021,5,39.9866,-75.1714,2118.0,6,1,0,0,0,0,0,0,0,,0,0,0,21,3,1,0,N,0,39 59:11.880,,0,75 10:16.930,3,0,0,0,67301,0,0,0,N,0,0,0,1,67301,0,,6,1,,N,N,N,0,,1,0,1,0,0,,2117,1,5,0,0,1,0,0,3,4,0,5,3,4.0,N,,,,,,,,,,,
2021040156,1716.0,1,0,0,0,0,0,0,0,0,2,0,,67,3,2021,5,39.9969,-75.1171,1716.0,6,0,0,0,0,0,1,0,0,,0,0,0,17,1,2,0,N,1,39 59:48.953,4.0,0,75 07:01.658,3,0,0,0,67301,2,0,0,N,0,0,0,4,67301,0,,1,1,1740.0,N,N,N,0,,2,0,1,0,0,N,1716,2,3,0,0,0,0,0,3,4,1,3,4,3.0,N,,,,,,,,,,,
2021029402,1427.0,1,0,0,0,0,0,0,0,0,4,0,,67,3,2021,7,39.9656,-75.2319,1427.0,6,0,0,0,0,0,1,0,0,,0,0,0,14,1,1,5,,1,39 57:56.127,4.0,0,75 13:54.886,8,0,0,0,67301,0,0,0,N,0,0,0,3,67301,0,,1,1,1530.0,N,Y,N,0,,0,0,1,3,2,N,1400,1,2,0,0,0,1,1,3,4,0,2,3,,N,,,,,,,,,,,
2021024200,113.0,2,0,0,0,0,0,0,0,0,5,0,,67,3,2021,7,39.9932,-75.0849,109.0,6,0,0,0,0,0,0,0,0,,0,0,0,1,3,0,0,N,1,39 59:35.433,1.0,0,75 05:05.515,0,0,0,0,67301,0,0,0,N,0,0,0,4,68K01,0,,1,1,157.0,N,N,N,0,,0,0,0,0,0,N,105,0,2,0,0,0,0,0,3,4,0,2,3,3.0,N,,,,,,,,,,,
2021026029,425.0,0,0,0,0,0,0,0,0,0,7,0,,67,3,2021,5,40.1073,-74.999,420.0,6,0,0,0,0,0,0,0,0,,0,0,0,4,3,0,0,N,0,40 06:26.391,,2,74 59:56.308,9,0,0,0,67301,0,0,0,N,0,0,0,1,67301,0,,2,1,,N,N,N,1,,0,0,0,0,0,,415,0,1,0,0,0,0,1,3,4,0,1,3,3.0,N,,,,,,,,,,,
2021049508,2035.0,0,0,0,0,0,0,1,0,0,4,1,,67,5,2021,5,40.0455,-75.0883,2019.0,6,0,0,0,0,0,0,0,0,,0,0,0,20,3,1,1,,0,40 02:43.859,,0,75 05:17.937,4,0,0,0,67301,0,0,0,N,0,0,0,3,67508,1,,1,1,,N,N,Y,0,,0,0,0,3,2,,2019,1,2,0,0,0,0,0,3,4,0,2,3,3.0,N,,,,,,,,,,,
2021027509,1057.0,0,0,0,0,0,0,0,0,0,8,0,,67,3,2021,2,40.0319,-75.1315,1043.0,6,0,0,0,0,0,0,0,0,,0,0,0,16,1,1,1,,0,40 01:54.746,,0,75 07:53.410,3,0,0,0,67301,1,0,0,N,1,0,0,2,67301,0,,1,99,,N,N,N,0,,1,0,0,3,2,,1600,1,2,0,0,0,0,0,3,4,0,1,99,,N,,,,,,,,,,,
2021029395,1248.0,0,0,0,0,0,0,0,0,0,7,0,,67,3,2021,6,39.9434,-75.1601,1246.0,6,0,0,0,0,0,0,0,0,,0,0,0,23,3,0,2,,0,39 56:36.202,,0,75 09:36.393,0,0,0,0,67301,0,0,0,N,0,0,0,1,67301,0,,4,1,,N,N,N,0,,0,0,1,0,0,,2355,0,1,0,0,0,0,0,3,4,0,1,3,3.0,N,,,,,,,,,,,
2021027889,1630.0,1,0,0,0,0,0,0,0,0,5,0,,67,3,2021,1,39.9151,-75.2446,1621.0,6,0,0,0,0,0,0,0,0,,0,0,0,14,1,1,2,,0,39 54:54.408,,0,75 14:40.594,8,0,0,0,67301,0,0,0,N,0,0,0,2,67301,0,,1,1,,N,N,N,0,,0,0,0,0,0,,1429,1,2,0,0,0,1,0,3,4,0,2,3,,N,,,,,,,,,,,
2021027867,1446.0,1,0,0,0,0,0,0,0,0,7,0,,67,3,2021,4,39.9455,-75.1426,1438.0,6,0,0,0,0,0,1,0,0,,0,0,0,14,1,1,0,N,1,39 56:43.777,2.0,0,75 08:33.414,3,0,0,0,67301,0,0,0,N,0,0,0,1,68K01,0,,3,8,100.0,N,N,N,0,,1,0,0,0,0,N,1437,1,1,0,0,1,0,0,3,4,0,1,4,7.0,N,,,,,,,,,,,
2021053866,2347.0,2,0,0,0,0,0,0,0,0,1,0,,67,6,2021,6,39.934,-75.2,2329.0,6,0,0,0,0,1,1,0,0,,0,0,0,23,3,3,0,N,2,39 56:02.382,3.0,0,75 12:00.096,4,0,0,0,67301,0,0,0,N,0,0,0,3,68K01,3,,1,1,5.0,N,N,N,0,,0,0,1,0,0,N,2327,3,3,0,0,0,0,0,3,4,0,3,3,,N,,,,,,,,,,,
2021053597,1720.0,1,0,0,0,0,0,0,0,0,4,0,,67,6,2021,5,40.0692,-75.1814,1659.0,6,0,0,0,0,0,0,0,0,,0,0,0,16,1,0,0,N,0,40 04:09.289,,7,75 10:53.117,0,0,0,0,67301,0,0,0,N,0,0,0,5,67301,0,,1,1,,N,N,N,0,,0,0,1,0,0,,1627,0,2,0,0,0,0,0,3,4,0,2,3,,N,,,,,,,,,,,
2021052409,2346.0,2,0,0,0,0,0,0,0,0,1,0,,67,5,2021,4,39.927,-75.1952,2335.0,6,0,0,0,0,0,0,0,0,,0,0,0,23,3,1,0,N,1,39 55:37.259,3.0,0,75 11:42.682,3,0,0,0,67301,0,0,0,N,0,0,0,2,68K01,0,,1,9,24.0,N,N,N,0,,1,0,0,0,0,N,2334,1,2,0,0,0,0,0,3,4,0,2,7,,N,,,,,,,,,,,
2021026591,1710.0,1,0,0,0,0,0,0,0,0,4,0,,67,3,2021,7,39.9238,-75.185,1705.0,6,0,0,0,0,0,0,0,0,,0,0,0,17,1,0,1,,0,39 55:25.708,,0,75 11:05.881,0,0,0,0,67301,0,0,0,N,0,0,0,2,67301,0,,1,1,,N,N,N,0,,0,0,1,3,3,,1700,0,2,0,0,0,0,0,3,4,0,2,3,,N,,,,,,,,,,,