CRN,ARRIVAL_TM,AUTOMOBILE_COUNT,BELTED_DEATH_COUNT,BELTED_SUSP_SERIOUS_INJ_COUNT,BICYCLE_COUNT,BICYCLE_DEATH_COUNT,BICYCLE_SUSP_SERIOUS_INJ_COUNT,BUS_COUNT,CHLDPAS_DEATH_COUNT,CHLDPAS_SUSP_SERIOUS_INJ_COUNT,COLLISION_TYPE,COMM_VEH_COUNT,CONS_ZONE_SPD_LIM,COUNTY,CRASH_MONTH,CRASH_YEAR,DAY_OF_WEEK,DEC_LAT,DEC_LONG,DISPATCH_TM,DISTRICT,DRIVER_COUNT_16YR,DRIVER_COUNT_17YR,DRIVER_COUNT_18YR,DRIVER_COUNT_19YR,DRIVER_COUNT_20YR,DRIVER_COUNT_50_64YR,DRIVER_COUNT_65_74YR,DRIVER_COUNT_75PLUS,EST_HRS_CLOSED,FATAL_COUNT,HEAVY_TRUCK_COUNT,HORSE_BUGGY_COUNT,HOUR_OF_DAY,ILLUMINATION,INJURY_COUNT,INTERSECT_TYPE,INTERSECTION_RELATED,LANE_CLOSED,LATITUDE,LN_CLOSE_DIR,LOCATION_TYPE,LONGITUDE,MAX_SEVERITY_LEVEL,MCYCLE_DEATH_COUNT,MCYCLE_SUSP_SERIOUS_INJ_COUNT,MOTORCYCLE_COUNT,MUNICIPALITY,NONMOTR_COUNT,NONMOTR_DEATH_COUNT,NONMOTR_SUSP_SERIOUS_INJ_COUNT,NTFY_HIWY_MAINT,PED_COUNT,PED_DEATH_COUNT,PED_SUSP_SERIOUS_INJ_COUNT,PERSON_COUNT,POLICE_AGCY,POSSIBLE_INJ_COUNT,RDWY_SURF_TYPE_CD,RELATION_TO_ROAD,ROAD_CONDITION,ROADWAY_CLEARED,SCH_BUS_IND,SCH_ZONE_IND,SECONDARY_CRASH,SMALL_TRUCK_COUNT,SPEC_JURIS_CD,SUSP_MINOR_INJ_COUNT,SUSP_SERIOUS_INJ_COUNT,SUV_COUNT,TCD_FUNC_CD,TCD_TYPE,TFC_DETOUR_IND,TIME_OF_DAY,TOT_INJ_COUNT,TOTAL_UNITS,UNB_DEATH_COUNT,UNB_SUSP_SERIOUS_INJ_COUNT,UNBELTED_OCC_COUNT,UNK_INJ_DEG_COUNT,UNK_INJ_PER_COUNT,URBAN_AREA,URBAN_RURAL,VAN_COUNT,VEHICLE_COUNT,WEATHER1,WEATHER2,WORK_ZONE_IND,WORK_ZONE_LOC,WORK_ZONE_TYPE,WORKERS_PRES,WZ_CLOSE_DETOUR,WZ_FLAGGER,WZ_LAW_OFFCR_IND,WZ_LN_CLOSURE,WZ_MOVING,WZ_OTHER,WZ_SHLDER_MDN,WZ_WORKERS_INJ_KILLED
2021017351,108.0,2,0,0,0,0,0,0,0,0,4,0,,67,2,2021,7,39.9629,-75.1913,106.0,6,0,0,0,0,0,0,0,0,,0,0,0,1,3,0,1,,0,39 57:46.535,,0,75 11:28.992,9,0,0,0,67301,0,0,0,N,0,0,0,2,67507,0,,1,1,,N,N,N,0,,0,0,0,3,2,,100,0,2,0,0,0,0,1,3,4,0,2,3,,N,,,,,,,,,,,
2021043457,1503.0,1,0,0,0,0,0,0,0,0,1,0,,67,5,2021,4,39.9423,-75.1936,1503.0,6,0,0,0,0,0,2,0,0,,0,0,0,15,1,0,0,N,1,39 56:32.401,4.0,0,75 11:37.105,0,0,0,0,67301,0,0,0,N,0,0,0,4,68K01,0,,1,1,1545.0,N,N,N,0,,0,0,3,0,0,N,1503,0,4,0,0,0,0,0,3,4,0,4,3,,N,,,,,,,,,,,
2021018516,1810.0,1,0,0,0,0,0,0,0,0,8,0,,67,2,2021,1,39.9495,-75.2271,1805.0,6,0,0,0,0,0,0,0,0,,0,0,0,18,3,1,0,N,0,39 56:58.163,,0,75 13:37.406,3,0,0,0,67301,1,0,0,N,1,0,0,2,67301,0,,1,1,,N,N,N,0,,1,0,0,0,0,,1803,1,2,0,0,0,0,0,3,4,0,1,3,,N,,,,,,,,,,,
2021017841,340.0,2,0,0,0,0,0,0,0,0,5,0,,67,2,2021,5,39.9423,-75.2143,335.0,6,0,0,0,0,0,0,0,0,,0,0,0,3,3,0,0,N,0,39 56:32.130,,0,75 12:51.410,0,0,0,0,67301,0,0,0,N,0,0,0,1,67301,0,,6,1,,N,N,N,0,,0,0,2,0,0,,335,0,4,0,0,0,0,0,3,4,0,4,3,3.0,N,,,,,,,,,,,
2021016579,622.0,1,0,0,0,0,0,0,0,0,7,0,,67,2,2021,7,40.0318,-75.0212,615.0,6,0,0,0,0,0,0,0,0,,0,0,0,6,3,0,0,N,1,40 01:54.339,1.0,3,75 01:16.311,0,0,0,0,67301,0,0,0,N,0,0,0,1,68K01,0,,4,1,645.0,N,N,N,0,,0,0,0,0,0,N,613,0,1,0,0,0,0,0,3,4,0,1,3,3.0,N,,,,,,,,,,,
2021018174,2230.0,1,0,0,0,0,0,0,0,0,7,0,,67,2,2021,2,40.0372,-75.0135,2217.0,6,0,0,0,0,0,0,0,0,,0,0,0,22,3,0,0,N,0,40 02:14.081,,0,75 00:48.574,0,0,0,0,67301,0,0,0,N,0,0,0,1,68K01,0,,4,9,,N,N,N,0,,0,0,0,0,0,,2210,0,1,0,0,0,0,0,3,4,0,1,7,,N,,,,,,,,,,,
2021017030,710.0,0,0,0,0,0,0,0,0,0,6,0,,67,2,2021,5,40.0394,-75.1287,706.0,6,0,0,0,0,0,0,0,0,,0,0,0,7,3,0,0,N,0,40 02:21.720,,0,75 07:43.230,9,0,0,0,67301,0,0,0,N,0,0,0,1,67301,0,,6,7,,N,N,N,1,,0,0,1,0,0,,705,0,3,0,0,0,0,1,3,4,1,3,6,10.0,N,,,,,,,,,,,
2021017590,1314.0,1,0,0,0,0,0,0,0,0,4,0,,67,2,2021,1,40.02,-75.1266,1314.0,6,0,0,0,1,0,0,0,0,,0,0,0,13,1,2,2,,0,40 01:11.931,,0,75 07:35.929,8,0,0,0,67301,0,0,0,N,0,0,0,3,67301,0,,1,2,,N,N,N,0,,0,0,1,3,3,,1308,2,2,0,0,0,2,0,3,4,0,2,98,98.0,N,,,,,,,,,,,
2021042482,1555.0,2,0,0,0,0,0,0,0,0,2,0,,67,5,2021,2,40.0628,-75.1843,1510.0,6,0,0,0,0,0,0,0,0,,0,0,0,15,1,0,0,Y,0,40 03:46.080,,0,75 11:03.500,0,0,0,0,67301,0,0,0,N,0,0,0,3,67301,0,,1,1,,N,N,N,0,,0,0,1,3,3,,1510,0,3,0,0,1,0,0,3,4,0,3,3,3.0,N,,,,,,,,,,,
2021060668,838.0,0,0,0,0,0,0,0,0,0,5,0,,67,6,2021,5,39.9935,-75.0849,828.0,6,0,0,0,0,0,0,0,0,,0,0,0,8,1,0,0,N,0,39 59:36.746,,0,75 05:05.565,0,0,0,0,67301,0,0,0,N,0,0,0,2,68K01,0,,1,1,,N,N,N,0,,0,0,2,0,0,,807,0,2,0,0,0,0,0,3,4,0,2,3,,N,,,,,,,,,,,
2021015235,2359.0,0,0,0,0,0,0,0,0,0,4,0,,67,2,2021,7,40.0406,-75.0522,2357.0,6,0,0,1,0,0,0,1,0,,0,0,0,23,3,1,2,,0,40 02:26.323,,0,75 03:08.078,8,0,0,0,67301,0,0,0,N,0,0,0,4,67301,0,,1,2,,N,N,N,0,,0,0,2,3,3,,2356,1,2,0,0,0,1,0,3,4,0,2,6,98.0,N,,,,,,,,,,,
2021016351,1731.0,2,0,0,0,0,0,0,0,0,4,0,,67,2,2021,1,39.9481,-75.1634,1726.0,6,0,0,0,0,0,0,0,0,,0,0,0,17,1,1,1,,0,39 56:53.062,,0,75 09:48.173,4,0,0,0,67301,0,0,0,N,0,0,0,2,67301,1,,1,1,,N,N,N,0,,0,0,0,3,3,,1724,1,2,0,0,0,0,0,3,4,0,2,3,3.0,N,,,,,,,,,,,
2021015661,910.0,0,0,0,0,0,0,0,0,0,7,0,,67,2,2021,1,39.9262,-75.1923,901.0,6,0,0,0,0,0,0,0,0,,0,0,0,9,1,0,2,,0,39 55:34.147,,0,75 11:32.128,0,0,0,0,67301,0,0,0,N,0,0,0,1,67301,0,,4,2,,N,N,N,0,,0,0,1,0,0,,900,0,1,0,0,0,0,0,3,4,0,1,6,,N,,,,,,,,,,,
2021019548,338.0,0,0,0,0,0,0,0,0,0,1,0,45.0,67,2,2021,3,40.0128,-75.0585,338.0,6,0,0,0,0,0,0,0,0,,0,0,0,3,3,1,0,N,0,40 00:45.995,,0,75 03:30.483,8,0,0,0,67301,0,0,0,N,0,0,0,4,68K01,0,,1,9,,N,N,N,0,,0,0,1,0,0,,338,1,2,0,0,0,1,1,3,4,1,2,7,,Y,4.0,1.0,N,,,N,,,,Y,N
2021015543,2340.0,0,0,0,0,0,0,0,0,0,7,0,,67,2,2021,6,40.0006,-75.0969,2340.0,6,0,0,0,0,0,0,0,0,,0,0,0,23,3,1,0,N,0,40 00:02.060,,0,75 05:48.930,3,0,0,0,67301,0,0,0,N,0,0,0,1,67301,0,,5,2,,N,N,N,0,,1,0,1,0,0,,2310,1,1,0,0,0,0,0,3,4,0,1,3,,N,,,,,,,,,,,
2021043061,1913.0,1,0,0,0,0,0,0,0,0,5,0,,67,5,2021,4,39.9668,-75.1349,1856.0,6,0,0,1,0,0,0,0,0,,0,0,0,18,1,0,0,N,1,39 58:00.366,2.0,0,75 08:05.813,0,0,0,0,67301,0,0,0,N,0,0,0,2,68K01,0,,1,1,1930.0,N,N,N,0,,0,0,1,0,0,N,1855,0,2,0,0,0,0,0,3,4,0,2,3,,N,,,,,,,,,,,
2021017653,253.0,3,0,0,0,0,0,0,0,0,4,0,,67,2,2021,1,39.9704,-75.1363,248.0,6,0,0,0,0,0,0,0,0,,0,0,0,2,3,0,1,,0,39 58:13.594,,0,75 08:10.755,9,0,0,1,67301,0,0,0,N,0,0,0,2,67301,0,,1,1,,N,N,N,0,,0,0,0,3,3,,230,0,4,0,0,0,0,1,3,4,0,4,3,,N,,,,,,,,,,,
2021015234,824.0,1,0,0,0,0,0,0,0,0,4,0,,67,2,2021,1,39.9158,-75.2302,820.0,6,0,0,0,0,0,0,0,0,,0,0,0,8,1,0,2,,0,39 54:56.959,,0,75 13:48.753,0,0,0,0,67301,0,0,0,N,0,0,0,1,67301,0,,1,2,,N,N,N,0,,0,0,1,0,0,,804,0,2,0,0,0,0,0,3,4,0,2,98,4.0,N,,,,,,,,,,,
2021015328,757.0,1,0,0,0,0,0,0,0,0,1,0,,67,2,2021,1,40.0942,-75.0308,757.0,6,0,0,0,0,0,0,0,0,,0,0,0,7,1,0,2,,1,40 05:39.215,4.0,0,75 01:50.969,0,0,0,0,67301,0,0,0,N,0,0,0,2,67301,0,,1,2,829.0,N,N,N,0,,0,0,1,3,2,N,757,0,2,0,0,0,0,0,3,4,0,2,6,,N,,,,,,,,,,,
2021015236,749.0,2,0,0,0,0,0,0,0,0,4,0,,67,2,2021,1,40.0233,-75.0894,741.0,6,0,0,0,0,0,0,0,0,,0,0,0,7,1,1,1,,0,40 01:23.728,,0,75 05:21.944,8,0,0,0,67301,0,0,0,N,0,0,0,2,67301,0,,1,2,,N,N,N,0,,0,0,1,3,3,,739,1,3,0,0,0,1,1,3,4,0,3,3,,N,,,,,,,,,,,
2021017836,1910.0,0,0,0,0,0,0,0,0,0,5,0,,67,2,2021,7,40.046,-75.1589,1858.0,6,0,0,0,0,0,0,0,0,,0,0,0,17,3,0,0,N,2,40 02:45.700,2.0,0,75 09:32.000,9,0,0,0,67301,0,0,0,N,0,0,0,1,67301,0,,6,2,2115.0,N,N,N,1,,0,0,3,0,0,Y,1740,0,5,0,0,0,0,1,3,4,1,5,3,98.0,N,,,,,,,,,,,
2021017592,1215.0,0,0,0,0,0,0,0,0,0,4,0,,67,2,2021,2,40.0223,-75.1307,1208.0,6,0,0,0,0,0,0,2,0,,0,0,0,10,1,2,1,,0,40 01:20.395,,0,75 07:50.408,3,0,0,0,67301,0,0,0,N,0,0,0,3,67301,0,,1,1,,N,N,N,0,,2,0,2,3,3,,1047,2,2,0,0,0,0,0,3,4,0,2,3,3.0,N,,,,,,,,,,,
2021015325,1837.0,2,0,0,0,0,0,0,0,0,5,0,,67,2,2021,7,39.9346,-75.1508,1837.0,6,0,0,0,1,0,0,0,0,,0,0,0,18,3,0,0,Y,2,39 56:04.440,2.0,0,75 09:02.700,0,0,0,0,67301,0,0,0,N,0,0,0,2,67301,0,,6,2,2037.0,N,N,N,0,,0,0,1,3,2,Y,1835,0,4,0,0,0,0,0,3,4,1,4,6,,N,,,,,,,,,,,
2021015331,121.0,2,0,0,0,0,0,0,0,0,5,0,,67,2,2021,1,40.0651,-74.987,119.0,6,0,0,0,0,0,0,0,0,,0,0,0,1,3,1,0,N,1,40 03:54.210,4.0,0,74 59:13.100,3,0,0,0,67301,1,0,0,N,0,0,0,2,67301,0,,6,2,254.0,N,N,N,0,,1,0,0,0,0,N,100,1,2,0,0,0,0,1,3,4,0,2,6,98.0,N,,,,,,,,,,,
2021059120,2111.0,1,0,0,0,0,0,0,0,0,4,0,,67,6,2021,3,40.0226,-75.0937,2107.0,6,0,0,0,0,0,0,0,0,,0,0,0,21,3,0,1,,0,40 01:21.303,,0,75 05:37.267,9,0,0,0,67301,0,0,0,N,0,0,0,2,67301,0,,1,1,,N,N,N,0,,0,0,0,3,3,,2106,0,2,0,0,0,0,1,3,4,0,2,3,3.0,N,,,,,,,,,,,
2021025365,28.0,1,0,0,0,0,0,0,0,0,4,0,,67,2,2021,7,39.9943,-75.1448,15.0,6,0,0,0,0,0,0,0,0,,0,0,0,21,3,1,1,,0,39 59:39.562,,0,75 08:41.193,3,0,0,0,67301,0,0,0,N,0,0,0,3,67301,0,,1,2,,N,N,N,0,,1,0,1,3,3,,2120,1,2,0,0,2,0,2,3,4,0,2,6,9.0,N,,,,,,,,,,,
2021017931,2330.0,1,0,0,0,0,0,0,0,0,4,0,,67,2,2021,5,40.0086,-75.0984,2338.0,6,0,0,0,0,0,0,0,0,,0,0,0,22,3,0,1,,0,40 00:31.138,,0,75 05:54.339,9,0,0,0,67301,0,0,0,N,0,0,0,2,67301,0,,1,7,,N,N,N,0,,0,0,1,3,2,,2230,0,3,0,0,0,0,1,3,4,1,3,10,9.0,N,,,,,,,,,,,
2021026814,2318.0,0,0,1,0,0,0,0,0,0,2,0,,67,2,2021,2,39.9688,-75.1916,2302.0,6,0,0,0,0,0,0,0,0,,0,0,0,22,3,3,0,N,2,39 58:07.516,3.0,0,75 11:29.771,2,0,0,0,67301,0,0,0,N,0,0,0,3,68K01,0,,1,9,30.0,N,N,N,0,,1,2,3,0,0,N,2252,3,3,0,0,0,0,0,3,4,0,3,7,,N,,,,,,,,,,,
2021015154,1910.0,1,0,0,0,0,0,0,0,0,7,0,,67,2,2021,7,40.0111,-75.1641,1902.0,6,0,0,0,0,0,0,0,0,,0,0,0,19,3,1,1,,0,40 00:40.056,,0,75 09:51.282,3,0,0,0,67301,0,0,0,N,0,0,0,1,67301,0,,4,2,,N,N,N,0,,1,0,0,3,2,,1902,1,1,0,0,0,0,0,3,4,0,1,6,6.0,N,,,,,,,,,,,
2021018805,1635.0,0,0,0,0,0,0,0,0,0,8,0,,67,2,2021,4,40.0129,-75.0719,1635.0,6,0,0,0,0,0,1,0,0,,0,0,0,16,1,1,1,,0,40 00:46.290,,0,75 04:18.661,3,0,0,0,67301,1,0,0,N,1,0,0,2,67301,0,,1,1,,N,N,N,0,,1,0,1,0,0,,1630,1,2,0,0,1,0,0,3,4,0,1,3,3.0,N,,,,,,,,,,,
2021015544,227.0,3,0,0,0,0,0,0,0,0,5,0,,67,2,2021,7,39.9988,-75.1108,224.0,6,0,0,0,0,0,0,0,0,,0,0,0,2,3,0,0,N,0,39 59:55.740,,0,75 06:38.760,0,0,0,0,67301,0,0,0,N,0,0,0,2,67301,0,,1,1,,N,N,N,0,,0,0,0,0,0,,224,0,4,0,0,2,0,0,3,4,1,4,3,3.0,N,,,,,,,,,,,
2021017604,2339.0,2,0,0,0,0,0,0,0,0,6,0,,67,2,2021,7,39.9808,-75.1487,2338.0,6,0,0,0,0,0,0,0,0,,0,0,0,23,3,0,0,N,2,39 58:50.800,3.0,0,75 08:55.400,9,0,0,0,67301,0,0,0,N,0,0,0,1,67505,0,,6,2,10.0,N,N,N,0,,0,0,1,0,0,Y,2330,0,4,0,0,0,0,1,3,4,1,4,3,3.0,N,,,,,,,,,,,
2021015155,1843.0,0,0,0,0,0,0,0,0,0,4,0,,67,2,2021,7,40.0015,-75.1647,1833.0,6,0,0,0,0,0,0,0,0,,0,0,0,17,3,1,1,,0,40 00:05.263,,0,75 09:52.772,3,0,0,0,67301,0,0,0,N,0,0,0,3,67301,0,,1,2,,N,N,N,0,,1,0,2,3,3,,1710,1,2,0,0,0,0,0,3,4,0,2,6,,N,,,,,,,,,,,
2021016743,1520.0,0,0,0,0,0,0,0,0,0,4,0,,67,2,2021,4,39.9181,-75.1809,1515.0,6,0,0,0,0,0,1,0,0,,0,0,0,14,1,2,1,,0,39 55:05.152,,0,75 10:51.186,8,0,0,0,67301,0,0,0,N,0,0,0,2,67301,0,,1,1,,N,N,N,0,,0,0,2,3,2,,1420,2,2,0,0,0,2,0,3,4,0,2,3,3.0,N,,,,,,,,,,,
2021018078,2228.0,1,0,0,0,0,0,0,0,0,8,0,,67,2,2021,7,40.0307,-75.1662,2228.0,6,0,0,0,1,0,0,0,0,,0,0,0,22,3,1,0,N,0,40 01:50.403,,0,75 09:58.491,3,0,0,0,67301,1,0,0,N,1,0,0,2,67301,0,,1,2,,N,N,N,0,,1,0,0,0,0,,2228,1,2,0,0,0,0,0,3,4,0,1,3,,N,,,,,,,,,,,
2021042494,8.0,1,0,0,0,0,0,0,0,0,1,0,40.0,67,5,2021,2,40.0184,-75.1679,2353.0,6,0,0,0,0,0,1,0,0,,0,0,0,23,3,0,0,N,2,40 01:06.083,1.0,0,75 10:04.557,0,0,0,0,67301,0,0,0,N,0,0,0,3,67301,0,,1,1,35.0,N,N,N,0,,0,0,1,3,8,N,2353,0,2,0,0,0,0,0,3,4,0,2,3,3.0,Y,4.0,1.0,Y,N,N,Y,Y,Y,N,N,N
2021017108,900.0,1,0,0,0,0,0,0,0,0,2,0,,67,2,2021,5,40.0525,-75.1714,905.0,6,0,0,0,0,0,0,0,0,,0,0,0,9,1,1,0,N,0,40 03:08.931,,0,75 10:17.038,3,0,0,0,67301,0,0,0,N,0,0,0,3,67301,0,,1,7,,N,N,N,0,,1,0,1,0,0,,900,1,2,0,0,0,0,0,3,4,0,2,10,,N,,,,,,,,,,,
2021016469,733.0,3,0,0,0,0,0,0,0,0,5,0,,67,2,2021,4,39.9158,-75.1641,730.0,6,0,0,0,0,0,0,0,0,,0,0,0,7,1,0,0,N,0,39 54:57.036,,0,75 09:50.599,0,0,0,0,67301,0,0,0,N,0,0,0,1,67301,0,,6,1,,N,N,N,1,,0,0,1,0,0,,715,0,5,0,0,0,0,0,3,4,0,5,3,,N,,,,,,,,,,,
2021042717,1831.0,1,0,0,0,0,0,0,0,0,1,0,,67,5,2021,2,39.9572,-75.1569,1818.0,6,0,0,0,0,0,0,0,0,,0,0,0,18,1,0,0,N,1,39 57:25.986,4.0,0,75 09:24.975,0,0,0,0,67301,0,0,0,N,0,0,0,4,68K01,0,,1,1,1900.0,N,N,N,1,,0,0,1,0,0,N,1808,0,3,0,0,0,0,0,3,4,0,3,3,3.0,N,,,,,,,,,,,
2021017340,230.0,1,0,0,0,0,0,0,0,0,7,0,,67,2,2021,6,40.1136,-74.9873,225.0,6,0,0,0,0,0,0,0,0,,0,0,0,2,3,0,0,N,0,40 06:49.100,,0,74 59:14.280,0,0,0,0,67301,0,0,0,Y,0,0,0,1,67301,0,,4,2,,N,N,N,0,,0,0,0,0,0,,220,0,1,0,0,0,0,0,3,4,0,1,6,9.0,N,,,,,,,,,,,
2021022814,1357.0,1,0,0,0,0,0,0,0,0,5,0,45.0,67,2,2021,4,39.8992,-75.1764,1333.0,6,0,0,0,0,0,1,0,0,,0,0,0,13,1,0,0,N,0,39 53:57.003,,3,75 10:35.196,9,0,0,0,67301,0,0,0,N,0,0,0,2,68K01,0,,1,1,,N,N,N,0,,0,0,0,0,0,,1304,0,2,0,0,0,0,1,3,4,0,2,3,,Y,4.0,1.0,N,,,N,,,Y,,N
2021015831,1858.0,0,0,0,0,0,0,0,0,0,8,0,,67,2,2021,1,40.0702,-75.1667,1856.0,6,0,0,0,0,0,0,0,0,,0,0,0,18,3,1,1,,0,40 04:12.648,,0,75 10:00.224,3,0,0,0,67301,1,0,0,N,1,0,0,2,67301,0,,1,1,,N,N,N,0,,1,0,1,3,2,,1851,1,2,0,0,1,0,0,3,4,0,1,3,3.0,N,,,,,,,,,,,
2021017105,725.0,0,0,0,0,0,0,0,0,0,1,0,,67,2,2021,5,40.03,-75.1025,725.0,6,0,0,0,0,0,0,0,0,,0,0,0,6,1,0,0,Y,2,40 01:47.863,2.0,0,75 06:09.134,0,0,0,0,67301,0,0,0,N,0,0,0,2,67301,0,,1,7,1008.0,N,N,N,0,,0,0,2,3,2,N,625,0,2,0,0,0,0,0,3,4,0,2,10,10.0,N,,,,,,,,,,,
2021017189,850.0,0,0,0,0,0,0,0,0,0,6,0,,67,2,2021,6,40.0678,-75.1947,836.0,6,0,0,0,0,0,1,0,0,,0,0,0,7,1,0,0,N,0,40 04:04.170,,0,75 11:40.780,0,0,0,0,67301,0,0,0,N,0,0,0,2,67301,0,,1,2,,N,N,N,0,,0,0,2,0,0,,728,0,2,0,0,0,0,0,3,4,0,2,9,4.0,N,,,,,,,,,,,
2021015028,2009.0,1,0,0,0,0,0,0,0,0,4,0,,67,2,2021,6,39.9896,-75.1819,2008.0,6,0,0,0,0,0,0,0,0,,0,0,0,20,3,1,1,,0,39 59:22.556,,0,75 10:54.699,8,0,0,0,67301,0,0,0,N,0,0,0,3,67301,0,,1,1,,N,N,N,0,,0,0,1,3,3,,2001,1,2,0,0,0,1,1,3,4,0,2,3,,N,,,,,,,,,,,
2021015332,1355.0,2,0,0,0,0,0,0,0,0,4,0,,67,2,2021,6,39.9698,-75.1615,1352.0,6,0,0,0,0,0,0,0,0,,0,0,0,13,1,1,1,,0,39 58:11.308,,0,75 09:41.540,4,0,0,0,67301,0,0,0,N,0,0,0,2,67301,1,,1,6,,N,N,N,0,,0,0,2,3,3,,1350,1,4,0,0,1,0,0,3,4,0,4,3,3.0,N,,,,,,,,,,,
2021016257,1108.0,4,0,0,0,0,0,0,0,0,6,0,,67,2,2021,1,39.944,-75.2453,1105.0,6,0,0,0,0,0,0,1,0,,0,0,0,11,1,1,0,N,1,39 56:38.469,6.0,0,75 14:43.072,3,0,0,0,67301,0,0,0,N,0,0,0,2,67301,0,,1,2,1130.0,N,N,N,0,,1,0,1,0,0,Y,1100,1,6,0,0,0,0,0,3,4,1,6,3,3.0,N,,,,,,,,,,,
2021042072,2316.0,1,0,0,0,0,0,0,0,0,8,0,,67,5,2021,1,40.1266,-75.0144,2311.0,6,0,0,0,0,0,0,0,0,,1,0,0,22,3,0,0,N,0,40 07:35.812,,0,75 00:51.835,1,0,0,0,67301,1,1,0,N,1,1,0,2,67301,0,2.0,1,1,,N,N,N,0,0.0,0,0,0,0,0,,2255,0,2,0,0,0,0,0,3,4,0,1,3,3.0,N,,,,,,,,,,,
2021018226,1620.0,0,0,0,0,0,0,0,0,0,1,0,,67,2,2021,7,39.9578,-75.1615,1615.0,6,0,0,0,1,0,1,0,0,,0,0,0,16,1,0,0,N,2,39 57:28.190,4.0,0,75 09:41.552,0,0,0,0,67301,0,0,0,N,0,0,0,3,68K01,0,,1,1,1625.0,N,N,N,0,,0,0,2,0,0,N,1613,0,3,0,0,0,0,0,3,4,1,3,3,3.0,N,,,,,,,,,,,
2021016273,2354.0,4,0,0,0,0,0,0,0,0,4,0,,67,2,2021,3,39.9869,-75.161,2351.0,6,0,0,0,0,0,0,0,0,,0,0,0,23,3,0,1,,1,39 59:12.926,1.0,0,75 09:39.762,0,0,0,0,67301,0,0,0,N,0,0,0,1,67505,0,,1,1,130.0,N,N,N,0,,0,0,0,3,2,Y,2342,0,4,0,0,0,0,0,3,4,0,4,3,98.0,N,,,,,,,,,,,
2021015242,34.0,0,0,0,0,0,0,0,0,0,4,0,,67,2,2021,1,40.033,-75.1161,24.0,6,0,0,0,0,0,0,0,0,,0,0,0,0,3,1,1,,2,40 01:58.974,7.0,0,75 06:57.861,3,0,0,0,67301,0,0,0,N,0,0,0,2,67301,0,,1,2,110.0,N,N,N,0,,1,0,2,3,2,Y,20,1,2,0,0,0,0,0,3,4,0,2,6,98.0,N,,,,,,,,,,,
2021014942,1130.0,2,0,0,0,0,0,0,0,0,4,0,,67,2,2021,6,40.005,-75.1786,1127.0,6,0,0,0,0,0,0,1,0,,0,0,0,11,1,1,5,,0,40 00:17.805,,0,75 10:43.398,3,0,0,0,67301,0,0,0,N,0,0,0,3,67301,0,,1,1,,N,N,N,0,,1,0,0,3,2,,1119,1,2,0,0,0,0,1,3,4,0,2,3,,N,,,,,,,,,,,
2021017002,2017.0,1,0,0,0,0,0,0,0,0,4,0,,67,2,2021,6,40.0206,-75.21,2003.0,6,0,1,0,0,0,0,0,0,,0,0,0,20,3,1,3,,0,40 01:14.026,,0,75 12:35.892,3,0,0,0,67301,0,0,0,N,0,0,0,6,67301,0,,1,1,,N,N,N,0,,1,0,0,0,0,,2000,1,2,0,0,0,0,0,3,4,0,2,3,3.0,N,,,,,,,,,,,
2021042486,1244.0,1,0,0,0,0,0,0,0,0,4,0,,67,5,2021,2,40.0222,-75.0784,1239.0,6,0,0,0,0,0,1,0,0,,0,0,0,12,1,1,0,N,0,40 01:20.078,,0,75 04:42.339,3,0,0,0,67301,0,0,0,N,0,0,0,5,67301,0,,1,1,,N,N,N,0,,1,0,1,0,0,,1232,1,2,0,0,0,0,1,3,4,0,2,3,3.0,N,,,,,,,,,,,
2021019046,2310.0,1,0,0,0,0,0,0,0,0,7,0,,67,2,2021,1,39.989,-75.2067,2307.0,6,0,0,0,1,0,0,0,0,,0,0,0,22,3,0,0,N,0,39 59:20.444,,0,75 12:24.097,0,0,0,0,67301,0,0,0,N,0,0,0,1,68K01,0,,4,1,,N,N,N,0,,0,0,0,0,0,,2256,0,1,0,0,0,0,0,3,4,0,1,3,,N,,,,,,,,,,,
2021018633,656.0,1,0,0,0,0,0,0,0,0,7,0,,67,2,2021,6,39.9007,-75.155,656.0,6,0,0,0,0,0,0,0,0,,0,0,0,6,3,0,0,N,0,39 54:02.563,,3,75 09:17.821,0,0,0,0,67301,0,0,0,N,0,0,0,1,68K01,0,,3,2,,N,N,Y,0,,0,0,0,0,0,,656,0,1,0,0,0,0,0,3,4,0,1,6,,N,,,,,,,,,,,
2021016752,1830.0,1,0,0,0,0,0,0,0,0,5,0,,67,2,2021,4,40.0155,-75.1768,1811.0,6,0,0,0,0,0,0,0,0,,0,0,0,16,1,1,0,N,0,40 00:55.840,,0,75 10:36.455,8,0,0,0,67301,0,0,0,N,0,0,0,3,67301,0,,1,1,,N,N,N,1,,0,0,1,0,0,,1620,1,3,0,0,0,1,0,3,4,0,3,3,3.0,N,,,,,,,,,,,
2021022942,1545.0,1,0,0,0,0,0,0,0,0,7,0,,67,2,2021,5,39.9483,-75.1421,1540.0,6,0,0,0,0,0,0,0,0,,0,0,0,15,1,0,0,N,0,39 56:53.873,,0,75 08:31.496,0,0,0,0,67301,0,0,0,N,0,0,0,1,68K01,0,,4,9,,N,N,N,0,,0,0,0,0,0,,1539,0,1,0,0,0,0,0,3,4,0,1,7,,N,,,,,,,,,,,