CRN,ARRIVAL_TM,AUTOMOBILE_COUNT,BELTED_DEATH_COUNT,BELTED_SUSP_SERIOUS_INJ_COUNT,BICYCLE_COUNT,BICYCLE_DEATH_COUNT,BICYCLE_SUSP_SERIOUS_INJ_COUNT,BUS_COUNT,CHLDPAS_DEATH_COUNT,CHLDPAS_SUSP_SERIOUS_INJ_COUNT,COLLISION_TYPE,COMM_VEH_COUNT,CONS_ZONE_SPD_LIM,COUNTY,CRASH_MONTH,CRASH_YEAR,DAY_OF_WEEK,DEC_LAT,DEC_LONG,DISPATCH_TM,DISTRICT,DRIVER_COUNT_16YR,DRIVER_COUNT_17YR,DRIVER_COUNT_18YR,DRIVER_COUNT_19YR,DRIVER_COUNT_20YR,DRIVER_COUNT_50_64YR,DRIVER_COUNT_65_74YR,DRIVER_COUNT_75PLUS,EST_HRS_CLOSED,FATAL_COUNT,HEAVY_TRUCK_COUNT,HORSE_BUGGY_COUNT,HOUR_OF_DAY,ILLUMINATION,INJURY_COUNT,INTERSECT_TYPE,INTERSECTION_RELATED,LANE_CLOSED,LATITUDE,LN_CLOSE_DIR,LOCATION_TYPE,LONGITUDE,MAX_SEVERITY_LEVEL,MCYCLE_DEATH_COUNT,MCYCLE_SUSP_SERIOUS_INJ_COUNT,MOTORCYCLE_COUNT,MUNICIPALITY,NONMOTR_COUNT,NONMOTR_DEATH_COUNT,NONMOTR_SUSP_SERIOUS_INJ_COUNT,NTFY_HIWY_MAINT,PED_COUNT,PED_DEATH_COUNT,PED_SUSP_SERIOUS_INJ_COUNT,PERSON_COUNT,POLICE_AGCY,POSSIBLE_INJ_COUNT,RDWY_SURF_TYPE_CD,RELATION_TO_ROAD,ROAD_CONDITION,ROADWAY_CLEARED,SCH_BUS_IND,SCH_ZONE_IND,SECONDARY_CRASH,SMALL_TRUCK_COUNT,SPEC_JURIS_CD,SUSP_MINOR_INJ_COUNT,SUSP_SERIOUS_INJ_COUNT,SUV_COUNT,TCD_FUNC_CD,TCD_TYPE,TFC_DETOUR_IND,TIME_OF_DAY,TOT_INJ_COUNT,TOTAL_UNITS,UNB_DEATH_COUNT,UNB_SUSP_SERIOUS_INJ_COUNT,UNBELTED_OCC_COUNT,UNK_INJ_DEG_COUNT,UNK_INJ_PER_COUNT,URBAN_AREA,URBAN_RURAL,VAN_COUNT,VEHICLE_COUNT,WEATHER1,WEATHER2,WORK_ZONE_IND,WORK_ZONE_LOC,WORK_ZONE_TYPE,WORKERS_PRES,WZ_CLOSE_DETOUR,WZ_FLAGGER,WZ_LAW_OFFCR_IND,WZ_LN_CLOSURE,WZ_MOVING,WZ_OTHER,WZ_SHLDER_MDN,WZ_WORKERS_INJ_KILLED
2021018804,2136.0,1,0,0,0,0,0,0,0,0,4,0,,67,2,2021,3,40.0122,-75.0693,2136.0,6,0,0,0,0,0,1,0,0,,0,0,0,21,3,1,1,,1,40 00:44.275,2.0,0,75 04:09.666,4,0,0,0,67301,0,0,0,N,0,0,0,2,67301,1,,1,1,300.0,N,N,N,0,,0,0,1,3,2,Y,2130,1,2,0,0,0,0,0,3,4,0,2,3,3.0,N,,,,,,,,,,,
2021018193,1313.0,1,0,0,0,0,0,0,0,0,7,0,,67,2,2021,5,39.9162,-75.1477,1234.0,6,0,0,0,0,0,0,0,0,,0,0,0,12,1,0,0,N,2,39 54:58.439,2.0,0,75 08:51.849,0,0,0,0,67301,0,0,0,N,0,0,0,1,68K01,0,,3,7,10.0,N,N,N,0,,0,0,0,0,0,N,1233,0,1,0,0,0,0,0,3,4,0,1,10,10.0,N,,,,,,,,,,,
2021059197,2227.0,1,0,0,0,0,0,0,0,0,5,0,,67,6,2021,4,39.8895,-75.2191,2216.0,6,0,0,0,0,1,0,0,0,,0,0,0,21,3,2,0,N,1,39 53:22.354,2.0,0,75 13:08.693,8,0,0,0,67301,0,0,0,N,0,0,0,3,68K01,0,,1,1,2310.0,N,N,N,0,,0,0,1,0,0,N,2150,2,2,0,0,0,2,1,3,4,0,2,3,,N,,,,,,,,,,,
2021015662,2230.0,0,0,0,0,0,0,0,0,0,4,0,,67,2,2021,1,39.959,-75.1375,2230.0,6,0,0,0,1,0,0,0,0,,0,0,0,22,3,0,2,,0,39 57:32.249,,0,75 08:15.092,0,0,0,0,67301,0,0,0,N,0,0,0,2,67301,0,,1,1,,N,N,N,1,,0,0,1,0,0,,2229,0,2,0,0,0,0,0,3,4,0,2,3,3.0,N,,,,,,,,,,,
2021017792,941.0,0,0,0,0,0,0,0,0,0,7,0,,67,2,2021,5,39.9865,-75.092,932.0,6,0,0,0,0,0,0,0,0,,0,0,0,9,1,1,0,N,2,39 59:11.379,2.0,0,75 05:31.025,3,0,0,0,67301,0,0,0,N,0,0,0,1,68K01,0,,3,7,45.0,N,N,N,0,,1,0,1,0,0,N,930,1,1,0,0,0,0,0,3,4,0,1,10,,N,,,,,,,,,,,
2021042490,6.0,0,0,0,0,0,0,0,0,0,0,0,,67,2,2021,2,40.0159,-75.1296,5.0,6,0,0,0,0,0,0,0,0,,1,0,0,0,3,0,1,,0,40 00:57.340,,0,75 07:46.520,1,0,0,0,67301,0,0,0,N,0,0,0,1,67301,0,2.0,1,9,,N,N,N,0,0.0,0,0,0,3,2,,4,0,1,0,0,0,0,0,3,4,0,1,3,10.0,N,,,,,,,,,,,
2021015475,155.0,2,0,0,0,0,0,0,0,0,2,0,,67,2,2021,1,40.0128,-75.0722,123.0,6,0,0,0,0,0,0,0,0,,0,0,0,1,3,2,0,N,0,40 00:46.043,,0,75 04:19.769,3,0,0,0,67301,0,0,0,N,0,0,0,4,67301,0,,1,2,,N,N,N,0,,2,0,0,0,0,,114,2,2,0,0,0,0,0,3,4,0,2,6,7.0,N,,,,,,,,,,,
2021015914,1228.0,1,0,0,0,0,0,0,0,0,4,0,,67,2,2021,1,39.921,-75.2289,1226.0,6,0,0,0,0,0,1,0,0,,0,0,0,12,1,3,1,,0,39 55:15.752,,0,75 13:44.116,3,0,0,0,67301,0,0,0,N,0,0,0,3,67301,1,,1,9,,N,N,N,0,,2,0,1,3,2,,1224,3,2,0,0,1,0,0,3,4,0,2,4,7.0,N,,,,,,,,,,,
2021018634,805.0,1,0,0,0,0,0,0,0,0,5,0,,67,2,2021,6,40.0232,-75.0344,755.0,6,0,0,0,0,0,0,0,0,,0,0,0,7,1,1,0,N,0,40 01:23.373,,3,75 02:04.009,4,0,0,0,67301,0,0,0,N,0,0,0,2,68K01,1,,1,2,,N,N,N,0,,0,0,1,0,0,,750,1,2,0,0,0,0,0,3,4,0,2,6,,N,,,,,,,,,,,
2021017651,238.0,0,0,0,0,0,0,0,0,0,7,0,,67,2,2021,1,40.0187,-75.1017,214.0,6,0,0,0,0,0,0,0,0,,0,0,0,2,3,0,2,,1,40 01:07.384,6.0,0,75 06:06.253,0,0,0,0,67301,0,0,0,N,0,0,0,1,67301,0,,4,2,310.0,N,N,N,0,,0,0,1,3,3,N,212,0,1,0,0,0,0,0,3,4,0,1,6,10.0,N,,,,,,,,,,,
2021043418,2310.0,2,0,0,0,0,0,0,0,0,4,0,,67,5,2021,7,40.0292,-75.0228,2247.0,6,0,0,1,0,0,0,0,0,,0,0,0,22,3,0,0,N,0,40 01:44.974,,0,75 01:22.111,0,0,0,0,67301,0,0,0,N,0,0,0,2,68K01,0,,1,1,,N,N,N,0,,0,0,0,0,0,,2246,0,2,0,0,0,0,0,3,4,0,2,3,,N,,,,,,,,,,,
2021043088,739.0,1,0,0,0,0,0,0,0,0,1,0,,67,5,2021,3,39.9857,-75.2083,727.0,6,0,0,0,0,0,0,0,0,,0,0,0,7,1,0,0,N,0,39 59:08.401,,0,75 12:29.803,0,0,0,0,67301,0,0,0,N,0,0,0,2,68K01,0,,1,1,,N,N,N,0,,0,0,1,0,0,,725,0,2,0,0,0,0,0,3,4,0,2,3,,N,,,,,,,,,,,
2021019027,2207.0,1,0,0,0,0,0,0,0,0,7,0,,67,2,2021,4,39.9748,-75.1177,2149.0,6,0,0,0,0,0,0,0,0,,0,0,0,21,3,1,0,N,1,39 58:29.386,2.0,3,75 07:03.623,4,0,0,0,67301,0,0,0,N,0,0,0,1,68K01,1,,4,1,2230.0,N,N,N,0,,0,0,0,0,0,N,2149,1,1,0,0,1,0,0,3,4,0,1,3,,N,,,,,,,,,,,
2021015240,1210.0,0,0,0,0,0,0,0,0,0,4,0,,67,2,2021,7,39.997,-75.1786,1200.0,6,0,0,0,0,0,1,0,0,,0,0,0,12,1,0,1,,0,39 59:49.350,,0,75 10:42.861,9,0,0,0,67301,0,0,0,N,0,0,0,3,67301,0,,1,9,,N,N,N,1,,0,0,0,3,2,,1200,0,2,0,0,0,0,1,3,4,1,2,7,6.0,N,,,,,,,,,,,
2021018070,1643.0,2,0,0,0,0,0,0,0,0,5,0,,67,2,2021,7,40.0368,-75.0407,1636.0,6,0,0,0,0,0,0,0,0,,0,0,0,16,1,1,1,,0,40 02:12.310,,0,75 02:26.659,3,0,0,0,67301,0,0,0,N,0,0,0,2,67301,0,,1,1,,N,N,N,0,,1,0,0,3,2,,1635,1,2,0,0,0,0,1,3,4,0,2,3,,N,,,,,,,,,,,
2021016352,2240.0,1,0,0,0,0,0,0,0,0,4,0,,67,2,2021,1,39.9467,-75.1626,2240.0,6,0,0,0,0,0,0,0,0,,0,0,0,22,3,0,1,,0,39 56:48.192,,0,75 09:45.448,0,0,0,0,67301,0,0,0,N,0,0,0,2,67301,0,,1,1,,N,N,N,0,,0,0,1,3,2,,2225,0,2,0,0,0,0,0,3,4,0,2,3,3.0,N,,,,,,,,,,,
2021019017,706.0,0,0,0,0,0,0,0,0,0,7,0,,67,2,2021,7,39.919,-75.1481,659.0,6,0,0,0,0,0,0,0,0,,0,0,0,6,1,0,0,N,1,39 55:08.537,2.0,3,75 08:53.026,0,0,0,0,67301,0,0,0,N,0,0,0,2,68K01,0,,3,1,733.0,N,N,N,0,,0,0,1,0,0,N,657,0,1,0,0,0,0,0,3,4,0,1,4,,N,,,,,,,,,,,
2021015546,1240.0,2,0,0,0,0,0,0,0,0,4,0,,67,2,2021,7,39.9776,-75.1494,1245.0,6,0,0,0,0,0,0,1,0,,0,0,0,12,1,1,1,,0,39 58:39.324,,0,75 08:57.926,3,0,0,0,67301,0,0,0,N,0,0,0,2,67301,0,,1,9,,N,N,N,0,,1,0,0,3,3,,1240,1,2,0,0,0,0,0,3,4,0,2,7,7.0,N,,,,,,,,,,,
2021015427,2014.0,2,0,0,0,0,0,0,0,0,6,0,,67,2,2021,7,39.9651,-75.2175,2013.0,6,0,0,0,0,0,1,0,0,,0,0,0,20,3,0,0,N,0,39 57:54.450,,0,75 13:02.910,0,0,0,0,67301,0,0,0,N,0,0,0,1,67301,0,,6,2,,N,N,N,0,,0,0,4,0,0,,2013,0,7,0,0,0,0,0,3,4,1,7,6,6.0,N,,,,,,,,,,,
2021015326,1930.0,1,0,0,0,0,0,0,0,0,2,0,,67,2,2021,7,39.914,-75.1379,1925.0,6,0,0,0,0,0,0,0,0,,0,0,0,19,3,0,0,N,1,39 54:50.443,2.0,0,75 08:16.454,0,0,0,0,67301,0,0,0,N,0,0,0,2,67301,0,,1,2,2030.0,N,N,N,0,,0,0,1,0,0,N,1911,0,2,0,0,0,0,0,3,4,0,2,6,,N,,,,,,,,,,,
2021016468,756.0,1,0,0,0,0,0,0,0,0,8,0,,67,2,2021,3,39.9218,-75.1703,753.0,6,0,0,0,0,0,0,0,0,,0,0,0,7,1,1,0,N,0,39 55:18.382,,0,75 10:13.122,3,0,0,0,67301,1,0,0,N,1,0,0,3,67301,0,,1,9,,N,N,N,0,,1,0,1,0,0,,740,1,3,0,0,0,0,0,3,4,0,2,7,4.0,N,,,,,,,,,,,
2021020546,1445.0,1,0,0,0,0,0,0,0,0,7,0,45.0,67,2,2021,1,40.0018,-75.0787,1440.0,6,0,0,0,0,0,0,0,0,,0,0,0,14,1,0,0,N,0,40 00:06.555,,3,75 04:43.371,9,0,0,0,67301,0,0,0,N,0,0,0,1,68K01,0,,3,9,,N,N,N,0,,0,0,0,0,0,,1440,0,1,0,0,0,0,1,3,4,0,1,3,3.0,Y,2.0,1.0,N,,,N,,,,Y,N
2021015835,841.0,3,0,0,0,0,0,0,0,0,4,0,,67,2,2021,1,39.9892,-75.2266,836.0,6,0,0,0,0,0,0,0,0,,0,0,0,6,5,0,2,,0,39 59:21.202,,0,75 13:35.684,0,0,0,0,67301,0,0,0,N,0,0,0,1,67301,0,,1,2,,N,N,N,0,,0,0,0,3,2,,644,0,3,0,0,0,0,0,3,4,0,3,6,6.0,N,,,,,,,,,,,
2021015246,215.0,2,0,0,0,0,0,0,0,0,4,0,,67,2,2021,7,40.0262,-75.1692,212.0,6,0,0,0,0,0,0,0,0,,0,0,0,1,3,1,1,,0,40 01:34.321,,0,75 10:08.941,8,0,0,0,67301,0,0,0,N,0,0,0,2,67301,0,,1,1,,N,N,N,0,,0,0,0,3,2,,153,1,2,0,0,0,1,0,3,4,0,2,3,3.0,N,,,,,,,,,,,
2021015473,122.0,2,0,0,0,0,0,0,0,0,5,0,,67,2,2021,7,40.0434,-75.0364,117.0,6,0,0,0,0,0,0,0,0,,0,0,0,0,3,0,0,N,0,40 02:36.390,,0,75 02:10.940,0,0,0,0,67301,0,0,0,N,0,0,0,1,67301,0,,6,1,,N,N,N,0,,0,0,1,0,0,,34,0,3,0,0,0,0,0,3,4,0,3,3,3.0,N,,,,,,,,,,,
2021020358,252.0,0,0,0,0,0,0,0,0,0,7,0,45.0,67,2,2021,3,40.0116,-75.0605,246.0,6,0,0,0,0,0,0,0,0,,0,0,0,2,3,0,0,N,0,40 00:41.768,,0,75 03:37.951,0,0,0,0,67301,0,0,0,N,0,0,0,1,68K01,0,,4,9,,N,N,N,0,,0,0,1,0,0,,244,0,1,0,0,0,0,0,3,4,0,1,7,,Y,4.0,1.0,N,,,N,,,,Y,N
2021016288,2210.0,0,0,0,0,0,0,0,0,0,8,0,,67,2,2021,2,40.1189,-75.018,2207.0,6,0,0,0,0,1,0,0,0,,0,0,0,22,3,1,1,,0,40 07:07.973,,0,75 01:04.686,8,0,0,0,67301,1,0,0,N,1,0,0,2,67301,0,,1,9,,N,N,N,0,,0,0,1,3,2,,2204,1,2,0,0,0,1,0,3,4,0,1,7,,N,,,,,,,,,,,
2021015837,1335.0,1,0,0,0,0,0,0,0,0,6,0,,67,2,2021,7,39.9819,-75.2265,1330.0,6,0,0,0,0,0,1,0,0,,0,0,0,22,3,2,0,N,0,39 58:55.000,,0,75 13:35.300,3,0,0,0,67301,0,0,0,N,0,0,0,3,67301,0,,1,2,,N,N,N,0,,2,0,1,0,0,,2200,2,2,0,0,0,0,0,3,4,0,2,6,6.0,N,,,,,,,,,,,
2021018205,2303.0,1,0,0,0,0,0,0,0,0,1,0,,67,2,2021,5,39.9585,-75.1807,2257.0,6,0,0,0,0,0,0,0,0,,0,0,0,22,3,1,0,N,2,39 57:30.773,3.0,2,75 10:50.626,3,0,0,0,67301,0,0,0,N,0,0,0,3,68K01,0,,1,9,30.0,N,N,N,0,,1,0,1,0,0,N,2249,1,2,0,0,1,0,0,3,4,0,2,3,,N,,,,,,,,,,,
2021017191,2000.0,2,0,0,0,0,0,0,0,0,4,0,,67,2,2021,5,39.9784,-75.1146,1953.0,6,0,0,0,0,0,0,0,0,,0,0,0,19,3,1,1,,0,39 58:42.906,,0,75 06:53.125,4,0,0,0,67301,0,0,0,N,0,0,0,2,67301,1,,1,1,,N,N,Y,0,,0,0,0,3,2,,1940,1,2,0,0,0,0,0,3,4,0,2,3,3.0,N,,,,,,,,,,,
2021043453,1912.0,1,0,0,0,0,0,0,0,0,5,0,,67,5,2021,3,40.0316,-75.0215,1912.0,6,0,0,0,0,0,1,0,0,,0,0,0,19,4,0,0,N,1,40 01:53.751,2.0,0,75 01:17.431,0,0,0,0,67301,0,0,0,N,0,0,0,3,68K01,0,,1,1,1800.0,N,N,N,0,,0,0,0,0,0,N,1912,0,2,0,0,0,0,0,3,4,1,2,3,3.0,N,,,,,,,,,,,
2021017591,845.0,1,0,0,0,0,0,0,0,0,4,0,,67,2,2021,2,39.9945,-75.1457,845.0,6,0,0,0,0,0,0,0,0,,0,0,0,8,1,2,1,,0,39 59:40.027,,0,75 08:44.692,3,0,0,0,67301,0,0,0,N,0,0,0,3,67301,0,,1,9,,N,N,N,0,,2,0,0,3,3,,840,2,2,0,0,0,0,0,3,4,1,2,4,,N,,,,,,,,,,,
2021051055,920.0,0,0,0,0,0,0,0,0,0,8,1,,67,6,2021,6,39.9487,-75.1894,919.0,6,0,0,0,0,0,0,0,0,,0,1,0,9,1,1,0,Y,0,39 56:55.400,,3,75 11:21.800,8,0,0,0,67301,1,0,0,N,1,0,0,2,67504,0,,1,1,,,,N,0,,0,0,0,3,2,,900,1,2,0,0,0,1,0,3,4,0,1,3,3.0,N,,,,,,,,,,,
2021021906,202.0,1,0,0,0,0,0,0,0,0,7,0,,67,2,2021,1,39.9716,-75.1933,153.0,6,0,0,0,0,0,0,0,0,,0,0,0,1,3,0,7,,1,39 58:18.300,4.0,2,75 11:35.600,0,0,0,0,67301,0,0,0,Y,0,0,0,2,68K01,0,,7,1,230.0,N,N,N,0,,0,0,0,0,0,N,152,0,1,0,0,0,0,0,3,4,0,1,3,,N,,,,,,,,,,,
2021017649,1206.0,1,0,0,0,0,0,0,0,0,4,0,,67,2,2021,7,40.0428,-75.0631,1200.0,6,0,0,0,0,0,0,0,0,,0,0,0,11,1,1,1,,1,40 02:34.113,1.0,0,75 03:47.339,3,0,0,0,67301,0,0,0,N,0,0,0,5,67301,0,,1,9,1230.0,N,N,N,0,,1,0,1,3,2,N,1154,1,2,0,0,0,0,0,3,4,0,2,3,,N,,,,,,,,,,,
2021015917,108.0,1,0,0,0,0,0,0,0,0,4,0,,67,2,2021,1,39.9811,-75.1647,108.0,6,0,0,0,0,0,0,0,0,,0,0,0,1,8,2,1,,0,39 58:52.118,,0,75 09:53.035,3,0,0,0,67301,0,0,0,N,0,0,0,4,67301,0,,1,9,,N,N,N,0,,2,0,1,3,3,,100,2,2,0,0,0,0,2,3,4,0,2,4,,N,,,,,,,,,,,
2021020522,1506.0,1,0,0,0,0,0,0,0,0,7,0,,67,2,2021,7,40.0305,-75.022,1441.0,6,0,1,0,0,0,0,0,0,,0,0,0,14,1,0,0,N,1,40 01:49.708,2.0,3,75 01:19.127,0,0,0,0,67301,0,0,0,N,0,0,0,1,68K01,0,,4,9,1530.0,N,N,N,0,,0,0,0,0,0,N,1424,0,1,0,0,0,0,0,3,4,0,1,6,,N,,,,,,,,,,,
2021015027,842.0,2,0,0,0,0,0,0,0,0,4,0,,67,2,2021,6,39.955,-75.21,842.0,6,0,0,0,0,0,0,0,0,,0,0,0,8,1,0,1,,0,39 57:18.198,,0,75 12:36.270,0,0,0,0,67301,0,0,0,N,0,0,0,1,67301,0,,1,1,,N,N,N,0,,0,0,2,3,1,,835,0,4,0,0,0,0,0,3,4,0,4,3,,N,,,,,,,,,,,
2021043236,612.0,1,0,0,0,0,0,0,0,0,2,0,,67,5,2021,1,39.9638,-75.2198,611.0,6,0,0,0,0,0,1,0,0,,0,0,0,6,1,2,0,N,1,39 57:49.527,3.0,0,75 13:11.136,3,0,0,0,67301,0,0,0,N,0,0,0,5,67301,0,,1,1,800.0,N,N,N,0,,2,0,1,0,0,N,608,2,2,0,0,1,0,0,3,4,0,2,3,,N,,,,,,,,,,,
2021018695,1624.0,2,0,0,0,0,0,0,0,0,5,0,,67,2,2021,1,39.9977,-75.1231,1620.0,6,0,0,0,0,0,0,0,0,,0,0,0,16,1,0,0,N,0,39 59:51.699,,0,75 07:22.997,0,0,0,0,67301,0,0,0,N,0,0,0,1,67301,0,,6,1,,N,N,N,0,,0,0,0,0,0,,1601,0,3,0,0,0,0,0,3,4,1,3,3,3.0,N,,,,,,,,,,,
2021015151,157.0,0,0,0,0,0,0,0,0,0,6,0,,67,2,2021,7,40.0666,-75.1562,151.0,6,0,0,0,0,0,2,0,0,,0,0,0,1,3,2,0,N,1,40 03:59.860,5.0,0,75 09:22.260,3,0,0,0,67301,0,0,0,N,0,0,0,2,67301,0,,1,1,345.0,N,N,N,1,,2,0,1,0,0,Y,148,2,2,0,0,0,0,0,3,4,0,2,3,,N,,,,,,,,,,,
2021015862,722.0,1,0,0,0,0,0,0,0,0,4,0,,67,2,2021,1,39.9957,-75.1149,722.0,6,0,0,0,0,0,0,0,0,,0,0,0,7,3,0,2,,0,39 59:44.451,,1,75 06:53.658,0,0,0,0,67301,0,0,0,N,0,0,0,2,67301,0,,1,2,,N,N,N,1,,0,0,0,0,0,,722,0,2,0,0,0,0,0,3,4,0,2,3,3.0,N,,,,,,,,,,,
2021017414,815.0,2,0,0,0,0,0,0,0,0,1,0,,67,2,2021,6,39.8931,-75.2222,807.0,6,0,0,0,0,0,0,0,0,,0,0,0,8,1,1,7,,0,39 53:35.147,,8,75 13:19.864,3,0,0,0,67301,0,0,0,N,0,0,0,2,67301,0,,2,2,,N,N,Y,0,,1,0,0,0,0,,805,1,2,0,0,0,0,1,3,4,0,2,6,9.0,N,,,,,,,,,,,
2021042546,1648.0,1,0,0,0,0,0,0,0,0,4,0,,67,5,2021,1,39.9539,-75.1416,1646.0,6,0,0,0,0,0,2,0,0,,0,0,0,16,1,1,0,N,0,39 57:14.037,,0,75 08:29.703,8,0,0,0,67301,0,0,0,N,0,0,0,6,68K01,0,,1,1,,N,N,N,0,,0,0,2,0,0,,1645,1,3,0,0,0,1,0,3,4,0,3,3,3.0,N,,,,,,,,,,,
2021024547,127.0,0,0,0,0,0,0,0,0,0,5,0,,67,2,2021,4,40.005,-75.147,126.0,6,0,0,0,0,0,1,0,0,,0,0,0,1,3,1,0,N,1,40 00:17.890,3.0,0,75 08:49.100,3,0,0,0,67301,0,0,0,N,0,0,0,1,67301,0,,6,1,330.0,N,N,N,0,,1,0,2,0,0,Y,124,1,4,0,0,0,0,0,3,4,2,4,3,3.0,N,,,,,,,,,,,
2021043335,1540.0,0,0,0,0,0,0,0,0,0,4,1,,67,5,2021,3,39.9805,-75.2282,1525.0,6,0,0,0,0,0,0,0,0,,0,1,0,14,1,1,1,,0,39 58:49.670,,0,75 13:41.343,3,0,0,0,67301,0,0,0,N,0,0,0,3,67301,0,,1,1,,N,N,N,0,,1,0,1,3,2,,1452,1,2,0,0,1,0,0,3,4,0,2,3,3.0,N,,,,,,,,,,,
2021059659,6.0,2,0,0,0,0,0,0,0,0,1,0,45.0,67,6,2021,5,40.006,-75.0749,6.0,6,0,0,0,0,0,0,0,0,,0,0,0,0,3,5,0,N,1,40 00:21.482,2.0,0,75 04:29.705,8,0,0,0,67301,0,0,0,N,0,0,0,9,68K01,0,,1,1,40.0,N,N,N,0,,0,0,1,0,0,N,6,5,3,0,0,0,5,0,3,4,0,3,3,3.0,Y,4.0,1.0,Y,N,N,Y,Y,N,N,Y,N
2021059176,1652.0,0,0,0,0,0,0,0,0,0,5,0,,67,6,2021,4,40.0096,-75.2056,1600.0,6,0,0,0,0,0,1,1,0,,0,0,0,15,1,1,0,N,0,40 00:34.529,,0,75 12:20.151,8,0,0,0,67301,0,0,0,N,0,0,0,3,68K01,0,,1,1,,N,N,N,1,,0,0,2,0,0,,1551,1,3,0,0,0,1,0,3,4,0,3,3,,N,,,,,,,,,,,
2021034137,2247.0,0,0,0,0,0,0,0,0,0,8,0,,67,4,2021,4,39.9536,-75.1986,2245.0,6,0,0,0,0,0,0,0,0,,0,0,0,22,3,1,1,N,1,39 57:12.991,2.0,0,75 11:55.051,2,0,0,0,67301,1,0,1,N,1,0,1,3,67504,0,,1,1,2315.0,N,N,N,0,,0,1,1,3,2,Y,2243,1,2,0,0,0,0,0,3,4,0,1,3,3.0,N,,,,,,,,,,,
2021016604,2255.0,1,0,0,0,0,0,0,0,0,7,0,,67,2,2021,2,40.0391,-75.0084,2255.0,6,0,0,0,0,0,0,0,0,,0,0,0,22,3,0,0,N,0,40 02:20.732,,0,75 00:30.247,0,0,0,0,67301,0,0,0,N,0,0,0,1,68K01,0,,3,9,,N,N,N,0,,0,0,0,0,0,,2250,0,1,0,0,0,0,0,3,4,0,1,7,,N,,,,,,,,,,,
2021015247,1140.0,1,0,0,0,0,0,0,0,0,5,0,,67,2,2021,7,39.9987,-75.1735,1135.0,6,0,0,0,0,0,0,0,0,,0,0,0,22,3,0,0,N,1,39 59:55.350,2.0,0,75 10:24.530,0,0,0,0,67301,0,0,0,N,0,0,0,1,67301,0,,6,2,100.0,N,N,N,1,,0,0,2,0,0,N,2200,0,5,0,0,0,0,0,3,4,1,5,98,98.0,N,,,,,,,,,,,
2021016256,1825.0,1,0,0,0,0,0,0,0,0,4,0,,67,2,2021,1,39.9581,-75.1505,1825.0,6,0,0,0,0,0,0,0,0,,0,0,0,15,1,0,1,,0,39 57:29.275,,0,75 09:01.648,9,0,0,0,67301,0,0,0,N,0,0,0,6,67301,0,,1,9,,N,N,N,0,,0,0,1,3,2,,1540,0,2,0,0,0,0,1,3,4,0,2,3,3.0,N,,,,,,,,,,,
2021019600,1455.0,1,0,0,0,0,0,1,0,0,6,1,,67,2,2021,3,39.9736,-75.2194,1438.0,6,0,0,0,0,0,0,0,0,,0,0,0,14,1,2,0,N,0,39 58:25.043,,0,75 13:09.863,8,0,0,0,67301,0,0,0,N,0,0,0,3,67508,0,,1,1,,N,N,Y,0,,0,0,0,0,0,,1438,2,3,0,0,0,2,0,3,4,0,3,3,3.0,N,,,,,,,,,,,
2021017589,1803.0,2,0,0,0,0,0,0,0,0,4,0,,67,2,2021,7,39.923,-75.2387,1803.0,6,0,0,0,0,0,0,0,0,,0,0,0,18,3,1,0,N,0,39 55:22.700,,7,75 14:19.200,8,0,0,0,67301,0,0,0,N,0,0,0,5,67301,0,,1,1,,N,N,N,0,,0,0,0,0,0,,1802,1,2,0,0,0,1,0,3,4,0,2,98,3.0,N,,,,,,,,,,,
2021043031,735.0,2,0,0,0,0,0,0,0,0,1,0,,67,4,2021,6,39.9771,-75.1993,735.0,6,0,0,0,0,0,0,0,0,,0,0,0,7,1,0,6,,1,39 58:37.421,3.0,2,75 11:57.373,0,0,0,0,67301,0,0,0,N,0,0,0,3,68K01,0,,1,1,810.0,N,N,Y,0,,0,0,1,3,2,Y,734,0,3,0,0,0,0,0,3,4,0,3,3,3.0,N,,,,,,,,,,,
2021017480,1239.0,1,0,0,0,0,0,0,0,0,4,0,,67,2,2021,3,39.957,-75.1572,1237.0,6,0,0,0,0,0,0,0,0,,0,0,0,12,1,0,1,,0,39 57:26.633,,3,75 09:25.457,0,0,0,0,67301,0,0,0,N,0,0,0,2,67301,0,,1,7,,N,N,N,0,,0,0,1,3,2,,1235,0,2,0,0,0,0,0,3,4,0,2,10,7.0,N,,,,,,,,,,,
2021015336,2145.0,2,0,0,0,0,0,0,0,0,7,0,,67,2,2021,7,39.9484,-75.2355,2138.0,6,0,0,0,0,0,0,0,0,,0,0,0,21,3,0,1,,0,39 56:54.369,,0,75 14:07.782,9,0,0,0,67301,0,0,0,N,0,0,0,1,67301,0,,4,2,,N,N,N,0,,0,0,0,3,2,,2115,0,2,0,0,0,0,1,3,4,0,2,6,6.0,N,,,,,,,,,,,
2021016879,1628.0,2,0,0,0,0,0,0,0,0,4,0,,67,2,2021,4,39.9213,-75.1461,1627.0,6,0,0,0,0,0,0,0,0,,0,0,0,16,1,0,1,,0,39 55:16.782,,0,75 08:46.016,0,0,0,0,67301,0,0,0,N,0,0,0,2,67301,0,,1,1,,N,N,N,0,,0,0,0,3,3,,1610,0,2,0,0,0,0,0,3,4,0,2,3,,N,,,,,,,,,,,