CRN,ARRIVAL_TM,AUTOMOBILE_COUNT,BELTED_DEATH_COUNT,BELTED_SUSP_SERIOUS_INJ_COUNT,BICYCLE_COUNT,BICYCLE_DEATH_COUNT,BICYCLE_SUSP_SERIOUS_INJ_COUNT,BUS_COUNT,CHLDPAS_DEATH_COUNT,CHLDPAS_SUSP_SERIOUS_INJ_COUNT,COLLISION_TYPE,COMM_VEH_COUNT,CONS_ZONE_SPD_LIM,COUNTY,CRASH_MONTH,CRASH_YEAR,DAY_OF_WEEK,DEC_LAT,DEC_LONG,DISPATCH_TM,DISTRICT,DRIVER_COUNT_16YR,DRIVER_COUNT_17YR,DRIVER_COUNT_18YR,DRIVER_COUNT_19YR,DRIVER_COUNT_20YR,DRIVER_COUNT_50_64YR,DRIVER_COUNT_65_74YR,DRIVER_COUNT_75PLUS,EST_HRS_CLOSED,FATAL_COUNT,HEAVY_TRUCK_COUNT,HORSE_BUGGY_COUNT,HOUR_OF_DAY,ILLUMINATION,INJURY_COUNT,INTERSECT_TYPE,INTERSECTION_RELATED,LANE_CLOSED,LATITUDE,LN_CLOSE_DIR,LOCATION_TYPE,LONGITUDE,MAX_SEVERITY_LEVEL,MCYCLE_DEATH_COUNT,MCYCLE_SUSP_SERIOUS_INJ_COUNT,MOTORCYCLE_COUNT,MUNICIPALITY,NONMOTR_COUNT,NONMOTR_DEATH_COUNT,NONMOTR_SUSP_SERIOUS_INJ_COUNT,NTFY_HIWY_MAINT,PED_COUNT,PED_DEATH_COUNT,PED_SUSP_SERIOUS_INJ_COUNT,PERSON_COUNT,POLICE_AGCY,POSSIBLE_INJ_COUNT,RDWY_SURF_TYPE_CD,RELATION_TO_ROAD,ROAD_CONDITION,ROADWAY_CLEARED,SCH_BUS_IND,SCH_ZONE_IND,SECONDARY_CRASH,SMALL_TRUCK_COUNT,SPEC_JURIS_CD,SUSP_MINOR_INJ_COUNT,SUSP_SERIOUS_INJ_COUNT,SUV_COUNT,TCD_FUNC_CD,TCD_TYPE,TFC_DETOUR_IND,TIME_OF_DAY,TOT_INJ_COUNT,TOTAL_UNITS,UNB_DEATH_COUNT,UNB_SUSP_SERIOUS_INJ_COUNT,UNBELTED_OCC_COUNT,UNK_INJ_DEG_COUNT,UNK_INJ_PER_COUNT,URBAN_AREA,URBAN_RURAL,VAN_COUNT,VEHICLE_COUNT,WEATHER1,WEATHER2,WORK_ZONE_IND,WORK_ZONE_LOC,WORK_ZONE_TYPE,WORKERS_PRES,WZ_CLOSE_DETOUR,WZ_FLAGGER,WZ_LAW_OFFCR_IND,WZ_LN_CLOSURE,WZ_MOVING,WZ_OTHER,WZ_SHLDER_MDN,WZ_WORKERS_INJ_KILLED
2021017593,1650.0,1,0,0,0,0,0,0,0,0,4,0,,67,2,2021,7,39.9776,-75.1494,1650.0,6,0,0,0,0,0,0,0,1,,0,0,0,16,1,1,1,,0,39 58:39.324,,0,75 08:57.926,3,0,0,0,67301,0,0,0,N,0,0,0,2,67301,0,,1,1,,N,N,N,0,,1,0,1,3,3,,1600,1,2,0,0,0,0,0,3,4,0,2,3,,N,,,,,,,,,,,
2021017003,1500.0,1,0,0,0,0,0,0,0,0,1,0,,67,2,2021,3,40.063,-75.2383,1450.0,6,0,0,0,0,0,1,0,0,,0,0,0,14,1,1,0,N,2,40 03:46.769,1.0,0,75 14:17.726,3,0,0,0,67301,0,0,0,N,0,0,0,3,67301,0,,1,1,1630.0,N,N,N,0,,1,0,2,3,2,Y,1440,1,3,0,0,0,0,0,3,4,0,3,3,,N,,,,,,,,,,,
2021060714,1525.0,1,0,0,0,0,0,0,0,0,1,0,,67,6,2021,3,39.9428,-75.1932,1503.0,6,0,0,0,0,0,0,0,0,,0,0,0,15,1,0,0,N,2,39 56:34.043,3.0,0,75 11:35.496,0,0,0,0,67301,0,0,0,N,0,0,0,2,68K01,0,,1,1,1528.0,N,N,N,0,,0,0,1,0,0,N,1500,0,2,0,0,0,0,0,3,4,0,2,3,,N,,,,,,,,,,,
2021023784,330.0,0,0,0,0,0,0,1,0,0,8,1,,67,2,2021,6,39.9688,-75.1362,320.0,6,0,0,0,0,0,0,0,0,,0,0,0,3,3,1,1,,0,39 58:07.829,,0,75 08:10.292,8,0,0,0,67301,1,0,0,N,1,0,0,2,67508,0,,1,1,,N,N,N,0,,0,0,0,3,2,,320,1,2,0,0,0,1,0,3,4,0,1,3,3.0,N,,,,,,,,,,,
2021059372,1956.0,1,0,0,0,0,0,0,0,0,0,1,,67,6,2021,5,39.918,-75.1476,1956.0,6,0,0,0,0,0,0,0,0,,0,1,0,19,1,0,0,N,1,39 55:04.707,1.0,0,75 08:51.479,0,0,0,0,67301,0,0,0,N,0,0,0,4,68K01,0,,1,1,830.0,N,N,N,0,,0,0,1,0,0,N,1940,0,3,0,0,0,0,0,3,4,0,3,3,3.0,N,,,,,,,,,,,
2021056510,45.0,2,0,0,0,0,0,0,0,0,5,0,,67,6,2021,7,39.9773,-75.1581,45.0,6,0,0,0,0,0,1,0,0,,0,0,0,0,3,0,1,N,1,39 58:38.118,2.0,0,75 09:29.146,0,0,0,0,67301,0,0,0,N,0,0,0,2,67505,0,,1,1,140.0,N,N,N,0,,0,0,0,3,3,N,42,0,2,0,0,0,0,0,3,4,0,2,3,,N,,,,,,,,,,,
2021017004,1235.0,0,0,0,0,0,0,0,0,0,7,0,,67,2,2021,2,39.9978,-75.111,1230.0,6,0,0,0,0,0,0,0,0,,0,0,0,12,1,1,5,,1,39 59:52.234,2.0,1,75 06:39.499,8,0,0,0,67301,0,0,0,N,0,0,0,2,67301,0,,4,1,1330.0,N,N,N,0,,0,0,0,3,2,Y,1228,1,1,0,0,0,1,1,3,4,1,1,3,3.0,N,,,,,,,,,,,
2021020538,652.0,0,0,0,0,0,0,0,0,0,7,0,,67,2,2021,6,39.8875,-75.2163,644.0,6,0,0,0,0,0,0,0,0,,0,0,0,6,1,0,0,N,1,39 53:15.106,1.0,3,75 12:58.828,0,0,0,0,67301,0,0,0,N,0,0,0,1,68K01,0,,4,9,800.0,N,N,N,1,,0,0,0,0,0,N,609,0,1,0,0,0,0,0,3,4,0,1,6,10.0,N,,,,,,,,,,,
2021017840,46.0,1,0,0,0,0,0,0,0,0,7,0,,67,2,2021,3,39.9564,-75.1981,46.0,6,0,0,0,0,0,0,0,0,,0,0,0,0,3,0,0,N,0,39 57:23.218,,0,75 11:53.009,0,0,0,0,67301,0,0,0,N,0,0,0,1,67301,0,,4,9,,N,N,N,0,,0,0,0,0,0,,5,0,1,0,0,0,0,0,3,4,0,1,7,7.0,N,,,,,,,,,,,
2021016749,841.0,1,0,0,0,0,0,0,0,0,7,0,,67,2,2021,4,40.0197,-75.1606,840.0,6,0,0,0,0,0,0,0,0,,0,0,0,8,1,1,0,N,0,40 01:11.020,,0,75 09:38.207,3,0,0,0,67301,0,0,0,N,0,0,0,1,67301,0,,5,2,,N,N,N,0,,1,0,0,0,0,,830,1,1,0,0,0,0,0,3,4,0,1,3,3.0,N,,,,,,,,,,,
2021018076,30.0,4,0,0,0,0,0,0,0,0,5,0,,67,2,2021,6,40.0158,-75.1542,14.0,6,0,0,0,0,0,0,0,0,,0,0,0,23,3,2,0,N,0,40 00:56.818,,0,75 09:15.077,3,0,0,0,67301,0,0,0,N,0,0,0,5,67301,0,,1,9,,N,N,N,0,,2,0,2,0,0,,2337,2,6,0,0,0,0,0,3,4,0,6,3,3.0,N,,,,,,,,,,,
2021018071,2145.0,2,0,0,0,0,0,0,0,1,4,0,,67,2,2021,1,40.0301,-75.0554,2140.0,6,0,0,0,0,0,0,0,0,,0,0,0,21,3,4,2,,0,40 01:48.204,,0,75 03:19.322,2,0,0,0,67301,0,0,0,N,0,0,0,9,67301,0,,1,1,,N,N,N,0,,3,1,0,3,3,,2115,4,3,0,0,0,0,0,3,4,1,3,3,3.0,N,,,,,,,,,,,
2021018075,2151.0,1,0,0,0,0,0,0,0,0,8,0,,67,2,2021,6,40.0273,-75.1712,2147.0,6,0,0,0,0,0,0,0,0,,0,0,0,21,3,1,0,N,0,40 01:38.326,,0,75 10:16.261,3,0,0,0,67301,1,0,0,N,1,0,0,2,67301,0,,1,9,,N,N,N,0,,1,0,0,0,0,,2147,1,2,0,0,0,0,0,3,4,0,1,7,4.0,N,,,,,,,,,,,
2021017485,1830.0,1,0,0,0,0,0,0,0,0,1,0,,67,2,2021,6,39.9788,-75.1084,1816.0,6,0,0,0,0,1,0,0,0,,0,0,0,18,3,0,1,,1,39 58:43.166,1.0,0,75 06:31.098,0,0,0,0,67301,0,0,0,N,0,0,0,3,67301,0,,1,9,45.0,N,N,N,0,,0,0,1,3,2,N,1812,0,2,0,0,0,0,0,3,4,0,2,7,7.0,N,,,,,,,,,,,
2021043396,1333.0,0,0,0,0,0,0,0,0,0,1,0,,67,4,2021,7,39.9833,-75.0985,1315.0,6,0,0,0,0,0,0,0,0,,0,0,0,13,1,1,0,N,2,39 58:59.725,1.0,0,75 05:54.655,3,0,0,0,67301,0,0,0,N,0,0,0,2,68K01,0,,1,1,1400.0,N,N,N,1,,1,0,1,0,0,Y,1313,1,2,0,0,0,0,0,3,4,0,2,3,,N,,,,,,,,,,,
2021016880,1015.0,0,0,0,0,0,0,0,0,0,4,0,,67,2,2021,5,40.0259,-75.2032,954.0,6,0,0,0,0,0,0,0,0,,0,0,0,9,1,0,3,,0,40 01:32.812,,0,75 12:11.307,0,0,0,0,67301,0,0,0,N,0,0,0,2,67301,0,,1,7,,N,N,N,0,,0,0,0,3,2,,952,0,2,0,0,0,0,0,3,4,2,2,10,9.0,N,,,,,,,,,,,
2021042071,2325.0,1,0,0,0,0,0,0,0,0,8,0,,67,5,2021,7,40.0427,-75.0743,2320.0,6,0,0,0,0,1,0,0,0,,1,0,0,23,3,0,0,N,2,40 02:33.896,5.0,0,75 04:27.362,1,0,0,0,67301,1,1,0,N,1,1,0,2,67301,0,2.0,1,1,150.0,N,N,N,0,0.0,0,0,0,0,0,Y,2305,0,2,0,0,0,0,0,3,4,0,1,3,3.0,N,,,,,,,,,,,
2021015239,550.0,2,0,0,0,0,0,0,0,0,1,0,,67,2,2021,7,39.9526,-75.19,538.0,6,0,0,0,0,0,0,0,0,,0,0,0,5,3,0,1,,0,39 57:09.214,,0,75 11:24.181,0,0,0,0,67301,0,0,0,N,0,0,0,3,67301,0,,1,1,,N,N,N,0,,0,0,0,3,2,,520,0,2,0,0,0,0,0,3,4,0,2,3,3.0,N,,,,,,,,,,,
2021018389,1803.0,0,0,0,0,0,0,0,0,0,1,0,,67,2,2021,4,40.0627,-75.0218,1752.0,6,0,0,0,0,0,0,0,0,,0,0,0,17,4,2,0,Y,0,40 03:45.756,,0,75 01:18.414,3,0,0,0,67301,0,0,0,N,0,0,0,2,67301,1,,1,1,,N,N,N,0,,1,0,2,3,2,,1752,2,2,0,0,0,0,0,3,4,0,2,3,3.0,N,,,,,,,,,,,
2021016747,1555.0,2,0,0,0,0,0,0,0,0,4,0,,67,2,2021,3,39.9818,-75.1819,1530.0,6,0,0,0,0,0,0,0,0,,0,0,0,15,1,0,1,,0,39 58:54.410,,0,75 10:54.826,0,0,0,0,67301,0,0,0,N,0,0,0,3,67301,0,,1,1,,N,N,N,0,,0,0,1,2,2,,1530,0,3,0,0,0,0,0,3,4,0,3,3,3.0,N,,,,,,,,,,,
2021016355,1735.0,1,0,0,0,0,0,0,0,0,4,0,,67,2,2021,7,39.9924,-75.13,1735.0,6,0,0,0,0,0,0,0,0,,0,0,0,12,1,1,2,,0,39 59:32.708,,0,75 07:47.942,3,0,0,0,67301,0,0,0,N,0,0,0,2,67301,0,,1,1,,N,N,N,0,,1,0,2,3,3,,1210,1,3,0,0,0,0,0,3,4,0,3,4,4.0,N,,,,,,,,,,,
2021017851,220.0,1,0,0,0,0,0,0,0,0,7,0,,67,2,2021,7,39.9555,-75.1481,219.0,6,0,0,0,0,0,0,0,0,,0,0,0,2,3,2,0,N,1,39 57:19.729,4.0,2,75 08:53.156,4,0,0,0,67301,0,0,0,N,0,0,0,2,67501,2,,4,9,20.0,N,N,N,0,,0,0,0,0,0,N,219,2,1,0,0,1,0,0,3,4,0,1,4,,N,,,,,,,,,,,
2021019456,46.0,3,0,0,0,0,0,0,0,0,5,0,,67,2,2021,7,40.0248,-75.1477,37.0,6,0,0,0,0,1,0,0,0,,0,0,0,0,3,0,0,N,0,40 01:29.304,,0,75 08:51.867,0,0,0,0,67301,0,0,0,N,0,0,0,3,67301,0,,1,9,,N,N,N,0,,0,0,1,0,0,,20,0,4,0,0,0,0,0,3,4,0,4,3,3.0,N,,,,,,,,,,,
2021059314,810.0,2,0,0,0,0,0,0,0,0,1,0,,67,6,2021,6,39.9958,-75.1691,806.0,6,0,0,0,0,0,0,0,0,,0,0,0,7,1,0,1,,0,39 59:44.961,,0,75 10:08.930,9,0,0,0,67301,0,0,0,N,0,0,0,1,67301,0,,2,1,,N,N,N,0,,0,0,0,3,2,,758,0,2,0,0,0,0,1,3,4,0,2,3,,N,,,,,,,,,,,
2021058741,53.0,1,0,0,0,0,0,0,0,0,4,0,,67,6,2021,4,40.0018,-75.1545,50.0,6,0,0,0,0,1,0,0,0,,0,0,0,0,3,4,1,,2,40 00:06.508,7.0,0,75 09:16.363,3,0,0,0,67301,0,0,0,N,0,0,0,4,67301,1,,1,1,240.0,N,N,N,0,,3,0,1,3,2,Y,43,4,3,0,0,0,0,0,3,4,1,3,3,,N,,,,,,,,,,,
2021060040,835.0,1,0,0,0,0,0,1,0,0,1,1,,67,6,2021,2,40.0025,-75.2236,812.0,6,0,0,0,1,0,1,0,0,,0,0,0,8,1,1,0,N,0,40 00:09.111,,0,75 13:24.843,3,0,0,0,67301,0,0,0,N,0,0,0,2,67508,0,,1,1,,N,N,Y,0,,1,0,0,0,0,,812,1,2,0,0,0,0,0,3,4,0,2,3,3.0,N,,,,,,,,,,,
2021058291,2132.0,1,0,0,0,0,0,0,0,0,8,0,,67,6,2021,4,39.9168,-75.1713,2130.0,6,0,0,0,0,0,0,0,0,,0,0,0,21,3,1,0,N,2,39 55:00.583,2.0,0,75 10:16.768,2,0,0,0,67301,1,0,1,N,1,0,1,2,67505,0,,1,1,2221.0,N,N,N,0,,0,1,0,0,0,Y,2127,1,2,0,0,0,0,1,3,4,0,1,3,3.0,N,,,,,,,,,,,
2021048557,1908.0,0,0,0,0,0,0,0,0,0,7,1,,67,5,2021,4,39.9102,-75.1579,1908.0,6,0,0,0,0,0,0,0,0,,0,1,0,19,1,0,0,N,0,39 54:36.600,,3,75 09:28.400,0,0,0,0,67301,0,0,0,N,0,0,0,1,67501,0,,2,9,,N,N,N,0,,0,0,0,0,0,,1908,0,1,0,0,0,0,0,3,4,0,1,7,,N,,,,,,,,,,,
2021024529,1640.0,0,0,0,0,0,0,0,0,0,8,0,,67,3,2021,5,39.9652,-75.2028,1630.0,6,0,0,0,0,0,0,0,0,,0,0,0,16,4,1,0,N,0,39 57:54.600,,0,75 12:10.200,3,0,0,0,67301,1,0,0,N,1,0,0,2,67301,0,,1,1,,N,N,N,0,,1,0,0,0,0,,1600,1,2,0,0,0,0,1,3,4,0,1,3,3.0,N,,,,,,,,,,,
2021021962,1725.0,1,0,0,0,0,0,0,0,0,1,0,,67,3,2021,6,39.9443,-75.155,1725.0,6,0,0,0,0,0,1,0,0,,0,0,0,17,3,1,0,N,0,39 56:39.470,,0,75 09:17.910,8,0,0,0,67301,0,0,0,N,0,0,0,3,67301,0,,1,1,,N,N,N,0,,0,0,1,0,0,,1720,1,2,0,0,0,1,0,3,4,0,2,3,3.0,N,,,,,,,,,,,
2021021214,920.0,2,0,0,0,0,0,0,0,0,4,0,,67,3,2021,4,39.9597,-75.2229,919.0,6,0,0,0,0,0,1,0,0,,0,0,0,9,1,1,1,,0,39 57:34.914,,0,75 13:22.536,4,0,0,0,67301,0,0,0,N,0,0,0,2,67301,1,,1,1,,N,N,N,0,,0,0,0,3,2,,919,1,2,0,0,1,0,0,3,4,0,2,3,,N,,,,,,,,,,,
2021024534,810.0,1,0,0,0,0,0,0,0,0,4,0,,67,3,2021,1,39.9585,-75.213,805.0,6,0,0,0,0,0,1,0,0,,0,0,0,7,1,3,2,,1,39 57:30.476,3.0,0,75 12:46.777,3,0,0,0,67301,0,0,0,N,0,0,0,3,67301,1,,1,1,940.0,N,N,N,0,,1,0,1,3,3,N,750,3,2,0,0,0,1,0,3,4,0,2,3,3.0,N,,,,,,,,,,,
2021023404,2103.0,1,0,0,0,0,0,0,0,0,1,0,,67,3,2021,4,39.9825,-75.1484,2101.0,6,0,0,0,0,0,0,0,0,,0,0,0,20,3,1,0,N,0,39 58:56.900,,0,75 08:54.100,3,0,0,0,67301,0,0,0,N,0,0,0,1,67505,0,,6,1,,N,N,N,0,,1,0,1,0,0,,2058,1,2,0,0,0,0,0,3,4,0,2,3,3.0,N,,,,,,,,,,,
2021022870,1446.0,1,0,0,0,0,0,0,0,0,1,0,,67,3,2021,6,40.0339,-75.0748,1442.0,6,0,0,0,0,0,1,0,0,,0,0,0,14,1,3,0,Y,1,40 02:02.031,1.0,0,75 04:29.286,8,0,0,0,67301,0,0,0,N,0,0,0,3,67301,0,,1,1,1553.0,N,N,N,1,,0,0,1,3,2,N,1434,3,3,0,0,0,3,0,3,4,0,3,3,3.0,N,,,,,,,,,,,
2021023654,34.0,1,0,0,0,0,0,0,0,0,7,0,,67,3,2021,2,39.9568,-75.1537,27.0,6,0,0,0,0,0,0,0,0,,0,0,0,0,3,0,0,N,0,39 57:24.468,,0,75 09:13.237,0,0,0,0,67301,0,0,0,N,0,0,0,2,68K01,0,,3,1,,N,N,N,0,,0,0,0,0,0,,26,0,1,0,0,0,0,0,3,4,0,1,3,,N,,,,,,,,,,,
2021024580,1415.0,0,0,0,0,0,0,0,0,0,5,0,,67,3,2021,5,40.004,-75.1712,1413.0,6,0,0,0,0,0,0,0,0,,0,0,0,13,1,1,1,,0,40 00:14.253,,0,75 10:16.427,3,0,0,0,67301,0,0,0,N,0,0,0,2,67301,0,,1,1,,N,N,N,0,,1,0,1,0,0,,1353,1,2,0,0,0,0,0,3,4,0,2,3,3.0,N,,,,,,,,,,,
2021022705,1730.0,1,0,0,0,0,0,0,0,0,5,0,,67,3,2021,2,39.9226,-75.17,1724.0,6,0,0,0,0,0,0,0,0,,0,0,0,16,1,1,0,N,0,39 55:21.520,,0,75 10:11.960,4,0,0,0,67301,0,0,0,N,0,0,0,3,67301,1,,1,1,,N,N,N,0,,0,0,1,0,0,,1655,1,2,0,0,1,0,0,3,4,0,2,3,3.0,N,,,,,,,,,,,
2021021213,150.0,2,0,0,0,0,0,0,0,0,5,0,,67,3,2021,4,40.0151,-75.0788,147.0,6,0,0,0,0,0,0,0,0,,0,0,0,1,3,1,0,N,2,40 00:54.500,5.0,0,75 04:43.760,3,0,0,0,67301,0,0,0,N,0,0,0,1,67301,0,,6,1,210.0,N,N,N,0,,1,0,1,0,0,N,112,1,3,0,0,0,0,0,3,4,0,3,3,3.0,N,,,,,,,,,,,
2021022175,1725.0,3,0,0,0,0,0,0,0,0,1,0,,67,3,2021,7,39.9437,-75.142,1718.0,6,0,0,0,0,0,2,0,0,,0,0,0,17,1,0,0,N,0,39 56:37.371,,0,75 08:31.259,0,0,0,0,67301,0,0,0,N,0,0,0,4,67301,0,,1,1,,N,N,N,0,,0,0,1,0,0,,1705,0,4,0,0,0,0,0,3,4,0,4,3,3.0,N,,,,,,,,,,,
2021022254,1840.0,0,0,0,0,0,0,0,0,0,8,0,,67,3,2021,6,39.952,-75.1654,1833.0,6,0,0,0,0,0,0,0,0,,0,0,0,18,3,1,0,N,0,39 57:07.291,,0,75 09:55.435,4,0,0,0,67301,1,0,0,N,1,0,0,2,67301,1,,1,1,,N,N,N,1,,0,0,0,0,0,,1831,1,2,0,0,0,0,0,3,4,0,1,3,,N,,,,,,,,,,,
2021022786,2210.0,0,0,0,0,0,0,0,0,0,0,0,,67,3,2021,6,39.9904,-75.1499,2205.0,6,0,0,0,0,0,0,0,0,,0,0,0,21,3,2,0,N,0,39 59:25.350,,0,75 08:59.550,3,0,0,0,67301,0,0,0,N,0,0,0,2,67301,0,,1,1,,N,N,Y,0,,2,0,1,0,0,,2124,2,1,0,0,0,0,0,3,4,0,1,3,3.0,N,,,,,,,,,,,
2021024538,2000.0,1,0,0,1,0,0,0,0,0,2,0,,67,3,2021,5,39.9817,-75.2262,1959.0,6,0,0,0,0,0,0,0,0,,0,0,0,18,1,1,1,,0,39 58:54.134,,0,75 13:34.463,3,0,0,0,67301,1,0,0,N,0,0,0,2,67301,0,,1,1,,N,N,N,0,,1,0,0,0,0,,1826,1,2,0,0,0,0,0,3,4,0,1,3,3.0,N,,,,,,,,,,,
2021022871,1835.0,2,0,0,0,0,0,0,0,0,6,0,,67,3,2021,6,40.0229,-75.0773,1835.0,6,0,0,0,0,0,1,0,0,,0,0,0,18,4,0,0,N,0,40 01:22.518,,0,75 04:38.230,0,0,0,0,67301,0,0,0,N,0,0,0,2,67301,0,,1,1,,N,N,N,0,,0,0,1,0,0,,1835,0,4,0,0,2,0,0,3,4,1,4,3,3.0,N,,,,,,,,,,,
2021023482,715.0,1,0,0,0,0,0,0,0,0,5,0,,67,3,2021,3,40.0178,-75.1346,715.0,6,0,0,0,0,0,0,0,0,,0,0,0,6,1,0,0,N,0,40 01:04.170,,0,75 08:04.440,0,0,0,0,67301,0,0,0,N,0,0,0,1,67301,0,,6,1,,N,N,N,0,,0,0,1,0,0,,645,0,3,0,0,0,0,0,3,4,1,3,3,3.0,N,,,,,,,,,,,
2021022179,1847.0,1,0,0,0,0,0,0,0,0,4,0,,67,3,2021,6,39.9368,-75.2297,1847.0,6,0,0,0,0,0,0,0,0,,0,0,0,17,3,2,1,,0,39 56:12.350,,0,75 13:46.966,3,0,0,0,67301,0,0,0,N,0,0,0,2,67301,0,,1,1,,N,N,N,0,,2,0,1,3,2,,1757,2,2,0,0,0,0,0,3,4,0,2,3,3.0,N,,,,,,,,,,,
2021048491,1733.0,1,0,0,0,0,0,0,0,0,1,0,,67,5,2021,6,39.9601,-75.1794,1709.0,6,0,0,0,0,0,0,0,0,,0,0,0,17,1,1,0,N,0,39 57:36.245,,0,75 10:45.819,4,0,0,0,67301,0,0,0,N,0,0,0,2,68K01,1,,1,1,,N,N,N,0,,0,0,1,0,0,,1707,1,2,0,0,0,0,0,3,4,0,2,3,,N,,,,,,,,,,,
2021046923,1130.0,0,0,0,0,0,0,0,0,0,4,1,,67,5,2021,7,40.0369,-75.195,1121.0,6,0,0,0,0,0,0,0,0,,0,1,0,10,1,1,1,,2,40 02:12.962,5.0,0,75 11:41.904,3,0,0,0,67301,0,0,0,N,0,0,0,3,67301,0,,1,1,1155.0,N,N,N,0,,1,0,1,3,3,Y,1052,1,2,0,0,0,0,0,3,4,0,2,3,3.0,N,,,,,,,,,,,
2021024579,1117.0,0,0,0,0,0,0,0,0,0,5,0,,67,3,2021,5,40.0111,-75.1833,1107.0,6,0,0,0,0,0,0,0,1,,0,0,0,10,1,2,0,N,0,40 00:39.795,,0,75 11:00.056,4,0,0,0,67301,0,0,0,N,0,0,0,6,67301,2,,1,1,,N,N,N,0,,0,0,3,0,0,,1027,2,3,0,0,3,0,0,3,4,0,3,3,3.0,N,,,,,,,,,,,
2021022322,1857.0,0,0,0,0,0,0,0,0,0,8,0,,67,3,2021,7,40.0498,-75.1741,1855.0,6,0,0,0,0,0,1,0,0,,0,0,0,18,3,1,0,N,0,40 02:59.314,,0,75 10:26.820,2,0,0,0,67301,1,0,1,N,1,0,1,2,67301,0,,1,1,,N,N,N,0,,0,1,1,0,0,,1855,1,2,0,0,0,0,0,3,4,0,1,3,3.0,N,,,,,,,,,,,
2021048872,1735.0,1,0,0,0,0,0,0,0,0,7,0,,67,5,2021,6,39.9962,-75.2032,1729.0,6,0,0,0,0,0,0,0,0,,0,0,0,15,1,0,0,N,2,39 59:46.470,6.0,0,75 12:11.450,0,0,0,0,67301,0,0,0,N,0,0,0,0,67301,0,,2,9,1930.0,N,N,N,0,,0,0,0,9,9,N,1538,0,1,0,0,0,0,0,3,4,0,1,7,7.0,N,,,,,,,,,,,
2021022510,1810.0,1,0,0,0,0,0,0,0,0,4,0,,67,3,2021,1,40.0101,-75.1511,1800.0,6,0,0,0,0,0,0,0,0,,0,0,0,17,3,1,5,,0,40 00:35.790,,0,75 09:03.920,3,0,0,1,67301,0,0,0,N,0,0,0,2,67301,0,,1,1,,N,N,N,0,,1,0,0,3,2,,1750,1,2,0,0,0,0,0,3,4,0,2,3,3.0,N,,,,,,,,,,,
2021023802,654.0,0,0,0,0,0,0,0,0,0,1,0,,67,3,2021,2,39.9076,-75.1434,610.0,6,0,0,0,0,0,0,0,0,,0,0,0,6,1,0,0,N,0,39 54:27.300,,3,75 08:36.200,0,0,0,0,67301,0,0,0,N,0,0,0,2,67501,0,,1,1,,N,N,N,0,,0,0,2,3,8,,610,0,2,0,0,0,0,0,3,4,0,2,3,3.0,N,,,,,,,,,,,
2021023657,1134.0,1,0,0,0,0,0,0,0,0,1,0,45.0,67,3,2021,2,39.9773,-75.1122,1128.0,6,0,0,0,0,0,0,1,0,,0,0,0,11,1,2,0,N,2,39 58:38.311,1.0,3,75 06:44.057,3,0,0,0,67301,0,0,0,N,0,0,0,2,68K01,0,,1,1,1155.0,N,N,N,0,,2,0,1,0,0,N,1127,2,2,0,0,0,0,0,3,4,0,2,3,,Y,3.0,1.0,N,,,N,,,Y,Y,N
2021024557,1845.0,1,0,0,0,0,0,0,0,0,4,0,,67,3,2021,2,40.0233,-75.1258,1830.0,6,0,0,0,0,0,0,0,0,,0,0,0,17,1,2,1,,0,40 01:23.930,,0,75 07:32.757,3,0,0,0,67301,0,0,0,N,0,0,0,3,67301,0,,1,1,,N,N,N,0,,2,0,1,3,3,,1706,2,2,0,0,0,0,1,3,4,0,2,3,3.0,N,,,,,,,,,,,
2021031825,1909.0,0,0,0,0,0,0,0,0,0,7,0,55.0,67,3,2021,2,39.8992,-75.1775,1909.0,6,0,0,0,0,0,0,0,0,,0,0,0,19,3,1,0,N,1,39 53:57.230,2.0,3,75 10:38.859,3,0,0,0,67301,0,0,0,N,0,0,0,1,68K01,0,,4,1,2040.0,N,N,N,0,,1,0,1,0,0,N,1909,1,1,0,0,0,0,0,3,4,0,1,3,,Y,4.0,1.0,N,,,N,,,,Y,N
2021026752,1636.0,1,0,0,0,0,0,0,0,0,4,0,,67,3,2021,7,40.0079,-75.1723,1630.0,6,0,0,0,0,0,0,1,0,,0,0,0,10,1,1,1,,0,40 00:28.314,,0,75 10:20.141,2,0,0,0,67301,0,0,0,N,0,0,0,2,67301,0,,1,1,,N,N,N,0,,0,1,1,3,2,,1051,1,2,0,0,0,0,1,3,4,0,2,3,3.0,N,,,,,,,,,,,
2021028689,2224.0,1,0,1,0,0,0,0,0,0,1,0,,67,3,2021,1,40.0692,-75.1635,2223.0,6,0,0,0,0,0,0,1,0,,0,0,0,22,3,1,0,N,0,40 04:09.262,,0,75 09:48.688,2,0,0,0,67301,0,0,0,N,0,0,0,1,67301,0,,6,9,,N,N,N,0,,0,1,1,0,0,,2220,1,2,0,0,0,0,0,3,4,0,2,7,7.0,N,,,,,,,,,,,
2021027732,1220.0,0,0,0,0,0,0,0,0,0,4,0,,67,3,2021,3,40.0096,-75.1803,1213.0,6,0,0,0,0,0,0,0,0,,0,0,0,11,1,1,2,,0,40 00:34.737,,0,75 10:49.079,3,0,0,0,67301,0,0,0,N,0,0,0,2,67301,0,,1,1,,N,N,N,1,,1,0,1,3,2,,1145,1,2,0,0,0,0,0,3,4,0,2,3,3.0,N,,,,,,,,,,,