CRN,ARRIVAL_TM,AUTOMOBILE_COUNT,BELTED_DEATH_COUNT,BELTED_SUSP_SERIOUS_INJ_COUNT,BICYCLE_COUNT,BICYCLE_DEATH_COUNT,BICYCLE_SUSP_SERIOUS_INJ_COUNT,BUS_COUNT,CHLDPAS_DEATH_COUNT,CHLDPAS_SUSP_SERIOUS_INJ_COUNT,COLLISION_TYPE,COMM_VEH_COUNT,CONS_ZONE_SPD_LIM,COUNTY,CRASH_MONTH,CRASH_YEAR,DAY_OF_WEEK,DEC_LAT,DEC_LONG,DISPATCH_TM,DISTRICT,DRIVER_COUNT_16YR,DRIVER_COUNT_17YR,DRIVER_COUNT_18YR,DRIVER_COUNT_19YR,DRIVER_COUNT_20YR,DRIVER_COUNT_50_64YR,DRIVER_COUNT_65_74YR,DRIVER_COUNT_75PLUS,EST_HRS_CLOSED,FATAL_COUNT,HEAVY_TRUCK_COUNT,HORSE_BUGGY_COUNT,HOUR_OF_DAY,ILLUMINATION,INJURY_COUNT,INTERSECT_TYPE,INTERSECTION_RELATED,LANE_CLOSED,LATITUDE,LN_CLOSE_DIR,LOCATION_TYPE,LONGITUDE,MAX_SEVERITY_LEVEL,MCYCLE_DEATH_COUNT,MCYCLE_SUSP_SERIOUS_INJ_COUNT,MOTORCYCLE_COUNT,MUNICIPALITY,NONMOTR_COUNT,NONMOTR_DEATH_COUNT,NONMOTR_SUSP_SERIOUS_INJ_COUNT,NTFY_HIWY_MAINT,PED_COUNT,PED_DEATH_COUNT,PED_SUSP_SERIOUS_INJ_COUNT,PERSON_COUNT,POLICE_AGCY,POSSIBLE_INJ_COUNT,RDWY_SURF_TYPE_CD,RELATION_TO_ROAD,ROAD_CONDITION,ROADWAY_CLEARED,SCH_BUS_IND,SCH_ZONE_IND,SECONDARY_CRASH,SMALL_TRUCK_COUNT,SPEC_JURIS_CD,SUSP_MINOR_INJ_COUNT,SUSP_SERIOUS_INJ_COUNT,SUV_COUNT,TCD_FUNC_CD,TCD_TYPE,TFC_DETOUR_IND,TIME_OF_DAY,TOT_INJ_COUNT,TOTAL_UNITS,UNB_DEATH_COUNT,UNB_SUSP_SERIOUS_INJ_COUNT,UNBELTED_OCC_COUNT,UNK_INJ_DEG_COUNT,UNK_INJ_PER_COUNT,URBAN_AREA,URBAN_RURAL,VAN_COUNT,VEHICLE_COUNT,WEATHER1,WEATHER2,WORK_ZONE_IND,WORK_ZONE_LOC,WORK_ZONE_TYPE,WORKERS_PRES,WZ_CLOSE_DETOUR,WZ_FLAGGER,WZ_LAW_OFFCR_IND,WZ_LN_CLOSURE,WZ_MOVING,WZ_OTHER,WZ_SHLDER_MDN,WZ_WORKERS_INJ_KILLED
2021022051,1931.0,1,0,0,0,0,0,0,0,0,1,0,,67,3,2021,6,40.0269,-75.0972,1930.0,6,0,0,1,0,0,1,0,0,,0,0,0,16,1,1,1,,0,40 01:36.832,,0,75 05:50.065,3,0,0,0,67301,0,0,0,N,0,0,0,3,67301,0,,1,99,,N,N,N,1,,1,0,0,3,2,,1652,1,2,0,0,0,0,2,3,4,0,2,99,,N,,,,,,,,,,,
2021022417,1720.0,0,0,0,0,0,0,0,0,0,4,0,,67,3,2021,1,39.9103,-75.1509,1708.0,6,0,1,0,0,0,2,0,0,,0,0,0,17,1,0,1,,0,39 54:37.249,,2,75 09:03.078,0,0,0,0,67301,0,0,0,N,0,0,0,3,67301,0,,1,1,,N,N,Y,0,,0,0,2,3,2,,1700,0,3,0,0,0,0,0,3,4,1,3,3,3.0,N,,,,,,,,,,,
2021021209,812.0,0,0,0,0,0,0,0,0,0,4,0,,67,3,2021,4,40.0437,-75.0851,806.0,6,0,0,0,0,0,0,0,0,,0,0,0,8,1,1,1,,1,40 02:37.429,2.0,0,75 05:06.333,3,0,0,0,67301,0,0,0,N,0,0,0,4,67301,0,,1,1,850.0,N,N,N,0,,1,0,1,3,2,N,806,1,2,0,0,0,0,0,3,4,1,2,3,3.0,N,,,,,,,,,,,
2021048468,1949.0,1,0,1,0,0,0,0,0,0,1,0,,67,5,2021,6,39.9671,-75.1882,1936.0,6,0,0,0,0,0,0,0,0,,0,0,0,19,1,1,0,N,1,39 58:01.685,4.0,0,75 11:17.513,2,0,0,0,67301,0,0,0,N,0,0,0,2,68K01,0,,1,1,2010.0,N,N,N,0,,0,1,1,0,0,Y,1935,1,2,0,0,0,0,0,3,4,0,2,3,,N,,,,,,,,,,,
2021023051,1918.0,2,0,0,0,0,0,0,0,0,6,0,,67,3,2021,2,39.9504,-75.2308,1912.0,6,0,0,0,0,0,0,0,0,,0,0,0,18,3,2,0,N,2,39 57:01.520,7.0,0,75 13:50.750,4,0,0,0,67301,0,0,0,N,0,0,0,2,67301,2,,6,1,2049.0,N,N,N,0,,0,0,0,0,0,Y,1858,2,3,0,0,0,0,0,3,4,1,3,3,3.0,N,,,,,,,,,,,
2021047946,825.0,1,0,1,0,0,0,0,0,0,4,1,,67,5,2021,4,40.0116,-75.1205,820.0,6,0,0,0,0,0,2,0,0,,0,1,0,8,1,1,0,N,1,40 00:41.820,3.0,7,75 07:13.794,2,0,0,0,67301,0,0,0,N,0,0,0,2,67301,0,,1,1,930.0,N,N,N,0,,0,1,0,0,0,N,800,1,2,0,0,0,0,0,3,4,0,2,3,3.0,N,,,,,,,,,,,
2021023097,610.0,1,0,0,0,0,0,0,0,0,4,0,,67,3,2021,4,39.9536,-75.1986,608.0,6,0,0,0,0,0,1,0,0,,0,0,0,6,1,0,1,,1,39 57:12.991,2.0,0,75 11:55.051,0,0,0,0,67301,0,0,0,N,0,0,0,2,67504,0,,1,1,645.0,N,N,N,1,,0,0,0,3,2,Y,605,0,2,0,0,0,0,0,3,4,0,2,3,,N,,,,,,,,,,,
2021052249,702.0,1,0,0,0,0,0,0,0,0,7,0,,67,6,2021,1,39.9545,-75.1416,650.0,6,0,0,0,0,0,0,0,0,,0,0,0,6,1,1,0,N,2,39 57:16.188,2.0,0,75 08:29.785,3,0,0,0,67301,0,0,0,N,0,0,0,1,68K01,0,,2,1,30.0,N,N,N,0,,1,0,0,0,0,N,645,1,1,0,0,0,0,0,3,4,0,1,3,,N,,,,,,,,,,,
2021026679,2006.0,0,0,0,0,0,0,0,0,0,4,0,,67,3,2021,1,40.0277,-75.0988,2002.0,6,0,0,0,0,0,0,0,0,,0,0,0,20,3,1,1,,2,40 01:39.754,2.0,0,75 05:55.514,8,0,0,0,67301,0,0,0,N,0,0,0,2,67301,0,,1,1,2140.0,N,N,N,0,,0,0,1,3,2,Y,2002,1,2,0,0,0,1,0,3,4,0,2,3,3.0,N,,,,,,,,,,,
2021052235,927.0,1,0,0,0,0,0,0,0,0,1,0,,67,6,2021,7,39.8894,-75.2194,927.0,6,0,0,0,0,0,1,0,1,,0,0,0,9,1,0,0,N,0,39 53:21.874,,0,75 13:09.738,0,0,0,0,67301,0,0,0,N,0,0,0,2,68K01,0,,1,1,,N,N,Y,0,,0,0,1,0,0,,927,0,2,0,0,0,0,0,3,4,0,2,3,,N,,,,,,,,,,,
2021030478,1310.0,1,0,0,0,0,0,0,0,0,4,0,,67,3,2021,2,40.0316,-75.2076,1255.0,6,0,0,0,0,0,1,0,0,,0,0,0,12,1,0,1,,0,40 01:53.814,,0,75 12:27.475,0,0,0,0,67301,0,0,0,N,0,0,0,2,67301,0,,1,1,,N,N,N,0,,0,0,1,3,2,,1254,0,2,0,0,0,0,0,3,4,0,2,3,3.0,N,,,,,,,,,,,
2021028540,740.0,1,0,0,0,0,0,0,0,0,4,0,,67,3,2021,5,39.9719,-75.1487,735.0,6,0,0,0,0,0,0,0,0,,0,0,0,7,1,0,1,,0,39 58:18.717,,0,75 08:55.168,0,0,0,0,67301,0,0,0,N,0,0,0,2,67301,0,,1,9,,N,N,N,0,,0,0,1,3,3,,732,0,2,0,0,2,0,0,3,4,0,2,7,3.0,N,,,,,,,,,,,
2021051568,1738.0,0,0,0,0,0,0,0,0,0,4,0,,67,6,2021,6,39.9774,-75.2271,1726.0,6,0,0,0,0,0,1,0,0,,0,0,0,17,1,1,1,,0,39 58:38.507,,0,75 13:37.478,8,0,0,0,67301,0,0,0,N,0,0,0,3,67301,0,,1,9,,N,N,N,1,,0,0,1,3,2,,1712,1,2,0,0,0,1,1,3,4,0,2,3,7.0,N,,,,,,,,,,,
2021022880,1931.0,1,0,0,0,0,0,0,0,0,4,0,,67,3,2021,7,39.9908,-75.1309,1928.0,6,0,0,0,0,0,0,0,0,,0,0,0,19,3,1,1,,0,39 59:26.999,,0,75 07:51.264,3,0,0,0,67301,0,0,0,N,0,0,0,2,67301,0,,1,1,,N,N,N,0,,1,0,1,3,2,,1921,1,2,0,0,0,0,1,3,4,0,2,3,3.0,N,,,,,,,,,,,
2021024532,1335.0,1,0,0,0,0,0,0,0,0,4,0,,67,3,2021,3,39.94,-75.2002,1334.0,6,0,0,0,0,0,0,0,0,,0,0,0,13,1,4,2,,1,39 56:24.356,3.0,0,75 12:00.663,3,0,0,0,67301,0,0,0,N,0,0,0,5,67301,0,,1,1,1425.0,N,N,N,0,,4,0,1,3,3,N,1308,4,2,0,0,0,0,1,3,4,0,2,3,3.0,N,,,,,,,,,,,
2021022418,1614.0,1,0,0,0,0,0,0,0,0,4,0,,67,3,2021,1,40.0548,-75.2321,1611.0,6,0,0,0,0,0,0,0,0,,0,0,0,16,1,1,2,,0,40 03:16.773,,0,75 13:55.756,3,0,0,0,67301,0,0,0,N,0,0,0,2,67301,0,,1,1,,N,N,N,0,,1,0,1,0,0,,1605,1,2,0,0,0,0,0,3,4,0,2,3,3.0,N,,,,,,,,,,,
2021023042,2116.0,1,0,0,1,0,0,0,0,0,4,0,,67,3,2021,3,39.9777,-75.1614,2114.0,6,0,0,0,0,0,0,0,0,,0,0,0,21,3,1,1,,0,39 58:39.733,,0,75 09:41.198,4,0,0,0,67301,1,0,0,N,0,0,0,2,67505,1,,1,1,,N,N,N,0,,0,0,0,3,2,,2107,1,2,0,0,0,0,0,3,4,0,1,3,,N,,,,,,,,,,,
2021024545,44.0,1,0,0,0,0,0,0,0,0,5,0,,67,3,2021,5,39.9981,-75.1109,42.0,6,0,0,0,0,0,0,0,0,,0,0,0,0,3,1,0,N,0,39 59:53.200,,0,75 06:39.200,3,0,0,0,67301,0,0,0,N,0,0,0,1,67301,0,,6,1,,N,N,N,0,,1,0,1,0,0,,42,1,2,0,0,1,0,0,3,4,0,2,3,3.0,N,,,,,,,,,,,
2021022728,430.0,1,0,0,0,0,0,0,0,0,5,0,,67,3,2021,7,39.9988,-75.1003,427.0,6,0,0,0,0,0,0,0,0,,0,0,0,4,3,4,0,N,0,39 59:55.606,,0,75 06:01.258,8,0,0,0,67301,0,0,0,N,0,0,0,4,67301,0,,6,1,,N,N,N,0,,0,0,2,0,0,,426,4,4,0,0,2,4,0,3,4,1,4,3,3.0,N,,,,,,,,,,,
2021022204,32.0,1,0,0,0,0,0,0,0,0,5,0,,67,3,2021,1,39.9794,-75.1636,32.0,6,0,0,0,0,0,0,0,0,,0,0,0,0,3,0,0,N,0,39 58:45.930,,0,75 09:49.018,0,0,0,0,67301,0,0,0,N,0,0,0,1,67505,0,,6,1,,N,N,N,0,,0,0,1,0,0,,30,0,2,0,0,0,0,0,3,4,0,2,3,,N,,,,,,,,,,,
2021047055,815.0,1,0,0,0,0,0,1,0,0,4,1,,67,5,2021,2,39.9424,-75.1474,812.0,6,0,0,0,0,0,0,1,0,,0,0,0,7,1,1,1,,0,39 56:32.795,,0,75 08:50.577,3,0,0,0,67301,0,0,0,N,0,0,0,2,67301,0,,1,1,,N,N,N,0,,1,0,0,0,0,,740,1,2,0,0,1,0,0,3,4,0,2,3,4.0,N,,,,,,,,,,,
2021021673,2037.0,1,0,0,0,0,0,0,0,0,4,0,,67,3,2021,5,40.0698,-75.1707,2037.0,6,0,0,0,0,0,1,0,1,,0,0,0,20,3,1,1,,0,40 04:11.395,,0,75 10:14.372,3,0,0,0,67301,0,0,0,N,0,0,0,2,67301,0,,1,1,,N,N,N,0,,1,0,1,3,3,,2025,1,2,0,0,0,0,0,3,4,0,2,3,4.0,N,,,,,,,,,,,
2021048833,2237.0,1,0,0,0,0,0,0,0,0,5,0,,67,5,2021,7,39.9602,-75.1803,2218.0,6,0,0,0,0,0,0,0,0,,0,0,0,21,3,1,0,N,0,39 57:36.601,,0,75 10:48.933,8,0,0,0,67301,0,0,0,N,0,0,0,3,68K01,0,,3,1,,N,N,N,0,,0,0,1,0,0,,2136,1,2,0,0,0,1,0,3,4,0,2,3,,N,,,,,,,,,,,
2021022879,1030.0,2,0,0,0,0,0,0,0,0,4,0,,67,3,2021,1,39.946,-75.214,1024.0,6,0,0,0,0,0,0,0,0,,0,0,0,9,1,0,1,,0,39 56:45.462,,0,75 12:50.385,0,0,0,0,67301,0,0,0,N,0,0,0,2,67301,0,,1,1,,N,N,N,0,,0,0,1,3,2,,924,0,3,0,0,0,0,0,3,4,0,3,3,3.0,N,,,,,,,,,,,
2021022508,1122.0,2,0,0,0,0,0,0,0,0,2,0,,67,3,2021,5,40.0003,-75.1881,1117.0,6,0,0,1,0,0,0,0,0,,0,0,0,11,1,2,0,N,0,40 00:00.987,,0,75 11:17.121,4,0,0,0,67301,0,0,0,N,0,0,0,4,67301,2,,1,1,,N,N,N,0,,0,0,0,0,0,,1100,2,2,0,0,1,0,0,3,4,0,2,3,3.0,N,,,,,,,,,,,
2021028752,359.0,2,0,0,0,0,0,0,0,0,6,0,,67,3,2021,2,40.038,-75.1236,353.0,6,0,0,0,0,0,0,0,0,,0,0,0,3,3,0,3,,0,40 02:16.947,,0,75 07:25.013,9,0,0,0,67301,0,0,0,N,0,0,0,1,67301,0,,4,1,,N,N,N,0,,0,0,0,0,0,,345,0,2,0,0,0,0,1,3,4,0,2,3,3.0,N,,,,,,,,,,,
2021027668,125.0,4,0,0,0,0,0,0,0,0,4,0,,67,3,2021,4,39.9552,-75.2116,120.0,6,0,0,0,0,0,0,0,0,,0,0,0,1,3,0,1,,0,39 57:18.911,,0,75 12:42.049,0,0,0,0,67301,0,0,0,N,0,0,0,2,67301,0,,1,1,,N,N,N,0,,0,0,0,3,1,,115,0,4,0,0,0,0,0,3,4,0,4,3,3.0,N,,,,,,,,,,,
2021022704,2148.0,2,0,0,0,0,0,0,0,0,1,0,,67,3,2021,1,39.9207,-75.1411,2139.0,6,0,0,0,0,0,1,0,0,,0,0,0,20,3,2,1,,0,39 55:14.471,,0,75 08:27.940,4,0,0,0,67301,0,0,0,N,0,0,0,3,67301,1,,1,1,,N,N,N,0,,0,0,0,3,2,,2057,2,2,0,0,0,1,0,3,4,0,2,3,3.0,N,,,,,,,,,,,
2021048570,2139.0,1,0,0,0,0,0,0,0,0,7,0,,67,5,2021,4,40.0192,-75.1907,2031.0,6,0,0,0,0,0,0,0,0,,0,0,0,18,1,1,0,N,0,40 01:09.077,,0,75 11:26.573,2,0,0,0,67301,0,0,0,N,0,0,0,1,67301,0,,5,9,,N,N,N,0,,0,1,0,0,0,,1836,1,1,0,0,0,0,0,3,4,0,1,7,4.0,N,,,,,,,,,,,
2021048366,1937.0,3,0,0,0,0,0,0,0,0,5,0,,67,5,2021,3,39.9848,-75.1122,1934.0,6,0,0,0,0,0,0,0,0,,0,0,0,19,1,1,0,N,1,39 59:05.210,1.0,0,75 06:43.840,2,0,0,0,67301,0,0,0,N,0,0,0,1,67301,0,,1,1,2229.0,N,N,N,0,,0,1,0,0,0,N,1933,1,3,0,0,0,0,0,3,4,0,3,3,3.0,N,,,,,,,,,,,
2021048139,100.0,1,0,0,0,0,0,0,0,0,4,0,,67,5,2021,7,40.1111,-75.0243,107.0,6,0,0,0,1,0,1,0,0,,0,0,0,0,3,0,1,,0,40 06:40.135,,0,75 01:27.358,0,0,0,0,67301,0,0,0,N,0,0,0,2,67301,0,,1,1,,N,N,N,1,,0,0,0,3,2,,45,0,2,0,0,0,0,0,3,4,0,2,3,3.0,N,,,,,,,,,,,
2021023554,1845.0,0,0,0,0,0,0,0,0,0,4,0,,67,3,2021,4,40.0475,-75.0141,1845.0,6,0,0,1,0,0,0,0,0,,0,0,0,18,3,2,2,,0,40 02:50.904,,0,75 00:50.580,2,0,1,1,67301,0,0,0,N,0,0,0,2,67301,0,,1,1,,N,N,N,0,,1,1,1,0,0,,1845,2,2,0,0,0,0,0,3,4,0,2,3,3.0,N,,,,,,,,,,,
2021022260,1410.0,2,0,0,0,0,0,0,0,0,7,0,,67,3,2021,7,39.9821,-75.2396,1408.0,6,0,0,0,0,0,1,0,0,,0,0,0,14,1,2,0,N,0,39 58:55.727,,0,75 14:22.581,3,0,0,0,67301,0,0,0,N,0,0,0,5,67301,0,,4,1,,N,N,N,0,,2,0,0,0,0,,1400,2,2,0,0,0,0,0,3,4,0,2,3,,N,,,,,,,,,,,
2021025526,42.0,1,0,0,0,0,0,0,0,0,1,0,,67,3,2021,6,40.0249,-75.1133,7.0,6,0,0,0,0,0,0,0,0,,0,0,0,21,3,1,2,,0,40 01:29.712,,0,75 06:47.876,8,0,0,0,67301,0,0,0,N,0,0,0,2,67301,0,,1,1,,N,N,N,0,,0,0,0,3,3,,2130,1,2,0,0,0,1,1,3,4,0,2,3,3.0,N,,,,,,,,,,,
2021023555,2346.0,1,0,0,0,0,0,0,0,0,7,0,,67,3,2021,4,40.0559,-75.0453,2344.0,6,0,0,0,0,0,0,0,0,,0,0,0,23,3,0,2,,0,40 03:21.143,,7,75 02:42.980,9,0,0,0,67301,0,0,0,N,0,0,0,1,67301,0,,4,1,,N,N,N,0,,0,0,0,0,0,,2340,0,1,0,0,0,0,1,3,4,0,1,3,3.0,N,,,,,,,,,,,
2021048489,735.0,2,0,0,0,0,0,0,0,0,1,0,,67,5,2021,6,40.0196,-75.0447,722.0,6,0,0,0,0,0,0,0,0,,0,0,0,7,1,0,0,N,0,40 01:10.535,,0,75 02:41.051,0,0,0,0,67301,0,0,0,N,0,0,0,2,68K01,0,,1,1,,N,N,N,0,,0,0,0,0,0,,707,0,2,0,0,0,0,0,3,4,0,2,3,,N,,,,,,,,,,,
2021021567,819.0,1,0,0,0,0,0,0,0,0,7,0,,67,3,2021,5,40.035,-75.0443,815.0,6,0,0,0,0,0,0,0,0,,0,0,0,8,1,1,0,N,0,40 02:06.155,,0,75 02:39.372,8,0,0,0,67301,0,0,0,N,0,0,0,1,67301,0,,5,1,,N,N,N,0,,0,0,0,0,0,,813,1,1,0,0,0,1,0,3,4,0,1,3,,N,,,,,,,,,,,
2021028102,1223.0,1,0,0,0,0,0,0,0,0,1,0,,67,3,2021,5,39.9148,-75.1481,1220.0,6,0,0,0,0,0,0,0,0,,0,0,0,12,1,0,0,N,0,39 54:53.247,,3,75 08:53.056,0,0,0,0,67301,0,0,0,N,0,0,0,2,68K01,0,,1,1,,N,N,N,0,,0,0,1,0,0,,1219,0,2,0,0,0,0,0,3,4,0,2,3,3.0,N,,,,,,,,,,,
2021024820,100.0,1,0,0,0,0,0,0,0,0,2,0,,67,3,2021,3,39.9213,-75.216,100.0,6,0,0,0,0,0,1,0,0,,0,0,0,20,3,1,0,N,0,39 55:16.590,,0,75 12:57.470,4,0,0,0,67301,0,0,0,N,0,0,0,2,67301,1,,1,1,,N,N,Y,0,,0,0,1,0,0,,2015,1,2,0,0,0,0,0,3,4,0,2,3,,N,,,,,,,,,,,
2021022255,533.0,1,0,0,0,0,0,0,0,0,5,0,,67,3,2021,7,39.9274,-75.2265,533.0,6,0,0,0,0,0,0,0,0,,0,0,0,5,3,0,0,N,0,39 55:38.670,,0,75 13:35.350,9,0,0,0,67301,0,0,0,N,0,0,0,1,67301,0,,6,1,,N,N,N,0,,0,0,1,0,0,,533,0,2,0,0,0,0,1,3,4,0,2,3,,N,,,,,,,,,,,
2021023478,1414.0,1,0,0,1,0,0,0,0,0,5,0,,67,3,2021,3,39.9423,-75.1615,1412.0,6,0,0,0,0,0,0,0,0,,0,0,0,14,1,1,0,N,0,39 56:32.100,,0,75 09:41.280,3,0,0,0,67301,1,0,0,N,0,0,0,2,67301,0,,1,1,,N,N,N,0,,1,0,0,0,0,,1400,1,2,0,0,0,0,0,3,4,0,1,3,3.0,N,,,,,,,,,,,
2021024555,1730.0,1,0,0,0,0,0,0,0,0,4,0,,67,3,2021,2,39.9931,-75.1479,1720.0,6,0,0,0,0,1,0,0,0,,0,0,0,15,1,1,1,,0,39 59:35.083,,0,75 08:52.393,3,0,0,0,67301,0,0,0,N,0,0,0,2,67301,0,,1,1,,N,N,N,0,,1,0,1,3,2,,1509,1,2,0,0,0,0,0,3,4,0,2,3,3.0,N,,,,,,,,,,,
2021022583,1200.0,1,0,0,0,0,0,0,0,0,1,0,,67,3,2021,7,39.8925,-75.2226,1157.0,6,0,0,0,0,0,0,0,0,,0,0,0,11,1,1,1,,0,39 53:32.686,,2,75 13:22.108,2,0,0,0,67301,0,0,0,N,0,0,0,3,67301,0,,1,1,,N,N,N,0,,0,1,1,3,2,,1155,1,2,0,0,0,0,0,3,4,0,2,3,3.0,N,,,,,,,,,,,
2021028854,1250.0,2,0,0,0,0,0,0,0,0,4,0,,67,3,2021,7,39.8994,-75.1748,1238.0,6,0,0,0,0,0,1,1,0,,0,0,0,12,1,1,5,,0,39 53:57.846,,2,75 10:29.207,3,0,0,0,67301,0,0,0,N,0,0,0,4,67301,0,,1,1,,N,N,N,0,,1,0,0,3,2,,1231,1,2,0,0,0,0,0,3,4,0,2,3,3.0,N,,,,,,,,,,,
2021026598,1732.0,1,0,0,0,0,0,0,0,0,4,0,,67,3,2021,1,39.9761,-75.1195,1732.0,6,0,0,0,0,0,0,0,0,,0,0,0,17,1,1,1,,0,39 58:33.909,,0,75 07:10.290,8,0,0,0,67301,0,0,0,N,0,0,0,3,67301,0,,1,1,,N,N,N,0,,0,0,1,3,3,,1729,1,2,0,0,0,1,0,3,4,0,2,3,3.0,N,,,,,,,,,,,
2021029346,2016.0,1,0,0,0,0,0,0,0,0,5,0,,67,3,2021,3,39.9598,-75.1784,2006.0,6,0,0,0,0,0,0,0,0,,0,0,0,19,3,0,7,N,1,39 57:35.391,3.0,8,75 10:42.417,0,0,0,0,67301,0,0,0,N,0,0,0,2,68K01,0,,7,1,2100.0,N,N,N,1,,0,0,0,0,0,Y,1951,0,2,0,0,0,0,0,3,4,0,2,3,3.0,N,,,,,,,,,,,
2021022449,409.0,1,0,0,0,0,0,0,0,0,4,0,,67,3,2021,1,40.0274,-75.1208,407.0,6,0,0,0,0,0,0,0,0,,0,0,0,2,3,0,3,,2,40 01:38.773,4.0,0,75 07:14.770,0,0,0,0,67301,0,0,0,N,0,0,0,1,67301,0,,1,1,540.0,N,N,N,0,,0,0,1,0,0,N,246,0,2,0,0,0,0,0,3,4,0,2,3,3.0,N,,,,,,,,,,,
2021047522,1858.0,1,0,0,0,0,0,0,0,0,4,0,,67,5,2021,4,39.9997,-75.099,1858.0,6,0,0,0,0,0,0,0,0,,0,0,0,18,1,1,1,,0,39 59:58.827,,0,75 05:56.359,3,0,0,0,67301,0,0,0,N,0,0,0,2,67301,0,,1,1,,N,N,N,0,,1,0,1,3,2,,1857,1,2,0,0,0,0,0,3,4,0,2,3,,N,,,,,,,,,,,
2021022421,1805.0,1,0,0,0,0,0,0,0,0,4,0,,67,3,2021,7,39.9644,-75.1343,1752.0,6,0,0,0,0,0,1,1,0,,0,0,0,17,3,0,1,,0,39 57:51.984,,7,75 08:03.331,0,0,0,0,67301,0,0,0,N,0,0,0,3,67301,0,,1,1,,N,N,N,1,,0,0,1,3,2,,1746,0,3,0,0,0,0,0,3,4,0,3,3,,N,,,,,,,,,,,
2021021763,726.0,1,0,0,0,0,0,0,0,0,4,0,,67,3,2021,6,39.9898,-75.1039,717.0,6,0,0,0,0,0,1,0,0,,0,0,0,6,1,0,1,,1,39 59:23.218,1.0,0,75 06:14.002,0,0,0,0,67301,0,0,0,N,0,0,0,2,67301,0,,1,1,50.0,N,N,N,0,,0,0,1,3,2,N,625,0,2,0,0,0,0,0,3,4,0,2,3,3.0,N,,,,,,,,,,,
2021047383,938.0,1,0,0,0,0,0,0,0,0,4,0,,67,5,2021,6,39.9229,-75.1582,935.0,6,0,0,0,0,0,0,0,0,,0,0,0,9,1,0,1,,2,39 55:22.430,7.0,0,75 09:29.537,0,0,0,0,67301,0,0,0,N,0,0,0,4,67301,0,,1,99,938.0,N,N,N,0,,0,0,1,3,2,Y,934,0,2,0,0,0,0,0,3,4,0,2,99,,N,,,,,,,,,,,
2021048049,1719.0,2,0,0,0,0,0,0,0,0,1,0,,67,5,2021,6,39.9828,-75.0991,1704.0,6,0,0,0,0,0,0,0,0,,0,0,0,17,1,2,0,N,2,39 58:58.154,1.0,0,75 05:56.591,3,0,0,0,67301,0,0,0,N,0,0,0,3,68K01,0,,1,1,15.0,N,N,N,0,,2,0,0,0,0,N,1703,2,2,0,0,0,0,0,3,4,0,2,3,,N,,,,,,,,,,,
2021031465,1639.0,2,0,0,0,0,0,0,0,0,1,0,,67,3,2021,2,39.957,-75.1558,1624.0,6,0,0,0,0,1,0,0,0,,0,0,0,16,1,3,0,N,1,39 57:25.111,3.0,0,75 09:20.937,3,0,0,0,67301,0,0,0,N,0,0,0,3,68K01,0,,1,1,1700.0,N,N,N,0,,1,0,1,0,0,N,1622,3,3,0,0,0,2,0,3,4,0,3,3,,N,,,,,,,,,,,
2021022581,446.0,2,0,0,0,0,0,0,0,0,4,0,,67,3,2021,7,39.9261,-75.2248,441.0,6,0,0,0,0,0,0,0,0,,0,0,0,4,3,0,1,,0,39 55:33.882,,0,75 13:29.323,9,0,0,0,67301,0,0,0,N,0,0,0,2,67301,0,,1,1,,N,N,N,0,,0,0,0,3,2,,441,0,2,0,0,0,0,1,3,4,0,2,3,3.0,N,,,,,,,,,,,
2021022582,1200.0,2,0,0,0,0,0,0,0,0,4,0,,67,3,2021,7,39.9261,-75.2424,1148.0,6,0,0,0,0,0,1,0,0,,0,0,0,11,1,0,1,,0,39 55:33.920,,0,75 14:32.499,0,0,0,0,67301,0,0,0,N,0,0,0,2,67301,0,,1,1,,N,N,N,0,,0,0,1,3,2,,1148,0,3,0,0,0,0,0,3,4,0,3,4,,N,,,,,,,,,,,
2021022710,940.0,2,0,0,0,0,0,0,0,0,4,0,,67,3,2021,2,40.0728,-75.1676,940.0,6,0,0,0,0,0,0,1,0,,0,0,0,9,1,1,1,,0,40 04:22.144,,0,75 10:03.489,3,0,0,0,67301,0,0,0,N,0,0,0,2,67301,0,,1,1,,N,N,N,0,,1,0,0,3,2,,910,1,2,0,0,0,0,0,3,4,0,2,3,3.0,N,,,,,,,,,,,
2021021564,830.0,1,0,0,0,0,0,0,0,0,5,0,,67,3,2021,4,40.0708,-75.0385,820.0,6,0,0,0,0,0,1,0,0,,0,0,0,8,1,0,0,N,1,40 04:14.831,2.0,0,75 02:18.629,0,0,0,0,67301,0,0,0,N,0,0,0,7,67301,0,,1,1,920.0,N,N,N,1,,0,0,1,0,0,Y,810,0,5,0,0,0,0,0,3,4,2,5,3,3.0,N,,,,,,,,,,,
2021013756,930.0,0,0,0,0,0,0,0,0,0,1,0,,67,2,2021,2,39.945,-75.1981,930.0,6,0,0,0,0,0,0,0,0,,0,0,0,8,1,3,0,N,0,39 56:42.065,,0,75 11:53.286,4,0,0,0,67301,0,0,0,N,0,0,0,6,67301,2,,1,1,,N,N,N,1,,0,0,2,0,0,,850,3,3,0,0,0,1,2,3,4,0,3,3,3.0,N,,,,,,,,,,,