CRN,ARRIVAL_TM,AUTOMOBILE_COUNT,BELTED_DEATH_COUNT,BELTED_SUSP_SERIOUS_INJ_COUNT,BICYCLE_COUNT,BICYCLE_DEATH_COUNT,BICYCLE_SUSP_SERIOUS_INJ_COUNT,BUS_COUNT,CHLDPAS_DEATH_COUNT,CHLDPAS_SUSP_SERIOUS_INJ_COUNT,COLLISION_TYPE,COMM_VEH_COUNT,CONS_ZONE_SPD_LIM,COUNTY,CRASH_MONTH,CRASH_YEAR,DAY_OF_WEEK,DEC_LAT,DEC_LONG,DISPATCH_TM,DISTRICT,DRIVER_COUNT_16YR,DRIVER_COUNT_17YR,DRIVER_COUNT_18YR,DRIVER_COUNT_19YR,DRIVER_COUNT_20YR,DRIVER_COUNT_50_64YR,DRIVER_COUNT_65_74YR,DRIVER_COUNT_75PLUS,EST_HRS_CLOSED,FATAL_COUNT,HEAVY_TRUCK_COUNT,HORSE_BUGGY_COUNT,HOUR_OF_DAY,ILLUMINATION,INJURY_COUNT,INTERSECT_TYPE,INTERSECTION_RELATED,LANE_CLOSED,LATITUDE,LN_CLOSE_DIR,LOCATION_TYPE,LONGITUDE,MAX_SEVERITY_LEVEL,MCYCLE_DEATH_COUNT,MCYCLE_SUSP_SERIOUS_INJ_COUNT,MOTORCYCLE_COUNT,MUNICIPALITY,NONMOTR_COUNT,NONMOTR_DEATH_COUNT,NONMOTR_SUSP_SERIOUS_INJ_COUNT,NTFY_HIWY_MAINT,PED_COUNT,PED_DEATH_COUNT,PED_SUSP_SERIOUS_INJ_COUNT,PERSON_COUNT,POLICE_AGCY,POSSIBLE_INJ_COUNT,RDWY_SURF_TYPE_CD,RELATION_TO_ROAD,ROAD_CONDITION,ROADWAY_CLEARED,SCH_BUS_IND,SCH_ZONE_IND,SECONDARY_CRASH,SMALL_TRUCK_COUNT,SPEC_JURIS_CD,SUSP_MINOR_INJ_COUNT,SUSP_SERIOUS_INJ_COUNT,SUV_COUNT,TCD_FUNC_CD,TCD_TYPE,TFC_DETOUR_IND,TIME_OF_DAY,TOT_INJ_COUNT,TOTAL_UNITS,UNB_DEATH_COUNT,UNB_SUSP_SERIOUS_INJ_COUNT,UNBELTED_OCC_COUNT,UNK_INJ_DEG_COUNT,UNK_INJ_PER_COUNT,URBAN_AREA,URBAN_RURAL,VAN_COUNT,VEHICLE_COUNT,WEATHER1,WEATHER2,WORK_ZONE_IND,WORK_ZONE_LOC,WORK_ZONE_TYPE,WORKERS_PRES,WZ_CLOSE_DETOUR,WZ_FLAGGER,WZ_LAW_OFFCR_IND,WZ_LN_CLOSURE,WZ_MOVING,WZ_OTHER,WZ_SHLDER_MDN,WZ_WORKERS_INJ_KILLED
2021047184,2119.0,1,0,0,0,0,0,0,0,0,7,0,,67,5,2021,4,39.9654,-75.186,2119.0,6,0,0,0,0,0,0,0,0,,0,0,0,21,3,1,7,N,2,39 57:55.435,3.0,2,75 11:09.669,3,0,0,0,67301,0,0,0,Y,0,0,0,1,68K01,0,,7,1,30.0,N,N,N,0,,1,0,0,0,0,N,2110,1,1,0,0,0,0,0,3,4,0,1,3,,N,,,,,,,,,,,
2021023480,7.0,2,0,0,0,0,0,0,0,0,5,0,,67,3,2021,4,39.9538,-75.1751,1.0,6,0,0,0,0,0,1,0,0,,0,0,0,23,3,0,1,,0,39 57:13.546,,0,75 10:30.306,0,0,0,0,67301,0,0,0,N,0,0,0,3,67301,0,,1,1,,N,N,N,0,,0,0,1,3,2,,2350,0,3,0,0,3,0,0,3,4,0,3,3,3.0,N,,,,,,,,,,,
2021022321,1145.0,1,0,0,0,0,0,0,0,0,8,0,,67,3,2021,7,40.048,-75.1837,1145.0,6,0,0,0,0,0,0,0,0,,0,0,0,11,1,1,0,N,0,40 02:52.810,,0,75 11:01.170,3,0,0,0,67301,1,0,0,N,1,0,0,2,67301,0,,1,1,,N,N,N,0,,1,0,0,0,0,,1130,1,2,0,0,0,0,0,3,4,0,1,3,3.0,N,,,,,,,,,,,
2021048653,308.0,1,0,0,0,0,0,0,0,0,2,0,,67,5,2021,6,40.0577,-75.1808,306.0,6,0,0,0,0,0,0,0,0,,0,0,0,3,3,1,0,N,0,40 03:27.620,,0,75 10:51.020,3,0,0,0,67301,0,0,0,N,0,0,0,1,67301,0,,6,1,,N,N,N,1,,1,0,0,0,0,,300,1,2,0,0,0,0,0,3,4,0,2,3,,N,,,,,,,,,,,
2021028687,1430.0,2,0,0,0,0,0,0,0,0,4,0,,67,3,2021,7,40.0646,-75.1605,1430.0,6,0,0,0,0,0,0,0,0,,0,0,0,14,1,0,0,N,0,40 03:52.655,,0,75 09:37.942,0,0,0,0,67301,0,0,0,N,0,0,0,1,67301,0,,1,1,,N,N,N,0,,0,0,0,0,0,,1428,0,2,0,0,0,0,0,3,4,0,2,3,3.0,N,,,,,,,,,,,
2021047387,810.0,1,0,0,0,0,0,0,0,0,1,1,,67,5,2021,2,39.9403,-75.1421,805.0,6,0,0,0,0,0,0,0,0,,0,1,0,8,1,1,0,N,0,39 56:25.133,,0,75 08:31.653,3,0,0,0,67301,0,0,0,N,0,0,0,1,67301,0,,1,1,,N,N,N,0,,1,0,0,3,2,,802,1,2,0,0,0,0,0,3,4,0,2,4,,N,,,,,,,,,,,
2021023709,1729.0,2,0,0,0,0,0,0,0,0,4,0,,67,3,2021,4,39.9641,-75.2164,1729.0,6,0,0,0,0,0,0,0,0,,0,0,0,17,1,0,1,,0,39 57:50.803,,0,75 12:59.050,0,0,0,0,67301,0,0,0,N,0,0,0,2,67301,0,,1,1,,N,Y,N,0,,0,0,0,3,2,,1729,0,2,0,0,0,0,0,3,4,0,2,3,3.0,N,,,,,,,,,,,
2021022178,1832.0,1,0,0,0,0,0,0,0,0,4,0,,67,3,2021,5,39.9211,-75.2242,1826.0,6,0,0,0,0,0,0,0,0,,0,0,0,18,3,2,1,,0,39 55:15.660,,0,75 13:26.832,3,0,0,0,67301,0,0,0,N,0,0,0,2,67301,0,,1,1,,N,N,N,0,,2,0,0,3,2,,1814,2,2,0,0,0,0,0,3,4,0,2,3,3.0,N,,,,,,,,,,,
2021022868,1313.0,0,0,0,0,0,0,0,0,0,4,0,,67,3,2021,2,40.1006,-75.0425,1308.0,6,0,0,0,0,0,0,1,0,,0,0,0,13,1,2,3,,1,40 06:01.806,1.0,0,75 02:33.414,3,0,0,0,67301,0,0,0,N,0,0,0,4,67301,0,,1,1,1325.0,N,N,N,0,,2,0,2,3,2,N,1307,2,2,0,0,0,0,0,3,4,0,2,3,3.0,N,,,,,,,,,,,
2021047830,1310.0,0,0,0,0,0,0,0,0,0,8,0,,67,5,2021,3,40.0477,-75.06,1306.0,6,0,0,0,1,0,0,0,0,,0,0,0,12,1,2,1,,2,40 02:51.700,4.0,0,75 03:35.389,3,0,0,1,67301,2,0,0,N,2,0,0,3,67301,0,,1,1,1338.0,N,N,N,0,,2,0,0,3,2,N,1253,2,3,0,0,0,0,0,3,4,0,1,4,4.0,N,,,,,,,,,,,
2021022450,2359.0,1,0,0,0,0,0,0,0,0,4,0,,67,3,2021,1,40.0227,-75.1482,2357.0,6,0,0,0,0,0,0,0,0,,0,0,0,23,3,2,5,,1,40 01:21.790,2.0,0,75 08:53.512,2,0,0,0,67301,0,0,0,N,0,0,0,3,67301,0,,1,1,144.0,N,N,N,0,,1,1,1,3,2,N,2352,2,2,0,0,0,0,0,3,4,0,2,3,3.0,N,,,,,,,,,,,
2021048368,2122.0,1,0,1,0,0,0,0,0,0,2,0,,67,5,2021,4,40.0012,-75.1905,2118.0,6,0,0,1,0,0,0,1,0,,3,0,0,21,3,2,0,N,2,40 00:04.219,7.0,0,75 11:25.623,1,0,0,0,67301,0,0,0,N,0,0,0,5,67301,0,2.0,1,1,2350.0,N,N,N,0,0.0,0,2,1,0,0,,2111,2,2,0,0,0,0,0,3,4,0,2,3,3.0,N,,,,,,,,,,,
2021022183,604.0,1,0,0,0,0,0,0,0,0,5,0,,67,3,2021,5,40.0098,-75.187,604.0,6,0,0,0,0,0,1,0,0,,0,0,0,6,3,0,0,N,2,40 00:35.240,2.0,0,75 11:13.264,0,0,0,0,67301,0,0,0,N,0,0,0,2,67301,0,,1,1,715.0,N,N,N,0,,0,0,1,0,0,Y,604,0,2,0,0,0,0,0,3,4,0,2,3,3.0,N,,,,,,,,,,,
2021069860,1006.0,2,0,0,0,0,0,0,0,0,4,0,,67,7,2021,5,39.9469,-75.2127,1000.0,6,0,0,0,0,0,0,0,0,,0,0,0,9,1,3,1,,1,39 56:48.807,4.0,0,75 12:45.628,3,0,0,0,67301,0,0,0,N,0,0,0,3,67301,0,,1,1,1132.0,N,N,N,0,,3,0,0,3,3,N,958,3,2,0,0,2,0,0,3,4,0,2,3,3.0,N,,,,,,,,,,,
2021064298,1030.0,2,0,0,0,0,0,0,0,0,4,0,,67,7,2021,2,39.954,-75.2343,1030.0,6,0,0,0,0,0,0,0,0,,0,0,0,10,1,1,1,,0,39 57:14.378,,0,75 14:03.526,3,0,0,0,67301,0,0,0,N,0,0,0,2,67301,0,,1,1,,N,N,N,0,,1,0,0,3,3,,1017,1,2,0,0,1,0,0,3,4,0,2,3,3.0,N,,,,,,,,,,,
2021062954,745.0,1,0,0,0,0,0,0,0,0,1,0,,67,7,2021,4,40.0224,-75.0379,742.0,6,0,0,0,0,0,0,0,0,,0,0,0,7,1,0,0,N,0,40 01:20.770,,0,75 02:16.540,0,0,0,0,67301,0,0,0,N,0,0,0,3,68K01,0,,1,1,,N,N,N,0,,0,0,1,0,0,,740,0,2,0,0,0,0,0,3,4,0,2,3,3.0,N,,,,,,,,,,,
2021089922,1604.0,1,0,0,0,0,0,0,0,0,4,0,,67,9,2021,5,40.0153,-75.081,1602.0,6,0,0,0,0,0,0,0,0,,0,0,0,15,1,1,1,,2,40 00:55.060,4.0,0,75 04:51.496,3,0,0,0,67301,0,0,0,N,0,0,0,5,67301,0,,1,9,1642.0,N,N,Y,0,,1,0,0,3,3,Y,1559,1,2,0,0,0,0,1,3,4,1,2,7,,N,,,,,,,,,,,
2021089525,302.0,1,0,0,0,0,0,0,0,0,7,0,,67,9,2021,2,40.0316,-75.0532,301.0,6,0,0,0,0,0,0,0,0,,0,0,0,2,3,0,5,,1,40 01:54.191,2.0,0,75 03:11.938,0,0,0,0,67301,0,0,0,N,0,0,0,1,67301,0,,3,1,330.0,N,N,N,0,,0,0,0,3,2,N,255,0,1,0,0,0,0,0,3,4,0,1,3,3.0,N,,,,,,,,,,,
2021069905,1110.0,1,0,0,0,0,0,0,0,0,8,0,,67,7,2021,6,40.0517,-75.1271,1100.0,6,0,0,0,0,0,0,0,0,,0,0,0,9,1,1,1,,0,40 03:06.253,,0,75 07:37.689,3,0,0,0,67301,1,0,0,N,1,0,0,2,67301,0,,1,99,,N,N,N,0,,1,0,0,3,2,,900,1,2,0,0,0,0,0,3,4,0,1,99,,N,,,,,,,,,,,
2021063469,748.0,2,0,0,0,0,0,0,0,0,1,0,,67,7,2021,6,39.9109,-75.1604,745.0,6,0,0,0,0,0,0,0,1,,0,0,0,7,1,3,0,N,1,39 54:39.200,4.0,3,75 09:37.400,4,0,0,0,67301,0,0,0,N,0,0,0,3,67501,2,,1,9,800.0,N,N,N,0,,0,0,0,0,0,N,745,3,2,0,0,0,1,0,3,4,0,2,4,,N,,,,,,,,,,,
2021064612,2143.0,1,0,0,0,0,0,0,0,0,7,0,,67,7,2021,3,39.9838,-75.2081,2135.0,6,0,0,0,0,0,0,0,0,,0,0,0,21,3,0,0,N,2,39 59:01.674,4.0,0,75 12:29.299,0,0,0,0,67301,0,0,0,N,0,0,0,1,68K01,0,,4,1,2143.0,N,N,N,0,,0,0,0,0,0,N,2134,0,1,0,0,0,0,0,3,4,0,1,3,3.0,N,,,,,,,,,,,
2021089937,1854.0,2,0,0,0,0,0,0,0,0,2,0,,67,9,2021,5,40.1206,-75.0104,1844.0,6,0,0,0,0,0,0,1,0,,0,0,0,18,3,1,0,N,1,40 07:14.210,3.0,0,75 00:37.290,3,0,0,0,67301,0,0,0,N,0,0,0,3,67301,0,,1,9,1954.0,N,N,N,1,,1,0,0,3,2,N,1841,1,3,0,0,0,0,0,3,4,0,3,7,7.0,N,,,,,,,,,,,
2021089869,1339.0,1,0,0,0,0,0,0,0,0,5,1,,67,9,2021,2,39.915,-75.148,1326.0,6,0,0,0,0,0,0,0,0,,0,0,0,13,1,0,0,N,0,39 54:53.984,,0,75 08:52.850,0,0,0,0,67301,0,0,0,N,0,0,0,4,68K01,0,,2,1,,N,N,N,0,,0,0,0,0,0,,1320,0,2,0,0,0,0,0,3,4,1,2,3,3.0,N,,,,,,,,,,,
2021064396,1035.0,1,0,0,0,0,0,0,0,0,4,0,,67,7,2021,1,40.0351,-75.1319,1020.0,6,0,0,0,0,0,1,0,0,,0,0,0,18,1,1,1,,0,40 02:06.216,,0,75 07:54.685,8,0,0,0,67301,1,0,0,N,1,0,0,3,67301,0,,1,1,,N,N,N,0,,0,0,1,3,3,,1830,1,3,0,0,0,1,0,3,4,0,2,3,3.0,N,,,,,,,,,,,
2021070494,1831.0,2,0,0,0,0,0,0,0,0,4,0,,67,7,2021,3,39.9916,-75.1005,1831.0,6,0,0,0,0,0,1,0,0,,0,0,0,13,1,0,0,N,0,39 59:29.837,,7,75 06:01.829,0,0,0,0,67301,0,0,0,N,0,0,0,2,67301,0,,1,1,,N,N,N,0,,0,0,0,0,0,,1355,0,2,0,0,0,0,0,3,4,0,2,3,3.0,N,,,,,,,,,,,
2021069843,1433.0,1,0,0,0,0,0,0,0,0,5,0,,67,7,2021,5,40.029,-75.0343,1433.0,6,0,0,0,0,0,0,0,0,,0,0,0,14,1,0,0,N,0,40 01:44.371,,0,75 02:03.367,0,0,0,0,67301,0,0,0,N,0,0,0,2,67301,0,,1,1,,N,N,N,0,,0,0,1,0,0,,1400,0,2,0,0,0,0,0,3,4,0,2,3,3.0,N,,,,,,,,,,,
2021089364,1055.0,1,0,0,0,0,0,0,0,0,8,0,,67,9,2021,3,39.9775,-75.2265,1042.0,6,0,0,0,0,0,0,0,0,,0,0,0,23,3,1,0,N,0,39 58:39.169,,0,75 13:35.360,3,0,0,0,67301,1,0,0,N,1,0,0,1,67301,0,,1,1,,N,N,N,0,,1,0,0,0,0,,2330,1,2,0,0,0,0,0,3,4,0,1,3,3.0,N,,,,,,,,,,,
2021069878,1440.0,0,0,0,0,0,0,0,0,0,4,0,,67,7,2021,4,39.9711,-75.1573,1427.0,6,0,0,0,0,0,0,1,0,,0,0,0,14,1,1,1,,0,39 58:16.419,,0,75 09:25.977,3,0,0,0,67301,0,0,0,N,0,0,0,3,67301,0,,1,1,,N,N,N,0,,1,0,1,3,2,,1424,1,2,0,0,0,0,0,3,4,1,2,3,3.0,N,,,,,,,,,,,
2021069887,846.0,1,0,0,0,0,0,0,0,0,4,0,,67,7,2021,5,39.9946,-75.0945,840.0,6,0,0,0,0,0,0,0,0,,0,0,0,7,1,2,1,,0,39 59:40.673,,0,75 05:40.311,8,0,0,0,67301,0,0,0,N,0,0,0,4,67301,0,,1,1,,N,N,N,0,,0,0,0,3,2,,700,2,3,0,0,0,2,0,3,4,1,3,3,3.0,N,,,,,,,,,,,
2021089495,1706.0,0,0,0,0,0,0,0,0,0,1,1,,67,9,2021,4,40.0531,-75.1568,1706.0,6,0,0,0,0,0,0,0,0,,0,1,0,13,1,0,0,N,0,40 03:11.100,,0,75 09:24.500,9,0,0,0,67301,0,0,0,N,0,0,0,2,67301,0,,1,1,,N,N,N,0,,0,0,1,0,0,,1355,0,2,0,0,1,0,1,3,4,0,2,3,3.0,N,,,,,,,,,,,
2021061166,2320.0,2,0,0,0,0,0,0,0,0,4,0,,67,7,2021,5,40.0046,-75.1515,2315.0,6,0,0,0,0,0,0,0,0,,0,0,0,23,6,1,0,N,0,40 00:16.700,,7,75 09:05.500,3,0,0,0,67301,0,0,0,N,0,0,0,2,67505,0,,1,9,,N,N,Y,0,,1,0,0,0,0,,2315,1,2,0,0,0,0,0,3,4,0,2,7,7.0,N,,,,,,,,,,,
2021064200,128.0,0,0,0,0,0,0,0,0,0,8,0,,67,7,2021,5,39.9617,-75.1575,124.0,6,0,0,0,0,0,0,0,0,,0,0,0,1,3,1,5,,0,39 57:42.225,,0,75 09:26.825,2,0,0,0,67301,1,0,1,N,1,0,1,2,67301,0,,1,1,,N,N,N,0,,0,1,0,3,2,,120,1,2,0,0,0,0,0,3,4,1,1,3,3.0,N,,,,,,,,,,,
2021069913,1105.0,0,0,0,0,0,0,0,0,0,4,0,,67,7,2021,5,40.0532,-75.1567,1105.0,6,0,0,0,0,0,0,0,0,,0,0,0,20,1,0,1,,0,40 03:11.455,,0,75 09:24.159,0,0,0,0,67301,0,0,0,N,0,0,0,2,67301,0,,1,99,,N,N,N,0,,0,0,1,3,3,,2000,0,2,0,0,0,0,0,3,4,1,2,99,,N,,,,,,,,,,,
2021088669,1358.0,2,0,0,0,0,0,0,0,0,1,0,45.0,67,9,2021,6,39.9789,-75.1089,1353.0,6,0,0,0,0,0,0,0,0,,0,0,0,13,1,1,0,N,1,39 58:44.086,1.0,0,75 06:31.935,3,0,0,0,67301,0,0,0,N,0,0,0,5,68K01,0,,1,1,1416.0,N,N,N,0,,1,0,2,0,0,N,1350,1,4,0,0,0,0,0,3,4,0,4,3,,Y,4.0,1.0,Y,N,N,N,N,N,N,Y,N
2021090063,1920.0,1,0,0,0,0,0,0,0,0,8,0,,67,9,2021,5,39.9926,-75.1548,1912.0,6,0,0,0,0,0,0,0,0,,0,0,0,19,3,1,0,N,0,39 59:33.278,,0,75 09:17.137,8,0,0,0,67301,1,0,0,N,1,0,0,2,67301,0,,1,9,,N,N,N,0,,0,0,0,0,0,,1911,1,2,0,0,0,1,0,3,4,0,1,7,4.0,N,,,,,,,,,,,
2021064275,1359.0,3,0,0,0,0,0,0,0,0,4,0,,67,7,2021,5,40.0313,-75.0663,1350.0,6,0,0,0,0,0,1,0,0,,0,0,0,13,1,1,1,,1,40 01:52.832,4.0,0,75 03:58.665,3,0,0,0,67301,0,0,0,N,0,0,0,3,67301,0,,1,9,1430.0,N,N,N,0,,1,0,2,3,3,N,1349,1,5,0,0,0,0,0,3,4,0,5,4,7.0,N,,,,,,,,,,,
2021065071,2347.0,1,0,0,0,0,0,0,0,0,1,0,,67,7,2021,7,40.0096,-75.0648,2347.0,6,0,0,0,0,0,0,0,0,,0,0,0,23,3,2,0,N,1,40 00:34.712,1.0,0,75 03:53.179,3,0,0,0,67301,0,0,0,N,0,0,0,2,68K01,0,,1,1,30.0,N,N,N,0,,2,0,1,0,0,N,2333,2,2,0,0,0,0,0,3,4,0,2,3,,N,,,,,,,,,,,
2021088366,1703.0,1,0,0,0,0,0,0,0,0,7,0,,67,9,2021,1,40.0523,-75.2015,1703.0,6,0,0,0,0,0,0,0,0,,0,0,0,13,1,1,1,,0,40 03:08.320,,0,75 12:05.241,3,0,0,0,67301,0,0,0,N,0,0,0,1,67301,0,,5,1,,N,N,N,0,,1,0,0,3,3,,1342,1,1,0,0,0,0,0,3,4,0,1,3,3.0,N,,,,,,,,,,,
2021064179,800.0,1,0,0,0,0,0,0,0,0,4,0,,67,7,2021,6,40.0729,-75.0759,753.0,6,0,0,0,0,0,0,1,0,,0,0,0,6,1,1,1,,0,40 04:22.410,,0,75 04:33.193,8,0,0,0,67301,0,0,0,N,0,0,0,2,67301,0,,1,1,,N,N,N,0,,0,0,1,3,2,,649,1,2,0,0,0,1,0,3,4,0,2,3,3.0,N,,,,,,,,,,,
2021089423,1810.0,0,0,0,0,0,0,0,0,0,8,0,,67,9,2021,4,40.0435,-75.065,1804.0,6,0,0,0,0,0,0,0,0,,1,0,0,17,1,0,0,N,1,40 02:36.510,5.0,0,75 03:54.060,1,0,0,0,67301,1,1,0,N,1,1,0,2,67301,0,2.0,1,1,1805.0,N,N,N,1,0.0,0,0,0,0,0,Y,1755,0,2,0,0,0,0,0,3,4,0,1,3,3.0,N,,,,,,,,,,,
2021089613,1445.0,0,0,0,0,0,0,0,0,0,8,0,,67,9,2021,4,39.9496,-75.1604,1442.0,6,0,0,0,0,0,0,0,0,,0,0,0,13,1,1,1,,0,39 56:58.675,,0,75 09:37.383,3,0,0,0,67301,1,0,0,N,1,0,0,2,67301,0,,1,1,,N,N,N,0,,1,0,0,3,2,,1345,1,2,0,0,0,0,1,3,4,1,1,3,3.0,N,,,,,,,,,,,
2021064388,1600.0,2,0,0,0,0,0,0,0,0,4,0,,67,7,2021,6,40.0263,-75.1484,1600.0,6,0,0,0,0,0,0,0,0,,0,0,0,11,1,0,1,,0,40 01:34.575,,0,75 08:54.362,9,0,0,0,67301,0,0,0,N,0,0,0,2,67301,0,,1,99,,N,N,N,0,,0,0,0,3,3,,1143,0,2,0,0,2,0,1,3,4,0,2,3,,N,,,,,,,,,,,
2021087947,1634.0,0,0,0,0,0,0,0,0,0,5,0,,67,8,2021,2,39.955,-75.1408,1620.0,6,0,0,0,0,0,0,0,0,,0,0,0,16,1,0,0,N,0,39 57:18.104,,0,75 08:26.747,9,0,0,0,67301,0,0,0,N,0,0,0,2,68K01,0,,1,1,,N,N,N,0,,0,0,1,0,0,,1617,0,2,0,0,0,0,1,3,4,0,2,3,3.0,N,,,,,,,,,,,
2021069820,1909.0,0,0,0,0,0,0,0,0,0,4,0,,67,7,2021,3,39.8836,-75.2515,1909.0,6,0,0,0,0,1,0,0,0,,0,0,0,14,1,1,2,,0,39 53:01.302,,2,75 15:05.694,3,0,0,0,67301,0,0,0,N,0,0,0,2,67301,0,,1,99,,N,N,N,0,,1,0,1,3,2,,1452,1,2,0,0,0,0,0,3,4,0,2,99,98.0,N,,,,,,,,,,,
2021064649,1722.0,1,0,0,0,0,0,0,0,0,1,0,55.0,67,7,2021,7,40.0123,-75.0593,1722.0,6,0,0,0,0,0,0,0,0,,0,0,0,16,1,0,0,N,0,40 00:44.213,,0,75 03:33.555,0,0,0,0,67301,0,0,0,N,0,0,0,3,68K01,0,,1,1,,N,N,N,0,,0,0,1,0,0,,1651,0,2,0,0,1,0,0,3,4,0,2,3,,Y,4.0,1.0,N,,,N,,,,Y,N
2021090238,1658.0,1,0,0,0,0,0,0,0,0,1,0,,67,9,2021,2,40.0115,-75.1768,1658.0,6,0,0,0,0,0,0,0,0,,0,0,0,16,1,0,0,N,0,40 00:41.528,,0,75 10:36.506,0,0,0,0,67301,0,0,0,N,0,0,0,3,67301,0,,1,1,,N,N,N,0,,0,0,2,3,2,,1645,0,3,0,0,0,0,0,3,4,0,3,3,3.0,N,,,,,,,,,,,
2021070496,2112.0,2,0,0,0,0,0,0,0,0,4,0,,67,7,2021,3,39.9884,-75.1098,2109.0,6,0,0,0,0,0,0,0,0,,0,0,0,21,3,1,1,,0,39 59:18.153,,0,75 06:35.280,2,0,1,1,67301,0,0,0,N,0,0,0,2,67301,0,,1,1,,N,N,N,0,,0,1,0,3,2,,2103,1,3,0,0,1,0,0,3,4,0,3,3,3.0,N,,,,,,,,,,,
2021069770,1859.0,1,0,0,0,0,0,0,0,0,4,0,,67,7,2021,4,39.9547,-75.1495,1859.0,6,0,0,0,0,0,0,0,0,,0,0,0,17,1,0,5,,0,39 57:16.613,,2,75 08:58.311,0,0,0,0,67301,0,0,0,N,0,0,0,4,67301,0,,1,1,,N,N,N,0,,0,0,1,3,2,,1728,0,2,0,0,1,0,0,3,4,0,2,3,4.0,N,,,,,,,,,,,
2021065454,1719.0,1,0,0,0,0,0,0,0,0,1,0,,67,7,2021,2,40.0488,-74.9973,1652.0,6,0,0,0,0,0,1,0,0,,0,0,0,16,1,0,0,N,0,40 02:55.836,,0,74 59:50.329,0,0,0,0,67301,0,0,0,N,0,0,0,2,68K01,0,,1,9,,N,N,N,0,,0,0,1,0,0,,1651,0,2,0,0,0,0,0,3,4,0,2,7,,N,,,,,,,,,,,
2021064232,840.0,1,0,0,0,0,0,0,0,0,4,0,,67,7,2021,5,39.9397,-75.2255,840.0,6,0,0,0,0,0,0,0,0,,0,0,0,8,1,1,1,,0,39 56:23.027,,0,75 13:31.850,3,0,0,0,67301,0,0,0,N,0,0,0,2,67301,0,,1,1,,N,N,N,0,,1,0,1,3,2,,834,1,2,0,0,0,0,0,3,4,0,2,3,3.0,N,,,,,,,,,,,
2021084827,1830.0,1,0,0,0,0,0,0,0,0,4,0,,67,9,2021,3,39.9177,-75.2315,1827.0,6,0,0,0,0,0,1,0,0,,1,0,0,18,1,0,0,N,0,39 55:03.820,,0,75 13:53.550,1,1,0,1,67301,0,0,0,N,0,0,0,1,67301,0,2.0,6,1,,N,N,N,0,0.0,0,0,0,0,0,,1820,0,2,0,0,0,0,0,3,4,0,2,3,,N,,,,,,,,,,,
2021064384,1500.0,1,0,0,0,0,0,0,0,0,5,0,,67,7,2021,5,40.039,-75.15,1500.0,6,0,0,0,1,0,0,0,0,,0,0,0,13,1,0,1,,0,40 02:20.299,,0,75 09:00.127,9,0,0,0,67301,0,0,0,N,0,0,0,2,67301,0,,1,99,,N,N,N,0,,0,0,1,3,2,,1300,0,2,0,0,2,0,1,3,4,0,2,99,,N,,,,,,,,,,,
2021088298,2341.0,1,0,0,0,0,0,0,0,0,1,0,45.0,67,9,2021,2,39.9476,-75.1871,2341.0,6,0,0,0,0,0,0,0,0,,0,0,0,23,3,0,0,N,1,39 56:51.186,4.0,0,75 11:13.624,0,0,0,0,67301,0,0,0,N,0,0,0,2,68K01,0,,1,1,30.0,N,N,N,0,,0,0,1,3,8,N,2336,0,2,0,0,0,0,0,3,4,0,2,3,3.0,Y,4.0,2.0,Y,Y,N,Y,N,N,N,N,N
2021087664,2204.0,0,0,0,0,0,0,0,0,0,1,1,,67,9,2021,4,39.9532,-75.2487,2204.0,6,0,0,0,0,0,0,0,0,,0,1,0,21,3,0,2,,0,39 57:11.353,,0,75 14:55.491,9,0,0,0,67301,0,0,0,N,0,0,0,2,67301,0,,1,9,,N,N,N,1,,0,0,0,3,2,,2140,0,2,0,0,0,0,1,3,4,0,2,7,,N,,,,,,,,,,,
2021064236,722.0,1,0,0,0,0,0,0,0,0,7,0,,67,7,2021,1,39.8926,-75.2227,719.0,6,0,0,0,0,0,0,0,0,,0,0,0,5,1,0,0,N,1,39 53:33.360,1.0,0,75 13:21.660,0,0,0,0,67301,0,0,0,N,0,0,0,1,67301,0,,4,1,200.0,N,N,Y,0,,0,0,0,3,2,N,500,0,1,0,0,0,0,0,3,4,0,1,4,4.0,N,,,,,,,,,,,
2021089879,2059.0,0,0,0,0,0,0,0,0,0,7,1,45.0,67,9,2021,4,40.0061,-75.0745,2042.0,6,0,0,0,0,0,0,0,0,,0,1,0,20,1,0,0,N,0,40 00:21.969,,0,75 04:28.166,0,0,0,0,67301,0,0,0,N,0,0,0,1,68K01,0,,2,1,,N,N,N,0,,0,0,0,0,0,,2041,0,1,0,0,0,0,0,3,4,0,1,3,3.0,Y,2.0,2.0,N,,,N,,,,Y,N
2021069839,1353.0,3,0,0,0,0,0,0,0,0,4,0,,67,7,2021,5,40.0308,-75.0455,1352.0,6,0,1,0,0,1,0,0,0,,0,0,0,3,3,1,1,,0,40 01:50.836,,0,75 02:43.907,3,0,0,0,67301,0,0,0,N,0,0,0,2,67301,0,,1,1,,N,N,N,1,,1,0,0,3,3,,359,1,4,0,0,0,0,0,3,4,0,4,3,4.0,N,,,,,,,,,,,
2021063670,112.0,1,0,0,0,0,0,0,0,0,4,0,,67,7,2021,7,39.9773,-75.1581,110.0,6,0,0,0,0,0,0,0,0,,0,0,0,1,3,0,1,,1,39 58:38.118,2.0,0,75 09:29.146,9,0,0,0,67301,0,0,0,N,0,0,0,2,67505,0,,1,1,155.0,N,N,N,0,,0,0,1,3,2,N,100,0,2,0,0,0,0,1,3,4,0,2,3,98.0,N,,,,,,,,,,,