CRN,ARRIVAL_TM,AUTOMOBILE_COUNT,BELTED_DEATH_COUNT,BELTED_SUSP_SERIOUS_INJ_COUNT,BICYCLE_COUNT,BICYCLE_DEATH_COUNT,BICYCLE_SUSP_SERIOUS_INJ_COUNT,BUS_COUNT,CHLDPAS_DEATH_COUNT,CHLDPAS_SUSP_SERIOUS_INJ_COUNT,COLLISION_TYPE,COMM_VEH_COUNT,CONS_ZONE_SPD_LIM,COUNTY,CRASH_MONTH,CRASH_YEAR,DAY_OF_WEEK,DEC_LAT,DEC_LONG,DISPATCH_TM,DISTRICT,DRIVER_COUNT_16YR,DRIVER_COUNT_17YR,DRIVER_COUNT_18YR,DRIVER_COUNT_19YR,DRIVER_COUNT_20YR,DRIVER_COUNT_50_64YR,DRIVER_COUNT_65_74YR,DRIVER_COUNT_75PLUS,EST_HRS_CLOSED,FATAL_COUNT,HEAVY_TRUCK_COUNT,HORSE_BUGGY_COUNT,HOUR_OF_DAY,ILLUMINATION,INJURY_COUNT,INTERSECT_TYPE,INTERSECTION_RELATED,LANE_CLOSED,LATITUDE,LN_CLOSE_DIR,LOCATION_TYPE,LONGITUDE,MAX_SEVERITY_LEVEL,MCYCLE_DEATH_COUNT,MCYCLE_SUSP_SERIOUS_INJ_COUNT,MOTORCYCLE_COUNT,MUNICIPALITY,NONMOTR_COUNT,NONMOTR_DEATH_COUNT,NONMOTR_SUSP_SERIOUS_INJ_COUNT,NTFY_HIWY_MAINT,PED_COUNT,PED_DEATH_COUNT,PED_SUSP_SERIOUS_INJ_COUNT,PERSON_COUNT,POLICE_AGCY,POSSIBLE_INJ_COUNT,RDWY_SURF_TYPE_CD,RELATION_TO_ROAD,ROAD_CONDITION,ROADWAY_CLEARED,SCH_BUS_IND,SCH_ZONE_IND,SECONDARY_CRASH,SMALL_TRUCK_COUNT,SPEC_JURIS_CD,SUSP_MINOR_INJ_COUNT,SUSP_SERIOUS_INJ_COUNT,SUV_COUNT,TCD_FUNC_CD,TCD_TYPE,TFC_DETOUR_IND,TIME_OF_DAY,TOT_INJ_COUNT,TOTAL_UNITS,UNB_DEATH_COUNT,UNB_SUSP_SERIOUS_INJ_COUNT,UNBELTED_OCC_COUNT,UNK_INJ_DEG_COUNT,UNK_INJ_PER_COUNT,URBAN_AREA,URBAN_RURAL,VAN_COUNT,VEHICLE_COUNT,WEATHER1,WEATHER2,WORK_ZONE_IND,WORK_ZONE_LOC,WORK_ZONE_TYPE,WORKERS_PRES,WZ_CLOSE_DETOUR,WZ_FLAGGER,WZ_LAW_OFFCR_IND,WZ_LN_CLOSURE,WZ_MOVING,WZ_OTHER,WZ_SHLDER_MDN,WZ_WORKERS_INJ_KILLED
2021071062,900.0,2,0,0,0,0,0,0,0,0,5,0,,67,6,2021,4,39.9649,-75.2261,815.0,6,0,0,0,0,0,0,0,0,,0,0,0,8,1,1,1,,0,39 57:53.517,,0,75 13:33.924,3,0,0,0,67301,0,0,0,N,0,0,0,6,67301,0,,1,1,,N,N,N,0,,1,0,0,3,2,,800,1,2,0,0,0,0,0,3,4,0,2,3,3.0,N,,,,,,,,,,,
2021064206,957.0,0,0,0,0,0,0,0,0,0,4,0,,67,7,2021,7,40.1111,-75.0243,957.0,6,0,0,0,0,0,1,0,0,,0,0,0,9,1,0,1,,0,40 06:40.135,,0,75 01:27.358,9,0,0,0,67301,0,0,0,N,0,0,0,2,67301,0,,1,1,,N,N,N,0,,0,0,2,3,2,,955,0,2,0,0,0,0,2,3,4,0,2,3,3.0,N,,,,,,,,,,,
2021069734,45.0,1,0,0,0,0,0,0,0,0,7,0,,67,7,2021,1,40.0546,-75.0721,40.0,6,0,0,0,0,0,0,0,0,,0,0,0,0,3,0,0,N,0,40 03:16.517,,0,75 04:19.456,0,0,0,0,67301,0,0,0,N,0,0,0,1,67301,0,,4,1,,N,N,N,0,,0,0,0,0,0,,35,0,1,0,0,0,0,0,3,4,0,1,3,3.0,N,,,,,,,,,,,
2021087983,315.0,1,0,0,0,0,0,0,0,0,0,0,,67,9,2021,6,40.0031,-75.1951,300.0,6,0,0,0,0,0,0,0,0,,0,0,0,2,3,0,0,N,1,40 00:11.188,3.0,0,75 11:42.290,0,0,0,0,67301,0,0,0,N,0,0,0,1,68K01,0,,2,1,340.0,N,N,N,0,,0,0,0,0,0,N,258,0,1,0,0,0,0,0,3,4,0,1,3,3.0,N,,,,,,,,,,,
2021064207,1615.0,2,0,0,0,0,0,0,0,0,4,0,,67,7,2021,7,40.0919,-75.0474,1611.0,6,0,0,0,0,0,0,0,0,,0,0,0,16,1,0,3,,0,40 05:30.666,,0,75 02:50.731,0,0,0,0,67301,0,0,0,N,0,0,0,2,67301,0,,1,9,,N,N,N,0,,0,0,0,3,2,,1605,0,2,0,0,0,0,0,3,4,0,2,7,7.0,N,,,,,,,,,,,
2021071071,1900.0,2,0,0,0,0,0,0,0,0,4,0,,67,7,2021,2,39.9661,-75.2359,1859.0,6,0,0,0,0,0,0,0,0,,0,0,0,18,1,1,1,,0,39 57:57.913,,0,75 14:09.124,3,0,0,0,67301,0,0,0,N,0,0,0,2,67301,0,,1,9,,N,N,N,0,,1,0,0,3,3,,1858,1,2,0,0,0,0,0,3,4,0,2,4,4.0,N,,,,,,,,,,,
2021069773,358.0,0,0,0,0,0,0,0,0,0,7,0,,67,7,2021,5,40.011,-75.062,344.0,6,0,0,0,0,0,0,0,0,,0,0,0,3,3,3,0,N,1,40 00:39.683,2.0,0,75 03:43.192,3,0,0,0,67301,0,0,0,N,0,0,0,5,68K01,0,,3,1,429.0,N,N,N,0,,3,0,2,0,0,N,344,3,3,0,0,0,0,0,3,4,0,3,3,,N,,,,,,,,,,,
2021064416,2143.0,2,0,0,0,0,0,0,0,0,4,0,,67,7,2021,7,40.0247,-75.1706,2139.0,6,0,0,0,0,0,0,0,0,,0,0,0,20,3,1,1,,0,40 01:28.829,,0,75 10:14.015,3,0,0,0,67301,0,0,0,N,0,0,0,2,67301,0,,1,99,,N,N,N,0,,1,0,0,3,3,,2059,1,2,0,0,0,0,0,3,4,0,2,4,,N,,,,,,,,,,,
2021063506,1834.0,1,0,0,0,0,0,0,0,0,5,0,,67,7,2021,1,39.9594,-75.1737,1834.0,6,0,0,0,0,0,0,0,0,,0,0,0,18,1,2,0,N,1,39 57:33.687,4.0,0,75 10:25.253,8,0,0,0,67301,0,0,0,N,0,0,0,4,68K01,0,,1,9,1645.0,N,N,N,0,,0,0,1,0,0,N,1834,2,2,0,0,0,2,0,3,4,0,2,3,3.0,N,,,,,,,,,,,
2021074720,2009.0,1,0,0,0,0,0,0,0,0,4,0,,67,7,2021,7,40.005,-75.1364,2009.0,6,0,0,0,0,0,0,0,0,,0,0,0,17,1,0,3,,0,40 00:18.082,,0,75 08:11.032,0,0,0,0,67301,0,0,0,N,0,0,0,2,67301,0,,1,9,,N,N,N,0,,0,0,1,3,3,,1745,0,2,0,0,0,0,0,3,4,0,2,3,3.0,N,,,,,,,,,,,
2021062950,2109.0,0,0,0,0,0,0,0,0,0,1,0,45.0,67,7,2021,3,40.0244,-75.031,2100.0,6,0,0,0,0,0,0,0,0,,0,0,0,20,3,1,0,N,1,40 01:27.901,2.0,3,75 01:51.524,8,0,0,0,67301,0,0,0,N,0,0,0,3,68K01,0,,1,1,2130.0,N,N,N,0,,0,0,2,0,0,N,2056,1,2,0,0,0,1,0,3,4,0,2,3,3.0,Y,2.0,1.0,Y,N,N,Y,Y,N,N,Y,N
2021064204,28.0,0,0,0,0,0,0,0,0,0,4,0,,67,7,2021,2,39.9485,-75.1573,26.0,6,0,0,0,0,0,0,1,0,,0,0,0,0,3,0,1,,0,39 56:54.579,,0,75 09:26.606,0,0,0,1,67301,0,0,0,N,0,0,0,2,67301,0,,1,1,,N,N,N,0,,0,0,1,3,2,,20,0,2,0,0,0,0,0,3,4,0,2,3,,N,,,,,,,,,,,
2021089661,1746.0,0,0,0,0,0,0,0,0,0,1,0,,67,8,2021,4,39.9763,-75.1958,1726.0,6,0,0,0,0,0,0,0,0,,0,0,0,17,1,1,0,N,0,39 58:34.525,,0,75 11:44.856,8,0,0,0,67301,0,0,0,N,0,0,0,2,68K01,0,,1,1,,N,N,N,0,,0,0,2,3,8,,1725,1,2,0,0,0,1,1,3,4,0,2,3,,N,,,,,,,,,,,
2021088273,1527.0,1,0,0,0,0,0,0,0,0,1,0,,67,9,2021,1,40.0996,-75.0582,1514.0,6,0,0,0,0,0,1,0,0,,0,0,0,14,1,1,0,N,0,40 05:58.510,,0,75 03:29.470,3,0,0,0,67301,0,0,0,N,0,0,0,1,67301,0,,1,1,,N,N,N,1,,1,0,0,0,0,,1430,1,2,0,0,1,0,0,3,4,0,2,3,3.0,N,,,,,,,,,,,
2021069877,2250.0,0,0,0,0,0,0,0,0,0,1,0,,67,7,2021,3,39.9926,-75.151,2249.0,6,0,0,0,0,0,0,0,0,,0,0,0,22,3,0,0,N,0,39 59:33.200,,0,75 09:03.600,0,0,0,0,67301,0,0,0,N,0,0,0,1,67301,0,,6,1,,N,N,N,0,,0,0,2,0,0,,2249,0,2,0,0,0,0,0,3,4,0,2,3,3.0,N,,,,,,,,,,,
2021064387,1540.0,2,0,0,0,0,0,0,0,0,1,0,,67,7,2021,5,40.0266,-75.1593,1540.0,6,0,0,0,0,0,1,0,0,,0,0,0,22,6,1,2,,0,40 01:35.713,,0,75 09:33.411,4,0,0,0,67301,0,0,0,N,0,0,0,2,67301,1,,1,99,,N,N,N,0,,0,0,0,0,0,,2220,1,2,0,0,2,0,1,3,4,0,2,99,,N,,,,,,,,,,,
2021063911,1353.0,0,0,0,0,0,0,0,0,0,4,0,,67,7,2021,7,39.9504,-75.1926,1350.0,6,0,0,0,0,0,0,0,0,,0,0,0,13,1,0,1,,2,39 57:01.584,4.0,0,75 11:33.305,0,0,0,0,67301,0,0,0,N,0,0,0,3,67504,0,,1,1,1425.0,N,N,N,0,,0,0,2,3,2,Y,1348,0,2,0,0,0,0,0,3,4,0,2,3,,N,,,,,,,,,,,
2021069892,1305.0,0,0,0,0,0,0,0,0,0,3,0,,67,7,2021,2,39.9996,-75.124,1302.0,6,0,0,0,0,0,1,0,0,,0,0,0,13,1,0,1,,0,39 59:58.408,,0,75 07:26.378,0,0,0,0,67301,0,0,0,N,0,0,0,1,67301,0,,1,1,,N,N,N,0,,0,0,1,3,3,,1300,0,2,0,0,1,0,0,3,4,1,2,3,3.0,N,,,,,,,,,,,
2021064244,224.0,2,0,0,0,0,0,0,0,0,5,0,,67,6,2021,4,40.0303,-75.1619,219.0,6,0,0,0,0,0,0,0,0,,0,0,0,2,3,1,0,N,0,40 01:49.180,,0,75 09:42.730,4,0,0,0,67301,0,0,0,N,0,0,0,1,67301,1,,6,1,,N,N,N,0,,0,0,0,0,0,,216,1,2,0,0,0,0,0,3,4,0,2,3,3.0,N,,,,,,,,,,,
2021087996,55.0,1,0,0,0,0,0,0,0,0,8,0,,67,9,2021,5,39.9773,-75.1584,47.0,6,0,0,0,0,0,0,0,0,,0,0,0,2,3,1,0,N,9,39 58:38.330,,0,75 09:30.230,8,0,0,0,67301,1,0,0,N,1,0,0,1,67301,0,,1,99,,N,N,N,0,,0,0,0,9,2,U,200,1,2,0,0,0,1,0,3,4,0,1,3,,N,,,,,,,,,,,
2021064169,1844.0,1,0,0,0,0,0,0,0,0,8,0,,67,7,2021,6,39.9283,-75.1787,1842.0,6,0,0,0,0,0,0,0,0,,0,0,0,18,1,1,0,N,0,39 55:41.710,,0,75 10:43.170,3,0,0,0,67301,1,0,0,N,1,0,0,2,67301,0,,1,1,,N,N,N,0,,1,0,0,0,0,,1840,1,2,0,0,0,0,0,3,4,0,1,3,,N,,,,,,,,,,,
2021069904,855.0,1,0,0,0,0,0,0,0,0,4,0,,67,7,2021,1,40.0284,-75.136,845.0,6,0,0,0,0,0,0,0,0,,0,0,0,6,5,0,0,N,0,40 01:42.180,,0,75 08:09.610,0,0,0,0,67301,0,0,0,N,0,0,0,1,67301,0,,1,1,,N,N,N,0,,0,0,1,0,0,,616,0,3,0,0,0,0,0,3,4,1,3,3,,N,,,,,,,,,,,
2021089924,1625.0,2,0,0,0,0,0,0,0,0,1,0,,67,9,2021,5,40.028,-75.0574,1619.0,6,0,0,1,0,0,0,0,0,,0,0,0,16,1,1,1,,0,40 01:40.752,,0,75 03:26.701,3,0,0,0,67301,0,0,0,N,0,0,0,4,67301,0,,1,9,,N,N,N,0,,1,0,0,3,3,,1612,1,2,0,0,4,0,0,3,4,0,2,7,7.0,N,,,,,,,,,,,
2021064215,1449.0,1,0,0,0,0,0,0,0,0,1,0,,67,7,2021,1,40.0995,-74.9864,1442.0,6,0,0,0,0,1,1,0,0,,0,0,0,14,1,3,1,,0,40 05:58.296,,2,74 59:10.926,3,0,0,0,67301,0,0,0,N,0,0,0,3,67301,0,,1,1,,N,N,N,0,,1,0,1,3,2,,1440,3,3,0,0,1,2,0,3,4,1,3,3,3.0,N,,,,,,,,,,,
2021063642,521.0,0,0,0,0,0,0,0,0,0,7,0,,67,7,2021,6,39.9898,-75.0874,506.0,6,0,0,0,0,0,0,0,0,,0,0,0,4,3,0,0,N,0,39 59:23.334,,0,75 05:14.601,0,0,0,0,67301,0,0,0,Y,0,0,0,1,68K01,0,,2,9,,N,N,N,0,,0,0,1,0,0,,457,0,1,0,0,0,0,0,3,4,0,1,7,,N,,,,,,,,,,,
2021087581,1437.0,1,0,0,0,0,0,0,0,0,5,1,,67,8,2021,3,39.9592,-75.1736,1432.0,6,0,0,0,0,0,1,0,0,,0,1,0,14,1,1,0,N,1,39 57:33.186,3.0,0,75 10:24.946,8,0,0,0,67301,0,0,0,N,0,0,0,2,68K01,0,,1,1,1510.0,N,N,N,0,,0,0,0,0,0,Y,1423,1,2,0,0,0,1,0,3,4,0,2,3,,N,,,,,,,,,,,
2021063588,2236.0,1,0,0,0,0,0,0,0,0,1,0,,67,7,2021,2,39.9117,-75.1664,2234.0,6,0,0,0,0,0,0,1,0,,0,0,0,22,3,0,0,N,1,39 54:42.100,4.0,3,75 09:59.000,0,0,0,0,67301,0,0,0,N,0,0,0,6,67501,0,,1,1,2300.0,N,N,N,1,,0,0,1,0,0,N,2236,0,3,0,0,0,0,0,3,4,0,3,3,,N,,,,,,,,,,,
2021064297,1247.0,1,0,0,0,0,0,0,0,0,4,0,,67,7,2021,7,39.9573,-75.2479,1240.0,6,0,0,0,0,0,1,0,0,,0,0,0,12,1,3,1,,0,39 57:26.251,,0,75 14:52.347,3,0,0,0,67301,0,0,0,N,0,0,0,6,67301,0,,1,1,,N,N,N,0,,3,0,2,3,2,,1239,3,3,0,0,0,0,0,3,4,0,3,3,3.0,N,,,,,,,,,,,
2021069766,1117.0,1,0,0,0,0,0,0,0,0,4,0,,67,7,2021,4,39.9614,-75.1498,1114.0,6,0,0,0,0,0,1,0,1,,0,0,0,10,1,0,1,,0,39 57:41.313,,0,75 08:59.272,0,0,0,0,67301,0,0,0,N,0,0,0,2,67301,0,,1,1,,N,N,N,0,,0,0,1,3,2,,1038,0,2,0,0,0,0,0,3,4,0,2,3,3.0,N,,,,,,,,,,,
2021064191,2230.0,2,0,0,0,0,0,0,0,0,4,0,,67,6,2021,4,39.9312,-75.1442,2229.0,6,0,0,0,0,0,0,0,0,,0,0,0,22,3,1,2,,0,39 55:52.177,,2,75 08:38.983,3,0,0,0,67301,0,0,0,N,0,0,0,3,67301,0,,1,9,,N,N,N,0,,1,0,0,3,2,,2200,1,2,0,0,0,0,0,3,4,0,2,7,7.0,N,,,,,,,,,,,
2021069726,1700.0,1,0,0,0,0,0,0,0,0,4,0,,67,7,2021,1,39.922,-75.171,1651.0,6,0,0,0,0,0,0,0,0,,0,0,0,16,1,0,1,,0,39 55:19.102,,0,75 10:15.499,0,0,0,0,67301,0,0,0,N,0,0,0,2,67301,0,,1,1,,N,N,N,0,,0,0,1,3,3,,1645,0,2,0,0,0,0,0,3,4,0,2,3,3.0,N,,,,,,,,,,,
2021064391,102.0,1,0,0,0,0,0,0,0,0,5,0,,67,7,2021,7,40.028,-75.1472,102.0,6,0,0,0,0,0,0,0,0,,0,0,0,1,3,2,0,N,0,40 01:40.840,,0,75 08:49.740,3,0,0,0,67301,0,0,0,N,0,0,0,3,67301,0,,1,1,,N,N,N,0,,2,0,1,0,0,,100,2,2,0,0,0,0,0,3,4,0,2,3,3.0,N,,,,,,,,,,,
2021070768,1825.0,1,0,0,0,0,0,0,0,0,4,0,,67,7,2021,6,39.9105,-75.1825,1816.0,6,0,0,0,0,0,0,0,1,,0,0,0,18,1,1,1,,0,39 54:37.688,,0,75 10:56.985,8,0,0,1,67301,0,0,0,N,0,0,0,2,67301,0,,1,1,,N,Y,N,0,,0,0,0,3,3,,1810,1,2,0,0,0,1,0,3,4,0,2,3,3.0,N,,,,,,,,,,,
2021069806,2253.0,1,0,0,0,0,0,0,0,0,4,0,,67,7,2021,4,39.957,-75.1693,2253.0,6,0,0,0,0,0,0,0,0,,0,0,0,22,3,1,5,,1,39 57:25.280,4.0,0,75 10:09.328,3,0,0,0,67301,0,0,0,N,0,0,0,2,67301,0,,1,1,2300.0,N,N,N,0,,1,0,1,3,2,N,2240,1,2,0,0,1,0,0,3,4,0,2,3,3.0,N,,,,,,,,,,,
2021064251,705.0,1,0,0,0,0,0,0,0,0,7,0,,67,7,2021,7,40.0495,-75.1745,659.0,6,0,0,0,0,0,0,0,0,,0,0,0,5,3,0,0,N,0,40 02:58.108,,0,75 10:28.070,0,0,0,0,67301,0,0,0,N,0,0,0,1,67301,0,,4,1,,N,Y,Y,0,,0,0,0,0,0,,504,0,1,0,0,0,0,0,3,4,0,1,4,3.0,N,,,,,,,,,,,
2021071068,1440.0,1,0,0,0,0,0,0,0,0,1,0,,67,7,2021,6,40.0071,-75.2137,1440.0,6,0,0,0,0,0,1,0,0,,0,0,0,22,6,1,1,,0,40 00:25.579,,0,75 12:49.382,8,0,0,0,67301,0,0,0,N,0,0,0,2,67301,0,,1,99,,N,N,N,0,,0,0,1,3,2,,2232,1,2,0,0,2,1,1,3,4,0,2,99,,N,,,,,,,,,,,
2021064630,2205.0,1,0,0,0,0,0,0,0,0,7,0,,67,7,2021,6,39.9866,-75.0908,213.0,6,0,0,0,0,0,0,0,0,,0,0,0,2,3,0,0,N,1,39 59:11.644,1.0,2,75 05:26.867,9,0,0,0,67301,0,0,0,N,0,0,0,1,68K01,0,,4,9,250.0,N,N,N,0,,0,0,0,0,0,N,212,0,1,0,0,0,0,1,3,4,0,1,7,,N,,,,,,,,,,,
2021070510,1820.0,0,0,0,1,0,1,0,0,0,4,0,,67,7,2021,3,40.0174,-75.1408,1817.0,6,0,0,0,0,0,0,0,0,,0,0,0,14,1,1,2,,0,40 01:02.679,,0,75 08:26.732,2,0,0,0,67301,1,0,1,N,0,0,0,2,67301,0,,1,1,,N,N,N,0,,0,1,1,3,3,,1421,1,2,0,0,0,0,0,3,4,0,1,3,3.0,N,,,,,,,,,,,
2021064249,1837.0,3,0,0,0,0,0,0,0,0,1,0,,67,7,2021,6,40.0573,-75.1603,1824.0,6,0,0,0,0,0,0,0,0,,0,0,0,14,1,0,0,N,0,40 03:26.100,,0,75 09:37.100,9,0,0,0,67301,0,0,0,N,0,0,0,1,67301,0,,6,1,,N,N,N,0,,0,0,1,0,0,,1418,0,4,0,0,0,0,1,3,4,0,4,3,,N,,,,,,,,,,,
2021065463,2336.0,1,0,0,0,0,0,0,0,0,7,0,,67,7,2021,2,39.9497,-75.1839,2335.0,6,0,0,0,0,0,0,0,0,,0,0,0,23,3,1,0,N,2,39 56:58.924,4.0,0,75 11:02.128,4,0,0,0,67301,0,0,0,N,0,0,0,1,68K01,1,,4,1,20.0,N,N,N,0,,0,0,0,0,0,N,2334,1,1,0,0,0,0,0,3,4,0,1,3,,N,,,,,,,,,,,
2021087876,516.0,1,0,0,0,0,0,0,0,0,4,0,,67,9,2021,4,39.9534,-75.1716,516.0,6,0,0,0,0,0,0,0,0,,0,0,0,5,3,0,1,,2,39 57:12.151,2.0,0,75 10:17.744,0,0,0,0,67301,0,0,0,N,0,0,0,2,67301,0,,1,1,600.0,N,N,N,0,,0,0,1,3,2,Y,513,0,2,0,0,0,0,0,3,4,0,2,3,3.0,N,,,,,,,,,,,
2021070512,1232.0,2,0,0,0,0,0,0,0,0,5,0,,67,7,2021,4,40.025,-75.1255,1232.0,6,0,0,0,0,0,0,0,0,,0,0,0,10,1,0,1,,0,40 01:30.162,,0,75 07:31.641,0,0,0,0,67301,0,0,0,N,0,0,0,2,67301,0,,1,1,,N,N,N,0,,0,0,0,3,2,,1015,0,2,0,0,0,0,0,3,4,0,2,3,3.0,N,,,,,,,,,,,
2021069885,2252.0,2,0,0,0,0,0,0,0,0,1,0,,67,7,2021,1,39.9966,-75.1165,2252.0,6,0,0,0,0,0,1,0,0,,0,0,0,22,2,2,0,N,0,39 59:47.740,,0,75 06:59.440,3,0,0,0,67301,1,0,0,N,1,0,0,2,67301,0,,6,1,,N,N,N,0,,2,0,0,0,0,,2250,2,3,0,0,0,0,0,3,4,0,2,3,3.0,N,,,,,,,,,,,
2021089002,812.0,2,0,0,0,0,0,0,0,0,4,0,,67,9,2021,3,40.057,-75.1797,805.0,6,0,0,0,0,0,1,0,0,,0,0,0,7,1,1,1,,0,40 03:25.153,,0,75 10:46.898,3,0,0,0,67301,0,0,0,N,0,0,0,3,67301,0,,1,1,,N,N,N,0,,1,0,0,3,3,,757,1,2,0,0,0,0,0,3,4,0,2,3,3.0,N,,,,,,,,,,,
2021088773,35.0,1,0,0,0,0,0,0,0,0,4,0,,67,8,2021,5,39.9571,-75.2137,26.0,6,0,0,0,0,0,1,0,0,,0,0,0,23,3,0,0,N,0,39 57:25.400,,0,75 12:49.233,9,0,0,0,67301,0,0,0,N,0,0,0,2,67301,0,,1,1,,N,N,N,0,,0,0,1,3,2,,2345,0,2,0,0,0,0,1,3,4,0,2,3,3.0,N,,,,,,,,,,,
2021065462,2255.0,0,0,0,0,0,0,0,0,0,7,0,,67,7,2021,2,39.9391,-75.1435,2240.0,6,0,0,0,1,0,0,0,0,,0,0,0,22,3,1,0,N,0,39 56:20.639,,2,75 08:36.668,4,0,0,0,67301,0,0,0,N,0,0,0,2,68K01,1,,4,1,,N,N,N,0,,0,0,1,0,0,,2201,1,1,0,0,0,0,0,3,4,0,1,3,,N,,,,,,,,,,,
2021064248,137.0,2,0,0,0,0,0,0,0,0,4,0,,67,7,2021,6,40.0432,-75.1936,135.0,6,0,0,0,0,0,0,0,0,,0,0,0,1,3,1,2,,0,40 02:35.623,,0,75 11:36.927,3,0,0,0,67301,0,0,0,N,0,0,0,1,67301,0,,1,9,,N,N,N,0,,1,0,0,0,0,,133,1,2,0,0,0,0,0,3,4,0,2,7,,N,,,,,,,,,,,
2021075394,1755.0,1,0,0,0,0,0,0,0,0,4,0,,67,7,2021,3,39.9536,-75.1986,1752.0,6,0,0,0,0,0,1,0,0,,0,0,0,17,1,3,1,,0,39 57:13.089,,0,75 11:55.030,4,0,0,0,67301,0,0,0,N,0,0,0,4,67504,3,,1,1,,N,N,N,0,,0,0,1,3,2,,1750,3,2,0,0,0,0,0,3,4,0,2,3,3.0,N,,,,,,,,,,,
2021062757,39.0,1,0,0,0,0,0,0,0,0,7,0,,67,7,2021,2,40.0085,-75.0704,28.0,6,0,0,0,0,0,0,0,0,,0,0,0,0,3,1,0,N,0,40 00:30.449,,3,75 04:13.573,4,0,0,0,67301,0,0,0,N,0,0,0,1,68K01,1,,2,1,,N,N,N,0,,0,0,0,0,0,,25,1,1,0,0,0,0,0,3,4,0,1,3,,N,,,,,,,,,,,
2021088778,430.0,1,0,0,0,0,0,0,0,0,4,0,,67,8,2021,3,39.9492,-75.2295,427.0,6,0,0,1,0,0,0,0,0,,0,0,0,2,3,2,0,N,0,39 56:57.230,,0,75 13:46.260,3,0,0,0,67301,0,0,0,N,0,0,0,3,67301,0,,1,1,,N,N,N,0,,2,0,1,0,0,,200,2,2,0,0,0,0,1,3,4,0,2,3,,N,,,,,,,,,,,
2021064392,1940.0,0,0,0,0,0,0,0,0,0,1,0,,67,7,2021,7,40.0554,-75.1263,1923.0,6,0,0,0,1,0,0,0,0,,0,0,0,19,4,2,2,,0,40 03:19.839,,0,75 07:34.526,4,0,0,0,67301,0,0,0,N,0,0,0,6,67301,2,,1,9,,N,N,N,0,,0,0,2,3,2,,1915,2,2,0,0,0,0,0,3,4,0,2,7,,N,,,,,,,,,,,
2021069840,1836.0,1,0,0,0,0,0,0,0,0,4,0,,67,7,2021,4,40.0086,-75.0688,1832.0,6,0,0,0,0,0,0,0,0,,0,0,0,18,1,2,1,,0,40 00:31.151,,0,75 04:07.847,3,0,0,0,67301,0,0,0,N,0,0,0,3,67301,0,,1,1,,N,N,N,0,,2,0,1,3,2,,1830,2,2,0,0,0,0,0,3,4,0,2,3,3.0,N,,,,,,,,,,,
2021064235,1218.0,1,0,0,1,0,0,0,0,0,1,0,,67,7,2021,5,39.9121,-75.2402,1212.0,6,0,0,0,0,0,0,0,0,,0,0,0,21,3,1,0,N,0,39 54:43.390,,0,75 14:24.730,3,0,0,0,67301,1,0,0,N,0,0,0,2,67301,0,,1,1,,N,N,N,0,,1,0,0,0,0,,2119,1,2,0,0,0,0,0,3,4,0,1,3,4.0,N,,,,,,,,,,,
2021069920,2002.0,1,0,0,0,0,0,0,0,0,5,0,,67,7,2021,4,40.0132,-75.1596,2000.0,6,0,0,0,0,0,0,1,0,,0,0,0,19,4,1,0,N,0,40 00:47.508,,0,75 09:34.664,3,0,0,1,67301,0,0,0,N,0,0,0,2,67301,0,,1,1,,N,N,N,0,,1,0,0,0,0,,1945,1,2,0,0,1,0,1,3,4,0,2,3,3.0,N,,,,,,,,,,,
2021064282,1645.0,2,0,0,0,0,0,0,0,0,4,0,,67,7,2021,6,39.9426,-75.2314,1639.0,6,0,0,0,0,0,1,0,0,,0,0,0,9,1,1,1,,0,39 56:33.478,,0,75 13:53.137,3,0,0,0,67301,0,0,0,N,0,0,0,2,67301,0,,1,1,,N,N,N,0,,1,0,0,3,3,,930,1,2,0,0,0,0,0,3,4,0,2,4,4.0,N,,,,,,,,,,,
2021064150,922.0,1,0,0,0,0,0,0,0,0,4,0,,67,7,2021,2,40.0062,-75.1518,919.0,6,0,0,0,0,1,0,0,0,,0,0,0,9,1,0,1,,1,40 00:22.203,1.0,0,75 09:06.487,9,0,0,0,67301,0,0,0,N,0,0,0,4,67505,0,,1,1,945.0,N,N,Y,0,,0,0,1,3,2,Y,919,0,2,0,0,1,0,1,3,4,0,2,3,3.0,N,,,,,,,,,,,
2021069891,950.0,1,0,0,0,0,0,0,0,0,8,0,,67,7,2021,6,40.003,-75.1276,900.0,6,0,0,0,0,0,0,0,0,,0,0,0,22,3,1,1,,0,40 00:10.868,,0,75 07:39.525,3,0,0,0,67301,1,0,0,N,1,0,0,2,67301,0,,1,1,,N,N,N,0,,1,0,0,0,0,,2220,1,2,0,0,0,0,0,3,4,0,1,99,3.0,N,,,,,,,,,,,
2021069918,1313.0,2,0,0,0,0,0,0,0,0,1,0,,67,7,2021,4,40.0048,-75.1777,1304.0,6,0,0,0,0,0,0,0,0,,0,0,0,12,1,1,0,N,0,40 00:17.253,,0,75 10:39.620,3,0,0,0,67301,0,0,0,N,0,0,0,3,67301,0,,1,1,,N,N,N,0,,1,0,1,0,0,,1236,1,3,0,0,0,0,2,3,4,0,3,3,,N,,,,,,,,,,,
2021064190,911.0,1,0,0,0,0,0,0,0,0,8,0,,67,6,2021,4,39.9166,-75.17,848.0,6,0,0,0,0,0,0,1,0,,0,0,0,8,1,1,0,N,0,39 54:59.739,,0,75 10:11.821,4,0,0,0,67301,1,0,0,N,1,0,0,2,67301,1,,6,1,,N,N,N,0,,0,0,0,0,0,,840,1,2,0,0,0,0,0,3,4,0,1,3,3.0,N,,,,,,,,,,,