CRN,ARRIVAL_TM,AUTOMOBILE_COUNT,BELTED_DEATH_COUNT,BELTED_SUSP_SERIOUS_INJ_COUNT,BICYCLE_COUNT,BICYCLE_DEATH_COUNT,BICYCLE_SUSP_SERIOUS_INJ_COUNT,BUS_COUNT,CHLDPAS_DEATH_COUNT,CHLDPAS_SUSP_SERIOUS_INJ_COUNT,COLLISION_TYPE,COMM_VEH_COUNT,CONS_ZONE_SPD_LIM,COUNTY,CRASH_MONTH,CRASH_YEAR,DAY_OF_WEEK,DEC_LAT,DEC_LONG,DISPATCH_TM,DISTRICT,DRIVER_COUNT_16YR,DRIVER_COUNT_17YR,DRIVER_COUNT_18YR,DRIVER_COUNT_19YR,DRIVER_COUNT_20YR,DRIVER_COUNT_50_64YR,DRIVER_COUNT_65_74YR,DRIVER_COUNT_75PLUS,EST_HRS_CLOSED,FATAL_COUNT,HEAVY_TRUCK_COUNT,HORSE_BUGGY_COUNT,HOUR_OF_DAY,ILLUMINATION,INJURY_COUNT,INTERSECT_TYPE,INTERSECTION_RELATED,LANE_CLOSED,LATITUDE,LN_CLOSE_DIR,LOCATION_TYPE,LONGITUDE,MAX_SEVERITY_LEVEL,MCYCLE_DEATH_COUNT,MCYCLE_SUSP_SERIOUS_INJ_COUNT,MOTORCYCLE_COUNT,MUNICIPALITY,NONMOTR_COUNT,NONMOTR_DEATH_COUNT,NONMOTR_SUSP_SERIOUS_INJ_COUNT,NTFY_HIWY_MAINT,PED_COUNT,PED_DEATH_COUNT,PED_SUSP_SERIOUS_INJ_COUNT,PERSON_COUNT,POLICE_AGCY,POSSIBLE_INJ_COUNT,RDWY_SURF_TYPE_CD,RELATION_TO_ROAD,ROAD_CONDITION,ROADWAY_CLEARED,SCH_BUS_IND,SCH_ZONE_IND,SECONDARY_CRASH,SMALL_TRUCK_COUNT,SPEC_JURIS_CD,SUSP_MINOR_INJ_COUNT,SUSP_SERIOUS_INJ_COUNT,SUV_COUNT,TCD_FUNC_CD,TCD_TYPE,TFC_DETOUR_IND,TIME_OF_DAY,TOT_INJ_COUNT,TOTAL_UNITS,UNB_DEATH_COUNT,UNB_SUSP_SERIOUS_INJ_COUNT,UNBELTED_OCC_COUNT,UNK_INJ_DEG_COUNT,UNK_INJ_PER_COUNT,URBAN_AREA,URBAN_RURAL,VAN_COUNT,VEHICLE_COUNT,WEATHER1,WEATHER2,WORK_ZONE_IND,WORK_ZONE_LOC,WORK_ZONE_TYPE,WORKERS_PRES,WZ_CLOSE_DETOUR,WZ_FLAGGER,WZ_LAW_OFFCR_IND,WZ_LN_CLOSURE,WZ_MOVING,WZ_OTHER,WZ_SHLDER_MDN,WZ_WORKERS_INJ_KILLED
2021082344,1330.0,2,0,0,0,0,0,0,0,0,4,0,,67,9,2021,4,39.975,-75.1516,1328.0,6,0,0,0,0,0,0,0,0,,0,0,0,12,1,0,2,N,1,39 58:29.870,2.0,0,75 09:05.788,0,0,0,0,67301,0,0,0,N,0,0,0,2,67505,0,,1,1,1433.0,N,N,N,0,,0,0,0,3,2,Y,1245,0,2,0,0,1,0,0,3,4,0,2,3,3.0,N,,,,,,,,,,,
2021106710,1406.0,1,0,0,0,0,0,0,0,0,8,0,,67,11,2021,5,40.018,-75.155,1403.0,6,0,0,0,1,0,0,0,0,,0,0,0,14,1,1,2,,0,40 01:04.885,,0,75 09:18.101,8,0,0,0,67301,1,0,0,N,1,0,0,2,67301,0,,1,1,,N,N,N,0,,0,0,0,3,2,,1401,1,2,0,0,1,1,0,3,4,0,1,3,3.0,N,,,,,,,,,,,
2021104022,946.0,1,0,0,0,0,0,0,0,0,1,0,,67,10,2021,4,40.0808,-75.0286,946.0,6,0,0,0,0,0,0,0,0,,0,0,0,8,1,1,1,,0,40 04:50.449,,0,75 01:42.488,8,0,0,0,67301,0,0,0,N,0,0,0,2,67301,0,,1,99,,N,N,N,0,,0,0,1,9,2,,833,1,2,0,0,0,1,1,3,4,0,2,3,,N,,,,,,,,,,,
2021105228,1900.0,0,0,0,0,0,0,0,0,0,8,0,,67,10,2021,6,40.0132,-75.0704,1900.0,6,0,0,0,0,0,1,0,0,,0,0,0,18,3,1,1,,0,40 00:47.439,,0,75 04:13.514,3,0,0,0,67301,1,0,0,N,1,0,0,2,67301,0,,1,9,,N,N,N,0,,1,0,1,3,2,,1830,1,2,0,0,0,0,0,3,4,0,1,7,4.0,N,,,,,,,,,,,
2021106663,451.0,1,0,0,0,0,0,0,0,0,7,0,,67,10,2021,3,40.0473,-75.0001,443.0,6,0,0,0,0,0,0,0,0,,0,0,0,4,3,0,0,N,0,40 02:50.400,,0,75 00:00.252,0,0,0,0,67301,0,0,0,Y,0,0,0,1,68K01,0,,5,9,,N,N,N,0,,0,0,0,0,0,,440,0,1,0,0,0,0,0,3,4,0,1,7,,N,,,,,,,,,,,
2021105077,1937.0,0,0,0,0,0,0,0,0,0,1,0,,67,10,2021,2,39.8994,-75.1653,1937.0,6,0,1,0,0,0,0,0,0,,0,0,0,19,3,0,0,N,1,39 53:57.946,2.0,0,75 09:55.117,0,0,0,0,67301,0,0,0,N,0,0,0,5,68K01,0,,1,1,2020.0,N,N,N,1,,0,0,1,0,0,N,1937,0,2,0,0,0,0,0,3,4,0,2,3,3.0,N,,,,,,,,,,,
2021106916,2111.0,1,0,0,0,0,0,0,0,0,7,0,,67,10,2021,6,39.9466,-75.1424,2058.0,6,0,0,1,0,0,0,0,0,,0,0,0,20,3,2,0,N,1,39 56:47.708,2.0,0,75 08:32.586,3,0,0,0,67301,0,0,0,N,0,0,0,3,68K01,1,,4,9,2111.0,N,N,N,0,,1,0,0,0,0,N,2045,2,1,0,0,0,0,0,3,4,0,1,7,,N,,,,,,,,,,,
2021107066,1837.0,1,0,0,0,0,0,0,0,0,1,0,,67,10,2021,6,39.9585,-75.1671,1829.0,6,0,0,0,0,0,1,0,0,,0,0,0,18,3,0,0,N,1,39 57:30.735,4.0,0,75 10:01.529,0,0,0,0,67301,0,0,0,N,0,0,0,3,68K01,0,,1,1,1900.0,N,N,N,0,,0,0,1,0,0,Y,1810,0,2,0,0,0,0,0,3,4,0,2,3,3.0,N,,,,,,,,,,,
2021105765,2154.0,1,0,0,0,0,0,0,0,0,8,0,,67,11,2021,2,39.9911,-75.1329,2149.0,6,0,0,0,0,0,0,0,0,,1,0,0,21,3,0,1,,2,39 59:28.296,6.0,0,75 07:58.428,1,0,0,0,67301,1,1,0,N,1,1,0,2,67301,0,2.0,3,1,130.0,N,N,N,0,0.0,0,0,0,3,2,Y,2149,0,2,0,0,0,0,0,3,4,0,1,3,3.0,N,,,,,,,,,,,
2021106010,1750.0,0,0,0,0,0,0,0,0,0,1,0,,67,10,2021,3,40.049,-74.9968,1701.0,6,0,0,0,0,0,1,1,0,,0,0,0,17,1,2,0,N,0,40 02:56.444,,0,74 59:48.353,8,0,0,0,67301,0,0,0,N,0,0,0,3,68K01,0,,1,1,,N,N,N,0,,0,0,3,0,0,,1700,2,3,0,0,0,2,0,3,4,0,3,3,3.0,N,,,,,,,,,,,
2021053140,1225.0,1,0,0,0,0,0,0,0,0,1,0,,67,5,2021,7,39.9926,-75.2449,1225.0,6,0,0,0,0,0,1,0,0,,0,0,0,12,1,1,0,N,2,39 59:33.409,2.0,0,75 14:41.632,3,0,0,0,67301,0,0,0,N,0,0,0,2,46104,0,,1,9,30.0,N,N,N,0,,1,0,1,0,0,N,1225,1,2,0,0,0,0,0,3,4,0,2,7,,N,,,,,,,,,,,
2021106908,2252.0,1,0,0,0,0,0,0,0,0,7,0,,67,10,2021,2,39.9828,-75.2079,2250.0,6,0,0,0,0,0,0,0,0,,0,0,0,22,3,0,0,N,1,39 58:58.217,4.0,0,75 12:28.322,0,0,0,0,67301,0,0,0,N,0,0,0,2,68K01,0,,3,9,2308.0,N,N,N,0,,0,0,0,0,0,N,2250,0,1,0,0,0,0,0,3,4,0,1,7,,N,,,,,,,,,,,
2021106705,1105.0,0,0,0,0,0,0,1,0,0,5,2,40.0,67,11,2021,3,40.0194,-75.1633,1019.0,6,0,0,0,0,0,0,0,0,,0,1,0,10,1,0,0,N,2,40 01:09.800,1.0,3,75 09:47.742,0,0,0,0,67301,0,0,0,N,0,0,0,2,67301,0,,1,1,1300.0,N,N,N,0,,0,0,0,0,0,Y,1018,0,2,0,0,0,0,0,3,4,0,2,4,,Y,4.0,1.0,Y,N,N,N,N,N,Y,N,N
2021106049,128.0,1,0,0,0,0,0,0,0,0,1,0,,67,10,2021,1,39.926,-75.1943,123.0,6,0,0,0,0,0,1,0,0,,0,0,0,1,3,2,0,N,1,39 55:33.671,3.0,0,75 11:39.383,3,0,0,0,67301,0,0,0,N,0,0,0,4,68K01,0,,1,1,205.0,N,N,N,0,,2,0,1,0,0,N,110,2,2,0,0,0,0,0,3,4,0,2,3,3.0,N,,,,,,,,,,,
2021104952,1638.0,1,0,0,0,0,0,0,0,0,8,0,,67,10,2021,2,39.9963,-75.1854,1623.0,6,0,0,0,0,0,0,0,0,,1,0,0,16,1,0,1,,0,39 59:46.663,,0,75 11:07.303,1,0,0,0,67301,1,1,0,N,1,1,0,2,67301,0,2.0,1,1,,N,N,N,0,0.0,0,0,0,3,2,,1622,0,2,0,0,0,0,0,3,4,0,1,3,3.0,N,,,,,,,,,,,
2021104965,1105.0,1,0,0,0,0,0,0,0,0,4,1,,67,11,2021,2,40.0355,-75.1788,1101.0,6,0,0,0,0,0,0,1,0,,0,1,0,11,1,1,1,,2,40 02:07.785,3.0,0,75 10:43.557,3,0,0,0,67301,0,0,0,N,0,0,0,2,67301,0,,1,1,15.0,N,N,N,0,,1,0,0,3,2,Y,1100,1,2,0,0,0,0,0,3,4,0,2,3,3.0,N,,,,,,,,,,,
2021104827,1355.0,2,0,0,0,0,0,0,0,0,5,0,,67,3,2021,4,39.9996,-75.1465,1355.0,6,0,0,0,0,0,0,0,0,,0,0,0,13,1,1,0,N,0,39 59:58.710,,0,75 08:47.390,3,0,0,0,67301,0,0,0,N,0,0,0,1,67301,0,,6,1,,N,N,N,0,,1,0,0,0,0,,1355,1,2,0,0,0,0,0,3,4,0,2,3,3.0,N,,,,,,,,,,,
2021106351,228.0,1,0,0,0,0,0,0,0,0,7,0,,67,11,2021,5,40.091,-75.0469,222.0,6,0,0,0,0,0,0,0,0,,0,0,0,2,3,0,0,N,0,40 05:27.593,,0,75 02:48.943,0,0,0,0,67301,0,0,0,N,0,0,0,1,67301,0,,5,1,,N,N,N,0,,0,0,0,0,0,,215,0,1,0,0,0,0,0,3,4,0,1,3,,N,,,,,,,,,,,
2021106662,2348.0,0,0,0,0,0,0,0,0,0,4,1,,67,10,2021,2,39.9673,-75.1325,2338.0,6,0,0,0,0,0,0,0,0,,0,1,0,23,3,1,0,N,2,39 58:02.148,1.0,0,75 07:56.851,3,0,0,0,67301,0,0,0,N,0,0,0,2,68K01,0,,2,9,15.0,N,N,N,0,,1,0,1,0,0,N,2336,1,2,0,0,1,0,0,3,4,0,2,7,,N,,,,,,,,,,,
2021104288,215.0,0,0,0,0,0,0,0,0,0,8,0,,67,8,2021,2,39.998,-75.1157,200.0,6,0,0,0,0,0,0,0,0,,0,0,0,0,3,1,0,N,0,39 59:52.900,,0,75 06:56.650,3,0,0,0,67301,1,0,0,N,1,0,0,2,67301,0,,2,9,,N,N,N,0,,1,0,0,0,0,,0,1,2,0,0,0,0,1,3,4,0,1,7,4.0,N,,,,,,,,,,,
2021104116,515.0,1,0,0,0,0,0,0,0,0,2,0,,67,10,2021,4,39.999,-75.1332,513.0,6,0,0,0,0,0,0,0,0,,1,0,0,5,3,0,1,,0,39 59:56.498,,0,75 07:59.680,1,1,0,1,67301,0,0,0,N,0,0,0,2,67301,0,2.0,1,9,,N,N,N,0,0.0,0,0,0,3,2,,508,0,2,0,0,0,0,0,3,4,0,2,3,3.0,N,,,,,,,,,,,
2021105920,743.0,1,0,0,0,0,0,0,0,0,5,3,45.0,67,9,2021,4,40.0205,-75.0427,743.0,6,0,0,0,0,0,1,0,0,,1,3,0,7,1,3,0,N,1,40 01:13.865,1.0,0,75 02:33.849,1,0,0,0,67301,5,1,0,N,1,1,0,6,68K01,0,1.0,2,1,1300.0,N,N,N,0,0.0,2,0,1,0,0,N,742,3,6,0,0,0,1,0,3,4,0,5,3,3.0,Y,4.0,1.0,Y,,,N,Y,,,Y,N
2021105796,715.0,1,0,0,0,0,0,0,0,0,7,0,,67,11,2021,4,40.0016,-75.1528,713.0,6,0,0,0,0,0,0,0,0,,0,0,0,7,1,0,1,,1,40 00:05.705,1.0,0,75 09:10.074,9,0,0,0,67301,0,0,0,N,0,0,0,1,67505,0,,3,1,930.0,N,N,N,0,,0,0,0,3,2,N,710,0,1,0,0,0,0,1,3,4,0,1,3,3.0,N,,,,,,,,,,,
2021106638,650.0,1,0,0,0,0,0,0,0,0,1,1,,67,10,2021,5,39.9932,-75.2003,645.0,6,0,0,0,0,0,2,0,0,,0,1,0,6,1,3,0,N,0,39 59:35.472,,0,75 12:00.990,4,0,0,0,67301,0,0,0,N,0,0,0,5,68K01,2,,1,1,,N,N,N,0,,0,0,1,0,0,,639,3,3,0,0,0,1,0,3,4,0,3,3,,N,,,,,,,,,,,
2021105968,124.0,1,0,0,0,0,0,0,0,0,1,0,,67,10,2021,2,39.9813,-75.1023,115.0,6,0,0,0,0,0,0,1,0,,0,0,0,1,2,0,0,N,1,39 58:52.594,1.0,0,75 06:08.445,0,0,0,0,67301,0,0,0,N,0,0,0,3,68K01,0,,1,1,131.0,N,N,N,0,,0,0,2,0,0,N,107,0,3,0,0,0,0,0,3,4,0,3,3,,N,,,,,,,,,,,
2021104776,1720.0,1,0,0,0,0,0,0,0,0,7,0,,67,10,2021,1,39.9359,-75.2255,1706.0,6,0,0,0,0,0,0,0,0,,0,0,0,16,1,0,0,N,0,39 56:09.129,,0,75 13:31.917,9,0,0,0,67301,0,0,0,N,0,0,0,1,67301,0,,5,1,,N,N,N,0,,0,0,0,0,0,,1649,0,1,0,0,0,0,1,3,4,0,1,3,3.0,N,,,,,,,,,,,
2021105217,1650.0,0,0,0,0,0,0,0,0,0,8,1,,67,10,2021,7,40.0296,-75.0868,1643.0,6,0,0,0,0,0,0,0,0,,0,1,0,16,1,1,1,,0,40 01:46.600,,0,75 05:12.554,3,0,0,0,67301,1,0,0,N,1,0,0,2,67301,0,,1,1,,N,N,N,0,,1,0,0,3,2,,1640,1,2,0,0,0,0,0,3,4,0,1,3,3.0,N,,,,,,,,,,,
2021105356,1748.0,1,0,0,0,0,0,0,0,0,5,1,,67,11,2021,2,39.9029,-75.2247,1744.0,6,0,0,0,0,0,1,0,0,,0,1,0,17,1,1,0,N,0,39 54:10.354,,0,75 13:28.749,3,0,0,0,67301,0,0,0,N,0,0,0,4,67301,0,,1,1,,N,N,Y,0,,1,0,1,0,0,,1740,1,3,0,0,0,0,0,3,4,0,3,3,3.0,N,,,,,,,,,,,
2021104025,1915.0,3,0,0,0,0,0,0,0,0,1,0,,67,10,2021,6,40.0654,-75.0251,1915.0,6,0,1,0,0,0,0,0,1,,0,0,0,15,1,0,0,N,0,40 03:55.568,,0,75 01:30.253,0,0,0,0,67301,0,0,0,N,0,0,0,3,67301,0,,1,9,,N,N,N,0,,0,0,0,0,0,,1550,0,3,0,0,0,0,0,3,4,0,3,4,7.0,N,,,,,,,,,,,
2021106011,1810.0,2,0,0,0,0,0,0,0,0,1,0,,67,10,2021,3,39.8873,-75.2159,1757.0,6,0,0,0,0,1,0,0,0,,0,0,0,17,1,3,0,N,2,39 53:14.176,1.0,0,75 12:57.285,8,0,0,0,67301,1,0,0,N,1,0,0,3,68K01,0,,2,1,1845.0,N,N,N,0,,0,0,0,0,0,N,1754,3,3,0,0,0,3,0,3,4,0,2,3,,N,,,,,,,,,,,
2021070488,1615.0,3,0,0,0,0,0,0,0,0,4,0,,67,7,2021,1,39.995,-75.171,1610.0,6,0,0,0,0,1,0,0,0,,0,0,0,16,1,0,1,,0,39 59:41.913,,0,75 10:15.517,0,0,0,0,67301,0,0,0,N,0,0,0,2,67301,0,,1,1,,N,N,N,0,,0,0,0,3,3,,1609,0,3,0,0,0,0,0,3,4,0,3,4,,N,,,,,,,,,,,
2021104395,26.0,1,0,0,0,0,0,0,0,0,5,0,,67,10,2021,7,39.9342,-75.1927,19.0,6,0,0,0,0,0,0,0,0,,0,0,0,0,3,1,0,N,2,39 56:03.060,2.0,0,75 11:33.730,3,0,0,0,67301,0,0,0,N,0,0,0,1,67301,0,,6,9,100.0,N,N,N,0,,1,0,3,0,0,Y,15,1,4,0,0,0,0,0,3,4,0,4,7,7.0,N,,,,,,,,,,,
2021105207,1558.0,1,0,0,0,0,0,0,0,0,4,0,,67,11,2021,2,39.9451,-75.15,1547.0,6,0,0,0,0,0,0,0,0,,0,0,0,14,1,1,1,,2,39 56:42.500,4.0,0,75 09:00.158,3,0,0,0,67301,0,0,0,N,0,0,0,2,67301,0,,1,1,1810.0,N,N,N,0,,1,0,0,3,2,Y,1433,1,2,0,0,0,0,0,3,4,1,2,3,3.0,N,,,,,,,,,,,
2021104703,327.0,1,0,0,0,0,0,0,0,0,7,0,,67,10,2021,1,40.0264,-75.0687,327.0,6,0,0,0,0,0,0,0,0,,0,0,0,2,3,2,0,N,9,40 01:35.110,,0,75 04:07.336,3,0,0,0,67301,0,0,0,N,0,0,0,2,67301,0,,5,9,,N,N,N,0,,2,0,0,0,0,U,250,2,1,0,0,0,0,0,3,4,0,1,7,7.0,N,,,,,,,,,,,
2021106145,437.0,1,0,0,0,0,0,0,0,0,7,0,,67,10,2021,7,39.9839,-75.2082,432.0,6,0,0,0,0,0,0,0,0,,0,0,0,4,3,0,0,N,2,39 59:02.136,4.0,0,75 12:29.364,0,0,0,0,67301,0,0,0,N,0,0,0,1,68K01,0,,4,9,445.0,N,N,N,0,,0,0,0,0,0,N,428,0,1,0,0,0,0,0,3,4,0,1,7,7.0,N,,,,,,,,,,,
2021105921,1023.0,1,0,0,0,0,0,1,0,0,5,2,45.0,67,9,2021,4,39.951,-75.1411,1019.0,6,0,0,0,0,0,0,0,0,,0,1,0,10,1,0,0,N,2,39 57:03.489,1.0,0,75 08:27.800,0,0,0,0,67301,0,0,0,N,0,0,0,6,68K01,0,,1,1,25.0,Y,N,N,0,,0,0,0,0,0,N,1009,0,3,0,0,0,0,0,3,4,0,3,3,3.0,Y,3.0,2.0,Y,N,N,N,Y,N,N,N,N
2021104571,1620.0,1,0,0,0,0,0,0,0,0,1,0,,67,10,2021,7,39.9718,-75.1593,1618.0,6,0,0,0,1,0,0,0,0,,0,0,0,16,1,1,0,N,0,39 58:18.432,,0,75 09:33.480,3,0,0,0,67301,0,0,0,N,0,0,0,2,67301,0,,1,1,,N,N,N,0,,1,0,1,0,0,,1618,1,2,0,0,0,0,1,3,4,0,2,3,3.0,N,,,,,,,,,,,
2021104169,844.0,2,0,0,0,0,0,0,0,0,1,0,,67,10,2021,4,39.9682,-75.1303,827.0,6,0,0,0,0,0,0,0,0,,0,0,0,8,1,1,0,N,0,39 58:05.418,,0,75 07:48.975,8,0,0,0,67301,0,0,0,N,0,0,0,3,68K01,0,,1,1,,N,N,N,0,,0,0,0,3,8,,826,1,2,0,0,0,1,0,3,4,0,2,3,3.0,N,,,,,,,,,,,
2021104024,1150.0,1,0,0,0,0,0,0,0,0,5,0,,67,10,2021,6,40.0754,-74.9794,1148.0,6,0,0,0,1,0,0,0,0,,0,0,0,11,1,0,0,N,0,40 04:31.611,,0,74 58:45.772,9,0,0,0,67301,0,0,0,N,0,0,0,1,67301,0,,1,1,,N,N,N,0,,0,0,1,0,0,,1102,0,2,0,0,0,0,1,3,4,0,2,4,4.0,N,,,,,,,,,,,
2021106907,2150.0,1,0,0,0,0,0,0,0,0,1,0,,67,10,2021,2,39.9601,-75.1796,2150.0,6,0,0,0,0,0,0,0,0,,0,0,0,21,3,0,0,N,0,39 57:36.340,,0,75 10:46.658,0,0,0,0,67301,0,0,0,N,0,0,0,3,68K01,0,,1,9,,N,N,Y,0,,0,0,1,0,0,,2150,0,2,0,0,1,0,0,3,4,0,2,7,,N,,,,,,,,,,,
2021106155,1119.0,1,0,0,0,0,0,0,0,0,4,0,,67,10,2021,7,40.0498,-74.9946,1100.0,6,0,1,0,0,0,0,1,0,,0,0,0,10,1,0,0,N,2,40 02:59.144,2.0,0,74 59:40.680,0,0,0,0,67301,0,0,0,N,0,0,0,2,68K01,0,,1,1,1125.0,N,N,N,1,,0,0,0,0,0,N,1059,0,2,0,0,0,0,0,3,4,0,2,3,,N,,,,,,,,,,,
2021104248,1916.0,1,0,0,0,0,0,0,0,0,5,1,,67,10,2021,5,39.9894,-75.1801,1916.0,6,0,0,0,0,0,0,0,0,,0,1,0,19,3,0,0,N,2,39 59:21.697,4.0,0,75 10:48.198,0,0,0,0,67301,0,0,0,N,0,0,0,1,67301,0,,6,1,2000.0,N,N,N,0,,0,0,0,0,0,Y,1909,0,2,0,0,0,0,0,3,4,0,2,3,4.0,N,,,,,,,,,,,
2021106727,750.0,2,0,0,0,0,0,0,0,0,4,0,,67,11,2021,4,40.0539,-75.2361,747.0,6,0,0,0,0,0,0,0,0,,0,0,0,7,1,0,0,N,0,40 03:14.107,,7,75 14:09.807,0,0,0,0,67301,0,0,0,N,0,0,0,4,67301,0,,1,1,,N,N,N,0,,0,0,0,0,0,,736,0,2,0,0,0,0,0,3,4,0,2,3,3.0,N,,,,,,,,,,,
2021106729,758.0,0,0,0,0,0,0,0,0,0,8,0,,67,11,2021,5,40.0662,-75.052,744.0,6,0,0,0,0,0,0,0,0,,0,0,0,7,1,1,0,N,0,40 03:58.255,,0,75 03:07.303,3,0,0,0,67301,1,0,0,N,1,0,0,2,67301,0,,1,1,,N,N,N,0,,1,0,1,0,0,,743,1,2,0,0,0,0,1,3,4,0,1,4,3.0,N,,,,,,,,,,,
2021106642,903.0,0,0,0,0,0,0,0,0,0,7,0,,67,10,2021,6,39.9684,-75.1296,855.0,6,0,0,0,0,0,1,0,0,,0,0,0,8,1,1,7,N,1,39 58:06.174,1.0,2,75 07:46.403,8,0,0,0,67301,0,0,0,Y,0,0,0,1,68K01,0,,4,1,930.0,N,N,N,0,,0,0,1,0,0,N,854,1,1,0,0,0,1,0,3,4,0,1,3,,N,,,,,,,,,,,
2021104495,58.0,1,0,0,0,0,0,0,0,0,8,0,,67,10,2021,6,40.0098,-75.1669,53.0,6,0,0,0,0,0,0,0,0,,1,0,0,23,3,0,1,,0,40 00:35.396,,0,75 10:00.737,1,0,0,0,67301,1,1,0,N,1,1,0,2,67301,0,2.0,9,9,,N,N,N,0,0.0,0,0,0,3,2,,2327,0,2,0,0,0,0,1,3,4,0,1,7,7.0,N,,,,,,,,,,,
2021105967,35.0,2,0,0,0,0,0,0,0,0,5,0,,67,10,2021,2,39.9686,-75.1914,24.0,6,0,0,0,0,0,0,0,0,,0,0,0,0,3,2,0,N,1,39 58:06.968,3.0,0,75 11:29.062,3,0,0,0,67301,0,0,0,N,0,0,0,2,68K01,1,,1,1,110.0,N,N,N,0,,1,0,0,0,0,N,14,2,2,0,0,0,0,0,3,4,0,2,3,,N,,,,,,,,,,,
2021104482,240.0,1,0,0,0,0,0,0,0,0,7,0,,67,10,2021,6,40.0002,-75.1905,236.0,6,0,0,0,0,0,0,0,0,,0,0,0,2,3,1,0,N,1,40 00:00.610,5.0,0,75 11:25.930,3,0,0,0,67301,0,0,0,N,0,0,0,1,67301,0,,2,1,400.0,N,N,N,0,,1,0,0,3,1,N,234,1,1,0,0,0,0,0,3,4,0,1,3,3.0,N,,,,,,,,,,,
2021106083,1452.0,0,0,0,0,0,0,0,0,0,1,0,,67,10,2021,4,39.9571,-75.1568,1427.0,6,0,0,0,0,0,1,0,0,,0,0,0,14,1,0,0,N,0,39 57:25.564,,0,75 09:24.321,0,0,0,0,67301,0,0,0,N,0,0,0,2,68K01,0,,1,1,,N,N,N,0,,0,0,2,0,0,,1425,0,2,0,0,0,0,0,3,4,0,2,3,,N,,,,,,,,,,,
2021054563,946.0,2,0,0,0,0,0,0,0,0,1,0,,67,6,2021,2,40.0029,-75.2229,942.0,6,0,0,0,0,0,0,0,0,,0,0,0,9,1,0,0,N,1,40 00:10.561,2.0,0,75 13:22.579,0,0,0,0,67301,0,0,0,N,0,0,0,3,46104,0,,1,1,1000.0,N,N,N,0,,0,0,1,0,0,N,941,0,3,0,0,0,0,0,3,4,0,3,3,,N,,,,,,,,,,,
2021105317,430.0,1,0,0,0,0,0,0,0,0,4,1,,67,11,2021,2,40.0069,-75.0684,27.0,6,0,0,0,0,0,1,0,0,,0,1,0,0,3,4,2,,2,40 00:24.918,6.0,2,75 04:06.198,2,0,0,0,67301,0,0,0,N,0,0,0,4,67301,0,,1,1,651.0,N,N,N,0,,2,2,0,0,0,Y,20,4,2,0,0,0,0,0,3,4,0,2,3,3.0,N,,,,,,,,,,,
2021105764,1525.0,1,0,0,0,0,0,0,0,0,4,1,,67,11,2021,3,39.99,-75.0877,1519.0,6,0,0,0,0,0,0,0,0,,1,1,0,15,1,0,0,N,2,39 59:24.171,2.0,0,75 05:15.715,1,0,0,0,67301,0,0,0,N,0,0,0,1,67301,0,2.0,6,9,1715.0,N,N,N,0,0.0,0,0,0,0,0,N,1515,0,2,0,0,0,0,0,3,4,0,2,7,4.0,N,,,,,,,,,,,
2021106635,1137.0,1,0,0,0,0,0,0,0,0,5,0,,67,10,2021,4,40.0549,-74.9852,1128.0,6,0,0,0,0,0,1,0,0,,0,0,0,11,1,1,0,N,1,40 03:17.705,2.0,0,74 59:06.615,8,0,0,0,67301,0,0,0,N,0,0,0,3,68K01,0,,1,1,1200.0,N,N,N,1,,0,0,0,0,0,N,1126,1,3,0,0,0,1,1,3,4,0,3,4,,N,,,,,,,,,,,
2021105615,1540.0,1,0,0,0,0,0,0,0,0,1,0,,67,11,2021,2,39.9928,-75.1464,1540.0,6,0,0,0,0,0,0,0,0,,0,0,0,11,1,1,0,N,0,39 59:34.181,,0,75 08:46.881,3,0,0,0,67301,0,0,0,N,0,0,0,1,67301,0,,1,1,,N,N,N,0,,1,0,0,0,0,,1100,1,2,0,0,0,0,0,3,4,0,2,3,4.0,N,,,,,,,,,,,
2021106633,724.0,1,0,0,0,0,0,0,0,0,7,0,,67,10,2021,2,39.9569,-75.1414,718.0,6,0,0,0,0,0,0,0,0,,0,0,0,7,1,1,0,N,0,39 57:24.838,,0,75 08:29.173,3,0,0,0,67301,0,0,0,N,0,0,0,1,68K01,0,,4,1,,N,N,N,0,,1,0,0,0,0,,716,1,1,0,0,0,0,0,3,4,0,1,3,,N,,,,,,,,,,,
2021105989,425.0,0,0,0,0,0,0,0,0,0,7,0,,67,10,2021,7,39.9268,-75.1948,419.0,6,0,0,0,0,0,0,0,0,,0,0,0,4,3,0,0,N,1,39 55:36.401,4.0,0,75 11:41.308,0,0,0,0,67301,0,0,0,N,0,0,0,2,68K01,0,,4,1,500.0,N,N,N,0,,0,0,1,0,0,N,418,0,1,0,0,0,0,0,3,4,0,1,3,,N,,,,,,,,,,,
2021106612,820.0,0,0,0,0,0,0,1,0,0,3,2,,67,10,2021,5,39.9722,-75.1247,800.0,6,0,0,0,0,0,0,0,0,,0,1,0,99,1,1,2,,0,39 58:21.229,,2,75 07:26.373,8,0,0,0,67301,0,0,0,N,0,0,0,1,67508,0,,1,1,,N,N,Y,0,,0,0,0,0,0,,9999,1,2,0,0,0,1,0,3,4,0,2,3,3.0,N,,,,,,,,,,,
2021106165,149.0,1,0,0,0,0,0,0,0,0,5,0,,67,10,2021,1,39.9598,-75.178,141.0,6,0,0,0,0,0,0,0,0,,0,0,0,1,3,0,0,N,1,39 57:35.173,3.0,0,75 10:40.697,0,0,0,0,67301,0,0,0,N,0,0,0,3,68K01,0,,1,9,215.0,N,N,N,0,,0,0,1,0,0,N,138,0,2,0,0,0,0,0,3,4,0,2,7,7.0,N,,,,,,,,,,,