CRN,ARRIVAL_TM,AUTOMOBILE_COUNT,BELTED_DEATH_COUNT,BELTED_SUSP_SERIOUS_INJ_COUNT,BICYCLE_COUNT,BICYCLE_DEATH_COUNT,BICYCLE_SUSP_SERIOUS_INJ_COUNT,BUS_COUNT,CHLDPAS_DEATH_COUNT,CHLDPAS_SUSP_SERIOUS_INJ_COUNT,COLLISION_TYPE,COMM_VEH_COUNT,CONS_ZONE_SPD_LIM,COUNTY,CRASH_MONTH,CRASH_YEAR,DAY_OF_WEEK,DEC_LAT,DEC_LONG,DISPATCH_TM,DISTRICT,DRIVER_COUNT_16YR,DRIVER_COUNT_17YR,DRIVER_COUNT_18YR,DRIVER_COUNT_19YR,DRIVER_COUNT_20YR,DRIVER_COUNT_50_64YR,DRIVER_COUNT_65_74YR,DRIVER_COUNT_75PLUS,EST_HRS_CLOSED,FATAL_COUNT,HEAVY_TRUCK_COUNT,HORSE_BUGGY_COUNT,HOUR_OF_DAY,ILLUMINATION,INJURY_COUNT,INTERSECT_TYPE,INTERSECTION_RELATED,LANE_CLOSED,LATITUDE,LN_CLOSE_DIR,LOCATION_TYPE,LONGITUDE,MAX_SEVERITY_LEVEL,MCYCLE_DEATH_COUNT,MCYCLE_SUSP_SERIOUS_INJ_COUNT,MOTORCYCLE_COUNT,MUNICIPALITY,NONMOTR_COUNT,NONMOTR_DEATH_COUNT,NONMOTR_SUSP_SERIOUS_INJ_COUNT,NTFY_HIWY_MAINT,PED_COUNT,PED_DEATH_COUNT,PED_SUSP_SERIOUS_INJ_COUNT,PERSON_COUNT,POLICE_AGCY,POSSIBLE_INJ_COUNT,RDWY_SURF_TYPE_CD,RELATION_TO_ROAD,ROAD_CONDITION,ROADWAY_CLEARED,SCH_BUS_IND,SCH_ZONE_IND,SECONDARY_CRASH,SMALL_TRUCK_COUNT,SPEC_JURIS_CD,SUSP_MINOR_INJ_COUNT,SUSP_SERIOUS_INJ_COUNT,SUV_COUNT,TCD_FUNC_CD,TCD_TYPE,TFC_DETOUR_IND,TIME_OF_DAY,TOT_INJ_COUNT,TOTAL_UNITS,UNB_DEATH_COUNT,UNB_SUSP_SERIOUS_INJ_COUNT,UNBELTED_OCC_COUNT,UNK_INJ_DEG_COUNT,UNK_INJ_PER_COUNT,URBAN_AREA,URBAN_RURAL,VAN_COUNT,VEHICLE_COUNT,WEATHER1,WEATHER2,WORK_ZONE_IND,WORK_ZONE_LOC,WORK_ZONE_TYPE,WORKERS_PRES,WZ_CLOSE_DETOUR,WZ_FLAGGER,WZ_LAW_OFFCR_IND,WZ_LN_CLOSURE,WZ_MOVING,WZ_OTHER,WZ_SHLDER_MDN,WZ_WORKERS_INJ_KILLED
2021082957,1748.0,1,0,0,0,0,0,0,0,0,1,0,,67,4,2021,1,39.9955,-75.2387,1742.0,6,0,0,0,1,0,0,0,0,,0,0,0,17,1,0,0,Y,1,39 59:43.783,2.0,0,75 14:19.481,0,0,0,0,67301,0,0,0,N,0,0,0,5,46104,0,,1,1,1845.0,N,N,N,0,,0,0,1,3,2,N,1742,0,3,0,0,0,0,0,3,4,1,3,3,,N,,,,,,,,,,,
2021097257,644.0,1,0,0,0,0,0,0,0,0,1,0,,67,9,2021,4,39.96,-75.1799,631.0,6,0,0,0,0,0,0,0,0,,0,0,0,6,1,0,7,N,2,39 57:36.087,4.0,2,75 10:47.726,0,0,0,0,67301,0,0,0,N,0,0,0,2,68K01,0,,1,1,700.0,N,N,N,0,,0,0,1,0,0,N,627,0,2,0,0,0,0,0,3,4,0,2,3,,N,,,,,,,,,,,
2021039348,1600.0,0,0,0,0,0,0,0,0,0,1,0,,67,5,2021,7,40.1027,-75.0614,1458.0,6,0,0,0,0,0,0,1,0,,0,0,0,14,1,1,2,,0,40 06:09.856,,0,75 03:41.054,8,0,0,0,67301,0,0,0,N,0,0,0,2,46101,0,,1,1,,N,N,N,0,,0,0,1,0,0,,1455,1,2,0,0,0,1,0,3,4,1,2,3,3.0,N,,,,,,,,,,,
2021100342,1223.0,1,0,0,0,0,0,0,0,0,2,0,,67,10,2021,1,39.9832,-75.208,1223.0,6,0,0,0,0,0,0,0,0,,0,0,0,12,1,0,0,N,0,39 58:59.503,,0,75 12:28.792,9,0,0,0,67301,0,0,0,N,0,0,0,1,68K01,0,,4,1,,N,N,N,0,,0,0,0,0,0,,1223,0,1,0,0,0,0,1,3,4,0,1,3,3.0,N,,,,,,,,,,,
2021096116,1904.0,2,0,0,0,0,0,0,0,0,1,0,,67,9,2021,6,39.957,-75.1549,1855.0,6,0,0,0,0,0,1,0,0,,0,0,0,18,1,0,0,N,1,39 57:25.025,4.0,0,75 09:17.621,9,0,0,0,67301,0,0,0,N,0,0,0,3,68K01,0,,1,1,1925.0,N,N,N,1,,0,0,0,0,0,N,1851,0,3,0,0,0,0,1,3,4,0,3,3,,N,,,,,,,,,,,
2021096124,823.0,1,0,0,0,0,0,0,0,0,1,0,,67,9,2021,5,39.992,-75.2022,814.0,6,0,0,0,0,0,1,0,1,,0,1,0,8,1,1,0,N,1,39 59:31.338,3.0,0,75 12:07.871,3,0,0,0,67301,0,0,0,N,0,0,0,5,68K01,0,,1,1,845.0,N,N,N,0,,1,0,1,0,0,N,812,1,3,0,0,1,0,0,3,4,0,3,3,3.0,N,,,,,,,,,,,
2021096045,148.0,1,0,0,0,0,0,0,0,0,4,0,,67,10,2021,1,40.0418,-75.0611,141.0,6,0,0,0,0,0,0,0,0,,0,0,0,0,3,0,1,,0,40 02:30.387,,0,75 03:39.901,0,0,0,0,67301,0,0,0,N,0,0,0,2,67301,0,,1,9,,N,N,N,1,,0,0,0,3,2,,56,0,2,0,0,0,0,0,3,4,0,2,7,7.0,N,,,,,,,,,,,
2021098745,258.0,0,0,0,0,0,0,0,0,0,7,0,,67,10,2021,1,40.1243,-75.0022,249.0,6,0,0,0,0,0,0,0,0,,0,0,0,2,3,0,0,N,0,40 07:27.570,,0,75 00:07.790,9,0,0,0,67301,0,0,0,N,0,0,0,1,67301,0,,5,1,,N,N,N,1,,0,0,0,0,0,,242,0,1,0,0,0,0,1,3,4,0,1,3,3.0,N,,,,,,,,,,,
2021098185,2115.0,0,0,0,0,0,0,0,0,0,3,0,,67,10,2021,4,39.9606,-75.2299,2022.0,6,0,0,0,0,0,0,0,0,,0,1,0,20,3,0,0,N,0,39 57:38.037,,0,75 13:47.581,0,0,0,0,67301,0,0,0,N,0,0,0,2,67301,0,,1,1,,N,N,N,0,,0,0,1,0,0,,2022,0,2,0,0,0,0,0,3,4,0,2,3,,N,,,,,,,,,,,
2021097703,1144.0,1,0,0,0,0,0,0,0,0,1,0,,67,10,2021,1,40.0081,-75.2028,1137.0,6,0,0,0,0,0,1,0,0,,0,0,0,11,1,2,0,N,0,40 00:29.106,,0,75 12:09.915,8,0,0,0,67301,0,0,0,N,0,0,0,3,68K01,0,,1,1,,N,N,N,0,,0,0,1,0,0,,1134,2,2,0,0,0,2,0,3,4,0,2,3,,N,,,,,,,,,,,
2021096406,1226.0,2,0,0,0,0,0,0,0,0,1,0,,67,9,2021,5,39.96,-75.2249,1225.0,6,0,0,0,0,0,0,0,0,,0,0,0,12,1,1,1,,0,39 57:35.722,,0,75 13:29.578,3,0,0,0,67301,0,0,0,N,0,0,0,2,67301,0,,1,9,,N,N,N,0,,1,0,0,3,2,,1225,1,2,0,0,0,0,0,3,4,0,2,7,4.0,N,,,,,,,,,,,
2021096125,249.0,1,0,0,0,0,0,0,0,0,1,0,45.0,67,10,2021,7,39.9851,-75.0947,249.0,6,0,0,1,0,0,0,0,0,,0,0,0,2,3,2,0,N,1,39 59:06.281,2.0,0,75 05:40.805,3,0,0,0,67301,0,0,0,N,0,0,0,3,68K01,0,,1,1,350.0,N,N,N,0,,2,0,1,0,0,N,248,2,2,0,0,0,0,0,3,4,0,2,3,,Y,4.0,1.0,Y,N,N,Y,Y,Y,N,Y,N
2021100887,1050.0,0,0,0,0,0,0,0,0,0,2,0,,67,10,2021,6,40.0328,-75.1807,1048.0,6,0,0,0,0,0,1,0,0,,0,0,0,10,1,1,0,N,0,40 01:57.969,,0,75 10:50.408,3,0,0,0,67301,0,0,0,N,0,0,0,2,67301,0,,1,1,,N,N,N,0,,1,0,2,0,0,,1004,1,2,0,0,2,0,0,3,4,0,2,3,,N,,,,,,,,,,,
2021085279,2205.0,1,0,0,0,0,0,0,0,0,1,0,,67,9,2021,6,40.0553,-75.0733,2200.0,6,0,0,0,0,0,0,0,0,,1,0,0,22,3,0,1,N,2,40 03:19.147,6.0,0,75 04:24.059,1,1,0,1,67301,0,0,0,N,0,0,0,2,67301,0,2.0,1,1,2330.0,N,N,N,0,0.0,0,0,0,3,2,Y,2200,0,2,0,0,1,0,0,3,4,0,2,3,3.0,N,,,,,,,,,,,
2021098534,1548.0,2,0,0,0,0,0,0,0,0,2,0,,67,10,2021,7,39.9952,-75.1646,1535.0,6,0,0,0,0,0,1,1,0,,0,0,0,15,1,0,0,N,0,39 59:42.852,,0,75 09:52.625,0,0,0,0,67301,0,0,0,N,0,0,0,2,67301,0,,6,1,,N,N,N,0,,0,0,0,0,0,,1530,0,2,0,0,0,0,0,3,4,0,2,4,4.0,N,,,,,,,,,,,
2021096477,2031.0,0,0,0,0,0,0,0,0,0,8,0,,67,9,2021,3,39.9919,-75.1393,2031.0,6,0,0,0,0,0,0,0,0,,0,0,0,20,3,1,1,,0,39 59:31.253,,0,75 08:21.331,2,0,0,0,67301,1,0,1,N,1,0,1,1,67301,0,,1,1,,N,N,N,0,,0,1,0,0,0,,2031,1,2,0,0,0,0,0,3,4,0,1,3,3.0,N,,,,,,,,,,,
2021095722,620.0,1,0,0,0,0,0,0,0,0,7,0,,67,10,2021,1,40.0416,-75.139,618.0,6,0,0,0,0,0,0,0,0,,0,0,0,6,5,1,0,N,2,40 02:29.710,5.0,0,75 08:20.260,3,0,0,0,67301,0,0,0,N,0,0,0,1,67301,0,,5,1,832.0,N,N,N,0,,1,0,0,0,0,Y,614,1,1,0,0,0,0,0,3,4,0,1,5,,N,,,,,,,,,,,
2021097208,1905.0,0,0,0,0,0,0,0,0,0,8,0,,67,10,2021,1,40.0526,-75.1569,1905.0,6,0,0,0,0,0,0,0,0,,0,0,0,11,1,1,0,N,0,40 03:09.320,,0,75 09:24.910,8,0,0,0,67301,1,0,0,N,1,0,0,2,67301,0,,1,9,,N,N,N,0,,0,0,1,3,3,,1150,1,2,0,0,0,1,0,3,4,0,1,4,7.0,N,,,,,,,,,,,
2021099123,845.0,1,0,0,0,0,0,0,0,0,7,0,,67,10,2021,2,39.9388,-75.1574,845.0,6,0,0,0,0,0,0,0,0,,0,0,0,8,1,0,0,N,0,39 56:19.850,,0,75 09:26.500,0,0,0,0,67301,0,0,0,N,0,0,0,1,67301,0,,6,1,,N,N,N,0,,0,0,0,9,9,,805,0,1,0,0,0,0,0,3,4,0,1,3,,N,,,,,,,,,,,
2021097476,1535.0,1,0,0,0,0,0,0,0,0,7,0,,67,10,2021,7,39.942,-75.1433,1530.0,6,0,0,0,0,0,0,0,0,,0,0,0,15,1,1,0,N,1,39 56:31.038,2.0,0,75 08:35.964,4,0,0,0,67301,0,0,0,N,0,0,0,2,68K01,1,,3,1,1600.0,N,N,N,0,,0,0,0,0,0,N,1527,1,1,0,0,0,0,0,3,4,0,1,3,,N,,,,,,,,,,,
2021075628,525.0,1,0,0,0,0,0,0,0,0,8,0,,67,8,2021,4,40.0614,-74.9931,524.0,6,0,0,0,0,0,1,0,0,,0,0,0,5,3,1,0,N,0,40 03:41.023,,0,74 59:35.136,3,0,0,0,67301,1,0,0,N,1,0,0,2,67301,0,,1,1,,N,N,N,0,,1,0,0,0,0,,520,1,2,0,0,0,0,0,3,4,0,1,3,3.0,N,,,,,,,,,,,
2021097563,640.0,1,0,0,0,0,0,0,0,0,4,0,,67,10,2021,1,40.0,-75.1003,640.0,6,0,0,0,0,0,0,0,0,,0,0,0,16,1,1,1,,9,40 00:00.064,,0,75 06:01.105,8,0,0,0,67301,0,0,0,N,0,0,0,1,67301,0,,1,1,,N,N,N,0,,0,0,1,3,3,U,1630,1,2,0,0,0,1,0,3,4,0,2,99,,N,,,,,,,,,,,
2021098642,336.0,2,0,0,0,0,0,0,0,0,4,0,,67,10,2021,7,40.0626,-75.1708,334.0,6,0,0,0,0,0,0,0,0,,0,0,0,3,3,0,1,,0,40 03:45.360,,0,75 10:14.916,9,0,0,0,67301,0,0,0,N,0,0,0,2,67301,0,,1,1,,N,N,N,0,,0,0,0,3,2,,330,0,2,0,0,0,0,1,3,4,0,2,3,3.0,N,,,,,,,,,,,
2021099351,303.0,0,0,0,0,0,0,0,0,0,7,0,,67,10,2021,1,40.0435,-75.0887,303.0,6,0,0,0,0,0,0,0,0,,0,0,0,2,3,1,0,N,2,40 02:36.472,5.0,0,75 05:19.490,4,0,0,0,67301,0,0,0,N,0,0,0,1,67301,1,,2,1,1200.0,N,N,N,0,,0,0,1,0,0,Y,250,1,1,0,0,0,0,0,3,4,0,1,4,4.0,N,,,,,,,,,,,
2021099623,1555.0,0,0,0,0,0,0,0,0,0,4,0,,67,10,2021,2,39.9223,-75.1836,1550.0,6,0,0,0,0,1,1,0,0,,0,0,0,15,1,3,1,,0,39 55:20.409,,0,75 11:00.819,3,0,0,0,67301,0,0,0,N,0,0,0,3,67301,0,,1,1,,N,Y,N,0,,2,0,2,3,3,,1545,3,2,0,0,0,1,0,3,4,0,2,3,,N,,,,,,,,,,,
2021069927,2006.0,1,0,0,0,0,0,0,0,0,4,0,,67,7,2021,6,40.0241,-75.1858,2004.0,6,0,0,0,0,1,0,1,0,,0,0,0,19,1,0,0,N,0,40 01:26.840,,7,75 11:08.730,0,0,0,0,67301,0,0,0,N,0,0,0,2,67301,0,,1,1,,N,N,N,1,,0,0,0,0,0,,1949,0,2,0,0,0,0,0,3,4,0,2,3,3.0,N,,,,,,,,,,,
2021070502,1546.0,0,0,0,0,0,0,0,0,0,8,0,,67,7,2021,4,39.9961,-75.126,1546.0,6,0,0,0,0,0,0,0,0,,0,0,0,13,1,1,0,N,0,39 59:45.780,,0,75 07:33.640,3,0,0,0,67301,1,0,0,N,1,0,0,2,67301,0,,1,1,,N,N,N,1,,1,0,0,0,0,,1335,1,2,0,0,0,0,1,3,4,0,1,3,3.0,N,,,,,,,,,,,
2021072878,1440.0,0,0,0,0,0,0,0,0,0,4,0,,67,7,2021,7,39.9968,-75.1164,1440.0,6,0,0,0,0,0,1,0,0,,0,0,0,14,1,0,2,,0,39 59:48.632,,0,75 06:59.164,0,0,0,0,67301,0,0,0,N,0,0,0,2,67301,0,,1,1,,N,N,N,0,,0,0,2,3,3,,1435,0,2,0,0,0,0,0,3,4,0,2,3,3.0,N,,,,,,,,,,,
2021069866,1248.0,0,0,0,0,0,0,0,0,0,4,0,,67,7,2021,7,39.9595,-75.227,1247.0,6,0,0,0,0,0,0,0,0,,0,0,0,12,1,1,1,,0,39 57:34.222,,0,75 13:37.262,4,0,0,0,67301,0,0,0,N,0,0,0,2,67301,1,,1,1,,N,N,N,0,,0,0,1,3,3,,1202,1,2,0,0,0,0,0,3,4,0,2,3,3.0,N,,,,,,,,,,,
2021090602,2336.0,1,0,0,0,0,0,0,0,0,8,0,,67,9,2021,6,40.0282,-75.1323,2333.0,6,0,0,0,0,0,0,0,0,,0,0,0,23,3,1,0,N,0,40 01:41.520,,0,75 07:56.290,2,0,0,0,67301,1,0,1,N,1,0,1,2,67301,0,,9,1,,N,N,N,0,,0,1,0,0,0,,2320,1,2,0,0,0,0,1,3,4,0,1,3,3.0,N,,,,,,,,,,,
2021069812,110.0,1,0,0,0,0,0,0,0,0,4,0,,67,7,2021,7,39.9583,-75.1673,110.0,6,0,0,0,0,0,0,1,0,,0,0,0,1,3,0,1,,0,39 57:29.757,,3,75 10:02.184,0,0,0,0,67301,0,0,0,N,0,0,0,2,67301,0,,1,1,,N,N,N,0,,0,0,1,3,2,,108,0,2,0,0,0,0,0,3,4,0,2,3,3.0,N,,,,,,,,,,,
2021070480,2103.0,1,0,0,0,0,0,0,0,0,7,0,,67,7,2021,5,39.9893,-75.1565,2100.0,6,0,0,0,0,0,0,0,0,,0,0,0,21,3,0,0,N,2,39 59:21.300,7.0,0,75 09:23.400,0,0,0,0,67301,0,0,0,N,0,0,0,2,67301,0,,4,1,1000.0,N,N,N,0,,0,0,1,0,0,Y,2100,0,2,0,0,2,0,0,3,4,0,2,3,3.0,N,,,,,,,,,,,
2021069899,1645.0,0,0,0,0,0,0,0,0,0,7,0,,67,7,2021,7,39.9703,-75.1242,1641.0,6,0,0,0,0,0,1,0,0,,0,0,0,16,1,0,0,N,1,39 58:12.931,2.0,0,75 07:26.968,9,0,0,0,67301,0,0,0,N,0,0,0,1,67301,0,,4,1,1759.0,N,N,N,0,,0,0,1,0,0,N,1638,0,1,0,0,0,0,1,3,4,0,1,3,,N,,,,,,,,,,,
2021069870,508.0,2,0,0,0,0,0,0,0,0,4,0,,67,7,2021,1,39.9459,-75.2403,506.0,6,0,0,0,0,0,0,0,0,,0,0,0,5,3,1,5,,1,39 56:45.089,4.0,0,75 14:25.018,8,0,0,0,67301,0,0,0,N,0,0,0,4,67301,0,,1,9,35.0,N,N,N,0,,0,0,0,3,2,Y,505,1,2,0,0,0,1,1,3,4,0,2,7,,N,,,,,,,,,,,
2021092553,2145.0,2,0,0,0,0,0,0,0,0,4,0,,67,9,2021,7,40.0358,-75.1747,2145.0,6,0,0,0,0,0,0,0,0,,0,0,0,21,3,4,1,,0,40 02:08.965,,0,75 10:29.001,3,0,0,0,67301,0,0,0,N,0,0,0,4,67301,0,,1,1,,N,N,N,0,,4,0,0,3,2,,2123,4,2,0,0,0,0,0,3,4,0,2,3,3.0,N,,,,,,,,,,,
2021084071,1940.0,1,0,0,0,0,0,0,0,0,8,0,,67,8,2021,2,40.0515,-75.1501,1940.0,6,0,0,0,0,0,0,0,0,,0,0,0,16,1,1,1,,0,40 03:05.564,,0,75 09:00.360,8,0,0,0,67301,1,0,0,N,1,0,0,2,67301,0,,1,99,,N,N,N,0,,0,0,0,9,2,,1600,1,2,0,0,1,1,1,3,4,0,1,99,,N,,,,,,,,,,,
2021057500,200.0,1,0,0,0,0,0,0,0,0,7,0,,67,6,2021,2,40.071,-75.0843,156.0,6,0,0,0,0,0,0,1,0,,0,0,0,1,3,0,9,,0,40 04:17.036,,0,75 05:03.635,0,0,0,0,67301,0,0,0,N,0,0,0,2,67301,0,,4,1,,N,N,N,0,,0,0,0,3,6,,155,0,1,0,0,0,0,0,3,4,0,1,3,3.0,N,,,,,,,,,,,
2021084662,1609.0,1,0,0,0,0,0,0,0,0,5,0,,67,9,2021,3,39.8857,-75.2121,1557.0,6,0,0,0,0,0,0,0,0,,0,0,0,15,1,0,0,N,2,39 53:08.590,1.0,0,75 12:43.685,0,0,0,0,67301,0,0,0,N,0,0,0,2,68K01,0,,1,1,1645.0,N,N,N,0,,0,0,1,0,0,N,1553,0,2,0,0,0,0,0,3,4,0,2,3,,N,,,,,,,,,,,
2021058653,1550.0,1,0,0,0,0,0,0,0,0,4,0,,67,6,2021,3,40.0412,-75.145,1544.0,6,0,0,0,0,0,0,0,0,,0,0,0,14,1,1,0,N,0,40 02:28.440,,7,75 08:41.880,3,0,0,0,67301,0,0,0,N,0,0,0,2,67301,0,,1,9,,N,N,N,1,,1,0,0,0,0,,1444,1,2,0,0,0,0,0,3,4,0,2,3,3.0,N,,,,,,,,,,,
2021083400,1046.0,0,0,0,0,0,0,0,0,0,2,0,,67,8,2021,6,39.9517,-75.2369,1043.0,6,0,0,0,0,0,0,0,0,,0,0,0,10,1,1,1,,0,39 57:06.123,,0,75 14:12.685,3,0,0,0,67301,0,0,0,N,0,0,0,2,67301,0,,1,1,,N,N,N,0,,1,0,2,3,2,,1040,1,2,0,0,0,0,0,3,4,0,2,3,,N,,,,,,,,,,,
2021057916,53.0,2,0,0,0,0,0,0,0,0,4,0,,67,6,2021,1,39.9552,-75.2259,48.0,6,0,0,0,0,0,0,0,0,,0,0,0,0,3,2,1,,0,39 57:18.779,,0,75 13:33.116,3,0,0,0,67301,0,0,0,N,0,0,0,2,67301,0,,1,1,,N,N,N,0,,2,0,0,0,0,,48,2,2,0,0,1,0,0,3,4,0,2,3,3.0,N,,,,,,,,,,,
2021057868,147.0,0,0,0,0,0,0,0,0,0,7,0,50.0,67,6,2021,2,39.9865,-75.2081,128.0,6,0,0,0,0,0,1,0,0,,0,0,0,1,3,1,0,N,0,39 59:11.321,,0,75 12:29.139,3,0,0,0,67301,0,0,0,N,0,0,0,1,68K01,0,,3,1,,N,N,N,0,,1,0,1,0,0,,127,1,1,0,0,0,0,0,3,4,0,1,3,,Y,4.0,1.0,N,,,N,,,Y,,N
2021070454,2328.0,2,0,0,0,0,0,0,0,0,4,0,,67,7,2021,7,39.9423,-75.1845,2328.0,6,0,0,0,0,0,0,0,0,,0,0,0,23,3,2,5,,0,39 56:32.222,,0,75 11:04.084,3,0,0,0,67301,0,0,0,N,0,0,0,3,67301,0,,1,9,,N,N,N,0,,2,0,0,1,2,,2325,2,2,0,0,0,0,0,3,4,0,2,7,7.0,N,,,,,,,,,,,
2021071076,1949.0,0,0,0,0,0,0,0,0,0,8,0,,67,7,2021,6,39.9723,-75.2488,1948.0,6,0,0,0,0,0,0,0,0,,0,0,0,19,1,1,1,,0,39 58:20.364,,0,75 14:55.925,3,0,0,0,67301,1,0,0,N,1,0,0,2,67301,0,,1,1,,N,N,N,1,,1,0,0,3,2,,1937,1,2,0,0,0,0,0,3,4,0,1,3,3.0,N,,,,,,,,,,,
2021069759,850.0,0,0,0,0,0,0,0,0,0,4,0,,67,7,2021,3,39.9339,-75.1558,850.0,6,0,0,0,0,0,0,0,0,,0,0,0,8,1,0,1,,0,39 56:01.870,,0,75 09:20.732,0,0,0,0,67301,0,0,0,N,0,0,0,2,67301,0,,1,1,,N,N,N,0,,0,0,2,3,3,,830,0,2,0,0,0,0,0,3,4,0,2,3,3.0,N,,,,,,,,,,,
2021067845,135.0,2,0,0,0,0,0,0,0,0,5,0,,67,7,2021,7,39.9407,-75.1435,131.0,6,0,0,0,0,0,0,0,0,,0,0,0,1,3,5,0,N,2,39 56:26.618,2.0,0,75 08:36.687,4,0,0,0,67301,0,0,0,N,0,0,0,5,68K01,5,,1,1,156.0,N,N,N,0,,0,0,0,0,0,N,129,5,2,0,0,0,0,0,3,4,0,2,3,,N,,,,,,,,,,,
2021070456,937.0,0,0,0,0,0,0,0,0,0,4,0,,67,7,2021,4,39.9383,-75.1986,933.0,6,0,0,0,0,0,0,0,0,,0,0,0,9,1,2,1,,0,39 56:17.777,,0,75 11:54.817,8,0,0,0,67301,0,0,0,N,0,0,0,2,67301,0,,1,1,,N,N,N,0,,0,0,2,3,2,,912,2,2,0,0,0,2,0,3,4,0,2,3,3.0,N,,,,,,,,,,,
2021070603,1833.0,1,0,0,0,0,0,0,0,0,5,0,,67,7,2021,7,39.986,-75.2081,1827.0,6,0,0,0,0,0,0,0,0,,0,0,0,18,1,1,0,N,2,39 59:09.621,4.0,0,75 12:29.040,8,0,0,0,67301,0,0,0,N,0,0,0,3,68K01,0,,1,1,1930.0,N,N,N,0,,0,0,1,0,0,N,1826,1,2,0,0,0,1,0,3,4,0,2,3,,N,,,,,,,,,,,
2021070540,1700.0,0,0,0,0,0,0,0,0,0,8,0,,67,7,2021,5,40.0229,-75.1371,1653.0,6,0,0,0,0,0,0,0,0,,0,0,0,16,1,1,0,N,1,40 01:22.285,2.0,0,75 08:13.693,3,0,0,0,67301,1,0,0,N,1,0,0,2,67301,0,,1,1,1720.0,N,N,N,0,,1,0,1,0,0,Y,1648,1,2,0,0,0,0,0,3,4,0,1,3,3.0,N,,,,,,,,,,,
2021069845,1948.0,1,0,0,0,0,0,0,0,0,8,0,,67,7,2021,5,40.0415,-75.0362,1945.0,6,0,0,0,0,0,0,0,0,,0,0,0,19,1,1,0,N,2,40 02:29.240,3.0,0,75 02:10.280,8,0,0,0,67301,1,0,0,N,1,0,0,2,67301,0,,1,1,2134.0,N,N,N,0,,0,0,0,0,0,Y,1944,1,2,0,0,0,1,0,3,4,0,1,3,,N,,,,,,,,,,,
2021092398,1417.0,2,0,0,0,0,0,0,0,0,3,0,,67,9,2021,5,39.9804,-75.1592,1415.0,6,0,0,0,0,0,1,0,0,,0,0,0,14,1,1,1,,0,39 58:49.603,,0,75 09:33.243,3,0,0,0,67301,0,0,0,N,0,0,0,2,67505,0,,1,1,,N,N,N,0,,1,0,0,3,2,,1414,1,2,0,0,0,0,0,3,4,0,2,3,3.0,N,,,,,,,,,,,
2021091760,25.0,1,0,0,0,0,0,0,0,0,4,0,,67,9,2021,4,40.0437,-75.127,22.0,6,0,0,0,0,0,0,0,0,,0,0,0,0,3,0,0,N,0,40 02:37.430,,0,75 07:37.220,0,0,0,0,67301,0,0,0,N,0,0,0,1,67301,0,,1,1,,N,N,N,0,,0,0,1,0,0,,20,0,2,0,0,1,0,0,3,4,0,2,3,3.0,N,,,,,,,,,,,
2021069925,1810.0,2,0,0,0,0,0,0,0,0,1,0,,67,7,2021,5,40.0044,-75.1745,1802.0,6,0,0,0,0,0,0,0,0,,0,0,0,16,1,1,0,Y,0,40 00:15.750,,0,75 10:28.036,3,0,0,0,67301,0,0,0,N,0,0,0,3,67301,0,,1,1,,N,N,N,0,,1,0,0,3,2,,1640,1,2,0,0,0,0,0,3,4,0,2,3,3.0,N,,,,,,,,,,,
2021071082,1953.0,0,0,0,0,0,0,0,0,0,8,0,,67,7,2021,3,39.9743,-75.264,1952.0,6,0,0,0,0,0,0,0,0,,0,0,0,18,1,1,0,N,0,39 58:27.340,,0,75 15:50.570,3,0,0,0,67301,1,0,0,N,1,0,0,3,67301,0,,1,1,,N,N,N,0,,1,0,0,0,0,,1830,1,2,0,0,0,0,0,3,4,1,1,3,3.0,N,,,,,,,,,,,
2021066638,222.0,1,0,0,0,0,0,0,0,0,1,0,,67,7,2021,1,39.9574,-75.1473,222.0,6,0,0,0,0,0,0,0,0,,0,0,0,2,3,5,0,N,0,39 57:26.800,,4,75 08:50.200,3,0,0,0,67301,0,0,0,N,0,0,0,5,67501,0,,1,1,,N,N,N,0,,5,0,1,0,0,,222,5,2,0,0,0,0,0,3,4,0,2,3,,N,,,,,,,,,,,
2021069863,1017.0,0,0,0,0,0,0,0,0,0,5,0,,67,7,2021,7,39.9533,-75.2345,1015.0,6,0,0,0,0,0,1,0,0,,0,0,0,9,1,0,0,N,0,39 57:11.790,,0,75 14:04.080,0,0,0,0,67301,0,0,0,N,0,0,0,1,67301,0,,6,1,,N,N,N,0,,0,0,2,0,0,,913,0,2,0,0,0,0,0,3,4,0,2,3,3.0,N,,,,,,,,,,,
2021069811,14.0,1,0,0,0,0,0,0,0,0,1,0,,67,7,2021,5,39.9542,-75.1698,11.0,6,0,0,0,0,0,0,0,0,,0,0,0,23,3,0,1,,0,39 57:15.101,,0,75 10:11.237,9,0,0,0,67301,0,0,0,N,0,0,0,2,67301,0,,1,1,,N,N,N,0,,0,0,1,3,2,,2353,0,2,0,0,0,0,2,3,4,0,2,3,3.0,N,,,,,,,,,,,
2021070391,1407.0,0,0,0,0,0,0,0,0,0,8,0,,67,7,2021,6,39.9499,-75.1691,1348.0,6,0,0,0,0,0,0,0,0,,0,0,0,13,1,1,1,,0,39 56:59.788,,0,75 10:08.586,2,0,0,0,67301,1,0,1,N,1,0,1,2,67301,0,,1,1,,N,N,N,1,,0,1,0,3,2,,1344,1,2,0,0,0,0,0,3,4,0,1,3,3.0,N,,,,,,,,,,,