CRN,ARRIVAL_TM,AUTOMOBILE_COUNT,BELTED_DEATH_COUNT,BELTED_SUSP_SERIOUS_INJ_COUNT,BICYCLE_COUNT,BICYCLE_DEATH_COUNT,BICYCLE_SUSP_SERIOUS_INJ_COUNT,BUS_COUNT,CHLDPAS_DEATH_COUNT,CHLDPAS_SUSP_SERIOUS_INJ_COUNT,COLLISION_TYPE,COMM_VEH_COUNT,CONS_ZONE_SPD_LIM,COUNTY,CRASH_MONTH,CRASH_YEAR,DAY_OF_WEEK,DEC_LAT,DEC_LONG,DISPATCH_TM,DISTRICT,DRIVER_COUNT_16YR,DRIVER_COUNT_17YR,DRIVER_COUNT_18YR,DRIVER_COUNT_19YR,DRIVER_COUNT_20YR,DRIVER_COUNT_50_64YR,DRIVER_COUNT_65_74YR,DRIVER_COUNT_75PLUS,EST_HRS_CLOSED,FATAL_COUNT,HEAVY_TRUCK_COUNT,HORSE_BUGGY_COUNT,HOUR_OF_DAY,ILLUMINATION,INJURY_COUNT,INTERSECT_TYPE,INTERSECTION_RELATED,LANE_CLOSED,LATITUDE,LN_CLOSE_DIR,LOCATION_TYPE,LONGITUDE,MAX_SEVERITY_LEVEL,MCYCLE_DEATH_COUNT,MCYCLE_SUSP_SERIOUS_INJ_COUNT,MOTORCYCLE_COUNT,MUNICIPALITY,NONMOTR_COUNT,NONMOTR_DEATH_COUNT,NONMOTR_SUSP_SERIOUS_INJ_COUNT,NTFY_HIWY_MAINT,PED_COUNT,PED_DEATH_COUNT,PED_SUSP_SERIOUS_INJ_COUNT,PERSON_COUNT,POLICE_AGCY,POSSIBLE_INJ_COUNT,RDWY_SURF_TYPE_CD,RELATION_TO_ROAD,ROAD_CONDITION,ROADWAY_CLEARED,SCH_BUS_IND,SCH_ZONE_IND,SECONDARY_CRASH,SMALL_TRUCK_COUNT,SPEC_JURIS_CD,SUSP_MINOR_INJ_COUNT,SUSP_SERIOUS_INJ_COUNT,SUV_COUNT,TCD_FUNC_CD,TCD_TYPE,TFC_DETOUR_IND,TIME_OF_DAY,TOT_INJ_COUNT,TOTAL_UNITS,UNB_DEATH_COUNT,UNB_SUSP_SERIOUS_INJ_COUNT,UNBELTED_OCC_COUNT,UNK_INJ_DEG_COUNT,UNK_INJ_PER_COUNT,URBAN_AREA,URBAN_RURAL,VAN_COUNT,VEHICLE_COUNT,WEATHER1,WEATHER2,WORK_ZONE_IND,WORK_ZONE_LOC,WORK_ZONE_TYPE,WORKERS_PRES,WZ_CLOSE_DETOUR,WZ_FLAGGER,WZ_LAW_OFFCR_IND,WZ_LN_CLOSURE,WZ_MOVING,WZ_OTHER,WZ_SHLDER_MDN,WZ_WORKERS_INJ_KILLED
2021085260,1925.0,1,0,0,0,0,0,0,0,0,7,0,,67,9,2021,3,39.9574,-75.1509,1914.0,6,0,0,0,0,0,0,0,0,,0,0,0,19,1,0,0,N,1,39 57:26.789,3.0,0,75 09:03.060,0,0,0,0,67301,0,0,0,N,0,0,0,1,68K01,0,,4,1,1945.0,N,N,N,0,,0,0,0,0,0,N,1913,0,1,0,0,0,0,0,3,4,0,1,3,3.0,N,,,,,,,,,,,
2021057146,1538.0,2,0,0,0,0,0,0,0,0,4,0,,67,6,2021,7,39.9832,-75.1568,1537.0,6,0,0,1,0,0,0,0,0,,0,0,0,15,1,3,1,,0,39 58:59.480,,0,75 09:24.548,4,0,0,0,67301,0,0,0,N,0,0,0,8,67301,3,,1,1,,N,N,N,0,,0,0,0,3,2,,1535,3,2,0,0,1,0,0,3,4,0,2,4,4.0,N,,,,,,,,,,,
2021059219,2005.0,1,0,0,0,0,0,0,0,0,4,0,,67,6,2021,7,39.9802,-75.1575,2003.0,6,0,0,0,0,0,0,0,0,,0,0,0,20,4,4,1,,0,39 58:48.767,,0,75 09:26.884,3,0,0,0,67301,0,0,0,Y,0,0,0,6,67505,1,,1,1,,N,N,N,0,,2,0,1,3,2,,2003,4,2,0,0,1,1,2,3,4,0,2,3,3.0,N,,,,,,,,,,,
2021084091,2143.0,0,0,0,0,0,0,0,0,0,4,0,,67,9,2021,2,39.9786,-75.145,2141.0,6,0,0,0,0,0,0,0,0,,0,0,0,21,2,1,1,,0,39 58:42.963,,0,75 08:42.028,8,0,0,1,67301,0,0,0,N,0,0,0,2,67301,0,,1,1,,N,N,N,1,,0,0,0,3,2,,2139,1,2,0,0,0,1,0,3,4,0,2,3,3.0,N,,,,,,,,,,,
2021059525,2131.0,1,0,0,0,0,0,0,0,0,4,0,,67,6,2021,4,40.0499,-75.1164,2131.0,6,0,0,0,0,0,0,0,0,,0,0,0,21,3,1,0,N,0,40 02:59.680,,0,75 06:58.896,3,0,0,1,67301,0,0,0,N,0,0,0,2,67301,0,,1,1,,N,N,N,0,,1,0,0,0,0,,2101,1,2,0,0,0,0,0,3,4,0,2,3,3.0,N,,,,,,,,,,,
2021064225,1317.0,1,0,0,0,0,0,0,0,0,4,0,,67,6,2021,2,39.9377,-75.2284,1316.0,6,0,0,0,0,0,1,0,0,,0,0,0,13,1,2,1,,0,39 56:15.824,,0,75 13:42.070,3,0,0,0,67301,0,0,0,N,0,0,0,5,67301,0,,1,1,,N,N,N,0,,2,0,1,3,2,,1310,2,2,0,0,0,0,0,3,4,0,2,3,3.0,N,,,,,,,,,,,
2021059053,640.0,0,0,0,1,0,0,0,0,0,4,0,,67,6,2021,6,39.9519,-75.1598,633.0,6,0,0,0,0,0,0,0,0,,0,0,0,6,5,1,1,,2,39 57:06.668,7.0,0,75 09:35.366,3,0,0,0,67301,1,0,0,N,0,0,0,2,67301,0,,1,1,700.0,N,N,N,0,,1,0,1,3,2,Y,632,1,2,0,0,0,0,0,3,4,0,1,3,3.0,N,,,,,,,,,,,
2021069882,144.0,0,0,0,0,0,0,0,0,0,0,0,,67,6,2021,6,39.9789,-75.1082,144.0,6,0,0,0,0,0,0,0,0,,0,0,0,1,3,1,0,N,0,39 58:44.181,,0,75 06:29.409,8,0,0,1,67301,0,0,0,N,0,0,0,1,67301,0,,1,1,,N,N,N,0,,0,0,0,0,0,,120,1,1,0,0,0,1,0,3,4,0,1,3,3.0,N,,,,,,,,,,,
2021070475,1620.0,1,0,0,0,0,0,0,0,0,4,0,,67,7,2021,1,39.974,-75.1534,1614.0,6,0,0,0,0,0,0,0,0,,0,0,0,16,1,0,0,N,0,39 58:26.300,,0,75 09:12.400,0,0,0,0,67301,0,0,0,N,0,0,0,1,67301,0,,1,1,,N,N,N,0,,0,0,1,0,0,,1611,0,2,0,0,0,0,0,3,4,0,2,3,3.0,N,,,,,,,,,,,
2021092066,1930.0,0,0,0,0,0,0,0,0,0,0,0,,67,9,2021,4,39.8917,-75.2376,1913.0,6,0,0,0,0,1,0,0,0,,0,0,0,19,3,2,0,N,0,39 53:29.965,,0,75 14:15.259,8,0,0,0,67301,0,0,0,N,0,0,0,2,68K01,0,,1,9,,N,N,N,0,,0,0,1,0,0,,1912,2,1,0,0,0,2,0,3,4,0,1,7,,N,,,,,,,,,,,
2021072646,150.0,2,0,0,0,0,0,0,0,0,5,0,,67,7,2021,4,40.0081,-75.142,150.0,6,0,0,0,0,0,0,0,0,,0,0,0,1,3,0,0,N,0,40 00:29.066,,0,75 08:31.075,0,0,0,0,67301,0,0,0,N,0,0,0,2,67301,0,,1,1,,N,N,N,0,,0,0,0,0,0,,140,0,2,0,0,1,0,0,3,4,0,2,3,3.0,N,,,,,,,,,,,
2021082126,126.0,2,0,0,0,0,0,0,0,0,5,0,,67,7,2021,2,39.9682,-75.1292,115.0,6,0,0,0,0,1,0,0,0,,0,0,0,1,3,1,0,N,2,39 58:05.518,1.0,0,75 07:45.066,8,0,0,0,67301,0,0,0,N,0,0,0,2,68K01,0,,1,1,35.0,N,N,N,0,,0,0,0,0,0,N,114,1,2,0,0,1,1,1,3,4,0,2,3,3.0,N,,,,,,,,,,,
2021069867,59.0,0,0,0,0,0,0,0,0,0,8,0,,67,7,2021,1,39.9612,-75.2471,57.0,6,0,0,0,0,0,0,0,0,,0,0,0,0,3,1,2,,1,39 57:40.266,3.0,0,75 14:49.451,8,0,0,0,67301,1,0,0,N,1,0,0,2,67301,0,,1,9,120.0,N,N,N,1,,0,0,0,3,2,N,53,1,2,0,0,0,1,0,3,4,0,1,7,7.0,N,,,,,,,,,,,
2021069732,15.0,2,0,0,0,0,0,0,0,0,1,0,,67,7,2021,1,39.9149,-75.1767,10.0,6,0,0,0,0,0,0,0,0,,0,0,0,22,3,0,0,N,0,39 54:53.500,,0,75 10:36.200,0,0,0,0,67301,0,0,0,N,0,0,0,1,67301,0,,6,1,,N,N,N,0,,0,0,0,0,0,,2200,0,2,0,0,0,0,0,3,4,0,2,3,3.0,N,,,,,,,,,,,
2021069744,2125.0,1,0,0,0,0,0,0,0,0,1,0,,67,7,2021,7,40.0283,-75.1096,2110.0,6,0,0,0,0,0,1,0,0,,0,0,0,21,3,2,0,Y,2,40 01:41.941,2.0,0,75 06:34.641,8,0,0,0,67301,0,0,0,N,0,0,0,4,67301,0,,1,1,1015.0,N,N,Y,0,,0,0,2,3,2,Y,2110,2,3,0,0,0,2,1,3,4,0,3,4,,N,,,,,,,,,,,
2021070549,308.0,2,0,0,0,0,0,0,0,0,4,0,,67,7,2021,5,40.0092,-75.1511,306.0,6,0,0,0,0,0,0,0,0,,0,0,0,2,3,0,1,,0,40 00:33.325,,0,75 09:04.460,0,0,0,0,67301,0,0,0,N,0,0,0,3,67301,0,,1,1,,N,N,N,0,,0,0,0,3,2,,243,0,2,0,0,1,0,0,3,4,0,2,3,98.0,N,,,,,,,,,,,
2021070547,2020.0,0,0,0,0,0,0,0,0,0,0,0,,67,7,2021,1,40.029,-75.1681,2018.0,6,0,0,0,0,0,0,0,0,,0,0,0,20,4,1,0,Y,1,40 01:44.500,2.0,0,75 10:05.150,3,0,0,1,67301,0,0,0,N,0,0,0,1,67301,0,,1,1,2030.0,N,N,N,0,,1,0,0,0,0,N,2013,1,1,0,0,0,0,0,3,4,0,1,3,,N,,,,,,,,,,,
2021090415,1236.0,1,0,0,0,0,0,0,0,0,6,0,,67,9,2021,4,40.0025,-75.1774,1235.0,6,0,0,0,0,0,0,0,0,,0,0,0,12,1,0,0,N,0,40 00:08.982,,0,75 10:38.586,0,0,0,0,67301,0,0,0,N,0,0,0,1,67301,0,,6,1,,N,N,N,0,,0,0,1,0,0,,1200,0,2,0,0,0,0,0,3,4,0,2,3,,N,,,,,,,,,,,
2021069902,38.0,1,0,0,0,0,0,0,0,0,1,0,,67,7,2021,3,39.9799,-75.1447,35.0,6,0,0,0,0,0,0,0,0,,0,0,0,0,3,0,0,N,0,39 58:47.800,,0,75 08:41.080,0,0,0,0,67301,0,0,0,N,0,0,0,1,67301,0,,6,1,,N,N,N,0,,0,0,0,0,0,,30,0,2,0,0,0,0,0,3,4,1,2,3,3.0,N,,,,,,,,,,,
2021069772,342.0,1,0,0,0,0,0,0,0,0,4,0,,67,7,2021,7,39.9482,-75.1644,339.0,6,0,0,0,0,0,0,0,0,,0,0,0,3,3,0,1,,0,39 56:53.519,,0,75 09:51.947,0,0,0,0,67301,0,0,0,N,0,0,0,2,67301,0,,1,1,,N,N,N,0,,0,0,0,3,2,,337,0,2,0,0,0,0,0,3,4,0,2,3,3.0,N,,,,,,,,,,,
2021070473,2357.0,1,0,0,0,0,0,0,0,0,4,0,,67,7,2021,4,39.9669,-75.2459,2355.0,6,0,0,0,0,0,1,0,0,,0,0,0,22,3,4,0,N,1,39 58:00.667,2.0,7,75 14:45.380,8,0,0,0,67301,0,0,0,N,0,0,0,5,67301,0,,1,1,300.0,N,N,N,0,,0,0,0,0,0,N,2253,4,2,0,0,0,4,1,3,4,1,2,3,3.0,N,,,,,,,,,,,
2021068948,1023.0,1,0,0,0,0,0,0,0,0,5,1,,67,7,2021,5,39.9119,-75.1681,1023.0,6,0,0,0,0,0,0,0,0,,0,1,0,10,1,0,0,N,0,39 54:42.800,,3,75 10:05.100,9,0,0,0,67301,0,0,0,N,0,0,0,2,67501,0,,1,1,,N,N,N,0,,0,0,0,3,8,,1023,0,2,0,0,0,0,1,3,4,0,2,3,3.0,N,,,,,,,,,,,
2021083816,1530.0,1,0,0,0,0,0,0,0,0,8,0,,67,9,2021,5,39.9962,-75.1675,1524.0,6,0,0,0,0,0,0,0,0,,0,0,0,14,1,1,0,N,0,39 59:46.380,,0,75 10:02.820,3,0,0,0,67301,1,0,0,N,1,0,0,1,67301,0,,1,1,,N,Y,N,0,,1,0,0,0,0,,1421,1,2,0,0,0,0,0,3,4,0,1,3,,N,,,,,,,,,,,
2021058634,2040.0,4,0,0,0,0,0,0,0,0,4,0,,67,6,2021,5,40.0016,-75.1528,2037.0,6,0,0,0,0,0,0,0,0,,0,0,0,20,1,4,1,,2,40 00:05.705,2.0,0,75 09:10.074,8,0,0,0,67301,0,0,0,N,0,0,0,6,67505,0,,1,1,2120.0,N,N,Y,0,,0,0,0,3,2,Y,2035,4,4,0,0,4,4,0,3,4,0,4,3,3.0,N,,,,,,,,,,,
2021059119,1055.0,0,0,0,0,0,0,0,0,0,4,0,,67,6,2021,6,40.0343,-75.0746,1045.0,6,0,0,0,0,0,0,1,0,,0,0,0,10,1,0,1,,1,40 02:03.238,2.0,0,75 04:29.218,0,0,0,0,67301,0,0,0,N,0,0,0,2,67301,0,,1,1,1150.0,N,N,N,1,,0,0,1,3,2,N,1045,0,2,0,0,0,0,0,3,4,0,2,3,3.0,N,,,,,,,,,,,
2021081047,740.0,0,0,0,0,0,0,1,0,0,4,1,,67,8,2021,3,40.0329,-75.1777,700.0,6,0,0,0,0,0,1,0,0,,0,0,0,7,1,6,2,,0,40 01:58.414,,0,75 10:39.820,4,0,0,0,67301,0,0,0,N,0,0,0,7,67508,6,,1,1,,N,N,Y,0,,0,0,1,3,2,,700,6,2,0,0,1,0,0,3,4,0,2,3,3.0,N,,,,,,,,,,,
2021090838,1120.0,1,0,0,0,0,0,0,0,0,1,0,,67,9,2021,2,39.9944,-75.084,1115.0,6,0,0,0,0,0,0,0,0,,0,0,0,11,1,0,0,N,1,39 59:39.751,1.0,0,75 05:02.330,9,0,0,0,67301,0,0,0,N,0,0,0,2,68K01,0,,1,1,1122.0,N,N,N,0,,0,0,0,0,0,N,1110,0,2,0,0,0,0,1,3,4,0,2,3,,N,,,,,,,,,,,
2021069833,1157.0,1,0,0,0,0,0,0,0,0,4,0,,67,7,2021,1,40.0463,-75.1924,1152.0,6,0,0,0,1,0,1,0,0,,0,0,0,10,1,0,1,,0,40 02:46.600,,0,75 11:32.477,0,0,0,0,67301,0,0,0,N,0,0,0,2,67301,0,,1,1,,N,N,N,1,,0,0,0,3,2,,1035,0,2,0,0,1,0,0,3,4,0,2,4,4.0,N,,,,,,,,,,,
2021091824,549.0,1,0,0,1,1,0,0,0,0,8,0,,67,9,2021,5,40.0595,-75.0805,535.0,6,0,0,0,0,1,0,0,0,,1,0,0,5,3,0,1,,0,40 03:34.377,,0,75 04:49.754,1,0,0,0,67301,1,1,0,N,0,0,0,2,67301,0,2.0,1,9,,N,N,N,0,0.0,0,0,0,3,2,,532,0,2,0,0,1,0,0,3,4,0,1,7,,N,,,,,,,,,,,
2021069778,2318.0,0,0,0,1,0,0,0,0,0,4,0,,67,7,2021,7,39.9609,-75.145,2315.0,6,0,0,0,0,0,0,1,0,,0,0,0,23,3,1,1,,0,39 57:39.809,,0,75 08:41.875,3,0,0,0,67301,1,0,0,N,0,0,0,2,67301,0,,1,9,,N,N,N,0,,1,0,0,3,2,,2300,1,2,0,0,0,0,0,3,4,1,1,7,7.0,N,,,,,,,,,,,
2021069832,13.0,3,0,0,0,0,0,0,0,0,6,0,,67,7,2021,7,40.0733,-75.1612,2157.0,6,0,0,0,0,0,0,0,0,,0,0,0,21,3,0,0,N,0,40 04:23.820,,0,75 09:40.230,0,0,0,0,67301,0,0,0,N,0,0,0,1,67301,0,,6,9,,N,N,N,0,,0,0,0,0,0,,2154,0,3,0,0,0,0,0,3,4,0,3,3,,N,,,,,,,,,,,
2021069879,1030.0,3,0,1,0,0,0,0,0,0,4,0,,67,7,2021,7,39.9912,-75.1815,1019.0,6,0,0,0,0,0,1,0,0,,0,0,0,10,1,1,1,,0,39 59:28.227,,0,75 10:53.466,2,0,0,0,67301,0,0,0,N,0,0,0,3,67301,0,,1,1,,N,N,N,0,,0,1,0,3,2,,1017,1,4,0,0,0,0,0,3,4,1,4,3,3.0,N,,,,,,,,,,,
2021069752,2229.0,2,0,0,0,0,0,0,0,0,4,0,,67,7,2021,2,40.03,-75.1032,2229.0,6,0,0,0,0,0,0,0,0,,0,0,0,17,1,1,1,,0,40 01:48.146,,0,75 06:11.546,8,0,0,0,67301,0,0,0,N,0,0,0,2,67301,0,,1,99,,N,N,N,0,,0,0,0,9,9,,1745,1,2,0,0,0,1,1,3,4,0,2,3,3.0,N,,,,,,,,,,,
2021069831,2344.0,0,0,0,0,0,0,0,0,0,7,0,,67,7,2021,7,40.0585,-75.1997,2330.0,6,0,0,0,0,0,0,0,0,,0,0,0,21,3,0,0,N,0,40 03:30.470,,0,75 11:58.990,0,0,0,0,67301,0,0,0,N,0,0,0,1,67301,0,,2,9,,N,N,N,0,,0,0,1,0,0,,2130,0,1,0,0,0,0,0,3,4,0,1,7,3.0,N,,,,,,,,,,,
2021087112,408.0,2,0,0,0,0,0,0,0,0,5,0,,67,7,2021,3,39.9571,-75.2235,408.0,6,0,0,0,0,0,0,0,0,,0,0,0,4,3,0,0,N,0,39 57:25.410,,0,75 13:24.520,0,0,0,0,67301,0,0,0,N,0,0,0,1,67301,0,,6,1,,N,N,N,0,,0,0,1,0,0,,405,0,3,0,0,1,0,0,3,4,0,3,3,3.0,N,,,,,,,,,,,
2021069802,1349.0,1,0,0,0,0,0,0,0,0,1,0,,67,7,2021,3,40.0849,-75.0362,1331.0,6,0,0,0,0,0,1,0,0,,0,0,0,13,1,1,0,N,0,40 05:05.723,,0,75 02:10.413,8,0,0,0,67301,0,0,0,N,0,0,0,2,67301,0,,1,1,,N,N,N,0,,0,0,1,0,0,,1328,1,2,0,0,0,1,0,3,4,0,2,3,,N,,,,,,,,,,,
2021069915,5.0,0,0,0,1,0,1,0,0,0,4,0,,67,7,2021,6,40.0208,-75.1486,2358.0,6,0,0,0,0,0,0,0,0,,0,0,0,18,1,1,0,N,0,40 01:15.007,,0,75 08:54.997,2,0,0,0,67301,1,0,1,N,0,0,0,2,67301,0,,1,1,,N,N,N,1,,0,1,0,0,0,,1800,1,2,0,0,0,0,0,3,4,0,1,3,,N,,,,,,,,,,,
2021069801,1825.0,1,0,0,0,0,0,0,0,0,7,0,,67,7,2021,2,40.1009,-75.0072,1814.0,6,0,0,0,0,0,0,0,0,,0,0,0,18,1,1,0,N,0,40 06:03.406,,0,75 00:26.058,8,0,0,0,67301,0,0,0,N,0,0,0,1,67301,0,,3,1,,N,N,N,0,,0,0,0,0,0,,1810,1,1,0,0,0,1,0,3,4,0,1,3,,N,,,,,,,,,,,
2021069739,1600.0,0,0,0,0,0,0,0,0,0,4,0,,67,7,2021,6,40.0557,-75.0589,1555.0,6,0,1,0,0,0,1,0,0,,0,0,0,14,1,2,5,,2,40 03:20.504,6.0,0,75 03:32.090,2,0,0,0,67301,0,0,0,N,0,0,0,2,67301,0,,1,1,1845.0,N,N,Y,1,,1,1,1,3,3,Y,1420,2,2,0,0,0,0,0,3,4,0,2,3,,N,,,,,,,,,,,
2021069853,2050.0,2,0,0,0,0,0,0,0,0,5,0,,67,7,2021,7,39.9608,-75.2247,2050.0,6,0,0,0,0,0,0,0,0,,0,0,0,20,2,0,2,,0,39 57:38.878,,0,75 13:28.901,9,0,0,0,67301,0,0,0,N,0,0,0,1,67301,0,,1,9,,N,N,N,0,,0,0,0,3,2,,2040,0,2,0,0,0,0,1,3,4,0,2,3,3.0,N,,,,,,,,,,,
2021091836,2327.0,0,0,0,0,0,0,0,0,0,7,0,,67,9,2021,1,39.9815,-75.2005,2325.0,6,0,0,0,0,0,0,0,0,,1,0,0,23,3,0,0,N,0,39 58:53.354,,0,75 12:01.815,1,1,0,1,67301,0,0,0,N,0,0,0,1,67301,0,2.0,5,1,,N,N,N,0,0.0,0,0,0,0,0,,2318,0,1,0,0,0,0,0,3,4,0,1,3,3.0,N,,,,,,,,,,,
2021069758,2045.0,2,0,0,0,0,0,0,0,0,1,0,,67,7,2021,5,39.9147,-75.155,2032.0,6,0,0,0,0,0,0,0,0,,0,0,0,20,3,1,2,,0,39 54:53.150,,0,75 09:17.889,3,0,0,0,67301,0,0,0,N,0,0,0,2,67301,0,,1,1,,N,N,N,0,,1,0,0,3,2,,2031,1,2,0,0,0,0,0,3,4,0,2,3,3.0,N,,,,,,,,,,,
2021071081,1937.0,1,0,0,0,0,0,0,0,0,1,0,,67,7,2021,3,40.0085,-75.2107,1908.0,6,0,0,0,0,0,1,0,0,,0,0,0,15,1,1,1,,0,40 00:30.708,,0,75 12:38.635,4,0,0,0,67301,0,0,0,N,0,0,0,3,67301,1,,1,1,,N,N,N,0,,0,0,0,3,2,,1547,1,2,0,0,0,0,0,3,4,1,2,3,3.0,N,,,,,,,,,,,
2021070392,1732.0,1,0,0,1,0,0,0,0,0,4,0,,67,7,2021,6,39.951,-75.1774,1724.0,6,0,0,0,0,0,0,0,0,,0,0,0,17,1,1,1,,0,39 57:03.513,,0,75 10:38.483,8,0,0,0,67301,1,0,0,N,0,0,0,2,67301,0,,1,1,,N,N,N,0,,0,0,0,3,2,,1720,1,2,0,0,0,1,0,3,4,0,1,3,,N,,,,,,,,,,,
2021070448,123.0,1,0,0,0,0,0,0,0,0,4,0,,67,7,2021,6,39.9697,-75.2115,123.0,6,0,0,0,0,0,0,0,0,,0,0,0,23,3,1,1,,0,39 58:10.789,,0,75 12:41.484,3,0,0,0,67301,0,0,0,N,0,0,0,2,67301,0,,1,1,,N,N,N,0,,1,0,1,3,2,,2322,1,2,0,0,0,0,0,3,4,0,2,3,3.0,N,,,,,,,,,,,
2021090840,1428.0,0,0,0,0,0,0,0,0,0,5,1,25.0,67,9,2021,3,40.0181,-75.0477,1419.0,6,0,0,0,0,0,1,1,0,,0,1,0,14,1,1,0,N,0,40 01:05.299,,0,75 02:51.819,8,0,0,0,67301,0,0,0,N,0,0,0,2,68K01,0,,4,1,,N,N,N,0,,0,0,0,0,0,,1416,1,2,0,0,0,1,0,3,4,0,2,3,3.0,Y,4.0,1.0,Y,N,N,N,N,N,Y,Y,Y
2021070396,2338.0,1,0,0,0,0,0,0,0,0,1,0,,67,7,2021,5,39.8946,-75.2188,2335.0,6,0,0,0,0,0,0,0,0,,0,0,0,23,3,1,0,N,1,39 53:40.626,4.0,3,75 13:07.616,3,0,0,0,67301,0,0,0,N,0,0,0,4,67301,0,,1,1,5.0,N,N,N,0,,1,0,1,0,0,N,2316,1,2,0,0,0,0,0,3,4,0,2,3,3.0,N,,,,,,,,,,,
2021090257,2116.0,0,0,0,0,0,0,0,0,0,7,1,,67,9,2021,6,40.0383,-75.0105,2057.0,6,0,0,0,0,0,0,0,0,,0,1,0,20,3,1,0,N,0,40 02:18.026,,0,75 00:37.659,8,0,0,0,67301,0,0,0,N,0,0,0,1,68K01,0,,2,1,,N,N,N,0,,0,0,0,0,0,,2057,1,1,0,0,1,1,0,3,4,0,1,3,,N,,,,,,,,,,,
2021085178,2021.0,1,0,0,0,0,0,0,0,0,4,0,,67,7,2021,6,40.0322,-75.0369,2020.0,6,0,0,0,1,0,0,0,0,,0,0,0,20,3,3,1,,0,40 01:56.091,,0,75 02:12.611,3,0,0,0,67301,0,0,0,N,0,0,0,3,67301,0,,1,1,,N,N,N,0,,3,0,1,3,2,,2020,3,2,0,0,0,0,0,3,4,0,2,3,,N,,,,,,,,,,,
2021071720,32.0,1,0,0,0,0,0,0,0,0,1,0,,67,7,2021,1,39.8787,-75.2495,32.0,6,0,0,0,0,0,0,0,0,,0,0,0,0,3,0,0,N,0,39 52:43.274,,0,75 14:58.360,0,0,0,0,67301,0,0,0,N,0,0,0,4,68K01,0,,2,9,,N,N,N,0,,0,0,1,0,0,,32,0,2,0,0,0,0,0,3,4,0,2,7,,N,,,,,,,,,,,
2021092064,1937.0,2,0,0,0,0,0,0,0,0,1,0,,67,8,2021,2,39.9515,-75.1826,1927.0,6,0,0,0,0,0,0,0,0,,0,0,0,19,3,1,0,N,2,39 57:05.441,4.0,0,75 10:57.350,8,0,0,0,67301,0,0,0,N,0,0,0,3,68K01,0,,1,1,2034.0,N,N,N,0,,0,0,1,0,0,N,1923,1,3,0,0,0,1,0,3,4,0,3,3,,N,,,,,,,,,,,
2021091852,1145.0,2,0,0,0,0,0,0,0,0,4,0,,67,7,2021,6,40.0283,-75.2094,1135.0,6,0,0,0,0,0,0,1,0,,0,0,0,11,1,1,0,N,0,40 01:41.730,,7,75 12:34.010,3,0,0,0,67301,0,0,0,N,0,0,0,2,67301,0,,1,1,,N,N,N,0,,1,0,0,0,0,,1123,1,2,0,0,0,0,1,3,4,0,2,3,3.0,N,,,,,,,,,,,
2021069875,245.0,2,0,0,0,0,0,0,0,0,5,0,,67,7,2021,7,39.9723,-75.2327,245.0,6,0,0,0,0,0,0,0,0,,0,0,0,1,3,0,0,N,0,39 58:20.120,,0,75 13:57.670,0,0,0,0,67301,0,0,0,N,0,0,0,1,67301,0,,6,1,,N,N,N,0,,0,0,0,0,0,,150,0,2,0,0,0,0,0,3,4,0,2,3,3.0,N,,,,,,,,,,,
2021070465,2036.0,1,0,0,0,0,0,0,0,0,4,0,,67,7,2021,2,39.9553,-75.2319,2036.0,6,0,0,0,1,0,1,0,0,,0,0,0,20,3,0,1,,0,39 57:19.191,,0,75 13:55.012,0,0,0,0,67301,0,0,0,N,0,0,0,2,67301,0,,1,1,,N,N,Y,0,,0,0,1,3,2,,2033,0,3,0,0,0,0,0,3,4,1,3,3,3.0,N,,,,,,,,,,,
2021069889,1052.0,2,0,0,0,0,0,0,0,0,1,0,,67,7,2021,6,39.9967,-75.1153,1052.0,6,0,0,0,0,0,0,0,0,,0,0,0,10,1,1,0,N,0,39 59:48.105,,0,75 06:55.025,3,0,0,0,67301,0,0,0,N,0,0,0,4,67301,0,,1,1,,N,N,N,0,,1,0,1,0,0,,1052,1,3,0,0,0,0,0,3,4,0,3,3,,N,,,,,,,,,,,
2021069865,1125.0,2,0,0,0,0,0,0,0,0,4,0,,67,7,2021,7,39.9597,-75.2229,1125.0,6,0,0,0,0,0,0,0,1,,0,0,0,11,1,0,1,,0,39 57:34.914,,1,75 13:22.536,9,0,0,0,67301,0,0,0,N,0,0,0,2,67301,0,,1,1,,N,N,N,0,,0,0,0,3,2,,1120,0,2,0,0,0,0,1,3,4,0,2,3,3.0,N,,,,,,,,,,,
2021091197,300.0,1,0,0,0,0,0,0,0,0,5,1,,67,9,2021,2,39.9788,-75.203,245.0,6,0,0,0,0,0,0,0,0,,0,1,0,2,3,1,0,N,2,39 58:43.706,4.0,0,75 12:10.846,3,0,0,0,67301,0,0,0,N,0,0,0,3,68K01,0,,1,1,330.0,N,N,N,0,,1,0,0,0,0,N,237,1,2,0,0,0,0,0,3,4,0,2,3,3.0,N,,,,,,,,,,,
2021070405,1336.0,1,0,0,0,0,0,0,0,0,5,0,,67,7,2021,4,40.0671,-75.1581,1336.0,6,0,0,0,0,1,0,0,0,,0,0,0,13,1,1,0,N,0,40 04:01.584,,99,75 09:29.336,4,0,0,1,67301,0,0,0,N,0,0,0,2,67301,1,,6,1,,N,N,N,0,,0,0,0,0,0,,1335,1,2,0,0,0,0,0,3,4,0,2,3,,N,,,,,,,,,,,
2021069793,1510.0,1,0,0,0,0,0,0,0,0,4,0,,67,7,2021,4,39.9617,-75.1561,1504.0,6,0,0,0,0,0,2,0,0,,0,0,0,14,1,1,1,,2,39 57:41.990,1.0,0,75 09:21.963,4,0,0,0,67301,0,0,0,N,0,0,0,3,67301,1,,1,1,200.0,N,N,N,0,,0,0,1,3,2,Y,1458,1,2,0,0,0,0,0,3,4,0,2,4,,N,,,,,,,,,,,