CRN,ARRIVAL_TM,AUTOMOBILE_COUNT,BELTED_DEATH_COUNT,BELTED_SUSP_SERIOUS_INJ_COUNT,BICYCLE_COUNT,BICYCLE_DEATH_COUNT,BICYCLE_SUSP_SERIOUS_INJ_COUNT,BUS_COUNT,CHLDPAS_DEATH_COUNT,CHLDPAS_SUSP_SERIOUS_INJ_COUNT,COLLISION_TYPE,COMM_VEH_COUNT,CONS_ZONE_SPD_LIM,COUNTY,CRASH_MONTH,CRASH_YEAR,DAY_OF_WEEK,DEC_LAT,DEC_LONG,DISPATCH_TM,DISTRICT,DRIVER_COUNT_16YR,DRIVER_COUNT_17YR,DRIVER_COUNT_18YR,DRIVER_COUNT_19YR,DRIVER_COUNT_20YR,DRIVER_COUNT_50_64YR,DRIVER_COUNT_65_74YR,DRIVER_COUNT_75PLUS,EST_HRS_CLOSED,FATAL_COUNT,HEAVY_TRUCK_COUNT,HORSE_BUGGY_COUNT,HOUR_OF_DAY,ILLUMINATION,INJURY_COUNT,INTERSECT_TYPE,INTERSECTION_RELATED,LANE_CLOSED,LATITUDE,LN_CLOSE_DIR,LOCATION_TYPE,LONGITUDE,MAX_SEVERITY_LEVEL,MCYCLE_DEATH_COUNT,MCYCLE_SUSP_SERIOUS_INJ_COUNT,MOTORCYCLE_COUNT,MUNICIPALITY,NONMOTR_COUNT,NONMOTR_DEATH_COUNT,NONMOTR_SUSP_SERIOUS_INJ_COUNT,NTFY_HIWY_MAINT,PED_COUNT,PED_DEATH_COUNT,PED_SUSP_SERIOUS_INJ_COUNT,PERSON_COUNT,POLICE_AGCY,POSSIBLE_INJ_COUNT,RDWY_SURF_TYPE_CD,RELATION_TO_ROAD,ROAD_CONDITION,ROADWAY_CLEARED,SCH_BUS_IND,SCH_ZONE_IND,SECONDARY_CRASH,SMALL_TRUCK_COUNT,SPEC_JURIS_CD,SUSP_MINOR_INJ_COUNT,SUSP_SERIOUS_INJ_COUNT,SUV_COUNT,TCD_FUNC_CD,TCD_TYPE,TFC_DETOUR_IND,TIME_OF_DAY,TOT_INJ_COUNT,TOTAL_UNITS,UNB_DEATH_COUNT,UNB_SUSP_SERIOUS_INJ_COUNT,UNBELTED_OCC_COUNT,UNK_INJ_DEG_COUNT,UNK_INJ_PER_COUNT,URBAN_AREA,URBAN_RURAL,VAN_COUNT,VEHICLE_COUNT,WEATHER1,WEATHER2,WORK_ZONE_IND,WORK_ZONE_LOC,WORK_ZONE_TYPE,WORKERS_PRES,WZ_CLOSE_DETOUR,WZ_FLAGGER,WZ_LAW_OFFCR_IND,WZ_LN_CLOSURE,WZ_MOVING,WZ_OTHER,WZ_SHLDER_MDN,WZ_WORKERS_INJ_KILLED
2021069814,1920.0,0,0,0,1,0,0,0,0,0,4,0,,67,7,2021,1,39.9463,-75.1715,1920.0,6,0,0,0,0,0,0,0,0,,0,0,0,10,1,1,1,,0,39 56:46.851,,0,75 10:17.373,8,0,0,0,67301,1,0,0,N,0,0,0,2,67301,0,,1,99,,N,N,N,0,,0,0,1,3,2,,1045,1,2,0,0,0,1,0,3,4,0,1,99,,N,,,,,,,,,,,
2021070519,34.0,1,0,0,0,0,0,0,0,0,4,0,,67,7,2021,6,40.0263,-75.1172,31.0,6,0,0,1,0,0,0,0,0,,0,0,0,0,3,1,1,,0,40 01:34.539,,0,75 07:01.801,3,0,0,0,67301,0,0,0,N,0,0,0,3,67301,0,,1,1,,N,N,N,0,,1,0,1,3,2,,11,1,2,0,0,0,0,0,3,4,0,2,3,3.0,N,,,,,,,,,,,
2021092868,1452.0,1,0,0,0,0,0,0,0,0,5,1,99.0,67,8,2021,5,39.9952,-75.1978,1443.0,6,0,0,0,0,0,0,1,0,,0,1,0,14,1,2,0,N,2,39 59:42.552,4.0,0,75 11:52.044,8,0,0,0,67301,0,0,0,N,0,0,0,4,68K01,0,,1,1,1600.0,N,N,Y,0,,0,0,0,0,0,N,1440,2,3,0,0,0,2,0,3,4,1,3,3,,Y,4.0,2.0,Y,N,N,N,N,Y,N,N,N
2021069750,1258.0,1,0,0,0,0,0,0,0,0,4,0,,67,7,2021,2,40.0462,-75.103,1250.0,6,0,0,0,0,0,0,0,0,,0,0,0,12,1,1,0,N,0,40 02:46.230,,0,75 06:10.780,3,0,0,0,67301,0,0,0,N,0,0,0,2,67301,0,,1,1,,N,N,N,0,,1,0,0,0,0,,1250,1,2,0,0,0,0,0,3,4,1,2,3,3.0,N,,,,,,,,,,,
2021067640,1937.0,2,0,0,0,0,0,0,0,0,1,0,,67,7,2021,1,39.9896,-75.0876,1937.0,6,0,0,0,1,1,0,0,0,,0,0,0,19,1,0,0,N,0,39 59:22.597,,0,75 05:15.181,0,0,0,0,67301,0,0,0,N,0,0,0,2,68K01,0,,1,1,,N,N,Y,0,,0,0,0,3,8,,1925,0,2,0,0,0,0,0,3,4,0,2,3,,N,,,,,,,,,,,
2021069826,1514.0,1,0,0,0,0,0,0,0,0,1,0,,67,7,2021,5,40.0471,-75.1632,1514.0,6,0,0,1,0,0,0,0,0,,0,0,0,14,1,1,1,,0,40 02:49.491,,0,75 09:47.455,3,0,0,0,67301,0,0,0,N,0,0,0,2,67301,0,,1,1,,N,N,N,0,,1,0,1,3,2,,1452,1,2,0,0,0,0,0,3,4,0,2,3,3.0,N,,,,,,,,,,,
2021070393,1252.0,0,0,0,0,0,0,0,0,0,4,0,,67,7,2021,4,39.9308,-75.2173,1249.0,6,0,0,0,0,0,1,0,0,,0,0,0,12,1,0,1,,2,39 55:51.586,4.0,0,75 13:02.544,0,0,0,0,67301,0,0,0,N,0,0,0,2,67301,0,,1,1,1320.0,N,N,Y,0,,0,0,2,3,3,N,1245,0,2,0,0,0,0,0,3,4,0,2,3,3.0,N,,,,,,,,,,,
2021070423,2020.0,1,0,0,0,0,0,0,0,0,5,0,,67,7,2021,3,40.0351,-75.0392,2022.0,6,0,0,0,0,0,0,0,0,,0,0,0,20,3,0,0,Y,2,40 02:06.319,7.0,0,75 02:20.968,0,0,0,0,67301,0,0,0,N,0,0,0,3,67301,0,,1,1,100.0,N,N,N,0,,0,0,1,3,2,Y,2019,0,3,0,0,0,0,0,3,4,1,3,3,3.0,N,,,,,,,,,,,
2021069848,1658.0,1,0,0,0,0,0,0,0,0,3,0,,67,7,2021,7,40.0295,-75.0538,1638.0,6,0,0,0,0,0,1,0,0,,0,0,0,14,1,2,0,N,0,40 01:46.200,,7,75 03:13.600,3,0,0,0,67301,0,0,0,N,0,0,0,2,67301,1,,1,1,,N,N,N,0,,1,0,1,0,0,,1448,2,2,0,0,0,0,0,3,4,0,2,3,3.0,N,,,,,,,,,,,
2021070472,1011.0,1,0,0,0,0,0,0,0,0,1,0,,67,7,2021,4,39.9814,-75.2233,1000.0,6,0,0,0,0,0,0,0,0,,0,0,0,9,1,1,0,N,0,39 58:53.102,,0,75 13:23.865,3,0,0,0,67301,2,0,0,N,0,0,0,3,67301,0,,6,1,,N,N,N,0,,1,0,0,0,0,,956,1,2,0,0,0,0,0,3,4,1,2,3,3.0,N,,,,,,,,,,,
2021070425,713.0,1,0,0,0,0,0,0,0,0,4,0,,67,7,2021,5,40.0353,-75.0597,710.0,6,0,0,0,0,0,0,0,0,,0,0,0,6,1,1,1,,0,40 02:07.105,,0,75 03:35.089,3,0,0,0,67301,0,0,0,N,0,0,0,2,67301,0,,1,1,,N,N,N,1,,1,0,0,3,3,,620,1,2,0,0,0,0,1,3,4,0,2,3,3.0,N,,,,,,,,,,,
2021097482,1451.0,0,0,0,0,0,0,0,0,0,1,0,,67,10,2021,1,39.9585,-75.1682,1440.0,6,0,0,0,0,0,0,0,0,,0,0,0,14,1,0,0,N,0,39 57:30.762,,0,75 10:05.419,0,0,0,0,67301,0,0,0,N,0,0,0,5,68K01,0,,1,1,,N,N,N,0,,0,0,2,0,0,,1436,0,2,0,0,0,0,0,3,4,0,2,3,,N,,,,,,,,,,,
2021090536,1830.0,2,0,0,0,0,0,0,0,0,4,0,,67,9,2021,7,40.0039,-75.1492,1830.0,6,0,0,0,0,0,0,0,0,,0,0,0,18,1,1,1,N,0,40 00:14.108,,0,75 08:57.073,8,0,0,0,67301,0,0,0,N,0,0,0,3,67505,0,,1,1,,N,N,N,0,,0,0,0,3,2,N,1830,1,2,0,0,0,1,0,3,4,0,2,3,,N,,,,,,,,,,,
2021069803,930.0,1,0,0,0,0,0,0,0,0,4,0,,67,7,2021,7,40.0564,-75.019,925.0,6,0,0,0,0,0,0,0,1,,0,0,0,6,1,1,1,,0,40 03:23.021,,0,75 01:08.349,3,0,0,0,67301,0,0,0,N,0,0,0,2,67301,0,,1,1,,N,N,N,0,,1,0,1,3,2,,650,1,2,0,0,0,0,0,3,4,0,2,3,3.0,N,,,,,,,,,,,
2021069737,2038.0,1,0,0,0,0,0,0,0,0,4,0,,67,7,2021,5,40.0614,-75.0839,2037.0,6,0,0,1,0,1,0,0,0,,0,0,0,20,3,1,1,,0,40 03:41.185,,0,75 05:01.882,3,0,0,0,67301,0,0,0,N,0,0,0,3,67301,0,,1,1,,N,N,N,0,,1,0,1,3,2,,2016,1,2,0,0,0,0,0,3,4,0,2,3,3.0,N,,,,,,,,,,,
2021070398,2247.0,1,0,0,0,0,0,0,0,0,8,0,,67,7,2021,6,39.9129,-75.2438,2244.0,6,0,0,0,0,0,0,0,0,,0,0,0,22,3,1,0,N,0,39 54:46.300,,0,75 14:37.600,3,0,0,0,67301,1,0,0,N,1,0,0,2,67301,0,,1,1,,N,N,N,0,,1,0,0,0,0,,2240,1,2,0,0,0,0,0,3,4,0,1,3,3.0,N,,,,,,,,,,,
2021069928,27.0,1,0,0,0,0,0,0,0,0,1,0,,67,7,2021,2,40.022,-75.1774,18.0,6,0,0,0,0,0,0,0,0,,0,0,0,0,3,1,0,N,0,40 01:19.124,,0,75 10:38.799,3,0,0,0,67301,0,0,0,N,0,0,0,4,67301,0,,1,1,,N,N,N,0,,1,0,1,0,0,,17,1,2,0,0,0,0,0,3,4,0,2,3,3.0,N,,,,,,,,,,,
2021092075,2302.0,1,0,0,0,0,0,0,0,0,5,0,,67,9,2021,2,40.0115,-75.0607,2252.0,6,0,0,0,0,0,1,0,0,,0,0,0,22,3,1,0,N,1,40 00:41.508,1.0,0,75 03:38.418,8,0,0,0,67301,0,0,0,N,0,0,0,3,68K01,0,,1,1,2330.0,N,N,N,0,,0,0,1,0,0,N,2245,1,2,0,0,0,1,0,3,4,0,2,3,,N,,,,,,,,,,,
2021066669,2008.0,0,0,0,0,0,0,0,0,0,5,0,,67,7,2021,5,40.0232,-75.0341,1957.0,6,0,0,0,0,0,0,0,0,,0,0,0,19,3,3,0,N,1,40 01:23.695,1.0,3,75 02:02.771,8,0,0,0,67301,0,0,0,N,0,0,0,8,68K01,0,,1,1,2015.0,N,N,N,0,,0,0,2,0,0,N,1952,3,2,0,0,0,3,0,3,4,0,2,4,4.0,N,,,,,,,,,,,
2021070533,953.0,1,0,0,0,0,0,0,0,0,4,0,,67,7,2021,7,40.0294,-75.1534,953.0,6,0,0,0,0,0,0,0,0,,0,0,0,9,1,0,2,,1,40 01:45.976,2.0,0,75 09:12.164,0,0,0,0,67301,0,0,0,N,0,0,0,2,67301,0,,1,1,1030.0,N,N,N,0,,0,0,1,0,0,Y,950,0,2,0,0,0,0,0,3,4,0,2,3,3.0,N,,,,,,,,,,,
2021069797,2021.0,1,0,0,0,0,0,0,0,0,4,0,,67,7,2021,6,40.091,-75.0327,2019.0,6,0,0,1,1,0,0,0,0,,0,0,0,20,4,1,2,,0,40 05:27.547,,0,75 01:57.615,2,0,1,1,67301,0,0,0,N,0,0,0,3,67301,0,,1,1,,N,N,N,0,,0,1,0,3,2,,2018,1,2,0,0,0,0,0,3,4,0,2,3,3.0,N,,,,,,,,,,,
2021070517,1825.0,1,0,0,0,0,0,0,0,0,1,0,,67,7,2021,3,40.0132,-75.1503,1813.0,6,0,0,0,0,0,1,0,0,,0,0,0,16,1,1,0,N,0,40 00:47.603,,0,75 09:00.964,3,0,0,0,67301,0,0,0,N,0,0,0,3,67301,0,,1,1,,N,N,N,1,,1,0,0,0,0,,1640,1,2,0,0,0,0,1,3,4,0,2,3,3.0,N,,,,,,,,,,,
2021092065,2153.0,1,0,0,0,0,0,0,0,0,7,0,,67,8,2021,3,39.9885,-75.0887,2140.0,6,0,0,0,0,1,0,0,0,,0,0,0,21,3,0,0,N,1,39 59:18.499,2.0,0,75 05:19.198,0,0,0,0,67301,0,0,0,N,0,0,0,1,68K01,0,,4,1,2210.0,N,N,N,0,,0,0,0,0,0,N,2138,0,1,0,0,0,0,0,3,4,0,1,3,,N,,,,,,,,,,,
2021092872,1722.0,1,0,0,0,0,0,0,0,0,5,0,,67,9,2021,5,39.8991,-75.1684,1714.0,6,0,0,0,0,0,0,0,0,,0,0,0,17,1,0,0,N,0,39 53:56.582,,0,75 10:06.186,0,0,0,0,67301,0,0,0,N,0,0,0,2,68K01,0,,1,1,,N,N,N,1,,0,0,0,0,0,,1712,0,2,0,0,0,0,0,3,4,0,2,3,,N,,,,,,,,,,,
2021070470,135.0,2,0,0,0,0,0,0,0,0,1,0,,67,7,2021,3,39.9794,-75.2253,135.0,6,0,0,0,0,0,1,0,0,,0,0,0,1,3,1,1,,0,39 58:45.886,,0,75 13:31.197,3,0,0,0,67301,0,0,0,N,0,0,0,2,67301,0,,1,1,,N,N,N,0,,1,0,0,3,2,,118,1,2,0,0,0,0,0,3,4,0,2,3,3.0,N,,,,,,,,,,,
2021070477,2240.0,0,0,0,0,0,0,0,0,0,8,0,,67,7,2021,4,39.98,-75.1759,2235.0,6,0,0,0,0,0,0,0,0,,0,0,0,22,3,1,1,,0,39 58:48.151,,0,75 10:33.128,3,0,0,0,67301,1,0,0,N,1,0,0,4,67301,0,,1,1,,N,N,N,0,,1,0,0,3,3,,2230,1,2,0,0,0,0,0,3,4,1,1,3,3.0,N,,,,,,,,,,,
2021070406,1701.0,1,0,0,0,0,0,0,0,0,4,0,,67,7,2021,5,40.0656,-75.149,1701.0,6,0,0,0,0,0,2,0,0,,0,0,0,16,1,1,1,,0,40 03:56.300,,0,75 08:56.360,3,0,0,0,67301,0,0,0,N,0,0,0,2,67301,0,,1,1,,N,N,N,0,,1,0,1,3,3,,1656,1,2,0,0,0,0,0,3,4,0,2,3,3.0,N,,,,,,,,,,,
2021070481,2100.0,1,0,0,0,0,0,0,0,0,4,0,,67,7,2021,5,39.9913,-75.1708,2054.0,6,0,0,0,0,0,0,0,0,,0,0,0,15,1,0,1,,0,39 59:28.806,,0,75 10:14.854,0,0,0,0,67301,0,0,0,N,0,0,0,2,67301,0,,1,1,,N,N,N,0,,0,0,1,3,2,,1500,0,2,0,0,1,0,0,3,4,0,2,3,4.0,N,,,,,,,,,,,
2021090693,2230.0,1,0,0,0,0,0,0,0,0,7,0,,67,8,2021,4,40.0413,-75.0044,2211.0,6,0,0,0,0,0,0,0,0,,0,0,0,21,3,0,0,N,1,40 02:28.803,1.0,0,75 00:15.964,9,0,0,0,67301,0,0,0,N,0,0,0,1,68K01,0,,4,9,2245.0,N,N,N,0,,0,0,0,0,0,N,2155,0,1,0,0,1,0,1,3,4,0,1,7,,N,,,,,,,,,,,
2021070504,1525.0,0,0,0,0,0,0,0,0,0,8,0,,67,7,2021,6,39.9897,-75.1073,1520.0,6,0,0,0,0,0,0,0,0,,0,0,0,15,1,1,1,,0,39 59:22.742,,0,75 06:26.442,3,0,0,0,67301,1,0,0,N,1,0,0,2,67301,0,,1,1,,N,N,N,0,,1,0,1,3,2,,1520,1,2,0,0,0,0,0,3,4,0,1,3,3.0,N,,,,,,,,,,,
2021097879,40.0,0,0,0,0,0,0,0,0,0,7,0,,67,10,2021,7,40.0077,-75.2018,34.0,6,0,0,0,0,0,0,0,0,,0,0,0,0,3,1,7,N,2,40 00:27.893,3.0,0,75 12:06.440,3,0,0,0,67301,0,0,0,Y,0,0,0,1,68K01,0,,2,1,113.0,N,N,N,1,,1,0,0,0,0,Y,32,1,1,0,0,0,0,0,3,4,0,1,3,,N,,,,,,,,,,,
2021097442,449.0,1,0,0,0,0,0,0,0,0,7,0,,67,9,2021,1,40.0269,-75.0256,447.0,6,0,0,0,0,1,0,0,0,,0,0,0,4,3,1,0,N,0,40 01:36.964,,0,75 01:32.053,8,0,0,0,67301,0,0,0,N,0,0,0,1,68K01,0,,4,1,,N,N,N,0,,0,0,0,0,0,,439,1,1,0,0,0,1,0,3,4,0,1,3,,N,,,,,,,,,,,
2021069819,854.0,0,0,0,0,0,0,0,0,0,6,0,,67,7,2021,7,39.9217,-75.231,854.0,6,0,0,0,0,0,0,0,0,,0,0,0,8,1,0,0,N,0,39 55:18.117,,0,75 13:51.754,0,0,0,0,67301,0,0,0,N,0,0,0,1,67301,0,,6,1,,N,N,N,0,,0,0,3,0,0,,840,0,3,0,0,0,0,0,3,4,0,3,3,3.0,N,,,,,,,,,,,
2021071077,2139.0,1,0,0,0,0,0,0,0,0,4,0,,67,7,2021,7,39.9942,-75.2355,2139.0,6,0,0,0,0,0,2,0,0,,0,0,0,21,3,1,2,,0,39 59:39.037,,0,75 14:07.652,3,0,0,0,67301,0,0,0,N,0,0,0,2,67301,0,,1,1,,N,N,N,0,,1,0,1,0,0,,2139,1,2,0,0,0,0,0,3,4,0,2,3,3.0,N,,,,,,,,,,,
2021069829,1739.0,1,0,0,0,0,0,0,0,0,1,0,,67,7,2021,7,40.061,-75.1809,1739.0,6,0,0,0,0,0,0,0,0,,0,0,0,17,1,0,0,N,0,40 03:39.570,,0,75 10:51.070,0,0,0,0,67301,0,0,0,N,0,0,0,1,67301,0,,6,1,,N,N,N,0,,0,0,2,0,0,,1739,0,3,0,0,0,0,0,3,4,0,3,3,3.0,N,,,,,,,,,,,
2021070362,838.0,0,0,0,0,0,0,0,0,0,5,0,,67,7,2021,5,39.9201,-75.1561,837.0,6,0,0,0,0,0,0,1,0,,0,0,0,8,1,0,0,N,0,39 55:12.300,,0,75 09:21.800,0,0,0,0,67301,0,0,0,N,0,0,0,1,67301,0,,6,1,,N,N,N,0,,0,0,1,0,0,,833,0,2,0,0,0,0,0,3,4,1,2,3,,N,,,,,,,,,,,
2021092202,417.0,0,0,0,0,0,0,0,0,0,4,1,,67,9,2021,4,39.9891,-75.0896,407.0,6,0,0,0,0,0,1,0,0,,0,1,0,4,3,0,1,,1,39 59:20.627,2.0,0,75 05:22.626,0,0,0,0,67301,0,0,0,N,0,0,0,2,67301,0,,1,1,445.0,N,N,N,0,,0,0,1,3,2,N,401,0,2,0,0,0,0,0,3,4,0,2,3,3.0,N,,,,,,,,,,,
2021070373,137.0,1,0,0,0,0,0,0,0,0,1,0,99.0,67,7,2021,4,39.9502,-75.1407,137.0,6,0,0,0,0,0,0,0,0,,0,0,0,1,3,1,0,N,1,39 57:00.583,1.0,0,75 08:26.494,4,0,0,0,67301,0,0,0,N,0,0,0,2,67301,1,,1,1,115.0,N,N,N,1,,0,0,0,3,2,N,100,1,2,0,0,1,0,0,3,4,0,2,3,3.0,Y,4.0,1.0,U,,,U,Y,,,,N
2021092177,1554.0,0,0,0,0,0,0,0,0,0,7,1,,67,9,2021,2,40.0141,-75.1998,1538.0,6,0,0,0,0,0,0,1,0,,0,1,0,14,1,0,0,N,2,40 00:50.680,3.0,0,75 11:59.440,0,0,0,0,67301,0,0,0,N,0,0,0,1,67301,0,,5,1,1900.0,N,N,N,0,,0,0,0,0,0,Y,1442,0,1,0,0,0,0,0,3,4,0,1,3,3.0,N,,,,,,,,,,,
2021069849,302.0,4,0,0,0,0,0,0,0,0,1,0,,67,7,2021,2,40.0241,-75.0491,247.0,6,0,0,0,0,1,0,0,0,,0,0,0,2,3,1,0,N,0,40 01:26.690,,0,75 02:56.640,3,0,0,0,67301,0,0,0,N,0,0,0,3,67301,0,,1,1,,N,N,N,0,,1,0,0,0,0,,231,1,5,0,0,0,0,0,3,4,0,5,3,3.0,N,,,,,,,,,,,
2021073724,1444.0,0,0,0,0,0,0,0,0,0,1,0,,67,7,2021,2,39.9583,-75.1655,1435.0,6,0,0,0,0,0,1,1,0,,0,0,0,14,1,1,0,N,0,39 57:30.001,,0,75 09:55.738,8,0,0,1,67301,0,0,0,N,0,0,0,2,68K01,0,,1,1,,N,N,N,0,,0,0,1,0,0,,1434,1,2,0,0,0,1,0,3,4,0,2,3,,N,,,,,,,,,,,
2021072645,530.0,2,0,0,0,0,0,0,0,0,5,0,,67,7,2021,1,40.0101,-75.1424,525.0,6,0,0,0,0,0,0,0,0,,0,0,0,5,3,0,0,N,0,40 00:36.360,,0,75 08:32.530,0,0,0,0,67301,0,0,0,N,0,0,0,1,67301,0,,6,1,,N,N,N,0,,0,0,1,0,0,,520,0,3,0,0,0,0,0,3,4,0,3,3,,N,,,,,,,,,,,
2021090567,1636.0,2,0,0,0,0,0,0,0,0,1,0,,67,9,2021,6,39.9275,-75.1465,1632.0,6,0,0,0,0,0,0,1,0,,0,0,0,16,1,2,0,N,0,39 55:38.853,,0,75 08:47.300,8,0,0,0,67301,0,0,0,N,0,0,0,4,68K01,0,,1,1,,N,N,N,0,,0,0,1,0,0,,1630,2,3,0,0,0,2,0,3,4,0,3,3,3.0,N,,,,,,,,,,,
2021091200,408.0,0,0,0,0,0,0,0,0,0,7,0,,67,9,2021,3,39.9706,-75.1245,408.0,6,0,0,0,0,0,0,0,0,,0,1,0,4,3,0,0,N,2,39 58:14.072,1.0,0,75 07:28.253,0,0,0,0,67301,0,0,0,Y,0,0,0,1,68K01,0,,4,1,630.0,N,N,N,0,,0,0,0,0,0,N,408,0,1,0,0,0,0,0,3,4,0,1,3,3.0,N,,,,,,,,,,,
2021070536,1321.0,2,0,0,0,0,0,0,0,0,4,0,,67,7,2021,3,40.0453,-75.1256,1321.0,6,0,0,0,0,0,0,0,0,,0,0,0,11,1,0,1,,0,40 02:42.955,,0,75 07:32.224,0,0,0,0,67301,0,0,0,N,0,0,0,2,67301,0,,1,99,,N,N,N,0,,0,0,0,3,2,,1152,0,2,0,0,0,0,0,3,4,0,2,99,,N,,,,,,,,,,,
2021090326,229.0,2,0,0,0,0,0,0,0,0,4,0,,67,9,2021,7,39.9787,-75.1578,229.0,6,0,0,1,0,0,0,0,0,,0,0,0,2,3,0,1,,1,39 58:43.230,3.0,0,75 09:28.092,0,0,0,0,67301,0,0,0,N,0,0,0,2,67505,0,,1,1,300.0,N,N,N,0,,0,0,0,3,2,Y,229,0,2,0,0,0,0,0,3,4,0,2,3,,N,,,,,,,,,,,
2021092736,36.0,1,0,0,0,0,0,0,0,0,4,1,,67,9,2021,1,39.9584,-75.1671,36.0,6,0,0,0,0,0,1,0,0,,0,1,0,0,3,0,0,N,0,39 57:30.319,,0,75 10:01.702,0,0,0,0,67301,0,0,0,N,0,0,0,2,68K01,0,,1,1,,N,N,N,0,,0,0,0,0,0,,36,0,2,0,0,0,0,0,3,4,0,2,3,,N,,,,,,,,,,,
2021069730,1935.0,0,0,0,0,0,0,0,0,0,4,0,,67,7,2021,1,39.9217,-75.1907,1929.0,6,0,0,0,0,0,1,0,0,,0,0,0,19,1,0,3,,1,39 55:18.166,3.0,2,75 11:26.680,0,0,0,0,67301,0,0,0,N,0,0,0,4,67301,0,,1,1,2100.0,N,N,N,0,,0,0,1,3,2,N,1915,0,2,0,0,0,0,0,3,4,1,2,3,4.0,N,,,,,,,,,,,
2021069914,1844.0,2,0,0,0,0,0,0,0,0,2,0,,67,7,2021,6,40.0302,-75.1185,1844.0,6,0,0,0,0,0,1,0,0,,0,0,0,15,1,1,1,,0,40 01:48.734,,99,75 07:06.449,3,0,0,0,67301,0,0,0,N,0,0,0,2,67301,0,,1,1,,N,N,N,0,,1,0,0,3,2,,1527,1,2,0,0,0,0,0,3,4,0,2,3,3.0,N,,,,,,,,,,,
2021092713,2341.0,1,0,0,0,0,0,0,0,0,7,0,,67,9,2021,4,39.9601,-75.18,2329.0,6,0,0,0,1,0,0,0,0,,0,0,0,23,3,0,0,N,0,39 57:36.495,,0,75 10:48.031,0,0,0,0,67301,0,0,0,N,0,0,0,1,68K01,0,,2,9,,N,N,N,0,,0,0,0,0,0,,2328,0,1,0,0,0,0,0,3,4,0,1,7,,N,,,,,,,,,,,
2021072969,1900.0,0,0,0,0,0,0,0,0,0,2,0,,67,8,2021,4,40.012,-75.1359,1900.0,6,0,0,0,0,0,0,0,0,,0,0,0,18,1,1,1,N,0,40 00:43.119,,0,75 08:09.074,3,0,0,0,67301,0,0,0,N,0,0,0,1,67301,0,,4,1,,N,N,N,1,,1,0,3,3,2,,1830,1,4,0,0,0,0,0,3,4,0,4,3,4.0,N,,,,,,,,,,,
2021097229,800.0,2,0,0,0,0,0,0,0,0,4,0,,67,10,2021,3,40.0047,-75.1521,751.0,6,0,0,1,0,0,0,0,0,,0,0,0,7,1,0,1,,0,40 00:16.847,,99,75 09:07.652,9,0,0,0,67301,0,0,0,N,0,0,0,2,67505,0,,1,1,,N,N,N,0,,0,0,0,3,2,,751,0,2,0,0,0,0,2,3,4,0,2,3,3.0,N,,,,,,,,,,,
2021097559,201.0,1,0,0,0,0,0,0,0,0,4,0,,67,10,2021,6,39.9946,-75.0945,158.0,6,0,0,0,0,0,0,0,0,,0,0,0,1,3,1,1,,0,39 59:40.673,,0,75 05:40.311,8,0,0,0,67301,0,0,0,N,0,0,0,1,67301,0,,1,1,,N,N,N,1,,0,0,0,3,2,,157,1,2,0,0,0,1,0,3,4,0,2,3,3.0,N,,,,,,,,,,,
2021070503,1210.0,1,0,0,0,0,0,0,0,0,6,0,,67,7,2021,6,39.9911,-75.1231,1200.0,6,0,0,0,0,0,0,0,0,,0,0,0,11,1,1,0,N,2,39 59:27.960,5.0,1,75 07:23.270,3,0,0,0,67301,2,0,0,N,0,0,0,3,67301,0,,6,1,1240.0,N,N,N,1,,1,0,1,0,0,Y,1150,1,3,0,0,0,0,0,3,4,0,3,3,3.0,N,,,,,,,,,,,
2021070322,1816.0,2,0,0,0,0,0,0,0,0,4,0,,67,7,2021,5,39.9219,-75.1888,1814.0,6,0,0,0,0,0,0,0,0,,0,0,0,18,1,2,2,,0,39 55:19.017,,0,75 11:19.719,3,0,0,0,67301,0,0,0,N,0,0,0,2,67301,0,,1,1,,N,N,N,0,,2,0,0,3,2,,1805,2,2,0,0,0,0,0,3,4,0,2,3,3.0,N,,,,,,,,,,,
2021069800,1700.0,2,0,0,0,0,0,0,0,0,5,0,,67,7,2021,2,40.0724,-75.0447,1650.0,6,0,0,0,0,0,0,0,0,,0,0,0,16,1,0,0,Y,0,40 04:20.690,,0,75 02:40.840,0,0,0,0,67301,0,0,0,N,0,0,0,1,67301,0,,6,1,,N,N,N,0,,0,0,0,0,0,,1645,0,2,0,0,1,0,0,3,4,0,2,3,3.0,N,,,,,,,,,,,
2021071079,1258.0,2,0,0,0,0,0,0,0,0,4,0,,67,7,2021,2,39.9738,-75.2452,1258.0,6,0,0,0,0,0,1,0,0,,0,0,0,12,1,0,1,,0,39 58:25.565,,0,75 14:43.057,0,0,0,0,67301,0,0,0,N,0,0,0,2,67301,0,,1,1,,N,N,N,0,,0,0,0,3,2,,1258,0,2,0,0,0,0,0,3,4,0,2,3,3.0,N,,,,,,,,,,,
2021069740,815.0,1,0,0,0,0,0,0,0,0,4,0,,67,7,2021,7,40.0446,-75.0547,800.0,6,0,0,0,0,0,1,0,0,,0,0,0,7,1,1,1,,0,40 02:40.636,,0,75 03:16.819,3,0,0,0,67301,0,0,0,N,0,0,0,2,67301,0,,1,1,,N,N,N,0,,1,0,0,3,2,,734,1,2,0,0,0,0,0,3,4,1,2,3,3.0,N,,,,,,,,,,,