CRN,ARRIVAL_TM,AUTOMOBILE_COUNT,BELTED_DEATH_COUNT,BELTED_SUSP_SERIOUS_INJ_COUNT,BICYCLE_COUNT,BICYCLE_DEATH_COUNT,BICYCLE_SUSP_SERIOUS_INJ_COUNT,BUS_COUNT,CHLDPAS_DEATH_COUNT,CHLDPAS_SUSP_SERIOUS_INJ_COUNT,COLLISION_TYPE,COMM_VEH_COUNT,CONS_ZONE_SPD_LIM,COUNTY,CRASH_MONTH,CRASH_YEAR,DAY_OF_WEEK,DEC_LAT,DEC_LONG,DISPATCH_TM,DISTRICT,DRIVER_COUNT_16YR,DRIVER_COUNT_17YR,DRIVER_COUNT_18YR,DRIVER_COUNT_19YR,DRIVER_COUNT_20YR,DRIVER_COUNT_50_64YR,DRIVER_COUNT_65_74YR,DRIVER_COUNT_75PLUS,EST_HRS_CLOSED,FATAL_COUNT,HEAVY_TRUCK_COUNT,HORSE_BUGGY_COUNT,HOUR_OF_DAY,ILLUMINATION,INJURY_COUNT,INTERSECT_TYPE,INTERSECTION_RELATED,LANE_CLOSED,LATITUDE,LN_CLOSE_DIR,LOCATION_TYPE,LONGITUDE,MAX_SEVERITY_LEVEL,MCYCLE_DEATH_COUNT,MCYCLE_SUSP_SERIOUS_INJ_COUNT,MOTORCYCLE_COUNT,MUNICIPALITY,NONMOTR_COUNT,NONMOTR_DEATH_COUNT,NONMOTR_SUSP_SERIOUS_INJ_COUNT,NTFY_HIWY_MAINT,PED_COUNT,PED_DEATH_COUNT,PED_SUSP_SERIOUS_INJ_COUNT,PERSON_COUNT,POLICE_AGCY,POSSIBLE_INJ_COUNT,RDWY_SURF_TYPE_CD,RELATION_TO_ROAD,ROAD_CONDITION,ROADWAY_CLEARED,SCH_BUS_IND,SCH_ZONE_IND,SECONDARY_CRASH,SMALL_TRUCK_COUNT,SPEC_JURIS_CD,SUSP_MINOR_INJ_COUNT,SUSP_SERIOUS_INJ_COUNT,SUV_COUNT,TCD_FUNC_CD,TCD_TYPE,TFC_DETOUR_IND,TIME_OF_DAY,TOT_INJ_COUNT,TOTAL_UNITS,UNB_DEATH_COUNT,UNB_SUSP_SERIOUS_INJ_COUNT,UNBELTED_OCC_COUNT,UNK_INJ_DEG_COUNT,UNK_INJ_PER_COUNT,URBAN_AREA,URBAN_RURAL,VAN_COUNT,VEHICLE_COUNT,WEATHER1,WEATHER2,WORK_ZONE_IND,WORK_ZONE_LOC,WORK_ZONE_TYPE,WORKERS_PRES,WZ_CLOSE_DETOUR,WZ_FLAGGER,WZ_LAW_OFFCR_IND,WZ_LN_CLOSURE,WZ_MOVING,WZ_OTHER,WZ_SHLDER_MDN,WZ_WORKERS_INJ_KILLED
2021085090,737.0,3,0,0,0,0,0,0,0,0,2,1,,67,8,2021,6,39.9347,-75.1917,737.0,6,0,0,0,0,0,0,0,0,,0,1,0,7,5,1,0,N,0,39 56:05.070,,0,75 11:30.040,4,0,0,0,67301,1,0,0,N,0,0,0,2,67301,1,,1,1,,N,N,N,0,,0,0,2,0,0,,733,1,6,0,0,1,0,0,3,4,0,6,3,,N,,,,,,,,,,,
2021058644,1545.0,2,0,0,0,0,0,0,0,0,1,0,,67,6,2021,3,39.9112,-75.1928,1530.0,6,0,0,0,0,0,0,0,0,,0,0,0,14,1,1,0,N,0,39 54:40.498,,0,75 11:34.136,8,0,0,0,67301,0,0,0,N,0,0,0,4,67301,0,,1,9,,N,N,N,1,,0,0,0,0,0,,1420,1,4,0,0,0,1,0,3,4,1,4,7,4.0,N,,,,,,,,,,,
2021071080,1546.0,2,0,0,0,0,0,0,0,0,1,0,,67,7,2021,3,39.9721,-75.2341,1546.0,6,0,0,0,0,0,1,0,0,,0,0,0,15,1,0,0,N,0,39 58:19.440,,0,75 14:02.840,0,0,0,0,67301,0,0,0,N,0,0,0,1,67301,0,,1,1,,N,N,N,0,,0,0,0,0,0,,1546,0,3,0,0,1,0,0,3,4,1,3,3,,N,,,,,,,,,,,
2021092687,1945.0,3,0,0,0,0,0,0,0,0,2,0,,67,9,2021,5,39.9844,-75.2032,1942.0,6,0,0,0,0,0,0,0,0,,0,0,0,19,3,3,0,N,2,39 59:03.756,2.0,0,75 12:11.381,3,0,0,0,67301,0,0,0,N,0,0,0,4,67301,1,,1,1,2100.0,N,N,N,0,,2,0,0,0,0,N,1940,3,3,0,0,0,0,0,3,4,0,3,3,3.0,N,,,,,,,,,,,
2021070478,415.0,2,0,0,0,0,0,0,0,0,1,0,,67,7,2021,5,39.9892,-75.1589,407.0,6,0,0,0,0,0,0,0,0,,0,0,0,4,3,0,0,N,0,39 59:21.070,,0,75 09:32.130,0,0,0,0,67301,0,0,0,N,0,0,0,3,67301,0,,1,1,,N,N,N,0,,0,0,0,0,0,,400,0,2,0,0,2,0,0,3,4,0,2,3,,N,,,,,,,,,,,
2021069761,950.0,0,0,0,0,0,0,0,0,0,5,0,,67,7,2021,6,40.0339,-75.234,940.0,6,0,0,0,0,0,0,0,0,,0,0,0,9,1,1,2,,1,40 02:02.018,5.0,0,75 14:02.385,8,0,0,0,67301,0,0,0,N,0,0,0,3,67301,0,,1,1,15.0,N,N,N,1,,0,0,1,3,3,N,930,1,2,0,0,0,1,0,3,4,0,2,3,3.0,N,,,,,,,,,,,
2021069912,1010.0,2,0,0,0,0,0,0,0,0,1,0,,67,7,2021,5,40.0546,-75.125,1010.0,6,0,0,0,0,0,0,0,0,,0,0,0,13,1,4,1,,0,40 03:16.716,,0,75 07:29.987,4,0,0,0,67301,0,0,0,N,0,0,0,6,67301,4,,1,99,,N,N,N,0,,0,0,1,3,2,,1305,4,3,0,0,6,0,2,3,4,0,3,99,,N,,,,,,,,,,,
2021069869,241.0,2,0,0,0,0,0,0,0,0,5,0,,67,7,2021,1,39.9505,-75.2462,239.0,6,0,0,0,0,0,0,0,0,,0,0,0,2,3,0,0,N,0,39 57:01.900,,0,75 14:46.210,0,0,0,0,67301,0,0,0,N,0,0,0,2,67301,0,,1,9,,N,N,N,0,,0,0,1,0,0,,238,0,3,0,0,0,0,0,3,4,0,3,7,,N,,,,,,,,,,,
2021066440,2340.0,2,0,0,0,0,0,0,0,0,4,0,,67,7,2021,7,39.9776,-75.1607,2335.0,6,0,0,0,0,0,0,0,0,,0,0,0,23,3,0,1,,1,39 58:39.385,7.0,0,75 09:38.355,0,0,0,0,67301,0,0,0,N,0,0,0,5,67505,0,,1,9,20.0,N,N,N,0,,0,0,0,3,3,N,2325,0,2,0,0,0,0,0,3,4,0,2,7,,N,,,,,,,,,,,
2021069895,422.0,1,0,0,0,0,0,0,0,0,7,0,,67,7,2021,5,39.9888,-75.1273,421.0,6,0,0,0,0,0,0,0,0,,0,0,0,4,3,0,5,,0,39 59:19.762,,1,75 07:38.262,9,0,0,0,67301,0,0,0,N,0,0,0,1,67301,0,,4,1,,N,N,N,0,,0,0,0,3,1,,421,0,1,0,0,0,0,1,3,4,0,1,3,3.0,N,,,,,,,,,,,
2021069901,110.0,3,0,0,0,0,0,0,0,0,5,0,,67,7,2021,7,39.9801,-75.1231,59.0,6,0,0,0,0,0,0,0,0,,0,0,0,22,3,0,0,N,0,39 58:48.320,,0,75 07:23.070,0,0,0,0,67301,0,0,0,N,0,0,0,1,67301,0,,6,9,,N,N,N,0,,0,0,1,0,0,,2245,0,5,0,0,0,0,0,3,4,1,5,7,,N,,,,,,,,,,,
2021090680,1530.0,1,0,0,0,0,0,1,0,0,5,1,,67,9,2021,4,40.0086,-75.1506,1530.0,6,0,0,0,0,0,1,0,0,,0,0,0,17,1,1,0,N,0,40 00:30.783,,0,75 09:02.201,4,0,0,0,67301,0,0,0,N,0,0,0,2,67301,1,,1,99,,N,N,N,0,,0,0,0,0,0,,1720,1,2,0,0,1,0,1,3,4,0,2,99,,N,,,,,,,,,,,
2021090499,400.0,2,0,0,0,0,0,0,0,0,1,0,,67,6,2021,6,40.0568,-75.047,355.0,6,0,0,0,0,0,1,0,0,,0,0,0,3,3,2,1,,1,40 03:24.532,2.0,0,75 02:49.228,3,0,0,0,67301,0,0,0,N,0,0,0,4,67301,1,,1,1,430.0,N,N,N,1,,1,0,0,3,2,N,352,2,3,0,0,0,0,0,3,4,0,3,3,3.0,N,,,,,,,,,,,
2021092255,212.0,1,0,0,0,0,0,0,0,0,7,0,,67,9,2021,5,39.904,-75.2401,211.0,6,0,0,0,0,0,0,0,0,,0,0,0,2,3,0,1,,0,39 54:14.619,,0,75 14:25.049,0,0,0,0,67301,0,0,0,N,0,0,0,1,67301,0,,3,1,,N,N,N,0,,0,0,0,3,2,,211,0,1,0,0,1,0,0,3,4,0,1,3,3.0,N,,,,,,,,,,,
2021057106,1700.0,1,0,0,0,0,0,0,0,0,1,0,,67,6,2021,7,40.1083,-74.997,1630.0,6,0,0,0,0,0,0,0,0,,0,0,0,16,1,0,0,N,0,40 06:29.722,,3,74 59:49.137,0,0,0,0,67301,0,0,0,N,0,0,0,2,67301,0,,1,9,,N,N,N,0,,0,0,1,0,0,,1611,0,2,0,0,0,0,0,3,4,0,2,7,7.0,N,,,,,,,,,,,
2021057114,1028.0,1,0,0,0,0,0,0,0,0,8,0,,67,6,2021,6,39.9341,-75.2164,1028.0,6,0,0,0,0,0,1,0,0,,0,0,0,9,1,1,1,,0,39 56:02.921,,0,75 12:59.043,8,0,0,0,67301,1,0,0,N,1,0,0,3,67301,0,,1,1,,N,N,N,0,,0,0,0,3,3,,949,1,2,0,0,0,1,0,3,4,0,1,3,,N,,,,,,,,,,,
2021058491,836.0,1,0,0,0,0,0,0,0,0,8,0,,67,6,2021,4,40.1076,-75.0537,836.0,6,0,0,0,0,0,0,0,1,,0,0,0,8,1,1,2,,0,40 06:27.306,,0,75 03:13.453,3,0,0,0,67301,1,0,0,N,1,0,0,2,67301,0,,1,1,,N,N,N,0,,1,0,0,3,2,,836,1,2,0,0,0,0,0,3,4,0,1,3,,N,,,,,,,,,,,
2021057110,1243.0,1,0,0,0,0,0,0,0,0,4,0,,67,6,2021,7,39.9569,-75.1676,1243.0,6,0,0,0,0,0,0,1,0,,0,0,0,12,1,0,1,,0,39 57:24.681,,0,75 10:03.417,0,0,0,0,67301,0,0,0,N,0,0,0,2,67301,0,,1,1,,N,N,N,0,,0,0,1,3,2,,1243,0,2,0,0,0,0,0,3,4,0,2,3,3.0,N,,,,,,,,,,,
2021070363,1720.0,2,0,0,0,0,0,0,0,0,1,0,,67,7,2021,5,39.9367,-75.1551,1715.0,6,0,0,0,0,0,0,0,0,,0,0,0,17,1,1,3,,0,39 56:12.087,,0,75 09:18.525,3,0,0,0,67301,0,0,0,N,0,0,0,2,67301,0,,1,1,,N,N,N,0,,1,0,0,3,3,,1710,1,2,0,0,0,0,0,3,4,0,2,3,3.0,N,,,,,,,,,,,
2021070349,1416.0,1,0,0,0,0,0,0,0,0,4,0,,67,7,2021,6,40.0456,-75.0714,1416.0,6,0,0,0,0,0,1,0,0,,0,0,0,14,1,0,1,,1,40 02:44.136,1.0,0,75 04:17.168,0,0,0,0,67301,0,0,0,N,0,0,0,2,67301,0,,1,1,30.0,N,N,N,0,,0,0,1,3,2,N,1416,0,2,0,0,2,0,0,3,4,0,2,3,3.0,N,,,,,,,,,,,
2021069804,1202.0,1,0,0,0,0,0,0,0,0,1,0,,67,7,2021,1,40.0601,-75.0094,1154.0,6,0,0,0,0,0,0,0,0,,0,0,0,11,1,0,0,N,0,40 03:36.499,,0,75 00:33.735,0,0,0,0,67301,0,0,0,N,0,0,0,3,67301,0,,1,1,,N,N,N,0,,0,0,1,0,0,,1100,0,2,0,0,0,0,0,3,4,0,2,3,3.0,N,,,,,,,,,,,
2021069917,1657.0,1,0,0,0,0,0,0,0,0,4,0,,67,7,2021,1,40.0244,-75.1469,1650.0,6,0,0,0,0,0,1,0,0,,0,0,0,16,1,1,1,,0,40 01:27.969,,0,75 08:48.894,3,0,0,0,67301,0,0,0,N,0,0,0,3,67301,0,,1,1,,N,N,N,0,,1,0,0,3,2,,1637,1,2,0,0,0,0,0,3,4,1,2,3,3.0,N,,,,,,,,,,,
2021069799,758.0,0,0,0,0,0,0,0,0,0,4,0,,67,7,2021,2,40.1339,-75.0086,735.0,6,0,0,0,0,0,1,0,0,,0,0,0,7,1,1,0,N,0,40 08:02.040,,7,75 00:31.080,4,0,0,0,67301,0,0,0,N,0,0,0,2,67301,1,,1,1,,N,N,N,1,,0,0,1,3,3,,730,1,2,0,0,0,0,0,3,4,0,2,3,3.0,N,,,,,,,,,,,
2021069898,1231.0,1,0,0,0,0,0,0,0,0,4,0,,67,7,2021,6,39.9717,-75.1259,1230.0,6,0,0,0,0,0,1,0,0,,0,0,0,12,1,1,1,,0,39 58:18.181,,0,75 07:33.198,3,0,0,0,67301,0,0,0,N,0,0,0,2,67301,0,,1,1,,N,N,N,0,,1,0,1,3,2,,1225,1,2,0,0,0,0,0,3,4,0,2,3,,N,,,,,,,,,,,
2021091519,1145.0,1,0,0,0,0,0,0,0,0,8,0,,67,9,2021,3,39.9591,-75.1519,1141.0,6,0,0,0,0,0,0,0,0,,0,0,0,11,1,1,0,N,0,39 57:32.770,,0,75 09:06.980,3,0,0,0,67301,1,0,0,N,1,0,0,2,67301,0,,1,9,,N,N,N,0,,1,0,0,0,0,,1135,1,2,0,0,0,0,0,3,4,0,1,7,4.0,N,,,,,,,,,,,
2021091624,1532.0,1,0,0,0,0,0,0,0,0,1,0,,67,8,2021,2,39.9536,-75.1409,1521.0,6,0,0,0,1,0,0,0,0,,0,0,0,15,1,1,0,N,0,39 57:13.006,,0,75 08:27.367,3,0,0,0,67301,0,0,0,N,0,0,0,3,68K01,0,,1,1,,N,N,N,0,,1,0,1,0,0,,1520,1,2,0,0,0,0,0,3,4,0,2,3,,N,,,,,,,,,,,
2021083349,2105.0,1,0,0,0,0,0,0,0,0,8,0,,67,9,2021,6,39.9473,-75.1576,2058.0,6,0,0,0,0,0,0,0,0,,0,0,0,17,1,1,3,,0,39 56:50.441,,0,75 09:27.514,8,0,0,0,67301,1,0,0,N,1,0,0,2,67301,0,,1,1,,N,N,N,0,,0,0,0,3,2,,1700,1,2,0,0,0,1,1,3,4,0,1,3,3.0,N,,,,,,,,,,,
2021058821,1707.0,1,0,0,0,0,0,0,0,0,7,0,,67,6,2021,3,39.995,-75.1311,1705.0,6,0,0,0,0,0,1,0,0,,0,0,0,17,1,1,3,,0,39 59:42.115,,0,75 07:51.895,4,0,0,0,67301,0,0,0,N,0,0,0,3,67301,1,,4,9,,N,N,N,0,,0,0,0,0,0,,1703,1,1,0,0,2,0,0,3,4,0,1,7,4.0,N,,,,,,,,,,,
2021084725,1543.0,1,0,0,0,0,0,0,0,0,4,1,,67,9,2021,5,39.9458,-75.1831,1538.0,6,0,0,0,0,0,0,0,0,,0,1,0,15,1,0,1,,2,39 56:44.977,7.0,0,75 10:59.307,0,0,0,1,67301,0,0,0,N,0,0,0,1,67301,0,,1,1,1630.0,N,N,N,0,,0,0,0,3,2,Y,1500,0,3,0,0,0,0,0,3,4,0,3,3,,N,,,,,,,,,,,
2021070361,18.0,2,0,0,0,0,0,0,0,0,1,0,,67,7,2021,4,39.9163,-75.167,7.0,6,0,0,0,0,0,0,0,0,,0,0,0,22,3,0,0,N,0,39 54:58.752,,0,75 10:01.302,0,0,0,0,67301,0,0,0,N,0,0,0,1,67301,0,,6,1,,N,N,N,0,,0,0,0,0,0,,2200,0,2,0,0,0,0,0,3,4,0,2,3,3.0,N,,,,,,,,,,,
2021090341,149.0,1,0,0,0,0,0,0,0,0,7,0,,67,9,2021,7,40.0533,-75.0551,142.0,6,0,0,0,0,0,0,0,0,,0,0,0,1,3,1,0,N,0,40 03:11.982,,0,75 03:18.194,3,0,0,0,67301,0,0,0,N,0,0,0,1,67301,0,,4,1,,N,N,N,0,,1,0,0,0,0,,125,1,1,0,0,0,0,0,3,4,0,1,3,3.0,N,,,,,,,,,,,
2021091339,1620.0,2,0,0,0,0,0,0,0,0,1,0,,67,9,2021,6,40.0086,-75.0688,1616.0,6,0,0,0,0,0,1,0,0,,0,0,0,15,1,4,1,,0,40 00:31.249,,0,75 04:07.877,3,0,0,0,67301,0,0,0,N,0,0,0,6,67301,0,,1,1,,N,N,N,0,,4,0,0,3,2,,1549,4,2,0,0,4,0,0,3,4,0,2,3,3.0,N,,,,,,,,,,,
2021090675,1215.0,1,0,0,0,0,0,0,0,0,1,0,,67,9,2021,6,39.9411,-75.2375,1213.0,6,0,0,0,0,0,0,0,0,,0,0,0,12,1,0,0,N,2,39 56:28.084,2.0,0,75 14:15.100,0,0,0,0,67301,0,0,0,N,0,0,0,4,67301,0,,1,1,1245.0,N,N,N,0,,0,0,1,0,0,N,1210,0,2,0,0,0,0,0,3,4,0,2,3,3.0,N,,,,,,,,,,,
2021069862,918.0,1,0,0,0,0,0,0,0,0,1,0,,67,7,2021,7,39.9519,-75.2449,917.0,6,0,0,0,0,0,0,0,0,,0,0,0,2,3,0,0,N,0,39 57:06.700,,0,75 14:41.700,9,0,0,0,67301,0,0,0,N,0,0,0,1,67301,0,,6,1,,N,N,N,0,,0,0,1,0,0,,202,0,3,0,0,0,0,1,3,4,1,3,3,3.0,N,,,,,,,,,,,
2021057185,1527.0,2,0,0,0,0,0,0,0,0,1,0,35.0,67,6,2021,5,39.9543,-75.1421,1525.0,6,0,0,0,0,0,0,0,0,,0,0,0,15,1,1,0,N,0,39 57:15.600,,3,75 08:31.400,4,0,0,0,67301,0,0,0,N,0,0,0,5,67501,1,,1,1,,N,N,N,0,,0,0,1,3,2,,1525,1,3,0,0,0,0,0,3,4,0,3,3,3.0,Y,8.0,1.0,Y,,,N,Y,Y,,,N
2021071648,1617.0,0,0,0,0,0,0,0,0,0,5,0,,67,7,2021,6,39.8933,-75.2307,1552.0,6,0,0,0,0,0,1,1,0,,0,0,0,15,1,1,0,N,1,39 53:36.004,2.0,0,75 13:50.590,4,0,0,0,67301,0,0,0,N,0,0,0,3,68K01,1,,1,1,1710.0,N,N,Y,0,,0,0,1,0,0,N,1550,1,2,0,0,0,0,0,3,4,1,2,3,,N,,,,,,,,,,,
2021091621,1909.0,1,0,0,0,0,0,0,0,0,1,0,,67,8,2021,6,39.9755,-75.1945,1858.0,6,0,0,0,0,0,0,0,0,,0,0,0,18,1,0,0,N,0,39 58:31.626,,0,75 11:40.306,0,0,0,0,67301,0,0,0,N,0,0,0,2,68K01,0,,1,1,,N,N,N,0,,0,0,1,0,0,,1855,0,2,0,0,0,0,0,3,4,0,2,3,,N,,,,,,,,,,,
2021092283,1107.0,1,0,0,0,0,0,0,0,0,5,1,,67,9,2021,6,39.9533,-75.145,1055.0,6,0,0,0,0,0,0,0,0,,0,1,0,10,1,0,0,N,0,39 57:11.900,,0,75 08:42.000,0,0,0,0,67301,0,0,0,N,0,0,0,3,67508,0,,6,1,,N,N,Y,0,,0,0,0,0,0,,1055,0,2,0,0,1,0,0,3,4,0,2,98,3.0,N,,,,,,,,,,,
2021097557,110.0,0,0,0,0,0,0,0,0,0,8,0,,67,9,2021,1,39.9973,-75.1203,104.0,6,0,0,0,0,0,0,0,0,,0,0,0,23,3,1,1,,0,39 59:50.432,,0,75 07:13.150,3,0,0,0,67301,1,0,0,N,1,0,0,1,67301,0,,1,1,,N,N,N,0,,1,0,0,0,0,,2307,1,2,0,0,0,0,0,3,4,0,1,3,3.0,N,,,,,,,,,,,
2021096242,1328.0,1,0,0,0,0,0,0,0,0,1,0,,67,10,2021,4,40.051,-74.9897,1305.0,6,0,0,0,0,0,1,0,0,,0,0,0,13,1,0,0,N,0,40 03:03.584,,0,74 59:22.799,0,0,0,0,67301,0,0,0,N,0,0,0,4,68K01,0,,3,1,,N,N,N,0,,0,0,1,0,0,,1301,0,2,0,0,0,0,0,3,4,0,2,3,,N,,,,,,,,,,,
2021097242,1514.0,3,0,0,0,0,0,0,0,0,5,0,,67,9,2021,2,39.9733,-75.1206,1514.0,6,0,0,0,0,0,1,0,0,,0,0,0,15,1,0,0,N,1,39 58:23.980,2.0,0,75 07:13.990,0,0,0,0,67301,0,0,0,N,0,0,0,4,68K01,0,,1,1,1600.0,N,N,N,1,,0,0,0,0,0,Y,1509,0,4,0,0,0,0,0,3,4,0,4,3,,N,,,,,,,,,,,
2021095113,1921.0,1,0,0,0,0,0,0,0,0,1,0,,67,10,2021,6,40.0092,-75.0677,1917.0,6,0,0,0,0,0,0,0,0,,0,0,0,19,3,0,0,N,1,40 00:33.042,2.0,0,75 04:03.663,9,0,0,0,67301,0,0,0,N,0,0,0,3,68K01,0,,1,1,2018.0,N,N,N,0,,0,0,0,0,0,N,1912,0,2,0,0,0,0,1,3,4,0,2,3,,N,,,,,,,,,,,
2021093169,1451.0,1,0,0,0,0,0,0,0,0,5,0,,67,9,2021,1,39.9156,-75.1479,1437.0,6,0,0,0,0,0,0,0,0,,0,0,0,14,1,0,0,N,0,39 54:56.126,,0,75 08:52.306,0,0,0,0,67301,0,0,0,N,0,0,0,2,68K01,0,,1,1,,N,N,N,0,,0,0,1,3,8,,1417,0,2,0,0,0,0,0,3,4,0,2,3,,N,,,,,,,,,,,
2021070015,216.0,1,0,0,0,0,0,0,0,0,7,0,35.0,67,7,2021,7,39.9438,-75.196,156.0,6,0,0,0,0,0,0,0,1,,0,0,0,1,3,1,0,N,2,39 56:37.500,3.0,2,75 11:45.700,3,0,0,0,67301,0,0,0,N,0,0,0,3,68K01,0,,4,1,245.0,N,N,N,0,,1,0,0,0,0,N,155,1,1,0,0,0,0,0,3,4,0,1,3,,Y,4.0,1.0,N,,,N,,,,Y,N
2021090939,1830.0,0,0,0,0,0,0,0,0,0,4,0,,67,3,2021,7,40.0133,-75.0974,1830.0,6,0,0,0,0,0,0,0,0,,0,0,0,17,1,1,1,,0,40 00:47.892,,0,75 05:50.775,8,0,0,1,67301,0,0,0,N,0,0,0,3,67301,0,,1,99,,N,N,N,0,,0,0,1,3,2,,1730,1,2,0,0,0,1,0,3,4,0,2,99,,N,,,,,,,,,,,
2021097217,1220.0,0,0,0,0,0,0,0,0,0,2,1,,67,10,2021,3,40.0474,-75.1557,1215.0,6,0,0,0,0,0,1,0,0,,0,1,0,9,1,1,1,,0,40 02:50.568,,0,75 09:20.361,3,0,0,0,67301,0,0,0,N,0,0,0,4,67301,0,,1,1,,N,N,N,0,,1,0,0,3,3,,926,1,2,0,0,0,0,0,3,4,1,2,3,3.0,N,,,,,,,,,,,
2021097466,1418.0,0,0,0,0,0,0,0,0,0,1,0,,67,9,2021,5,40.0071,-75.1992,1409.0,6,0,0,0,0,0,0,0,0,,0,0,0,13,1,1,0,N,0,40 00:25.544,,0,75 11:57.168,4,0,0,0,67301,0,0,0,N,0,0,0,3,68K01,1,,1,1,,N,N,N,0,,0,0,2,0,0,,1352,1,2,0,0,0,0,0,3,4,0,2,3,,N,,,,,,,,,,,
2021096120,1904.0,1,0,0,0,0,0,0,0,0,1,0,,67,9,2021,2,39.9468,-75.1423,1904.0,6,0,0,0,0,0,1,0,0,,0,0,0,19,3,1,0,N,1,39 56:48.330,2.0,0,75 08:32.455,3,0,0,0,67301,0,0,0,N,0,0,0,5,68K01,0,,1,1,2005.0,N,N,N,1,,1,0,1,0,0,Y,1904,1,4,0,0,0,0,0,3,4,1,4,3,,N,,,,,,,,,,,
2021098006,1710.0,2,0,0,0,0,0,0,0,0,4,0,,67,10,2021,5,40.06,-75.0495,1702.0,6,0,0,0,1,0,0,0,0,,0,0,0,16,1,1,1,,0,40 03:35.856,,0,75 02:58.052,4,0,0,0,67301,0,0,0,N,0,0,0,2,67301,1,,1,1,,N,N,N,0,,0,0,0,3,3,,1655,1,2,0,0,0,0,0,3,4,0,2,3,3.0,N,,,,,,,,,,,
2021092899,1452.0,1,0,0,0,0,0,0,0,0,5,2,,67,9,2021,7,39.9948,-75.084,1436.0,6,0,0,0,0,0,1,0,0,,0,2,0,14,1,3,0,N,1,39 59:41.267,2.0,0,75 05:02.227,3,0,0,0,67301,0,0,0,N,0,0,0,9,68K01,2,,1,1,1530.0,N,N,N,0,,1,0,2,0,0,N,1430,3,5,0,0,2,0,0,3,4,0,5,3,,N,,,,,,,,,,,
2021087113,235.0,1,0,0,0,0,0,0,0,0,5,0,,67,7,2021,1,39.9548,-75.2259,231.0,6,0,0,0,0,0,0,0,0,,0,0,0,2,3,0,0,N,0,39 57:17.379,,0,75 13:33.407,0,0,0,0,67301,0,0,0,N,0,0,0,2,67301,0,,1,1,,N,N,N,1,,0,0,0,0,0,,226,0,2,0,0,1,0,0,3,4,0,2,3,3.0,N,,,,,,,,,,,
2021073468,535.0,2,0,0,0,0,0,0,0,0,1,0,50.0,67,7,2021,1,39.9863,-75.208,535.0,6,0,0,0,1,0,0,0,0,,0,0,0,5,2,2,0,N,2,39 59:10.776,4.0,0,75 12:28.744,3,0,0,0,67301,0,0,0,N,0,0,0,7,68K01,0,,1,1,630.0,N,N,N,0,,2,0,1,0,0,Y,535,2,3,0,0,0,0,0,3,4,0,3,3,,Y,4.0,1.0,N,,,N,,,,Y,N
2021093040,1941.0,1,0,0,0,0,0,0,0,0,8,0,,67,9,2021,5,40.0981,-75.0303,1935.0,6,0,0,0,0,0,0,0,0,,0,0,0,19,3,1,2,,2,40 05:53.190,3.0,0,75 01:49.243,4,0,0,0,67301,1,0,0,N,1,0,0,2,67301,1,,1,1,30.0,N,N,N,0,,0,0,0,3,2,Y,1930,1,2,0,0,0,0,0,3,4,0,1,3,,N,,,,,,,,,,,
2021097834,252.0,1,0,0,0,0,0,0,0,0,7,0,,67,9,2021,1,39.9329,-75.2,241.0,6,0,0,0,0,0,0,0,0,,0,0,0,2,3,0,0,N,0,39 55:58.612,,0,75 12:00.103,9,0,0,0,67301,0,0,0,N,0,0,0,1,68K01,0,,2,1,,N,N,N,0,,0,0,0,0,0,,240,0,1,0,0,0,0,1,3,4,0,1,3,,N,,,,,,,,,,,
2021096231,1238.0,0,0,0,0,0,0,0,0,0,1,0,,67,10,2021,1,39.8999,-75.1602,1204.0,6,0,0,0,0,0,0,0,0,,0,0,0,12,1,0,0,N,0,39 53:59.784,,0,75 09:36.566,0,0,0,0,67301,0,0,0,N,0,0,0,4,68K01,0,,1,1,,N,N,N,1,,0,0,1,0,0,,1202,0,2,0,0,0,0,0,3,4,0,2,3,3.0,N,,,,,,,,,,,
2021097825,2324.0,0,0,0,0,0,0,0,0,0,4,0,,67,9,2021,4,39.9896,-75.0876,2310.0,6,0,0,0,0,0,0,0,0,,0,0,0,23,3,2,0,N,2,39 59:22.563,2.0,0,75 05:15.209,3,0,0,0,67301,0,0,0,N,0,0,0,3,68K01,0,,1,1,15.0,N,N,N,0,,1,0,2,0,0,N,2307,2,2,0,0,0,1,0,3,4,0,2,3,3.0,N,,,,,,,,,,,
2021094437,2050.0,1,0,0,0,0,0,0,0,0,1,0,,67,10,2021,2,39.9671,-75.2087,2049.0,6,0,0,0,0,0,0,0,0,,1,0,0,20,3,0,0,N,2,39 58:01.449,6.0,0,75 12:31.140,1,1,0,1,67301,0,0,0,N,0,0,0,1,67301,0,2.0,6,1,2150.0,N,N,N,0,0.0,0,0,0,0,0,Y,2048,0,2,0,0,0,0,0,3,4,0,2,3,3.0,N,,,,,,,,,,,
2021070364,150.0,1,0,0,0,0,0,0,0,0,5,0,,67,7,2021,7,39.9268,-75.1685,145.0,6,0,0,0,0,0,0,0,0,,0,0,0,1,3,1,0,N,0,39 55:36.300,,0,75 10:06.600,3,0,0,1,67301,0,0,0,N,0,0,0,1,67301,0,,6,1,,N,N,Y,0,,1,0,1,0,0,,135,1,3,0,0,0,0,0,3,4,0,3,3,3.0,N,,,,,,,,,,,