CRN,ARRIVAL_TM,AUTOMOBILE_COUNT,BELTED_DEATH_COUNT,BELTED_SUSP_SERIOUS_INJ_COUNT,BICYCLE_COUNT,BICYCLE_DEATH_COUNT,BICYCLE_SUSP_SERIOUS_INJ_COUNT,BUS_COUNT,CHLDPAS_DEATH_COUNT,CHLDPAS_SUSP_SERIOUS_INJ_COUNT,COLLISION_TYPE,COMM_VEH_COUNT,CONS_ZONE_SPD_LIM,COUNTY,CRASH_MONTH,CRASH_YEAR,DAY_OF_WEEK,DEC_LAT,DEC_LONG,DISPATCH_TM,DISTRICT,DRIVER_COUNT_16YR,DRIVER_COUNT_17YR,DRIVER_COUNT_18YR,DRIVER_COUNT_19YR,DRIVER_COUNT_20YR,DRIVER_COUNT_50_64YR,DRIVER_COUNT_65_74YR,DRIVER_COUNT_75PLUS,EST_HRS_CLOSED,FATAL_COUNT,HEAVY_TRUCK_COUNT,HORSE_BUGGY_COUNT,HOUR_OF_DAY,ILLUMINATION,INJURY_COUNT,INTERSECT_TYPE,INTERSECTION_RELATED,LANE_CLOSED,LATITUDE,LN_CLOSE_DIR,LOCATION_TYPE,LONGITUDE,MAX_SEVERITY_LEVEL,MCYCLE_DEATH_COUNT,MCYCLE_SUSP_SERIOUS_INJ_COUNT,MOTORCYCLE_COUNT,MUNICIPALITY,NONMOTR_COUNT,NONMOTR_DEATH_COUNT,NONMOTR_SUSP_SERIOUS_INJ_COUNT,NTFY_HIWY_MAINT,PED_COUNT,PED_DEATH_COUNT,PED_SUSP_SERIOUS_INJ_COUNT,PERSON_COUNT,POLICE_AGCY,POSSIBLE_INJ_COUNT,RDWY_SURF_TYPE_CD,RELATION_TO_ROAD,ROAD_CONDITION,ROADWAY_CLEARED,SCH_BUS_IND,SCH_ZONE_IND,SECONDARY_CRASH,SMALL_TRUCK_COUNT,SPEC_JURIS_CD,SUSP_MINOR_INJ_COUNT,SUSP_SERIOUS_INJ_COUNT,SUV_COUNT,TCD_FUNC_CD,TCD_TYPE,TFC_DETOUR_IND,TIME_OF_DAY,TOT_INJ_COUNT,TOTAL_UNITS,UNB_DEATH_COUNT,UNB_SUSP_SERIOUS_INJ_COUNT,UNBELTED_OCC_COUNT,UNK_INJ_DEG_COUNT,UNK_INJ_PER_COUNT,URBAN_AREA,URBAN_RURAL,VAN_COUNT,VEHICLE_COUNT,WEATHER1,WEATHER2,WORK_ZONE_IND,WORK_ZONE_LOC,WORK_ZONE_TYPE,WORKERS_PRES,WZ_CLOSE_DETOUR,WZ_FLAGGER,WZ_LAW_OFFCR_IND,WZ_LN_CLOSURE,WZ_MOVING,WZ_OTHER,WZ_SHLDER_MDN,WZ_WORKERS_INJ_KILLED
2021059311,51.0,2,0,0,0,0,0,0,0,0,4,0,,67,6,2021,6,39.9439,-75.1519,50.0,6,0,0,0,0,0,0,0,0,,0,0,0,0,3,0,1,,0,39 56:38.115,,0,75 09:06.879,9,0,0,0,67301,0,0,0,N,0,0,0,2,67301,0,,1,1,,N,N,N,0,,0,0,0,3,2,,50,0,2,0,0,0,0,1,3,4,0,2,3,3.0,N,,,,,,,,,,,
2021071057,1520.0,1,0,0,0,0,0,0,0,0,4,0,,67,6,2021,7,39.9889,-75.2329,1520.0,6,0,0,0,0,0,1,0,0,,0,0,0,20,1,1,1,,0,39 59:20.198,,0,75 13:58.526,3,0,0,0,67301,0,0,0,N,0,0,0,2,67301,0,,1,1,,N,N,N,0,,1,0,0,3,2,,2008,1,2,0,0,0,0,1,3,4,0,2,3,,N,,,,,,,,,,,
2021086067,241.0,1,0,0,0,0,0,0,0,0,2,0,,67,9,2021,3,39.9577,-75.1624,238.0,6,0,0,0,0,0,1,0,0,,1,0,0,2,3,0,5,N,1,39 57:27.649,5.0,8,75 09:44.521,1,1,0,1,67301,0,0,0,N,0,0,0,2,67301,0,2.0,1,1,700.0,N,N,N,0,0.0,0,0,0,3,2,Y,230,0,2,0,0,0,0,0,3,4,0,2,3,3.0,N,,,,,,,,,,,
2021064209,1048.0,1,0,0,0,0,0,0,0,0,7,0,,67,6,2021,7,40.0929,-75.0132,1042.0,6,0,0,0,0,0,0,0,0,,0,0,0,10,1,1,9,,0,40 05:34.600,,0,75 00:47.500,3,0,0,0,67301,0,0,0,N,0,0,0,1,67301,0,,4,1,,N,N,N,0,,1,0,0,3,6,,1025,1,1,0,0,0,0,0,3,4,0,1,3,3.0,N,,,,,,,,,,,
2021064322,1830.0,1,0,0,0,0,0,0,0,0,7,0,,67,6,2021,4,39.9916,-75.155,1829.0,6,0,0,0,0,0,0,0,0,,0,0,0,18,1,0,0,N,0,39 59:29.867,,0,75 09:17.889,9,0,0,0,67301,0,0,0,N,0,0,0,1,67301,0,,3,1,,N,N,N,0,,0,0,0,0,0,,1827,0,1,0,0,0,0,1,3,4,0,1,3,3.0,N,,,,,,,,,,,
2021064406,1859.0,2,0,0,0,0,0,0,0,0,4,0,,67,6,2021,2,40.0292,-75.1746,1853.0,6,0,0,0,0,0,0,0,0,,0,0,0,18,1,0,1,,0,40 01:45.210,,0,75 10:28.410,0,0,0,0,67301,0,0,0,N,0,0,0,2,67301,0,,1,1,,N,N,N,0,,0,0,0,3,2,,1808,0,2,0,0,0,0,0,3,4,0,2,3,3.0,N,,,,,,,,,,,
2021087737,137.0,1,0,0,0,0,0,0,0,0,7,0,,67,9,2021,1,39.9957,-75.1542,133.0,6,0,0,0,0,0,0,0,0,,0,0,0,1,3,4,0,N,0,39 59:44.391,,0,75 09:15.250,3,0,0,0,67301,0,0,0,N,0,0,0,4,67301,0,,5,1,,N,N,N,0,,2,0,0,3,2,,111,4,1,0,0,0,2,0,3,4,0,1,3,3.0,N,,,,,,,,,,,
2021085516,1614.0,0,0,0,0,0,0,0,0,0,6,1,,67,9,2021,6,39.8919,-75.2419,1556.0,6,0,0,0,0,0,2,0,0,,0,1,0,15,1,2,2,,1,39 53:30.990,2.0,0,75 14:30.862,3,0,0,0,67301,0,0,0,N,0,0,0,5,67301,0,,1,1,1730.0,N,N,N,0,,2,0,2,3,2,N,1527,2,4,0,0,0,0,0,3,4,1,4,3,,N,,,,,,,,,,,
2021064246,1352.0,1,0,0,0,0,0,0,0,0,4,0,,67,6,2021,4,40.037,-75.195,1352.0,6,0,0,0,0,0,0,1,0,,0,0,0,13,1,3,1,,0,40 02:13.057,,0,75 11:42.017,4,0,0,0,67301,0,0,0,N,0,0,0,3,67301,3,,1,1,,N,N,N,1,,0,0,1,3,3,,1311,3,3,0,0,0,0,0,3,4,0,3,3,3.0,N,,,,,,,,,,,
2021060038,620.0,0,0,0,0,0,0,0,0,0,4,0,,67,6,2021,3,,,615.0,6,0,0,0,0,0,1,0,0,,0,0,0,6,1,0,0,N,1,,2.0,7,,0,0,0,0,67301,0,0,0,N,0,0,0,2,67505,0,,1,1,645.0,N,N,N,0,,0,0,1,0,0,N,618,0,2,0,0,0,0,0,3,3,1,2,3,3.0,N,,,,,,,,,,,
2021059514,308.0,1,0,0,0,0,0,0,0,0,5,0,,67,6,2021,1,39.9576,-75.1457,253.0,6,0,0,0,0,0,0,0,0,,0,0,0,2,3,0,1,,0,39 57:27.432,,0,75 08:44.473,0,0,0,0,67301,0,0,0,N,0,0,0,2,67301,0,,1,1,,N,N,Y,0,,0,0,2,3,2,,237,0,3,0,0,0,0,0,3,4,0,3,3,3.0,N,,,,,,,,,,,
2021064368,1904.0,1,0,0,0,0,0,0,0,0,4,0,,67,6,2021,1,40.0285,-75.1423,1904.0,6,0,0,0,0,0,0,1,0,,0,0,0,17,1,0,1,,0,40 01:42.690,,0,75 08:32.387,9,0,0,0,67301,0,0,0,N,0,0,0,3,67301,0,,1,1,,N,N,N,0,,0,0,1,3,3,,1700,0,2,0,0,0,0,3,3,4,0,2,3,,N,,,,,,,,,,,
2021085440,353.0,2,0,0,0,0,0,0,0,0,2,0,,67,9,2021,6,40.0081,-75.0725,347.0,6,0,0,0,0,0,0,0,0,,0,0,0,3,3,0,1,,1,40 00:29.232,2.0,0,75 04:21.619,0,0,0,0,67301,0,0,0,N,0,0,0,2,67301,0,,1,1,439.0,N,N,N,0,,0,0,0,3,2,N,344,0,2,0,0,0,0,0,3,4,0,2,3,,N,,,,,,,,,,,
2021064230,1905.0,3,0,0,0,0,0,0,0,0,4,0,,67,6,2021,2,39.9238,-75.2249,1859.0,6,0,0,0,0,0,0,0,0,,0,0,0,18,1,1,1,,0,39 55:25.798,,0,75 13:29.769,3,0,0,0,67301,0,0,0,N,0,0,0,2,67301,0,,1,1,,N,N,N,0,,1,0,1,3,2,,1859,1,4,0,0,0,0,0,3,4,0,4,3,3.0,N,,,,,,,,,,,
2021064376,48.0,0,0,0,0,0,0,0,0,0,1,0,,67,6,2021,2,40.0337,-75.1458,32.0,6,0,0,0,0,0,0,0,0,,0,0,0,22,3,1,1,,0,40 02:01.293,,0,75 08:45.271,2,0,1,1,67301,0,0,0,N,0,0,0,2,67301,0,,1,1,,N,N,N,0,,0,1,0,3,2,,2224,1,2,0,0,0,0,0,3,4,0,2,3,,N,,,,,,,,,,,
2021064219,1548.0,0,0,0,0,0,0,0,0,0,8,0,,67,6,2021,4,39.9487,-75.1726,1541.0,6,0,0,0,0,0,0,0,0,,0,0,0,15,1,1,2,,0,39 56:55.280,,0,75 10:21.330,8,0,0,0,67301,1,0,0,N,1,0,0,2,67301,0,,1,1,,N,N,N,0,,0,0,1,3,3,,1538,1,2,0,0,1,1,0,3,4,0,1,3,,N,,,,,,,,,,,
2021057461,1238.0,3,0,0,0,0,0,0,0,0,4,0,,67,6,2021,2,40.0593,-75.0446,1233.0,6,0,0,0,0,0,0,0,1,,0,0,0,12,1,3,1,,0,40 03:33.392,,0,75 02:40.479,8,0,0,0,67301,0,0,0,N,0,0,0,4,67301,0,,1,1,,N,N,N,0,,0,0,0,3,2,,1231,3,3,0,0,0,3,0,3,4,0,3,3,3.0,N,,,,,,,,,,,
2021083441,730.0,2,0,0,0,0,0,0,0,0,4,0,,67,9,2021,5,40.0379,-75.0474,713.0,6,0,0,0,0,0,0,0,0,,0,0,0,6,1,0,1,,1,40 02:16.440,1.0,0,75 02:50.675,0,0,0,0,67301,0,0,0,N,0,0,0,2,67301,0,,1,1,800.0,N,N,N,0,,0,0,0,3,3,N,644,0,2,0,0,0,0,0,3,4,0,2,3,,N,,,,,,,,,,,
2021058986,1742.0,1,0,0,0,0,0,0,0,0,1,0,,67,6,2021,6,40.0802,-75.208,1740.0,6,0,0,0,0,0,1,0,0,,0,0,0,16,1,0,0,N,0,40 04:48.864,,0,75 12:28.694,0,0,0,0,67301,0,0,0,N,0,0,0,2,67301,0,,1,1,,N,N,N,1,,0,0,0,0,0,,1610,0,2,0,0,0,0,0,3,4,0,2,3,3.0,N,,,,,,,,,,,
2021083791,420.0,1,0,0,0,0,0,0,0,0,4,0,,67,9,2021,7,40.0312,-75.2205,415.0,6,0,0,0,0,0,1,0,0,,0,0,0,4,3,1,1,,0,40 01:52.366,,0,75 13:13.655,3,0,0,0,67301,0,0,0,N,0,0,0,2,67301,0,,1,1,,N,N,N,0,,1,0,1,3,3,,410,1,2,0,0,0,0,0,3,4,0,2,3,,N,,,,,,,,,,,
2021058395,1524.0,2,0,0,0,0,0,0,0,0,2,0,,67,6,2021,4,39.9788,-75.1349,1524.0,6,0,0,0,0,0,0,0,0,,0,0,0,15,1,0,0,N,0,39 58:43.780,,0,75 08:05.480,9,0,0,0,67301,1,0,0,N,0,0,0,2,67301,0,,6,1,,N,N,N,0,,0,0,1,0,0,,1510,0,3,0,0,0,0,2,3,4,0,3,3,3.0,N,,,,,,,,,,,
2021057460,1645.0,1,0,0,1,0,0,0,0,0,4,0,,67,6,2021,2,39.9453,-75.1629,1645.0,6,0,0,0,0,0,0,0,0,,0,0,0,7,1,1,1,,0,39 56:43.034,,0,75 09:46.587,3,0,0,0,67301,1,0,0,N,0,0,0,2,67301,0,,1,1,,N,N,N,0,,1,0,0,3,2,,700,1,2,0,0,0,0,1,3,4,0,1,3,3.0,N,,,,,,,,,,,
2021059558,2001.0,2,0,0,0,0,0,0,0,0,4,0,,67,6,2021,5,40.0115,-75.1073,2001.0,6,0,0,0,0,0,0,0,0,,0,0,0,19,1,2,2,,1,40 00:41.239,4.0,0,75 06:26.394,3,0,0,0,67301,0,0,0,N,0,0,0,3,67301,0,,1,1,2230.0,N,N,N,1,,2,0,0,0,0,Y,1945,2,3,0,0,0,0,1,3,4,0,3,3,,N,,,,,,,,,,,
2021064274,2055.0,1,0,0,0,0,0,0,0,0,1,0,,67,6,2021,4,40.0301,-75.0352,2054.0,6,0,0,0,1,0,0,0,0,,0,0,0,20,4,2,1,,0,40 01:48.464,,0,75 02:06.579,4,0,0,0,67301,0,0,0,N,0,0,0,4,67301,2,,1,1,,N,N,N,0,,0,0,0,3,2,,2030,2,2,0,0,1,0,0,3,4,1,2,3,,N,,,,,,,,,,,
2021085452,1800.0,0,0,0,0,0,0,0,0,0,8,0,,67,9,2021,4,39.9392,-75.2352,1959.0,6,0,0,0,0,0,0,0,0,,0,0,0,15,1,1,1,,0,39 56:21.059,,0,75 14:06.781,3,0,0,0,67301,1,0,0,N,1,0,0,2,67301,0,,1,1,,N,N,N,0,,1,0,0,3,2,,1544,1,2,0,0,0,0,1,3,4,0,1,3,3.0,N,,,,,,,,,,,
2021059258,1100.0,1,0,0,0,0,0,0,0,0,7,0,,67,6,2021,7,39.9144,-75.1561,1057.0,6,0,0,0,0,0,0,0,1,,0,0,0,10,1,0,0,N,0,39 54:51.800,,7,75 09:22.000,0,0,0,0,67301,0,0,0,N,0,0,0,1,67301,0,,3,9,,N,N,N,0,,0,0,0,0,0,,1056,0,1,0,0,0,0,0,3,4,0,1,4,,N,,,,,,,,,,,
2021085488,2344.0,1,0,0,0,0,0,0,0,0,2,0,,67,9,2021,6,40.0042,-75.1836,2337.0,6,0,0,0,0,0,0,0,0,,0,0,0,23,3,1,1,,2,40 00:15.174,5.0,99,75 11:01.104,3,0,0,0,67301,0,0,0,N,0,0,0,2,67301,0,,1,1,45.0,N,N,N,0,,1,0,2,0,0,N,2335,1,3,0,0,0,0,1,3,4,0,3,3,3.0,N,,,,,,,,,,,
2021085189,2345.0,0,0,0,0,0,0,0,0,0,8,0,,67,9,2021,4,40.0417,-75.1687,2330.0,6,0,0,0,0,0,0,0,0,,1,0,0,22,3,0,1,,0,40 02:30.102,,0,75 10:07.334,1,0,0,0,67301,1,1,0,N,1,1,0,2,67301,0,2.0,1,9,,N,N,N,0,0.0,0,0,0,3,3,,2230,0,2,0,0,0,0,1,3,4,0,1,7,7.0,N,,,,,,,,,,,
2021064290,2221.0,1,0,0,0,0,0,0,0,0,8,0,,67,6,2021,1,39.9615,-75.2436,2219.0,6,0,0,0,0,0,0,0,0,,0,0,0,22,3,1,2,,0,39 57:41.479,,0,75 14:36.956,2,0,0,0,67301,1,0,1,N,1,0,1,2,67301,0,,1,1,,N,N,N,0,,0,1,0,3,3,,2217,1,2,0,0,0,0,0,3,4,0,1,3,,N,,,,,,,,,,,
2021060705,1918.0,1,0,0,0,0,0,0,0,0,5,0,,67,6,2021,1,39.887,-75.2052,1901.0,6,0,0,0,0,0,1,0,0,,0,0,0,18,1,0,0,N,0,39 53:13.222,,3,75 12:18.783,9,0,0,0,67301,0,0,0,N,0,0,0,2,68K01,0,,1,1,,N,N,N,0,,0,0,0,0,0,,1834,0,2,0,0,0,0,1,3,4,1,2,3,3.0,N,,,,,,,,,,,
2021085515,412.0,1,0,0,0,0,0,0,0,0,4,1,,67,9,2021,5,39.8836,-75.2515,404.0,6,0,0,0,0,0,0,0,0,,0,1,0,3,3,1,2,,0,39 53:01.097,,2,75 15:05.879,3,0,0,0,67301,0,0,0,N,0,0,0,2,67301,0,,1,9,,N,N,N,0,,1,0,0,3,2,,349,1,2,0,0,0,0,0,3,4,0,2,7,7.0,N,,,,,,,,,,,
2021064259,935.0,0,0,0,0,0,0,0,0,0,5,0,,67,6,2021,7,40.0042,-75.0773,930.0,6,0,0,0,0,0,0,0,0,,0,0,0,9,1,1,1,,0,40 00:15.595,,0,75 04:38.676,3,0,0,0,67301,0,0,0,N,0,0,0,3,67301,0,,1,99,,N,N,N,0,,1,0,3,3,2,,930,1,3,0,0,0,0,0,3,4,0,3,4,4.0,N,,,,,,,,,,,
2021058493,1330.0,1,0,0,0,0,0,0,0,0,4,0,,67,6,2021,4,40.0408,-75.0392,1325.0,6,0,0,0,0,0,0,1,0,,0,0,0,13,1,1,1,,1,40 02:26.879,3.0,0,75 02:21.206,4,0,0,0,67301,0,0,0,N,0,0,0,2,67301,1,,1,1,100.0,N,N,N,0,,0,0,1,3,3,N,1324,1,2,0,0,0,0,0,3,4,0,2,3,,N,,,,,,,,,,,
2021080460,2210.0,2,0,0,0,0,0,0,0,0,4,0,,67,6,2021,1,39.9746,-75.1992,2210.0,6,0,1,0,0,0,0,0,0,,0,0,0,22,3,1,1,,0,39 58:29.046,,2,75 11:57.130,3,0,0,0,67301,0,0,0,N,0,0,0,3,67301,0,,1,1,,N,N,N,0,,1,0,0,3,2,,2208,1,2,0,0,2,0,0,3,4,0,2,3,3.0,N,,,,,,,,,,,
2021083761,133.0,1,0,0,0,0,0,0,0,0,1,0,,67,9,2021,2,40.0353,-75.1627,126.0,6,0,0,0,0,0,0,0,0,,0,0,0,1,3,0,1,,0,40 02:07.065,,0,75 09:45.845,0,0,0,0,67301,0,0,0,N,0,0,0,1,67301,0,,5,9,,N,N,N,0,,0,0,1,0,0,,116,0,2,0,0,0,0,0,3,4,0,2,7,7.0,N,,,,,,,,,,,
2021084209,2202.0,2,0,0,0,0,0,0,0,0,7,0,,67,9,2021,4,40.0376,-75.0124,2136.0,6,0,0,0,1,0,1,0,0,,0,0,0,21,3,0,0,N,0,40 02:15.447,,0,75 00:44.770,0,0,0,0,67301,0,0,0,N,0,0,0,3,68K01,0,,3,9,,N,N,N,0,,0,0,0,0,0,,2133,0,2,0,0,0,0,0,3,4,0,2,7,,N,,,,,,,,,,,
2021058647,149.0,2,0,0,0,0,0,0,0,0,5,0,,67,6,2021,5,39.9244,-75.1848,146.0,6,0,0,0,0,0,0,0,0,,0,0,0,1,3,1,0,N,0,39 55:27.920,,0,75 11:05.390,3,0,0,0,67301,0,0,0,N,0,0,0,1,67301,0,,6,1,,N,N,N,0,,1,0,0,0,0,,145,1,3,0,0,0,0,0,3,4,1,3,3,3.0,N,,,,,,,,,,,
2021064285,2346.0,0,0,0,0,0,0,0,0,0,7,0,,67,6,2021,3,39.9395,-75.1976,2342.0,6,0,0,0,0,0,0,0,0,,0,0,0,23,3,1,0,N,0,39 56:22.340,,0,75 11:51.220,3,0,0,0,67301,0,0,0,N,0,0,0,1,67301,0,,4,1,,N,N,N,1,,1,0,0,0,0,,2341,1,1,0,0,0,0,0,3,4,0,1,3,3.0,N,,,,,,,,,,,
2021064291,740.0,1,0,0,0,0,0,0,0,0,8,0,,67,6,2021,2,39.9612,-75.2471,715.0,6,0,0,0,0,0,1,0,0,,0,0,0,6,5,1,2,,0,39 57:40.266,,0,75 14:49.451,3,0,0,0,67301,1,0,0,N,1,0,0,2,67301,0,,1,1,,N,N,N,0,,1,0,0,3,2,,615,1,2,0,0,0,0,0,3,4,0,1,3,3.0,N,,,,,,,,,,,
2021064342,2054.0,1,0,0,0,0,0,0,0,0,4,0,,67,6,2021,7,40.0092,-75.1508,2053.0,6,0,0,0,0,0,1,0,0,,0,0,0,20,4,0,1,,0,40 00:33.133,,0,75 09:02.943,0,0,0,0,67301,1,0,0,N,0,0,0,3,67301,0,,1,1,,N,N,N,0,,0,0,2,3,2,,2053,0,3,0,0,0,0,0,3,4,0,3,3,3.0,N,,,,,,,,,,,
2021064314,2250.0,1,0,0,0,0,0,0,0,0,8,0,,67,6,2021,7,39.9879,-75.1558,2250.0,6,0,0,0,0,0,0,0,0,,0,0,0,22,3,1,1,,0,39 59:16.284,,0,75 09:20.883,3,0,0,0,67301,1,0,0,N,1,0,0,2,67301,0,,1,1,,N,N,N,0,,1,0,0,3,2,,2250,1,2,0,0,0,0,0,3,4,0,1,3,3.0,N,,,,,,,,,,,
2021064309,1233.0,2,0,0,0,0,0,0,0,0,4,0,,67,6,2021,2,39.9792,-75.249,1231.0,6,0,0,0,0,0,0,1,0,,0,0,0,12,1,2,1,,0,39 58:45.019,,0,75 14:56.536,3,0,0,0,67301,0,0,0,N,0,0,0,2,67301,1,,1,1,,N,N,N,0,,1,0,0,3,3,,1228,2,2,0,0,0,0,0,3,4,0,2,3,,N,,,,,,,,,,,
2021086782,39.0,1,0,0,0,0,0,0,0,0,7,0,,67,9,2021,4,40.0605,-75.1907,38.0,6,0,0,0,0,0,0,0,0,,0,0,0,0,3,1,0,N,2,40 03:37.782,6.0,0,75 11:26.498,3,0,0,0,67301,0,0,0,N,0,0,0,1,67301,0,,5,1,130.0,N,N,N,0,,1,0,0,0,0,Y,36,1,1,0,0,0,0,0,3,4,0,1,3,,N,,,,,,,,,,,
2021059703,1730.0,1,0,0,0,0,0,0,0,0,4,0,,67,6,2021,2,40.0047,-75.1521,1630.0,6,0,0,0,0,1,1,0,0,,0,0,0,16,1,0,1,,0,40 00:16.847,,0,75 09:07.652,0,0,0,0,67301,0,0,0,N,0,0,0,3,67505,0,,1,1,,N,N,N,0,,0,0,1,3,2,,1630,0,2,0,0,1,0,0,3,4,0,2,3,3.0,N,,,,,,,,,,,
2021062312,1958.0,1,0,0,0,0,0,0,0,0,1,0,,67,6,2021,1,39.8999,-75.1605,1951.0,6,0,0,0,0,0,0,0,0,,0,0,0,19,1,1,0,N,2,39 53:59.621,1.0,3,75 09:37.894,2,0,1,1,67301,0,0,0,N,0,0,0,2,68K01,0,,1,1,2030.0,N,N,N,0,,0,1,0,0,0,N,1950,1,2,0,0,0,0,0,3,4,0,2,3,,N,,,,,,,,,,,
2021064311,1850.0,0,0,0,0,0,0,0,0,0,5,0,,67,6,2021,4,39.9729,-75.2311,1840.0,6,0,0,0,0,0,0,0,0,,0,0,0,18,1,0,0,N,1,39 58:22.420,1.0,0,75 13:51.800,0,0,0,0,67301,0,0,0,N,0,0,0,2,67301,0,,6,1,2054.0,N,N,N,0,,0,0,2,0,0,N,1818,0,2,0,0,0,0,0,3,4,0,2,3,3.0,N,,,,,,,,,,,
2021064217,1730.0,2,0,0,0,0,0,0,0,0,5,0,,67,6,2021,2,39.9565,-75.1644,1655.0,6,0,0,0,0,0,0,0,0,,0,0,0,16,1,0,1,,1,39 57:23.209,2.0,0,75 09:51.995,0,0,0,0,67301,0,0,0,N,0,0,0,2,67301,0,,1,1,1800.0,N,N,N,0,,0,0,0,3,2,N,1640,0,2,0,0,2,0,0,3,4,0,2,3,,N,,,,,,,,,,,
2021083884,1520.0,0,0,0,0,0,0,0,0,0,8,0,,67,9,2021,7,39.9739,-75.2057,1516.0,6,0,0,0,0,0,0,0,0,,0,0,0,18,1,1,0,N,0,39 58:26.111,,0,75 12:20.422,3,0,0,0,67301,1,0,0,N,1,0,0,1,67301,0,,1,1,,N,N,N,0,,1,0,1,0,0,,1815,1,2,0,0,0,0,0,3,4,0,1,3,,N,,,,,,,,,,,
2021064304,1730.0,0,0,0,0,0,0,0,0,0,7,0,,67,6,2021,5,39.9709,-75.2618,1727.0,6,0,0,0,0,0,0,0,0,,0,0,0,17,2,1,0,N,0,39 58:15.060,,0,75 15:42.310,3,0,0,0,67301,0,0,0,N,0,0,0,1,67301,0,,4,1,,N,N,N,0,,1,0,0,0,0,,1723,1,1,0,0,0,0,0,3,4,1,1,3,3.0,N,,,,,,,,,,,
2021056764,211.0,2,0,0,0,0,0,0,0,0,1,0,,67,6,2021,7,39.9061,-75.1348,210.0,6,0,0,0,0,0,0,0,0,,0,0,0,2,3,2,0,N,2,39 54:22.000,3.0,3,75 08:05.200,4,0,0,0,67301,0,0,0,N,0,0,0,2,67501,1,,1,1,314.0,N,N,N,0,,0,0,0,0,0,N,209,2,2,0,0,1,1,0,3,4,0,2,3,,N,,,,,,,,,,,
2021058957,1915.0,1,0,0,0,0,0,0,0,0,4,0,,67,6,2021,4,39.928,-75.2193,1909.0,6,0,0,0,0,0,1,0,0,,0,0,0,16,1,1,1,,0,39 55:40.869,,0,75 13:09.477,3,0,0,0,67301,0,0,0,N,0,0,0,2,67301,0,,1,1,,N,N,N,0,,1,0,1,3,2,,1635,1,2,0,0,0,0,1,3,4,0,2,3,3.0,N,,,,,,,,,,,
2021083690,1352.0,1,0,0,1,0,0,0,0,0,98,0,,67,8,2021,5,39.9457,-75.2407,1351.0,6,0,0,0,0,0,0,0,0,,0,0,0,13,1,1,0,N,0,39 56:44.620,,0,75 14:26.398,8,0,0,0,67301,1,0,0,N,0,0,0,3,67301,0,,1,1,,N,N,N,0,,0,0,0,9,9,,1349,1,2,0,0,0,1,0,3,4,0,1,3,3.0,N,,,,,,,,,,,
2021064187,1730.0,0,0,0,0,0,0,0,0,0,8,0,,67,6,2021,7,39.8995,-75.1755,1719.0,6,0,0,0,0,0,0,0,0,,0,0,0,17,1,1,3,,0,39 53:58.152,,2,75 10:31.625,3,0,0,0,67301,2,0,0,N,2,0,0,3,67301,0,,1,1,,N,N,N,1,,1,0,0,3,1,,1710,1,3,0,0,1,0,0,3,4,0,1,3,3.0,N,,,,,,,,,,,
2021085696,1617.0,3,0,0,0,0,0,0,0,0,4,0,,67,9,2021,6,40.0224,-75.0781,1617.0,6,0,0,0,0,0,0,0,1,,0,0,0,16,1,0,1,,0,40 01:20.463,,0,75 04:41.285,0,0,0,0,67301,0,0,0,N,0,0,0,3,67301,0,,1,1,,N,N,Y,0,,0,0,0,3,2,,1617,0,3,0,0,0,0,0,3,4,0,3,3,3.0,N,,,,,,,,,,,
2021087100,1825.0,1,0,0,0,0,0,0,0,0,8,0,,67,9,2021,4,40.0368,-75.0405,1821.0,6,0,0,1,0,0,0,0,0,,0,0,0,18,1,1,1,,0,40 02:12.744,,0,75 02:26.410,4,0,0,0,67301,1,0,0,N,1,0,0,2,67301,1,,1,1,,N,N,N,0,,0,0,0,3,2,,1819,1,2,0,0,1,0,0,3,4,0,1,3,,N,,,,,,,,,,,
2021064268,1224.0,1,0,0,0,0,0,0,0,0,8,0,,67,6,2021,7,40.0318,-75.0464,1224.0,6,0,0,0,0,0,0,0,0,,0,0,0,17,1,1,1,,0,40 01:54.570,,0,75 02:47.112,8,0,0,0,67301,1,0,0,N,1,0,0,2,67301,0,,1,99,,N,N,N,0,,0,0,0,3,3,,1715,1,2,0,0,0,1,1,3,4,0,1,99,,N,,,,,,,,,,,
2021064176,2123.0,1,0,0,0,0,0,0,0,0,5,0,,67,6,2021,3,40.0365,-75.0788,2123.0,6,0,0,0,0,0,0,0,0,,0,0,0,21,3,0,0,N,0,40 02:11.300,,0,75 04:43.600,0,0,0,0,67301,0,0,0,N,0,0,0,1,67301,0,,6,1,,N,N,N,0,,0,0,1,0,0,,2123,0,2,0,0,0,0,0,3,4,0,2,3,,N,,,,,,,,,,,
2021085737,745.0,2,0,0,0,0,0,0,0,0,4,0,,67,9,2021,6,40.017,-75.1883,731.0,6,0,0,0,0,0,0,0,0,,0,0,0,6,1,0,1,,1,40 01:01.180,1.0,0,75 11:17.957,0,0,0,0,67301,0,0,0,N,0,0,0,3,67301,0,,1,1,830.0,N,N,N,0,,0,0,0,3,2,Y,645,0,2,0,0,0,0,0,3,4,0,2,3,3.0,N,,,,,,,,,,,