CRN,ARRIVAL_TM,AUTOMOBILE_COUNT,BELTED_DEATH_COUNT,BELTED_SUSP_SERIOUS_INJ_COUNT,BICYCLE_COUNT,BICYCLE_DEATH_COUNT,BICYCLE_SUSP_SERIOUS_INJ_COUNT,BUS_COUNT,CHLDPAS_DEATH_COUNT,CHLDPAS_SUSP_SERIOUS_INJ_COUNT,COLLISION_TYPE,COMM_VEH_COUNT,CONS_ZONE_SPD_LIM,COUNTY,CRASH_MONTH,CRASH_YEAR,DAY_OF_WEEK,DEC_LAT,DEC_LONG,DISPATCH_TM,DISTRICT,DRIVER_COUNT_16YR,DRIVER_COUNT_17YR,DRIVER_COUNT_18YR,DRIVER_COUNT_19YR,DRIVER_COUNT_20YR,DRIVER_COUNT_50_64YR,DRIVER_COUNT_65_74YR,DRIVER_COUNT_75PLUS,EST_HRS_CLOSED,FATAL_COUNT,HEAVY_TRUCK_COUNT,HORSE_BUGGY_COUNT,HOUR_OF_DAY,ILLUMINATION,INJURY_COUNT,INTERSECT_TYPE,INTERSECTION_RELATED,LANE_CLOSED,LATITUDE,LN_CLOSE_DIR,LOCATION_TYPE,LONGITUDE,MAX_SEVERITY_LEVEL,MCYCLE_DEATH_COUNT,MCYCLE_SUSP_SERIOUS_INJ_COUNT,MOTORCYCLE_COUNT,MUNICIPALITY,NONMOTR_COUNT,NONMOTR_DEATH_COUNT,NONMOTR_SUSP_SERIOUS_INJ_COUNT,NTFY_HIWY_MAINT,PED_COUNT,PED_DEATH_COUNT,PED_SUSP_SERIOUS_INJ_COUNT,PERSON_COUNT,POLICE_AGCY,POSSIBLE_INJ_COUNT,RDWY_SURF_TYPE_CD,RELATION_TO_ROAD,ROAD_CONDITION,ROADWAY_CLEARED,SCH_BUS_IND,SCH_ZONE_IND,SECONDARY_CRASH,SMALL_TRUCK_COUNT,SPEC_JURIS_CD,SUSP_MINOR_INJ_COUNT,SUSP_SERIOUS_INJ_COUNT,SUV_COUNT,TCD_FUNC_CD,TCD_TYPE,TFC_DETOUR_IND,TIME_OF_DAY,TOT_INJ_COUNT,TOTAL_UNITS,UNB_DEATH_COUNT,UNB_SUSP_SERIOUS_INJ_COUNT,UNBELTED_OCC_COUNT,UNK_INJ_DEG_COUNT,UNK_INJ_PER_COUNT,URBAN_AREA,URBAN_RURAL,VAN_COUNT,VEHICLE_COUNT,WEATHER1,WEATHER2,WORK_ZONE_IND,WORK_ZONE_LOC,WORK_ZONE_TYPE,WORKERS_PRES,WZ_CLOSE_DETOUR,WZ_FLAGGER,WZ_LAW_OFFCR_IND,WZ_LN_CLOSURE,WZ_MOVING,WZ_OTHER,WZ_SHLDER_MDN,WZ_WORKERS_INJ_KILLED
2021064188,1520.0,1,0,0,0,0,0,0,0,0,8,0,,67,6,2021,1,39.9231,-75.1596,1517.0,6,0,0,0,0,0,0,0,0,,0,0,0,15,1,1,1,,0,39 55:23.141,,0,75 09:35.045,3,0,0,0,67301,1,0,0,N,1,0,0,2,67301,0,,1,1,,N,N,N,0,,1,0,0,3,2,,1509,1,2,0,0,0,0,0,3,4,0,1,3,3.0,N,,,,,,,,,,,
2021064308,1021.0,1,0,0,0,0,0,0,0,0,5,0,,67,6,2021,2,39.9806,-75.2216,1004.0,6,0,0,0,0,0,0,1,0,,0,0,0,10,1,2,0,N,0,39 58:50.170,,0,75 13:17.590,3,0,0,0,67301,2,0,0,N,0,0,0,3,67301,0,,1,1,,N,N,N,0,,2,0,1,0,0,,1002,2,2,0,0,0,0,0,3,4,0,2,3,3.0,N,,,,,,,,,,,
2021059561,1043.0,2,0,0,0,0,0,0,0,0,5,0,,67,6,2021,1,40.0007,-75.1089,1043.0,6,0,0,0,0,0,0,0,0,,0,0,0,10,1,0,0,N,0,40 00:02.410,,0,75 06:32.130,0,0,0,0,67301,0,0,0,N,0,0,0,1,67301,0,,6,1,,N,N,N,0,,0,0,1,0,0,,1040,0,3,0,0,1,0,0,3,4,0,3,3,3.0,N,,,,,,,,,,,
2021084199,753.0,1,0,0,0,0,0,0,0,0,5,0,,67,9,2021,4,40.0403,-75.006,652.0,6,0,0,0,0,0,1,0,0,,0,0,0,6,1,1,0,N,0,40 02:25.211,,0,75 00:21.681,3,0,0,0,67301,0,0,0,N,0,0,0,2,68K01,0,,1,9,,N,N,N,1,,1,0,0,0,0,,650,1,2,0,0,0,0,0,3,4,0,2,7,,N,,,,,,,,,,,
2021058294,2325.0,2,0,0,0,0,0,0,0,0,4,0,,67,6,2021,3,39.9909,-75.1551,2312.0,6,0,0,0,1,0,0,0,0,,0,0,0,23,3,3,1,,1,39 59:27.126,2.0,0,75 09:19.014,4,0,0,0,67301,0,0,0,N,0,0,0,3,67301,3,,1,1,2345.0,N,N,N,0,,0,0,0,3,2,N,2310,3,2,0,0,0,0,0,3,4,0,2,4,4.0,N,,,,,,,,,,,
2021084444,1149.0,1,0,0,0,0,0,0,0,0,1,0,,67,9,2021,6,39.9259,-75.1941,1147.0,6,0,0,0,0,0,1,0,0,,0,0,0,11,1,2,0,N,1,39 55:33.102,3.0,0,75 11:38.884,3,0,0,0,67301,0,0,0,N,0,0,0,4,68K01,0,,1,1,1153.0,N,N,N,0,,2,0,1,0,0,N,1145,2,2,0,0,0,0,0,3,4,0,2,3,3.0,N,,,,,,,,,,,
2021064173,2008.0,1,0,0,0,0,0,0,0,0,4,0,,67,6,2021,7,40.046,-75.0546,2000.0,6,0,0,0,0,0,0,0,1,,0,0,0,19,1,2,1,,0,40 02:45.500,,7,75 03:16.500,3,0,0,0,67301,0,0,0,N,0,0,0,2,67301,0,,1,1,,N,N,N,0,,2,0,1,3,3,,1950,2,2,0,0,0,0,0,3,4,0,2,3,,N,,,,,,,,,,,
2021064382,836.0,1,0,0,0,0,0,0,0,0,8,0,,67,6,2021,4,40.0411,-75.1295,831.0,6,0,0,0,0,0,0,0,0,,0,0,0,8,1,1,1,,0,40 02:27.787,,0,75 07:46.156,3,0,0,0,67301,1,0,0,N,1,0,0,2,67301,0,,1,1,,N,N,N,0,,1,0,0,3,2,,829,1,2,0,0,0,0,0,3,4,0,1,3,,N,,,,,,,,,,,
2021065587,2020.0,0,0,0,0,0,0,0,0,0,8,0,,67,6,2021,2,39.9534,-75.1633,2015.0,6,0,0,0,0,0,0,0,0,,0,0,0,20,4,1,1,,0,39 57:12.091,,0,75 09:47.852,4,0,0,1,67301,1,0,0,N,1,0,0,2,67508,1,,1,1,,N,N,Y,0,,0,0,0,3,2,,2015,1,2,0,0,0,0,1,3,4,0,1,3,3.0,N,,,,,,,,,,,
2021064267,822.0,2,0,0,0,0,0,0,0,0,1,0,,67,6,2021,2,40.039,-75.0448,811.0,6,0,0,0,0,0,0,0,0,,0,0,0,7,1,0,0,N,0,40 02:20.318,,0,75 02:41.333,0,0,0,0,67301,0,0,0,N,0,0,0,2,67301,0,,1,1,,N,N,N,0,,0,0,0,0,0,,759,0,2,0,0,0,0,0,3,4,0,2,3,,N,,,,,,,,,,,
2021064175,1606.0,2,0,0,0,0,0,0,0,0,5,0,,67,6,2021,2,40.0345,-75.0921,1547.0,6,0,0,0,0,0,0,0,0,,0,0,0,15,1,0,0,N,0,40 02:04.120,,0,75 05:31.710,9,0,0,0,67301,0,0,0,N,0,0,0,1,67301,0,,6,1,,N,N,N,0,,0,0,0,0,0,,1532,0,2,0,0,0,0,1,3,4,0,2,3,3.0,N,,,,,,,,,,,
2021085517,146.0,4,0,0,0,0,0,0,0,0,5,0,,67,9,2021,7,39.9813,-75.1837,145.0,6,0,0,0,0,0,0,0,0,,0,0,0,1,3,0,0,N,0,39 58:52.740,,0,75 11:01.170,0,0,0,0,67301,0,0,0,N,0,0,0,0,67301,0,,6,1,,N,N,N,0,,0,0,2,0,0,,125,0,6,0,0,0,0,0,3,4,0,6,3,3.0,N,,,,,,,,,,,
2021064372,1937.0,0,0,0,0,0,0,0,0,0,4,0,,67,6,2021,1,40.0281,-75.1553,1929.0,6,0,0,0,0,0,0,0,0,,0,0,0,19,1,1,2,,0,40 01:41.332,,0,75 09:19.015,3,0,0,1,67301,0,0,0,N,0,0,0,1,67301,0,,1,1,,N,N,N,0,,1,0,0,3,3,,1913,1,2,0,0,0,0,0,3,4,1,2,3,,N,,,,,,,,,,,
2021064172,1724.0,3,0,0,0,0,0,0,0,0,5,0,,67,6,2021,7,40.0294,-75.1059,1710.0,6,0,0,0,0,0,1,0,0,,0,0,0,17,1,2,0,N,2,40 01:45.725,2.0,0,75 06:21.286,3,0,0,0,67301,0,0,0,N,0,0,0,5,67301,0,,1,1,100.0,N,N,N,0,,2,0,2,3,2,N,1710,2,5,0,0,1,0,0,3,4,0,5,3,,N,,,,,,,,,,,
2021059526,2230.0,1,0,0,0,0,0,0,0,0,2,0,,67,6,2021,7,40.0368,-75.1336,2230.0,6,0,0,0,0,0,1,0,0,,0,0,0,22,3,1,0,N,0,40 02:12.597,,0,75 08:00.949,4,0,0,0,67301,0,0,0,N,0,0,0,2,67301,1,,1,1,,N,N,N,0,,0,0,1,0,0,,2230,1,2,0,0,1,0,0,3,4,0,2,3,3.0,N,,,,,,,,,,,
2021064228,430.0,2,0,0,0,0,0,0,0,0,5,0,,67,6,2021,1,39.8996,-75.2494,424.0,6,0,0,0,0,0,0,0,0,,0,0,0,4,3,0,0,N,2,39 53:58.440,5.0,0,75 14:57.670,0,0,0,0,67301,0,0,0,N,0,0,0,1,67301,0,,6,1,630.0,N,N,N,0,,0,0,2,0,0,Y,415,0,4,0,0,0,0,0,3,4,0,4,3,3.0,N,,,,,,,,,,,
2021057099,908.0,1,0,0,0,0,0,0,0,0,4,0,,67,6,2021,6,39.9376,-75.1646,908.0,6,0,0,0,0,0,0,0,0,,0,0,0,9,1,0,1,,0,39 56:15.360,,0,75 09:52.657,0,0,0,0,67301,0,0,0,N,0,0,0,3,67301,0,,1,1,,N,N,N,0,,0,0,1,3,2,,905,0,2,0,0,0,0,0,3,4,0,2,3,,N,,,,,,,,,,,
2021085109,538.0,0,0,0,0,0,0,0,0,0,4,1,,67,9,2021,5,39.9878,-75.1806,506.0,6,0,0,0,0,0,1,0,0,,0,0,0,3,3,1,1,,1,39 59:16.154,2.0,0,75 10:50.102,8,0,0,0,67301,0,0,0,N,0,0,0,3,67301,0,,1,8,642.0,N,N,N,1,,0,0,1,3,2,Y,358,1,2,0,0,0,1,2,3,4,0,2,7,98.0,N,,,,,,,,,,,
2021059310,40.0,2,0,0,0,0,0,0,0,0,2,0,,67,6,2021,1,40.0446,-75.0725,35.0,6,0,0,0,0,0,0,0,0,,0,0,0,0,3,3,0,N,2,40 02:40.656,5.0,0,75 04:20.855,8,0,0,0,67301,0,0,0,N,0,0,0,4,67301,0,,1,1,40.0,N,N,N,0,,0,0,1,0,0,Y,25,3,3,0,0,0,3,0,3,4,0,3,3,3.0,N,,,,,,,,,,,
2021087512,1620.0,0,0,0,0,0,0,0,0,0,2,0,,67,9,2021,1,39.9244,-75.1696,1614.0,6,0,0,0,0,0,1,0,0,,0,0,0,15,1,0,1,,0,39 55:27.786,,0,75 10:11.056,9,0,0,0,67301,0,0,0,N,0,0,0,2,67301,0,,1,1,,N,N,N,0,,0,0,2,3,2,,1552,0,2,0,0,0,0,1,3,4,0,2,3,3.0,N,,,,,,,,,,,
2021064278,212.0,1,0,0,0,0,0,0,0,0,4,0,,67,6,2021,7,39.969,-75.217,208.0,6,0,0,0,0,0,0,0,0,,0,0,0,2,3,1,1,,0,39 58:08.327,,0,75 13:01.203,4,0,0,0,67301,0,0,0,N,0,0,0,2,67301,1,,1,1,,N,N,N,0,,0,0,1,3,1,,208,1,2,0,0,0,0,0,3,4,0,2,3,,N,,,,,,,,,,,
2021064210,1815.0,1,0,0,0,0,0,0,0,0,1,0,,67,6,2021,7,40.0437,-75.0219,1803.0,6,0,0,0,0,0,0,0,0,,0,0,0,13,1,1,2,,0,40 02:37.146,,0,75 01:18.710,8,0,0,0,67301,0,0,0,N,0,0,0,2,67301,0,,1,1,,N,N,N,0,,0,0,1,3,2,,1330,1,2,0,0,0,1,1,3,4,0,2,3,3.0,N,,,,,,,,,,,
2021087415,953.0,0,0,0,0,0,0,0,0,0,1,0,,67,9,2021,4,39.9065,-75.1499,942.0,6,0,0,0,0,0,0,1,0,,0,0,0,9,1,0,0,N,0,39 54:23.538,,0,75 08:59.494,0,0,0,0,67301,0,0,0,N,0,0,0,2,68K01,0,,1,1,,N,N,N,0,,0,0,2,0,0,,922,0,2,0,0,0,0,0,3,4,0,2,3,,N,,,,,,,,,,,
2021087537,1540.0,1,0,0,0,0,0,0,0,0,5,1,,67,9,2021,6,40.0427,-75.1583,1530.0,6,0,0,0,0,0,0,0,0,,0,1,0,14,1,1,0,N,0,40 02:33.820,,0,75 09:29.930,3,0,0,0,67301,0,0,0,N,0,0,0,1,67301,0,,1,1,,N,N,N,0,,1,0,0,0,0,,1420,1,2,0,0,0,0,0,3,4,0,2,3,,N,,,,,,,,,,,
2021057575,1557.0,0,0,0,0,0,0,0,0,0,1,0,,67,6,2021,2,39.9597,-75.2474,1547.0,6,0,0,0,0,0,1,0,0,,0,0,0,15,1,1,2,,0,39 57:34.816,,0,75 14:50.653,4,0,0,0,67301,0,0,0,N,0,0,0,2,67301,1,,1,1,,N,N,N,0,,0,0,2,3,2,,1536,1,2,0,0,0,0,0,3,4,0,2,3,3.0,N,,,,,,,,,,,
2021085408,419.0,0,0,0,0,0,0,0,0,0,7,0,,67,9,2021,5,39.9583,-75.1804,411.0,6,0,0,0,0,0,0,0,0,,0,0,0,4,3,0,6,N,1,39 57:30.041,4.0,2,75 10:49.395,0,0,0,0,67301,0,0,0,Y,0,0,0,1,68K01,0,,2,9,445.0,N,N,N,0,,0,0,1,0,0,N,410,0,1,0,0,0,0,0,3,4,0,1,7,3.0,N,,,,,,,,,,,
2021056969,1622.0,2,0,0,0,0,0,0,0,0,1,0,,67,6,2021,7,39.9573,-75.1585,1622.0,6,0,0,0,0,0,1,0,0,,0,0,0,16,1,1,0,N,1,39 57:26.401,3.0,0,75 09:30.569,3,0,0,0,67301,0,0,0,N,0,0,0,3,68K01,0,,1,9,1625.0,N,N,N,0,,1,0,1,0,0,N,1621,1,3,0,0,0,0,0,3,4,0,3,3,7.0,N,,,,,,,,,,,
2021084762,50.0,1,0,0,0,0,0,0,0,0,4,0,,67,9,2021,4,39.9922,-75.1415,33.0,6,0,0,0,0,0,0,0,0,,0,0,0,0,3,1,2,N,0,39 59:32.293,,0,75 08:29.396,8,0,0,0,67301,0,0,0,N,0,0,0,2,67301,0,,1,1,,N,N,N,0,,0,0,1,0,0,,10,1,2,0,0,0,1,0,3,4,0,2,3,3.0,N,,,,,,,,,,,
2021086764,1620.0,4,0,0,0,0,0,0,0,0,6,0,,67,8,2021,6,39.9256,-75.1792,1605.0,6,0,0,0,0,0,1,0,0,,0,0,0,16,1,1,0,N,0,39 55:32.190,,0,75 10:45.278,2,0,0,0,67301,0,0,0,N,0,0,0,1,67301,0,,6,1,,N,N,N,0,,0,1,0,3,2,,1600,1,4,0,0,0,0,0,3,4,0,4,3,,N,,,,,,,,,,,
2021087399,31.0,0,0,0,0,0,0,0,0,0,0,0,,67,9,2021,7,40.0173,-75.05,31.0,6,0,0,0,0,0,1,0,0,,0,0,0,0,3,1,0,N,1,40 01:02.185,2.0,0,75 02:59.837,2,0,1,1,67301,0,0,0,N,0,0,0,1,68K01,0,,1,1,20.0,N,N,N,0,,0,1,0,0,0,N,16,1,1,0,0,0,0,0,3,4,0,1,3,3.0,N,,,,,,,,,,,
2021064270,1724.0,1,0,0,0,0,0,0,0,0,1,0,,67,6,2021,3,40.0291,-75.1053,1723.0,6,0,0,0,0,0,1,0,0,,0,0,0,17,1,2,3,,1,40 01:44.795,1.0,0,75 06:19.055,3,0,0,0,67301,0,0,0,N,0,0,0,2,67301,0,,1,1,20.0,N,N,N,0,,2,0,1,3,2,Y,1722,2,2,0,0,0,0,0,3,4,0,2,3,3.0,N,,,,,,,,,,,
2021064263,901.0,1,0,0,0,0,0,0,0,0,4,0,,67,6,2021,2,40.0226,-75.0555,900.0,6,0,0,0,0,0,0,0,0,,0,0,0,8,1,1,1,,1,40 01:21.435,3.0,0,75 03:20.025,3,0,0,0,67301,0,0,0,N,0,0,0,2,67301,0,,1,1,920.0,N,N,N,0,,1,0,1,3,3,N,845,1,2,0,0,0,0,0,3,4,0,2,3,3.0,N,,,,,,,,,,,
2021064333,1210.0,1,0,0,0,0,0,0,0,0,7,0,,67,6,2021,3,40.0027,-75.106,1207.0,6,0,0,0,0,0,0,0,0,,0,0,0,12,1,2,0,N,0,40 00:09.700,,0,75 06:21.420,3,0,0,0,67301,0,0,0,N,0,0,0,2,67301,0,,4,1,,N,N,N,0,,1,0,0,0,0,,1200,2,1,0,0,2,1,0,3,4,0,1,3,3.0,N,,,,,,,,,,,
2021058645,2322.0,2,0,0,0,0,0,0,0,0,4,0,,67,6,2021,3,39.9172,-75.1736,2322.0,6,0,0,0,0,1,0,0,0,,0,0,0,23,3,1,2,,0,39 55:01.772,,0,75 10:24.787,3,0,0,0,67301,0,0,0,N,0,0,0,2,67301,0,,1,1,,N,N,N,0,,1,0,0,3,3,,2306,1,2,0,0,0,0,0,3,4,0,2,3,3.0,N,,,,,,,,,,,
2021083617,537.0,2,0,0,0,0,0,0,0,0,4,0,,67,6,2021,7,39.9541,-75.2221,535.0,6,0,0,0,0,0,1,0,0,,0,0,0,5,1,0,1,,0,39 57:14.731,,0,75 13:19.437,9,0,0,0,67301,0,0,0,N,0,0,0,2,67301,0,,1,1,,N,N,N,0,,0,0,2,3,2,,525,0,4,0,0,0,0,1,3,4,0,4,3,3.0,N,,,,,,,,,,,
2021059211,1527.0,1,0,0,0,0,0,0,0,0,1,0,,67,6,2021,6,39.9568,-75.1539,1514.0,6,0,0,0,0,0,0,0,0,,0,0,0,14,1,1,0,N,0,39 57:24.443,,0,75 09:13.896,8,0,0,0,67301,0,0,0,N,0,0,0,3,68K01,0,,1,1,,N,N,N,1,,0,0,1,0,0,,1445,1,3,0,0,0,1,0,3,4,0,3,3,3.0,N,,,,,,,,,,,
2021071059,1140.0,1,0,0,0,0,0,0,0,0,4,0,,67,6,2021,6,39.9744,-75.2399,1134.0,6,0,0,0,0,0,0,0,0,,0,0,0,9,1,1,1,,0,39 58:27.724,,0,75 14:23.791,4,0,0,0,67301,0,0,0,N,0,0,0,2,67301,1,,1,1,,N,N,N,0,,0,0,0,3,3,,912,1,2,0,0,0,0,0,3,4,0,2,3,3.0,N,,,,,,,,,,,
2021083453,1820.0,2,0,0,0,0,0,0,0,0,5,0,,67,9,2021,7,39.9954,-75.1786,1819.0,6,0,0,0,0,0,1,0,0,,0,0,0,18,1,1,0,N,2,39 59:43.550,4.0,0,75 10:42.900,4,0,0,0,67301,0,0,0,N,0,0,0,1,67301,1,,1,1,100.0,N,N,Y,0,,0,0,2,0,0,Y,1811,1,4,0,0,1,0,0,3,4,0,4,3,,N,,,,,,,,,,,
2021058974,133.0,2,0,0,0,0,0,0,0,0,5,0,,67,6,2021,7,39.9558,-75.2036,133.0,6,0,0,0,0,0,1,0,0,,0,0,0,1,3,0,0,N,0,39 57:20.896,,0,75 12:13.081,0,0,0,0,67301,0,0,0,N,0,0,0,1,67504,0,,6,1,,N,N,N,0,,0,0,0,0,0,,133,0,2,0,0,0,0,0,3,4,0,2,3,3.0,N,,,,,,,,,,,
2021064269,1545.0,0,0,0,0,0,0,0,0,0,4,0,,67,6,2021,3,40.0409,-75.0481,1534.0,6,0,0,0,0,0,0,0,1,,0,0,0,15,1,1,2,,1,40 02:27.261,4.0,0,75 02:53.032,4,0,0,0,67301,0,0,0,N,0,0,0,3,67301,1,,1,1,200.0,N,N,N,0,,0,0,1,0,0,N,1533,1,2,0,0,0,0,0,3,4,1,2,3,,N,,,,,,,,,,,
2021064165,635.0,2,0,0,0,0,0,0,0,0,4,0,,67,6,2021,1,39.9231,-75.1827,633.0,6,0,0,0,0,0,1,0,0,,0,0,0,6,1,0,0,N,2,39 55:23.085,6.0,0,75 10:57.876,9,0,0,0,67301,0,0,0,N,0,0,0,6,67301,0,,1,1,30.0,N,N,N,0,,0,0,0,0,0,Y,628,0,2,0,0,0,0,3,3,4,0,2,3,,N,,,,,,,,,,,
2021059516,1703.0,1,0,0,0,0,0,0,0,0,4,0,,67,6,2021,1,39.967,-75.1603,1700.0,6,0,0,0,0,0,0,0,0,,0,0,0,16,1,0,1,,0,39 58:01.123,,0,75 09:37.248,0,0,0,0,67301,0,0,0,N,0,0,0,2,67301,0,,1,1,,N,N,N,0,,0,0,1,3,2,,1642,0,2,0,0,0,0,0,3,4,0,2,3,3.0,N,,,,,,,,,,,
2021086254,945.0,0,0,0,0,0,0,0,0,0,4,1,,67,9,2021,7,39.9116,-75.1843,940.0,6,0,0,0,0,0,0,0,1,,0,1,0,9,1,1,0,N,0,39 54:41.772,,7,75 11:03.439,3,0,0,0,67301,0,0,0,N,0,0,0,2,67301,0,,1,1,,N,N,N,0,,1,0,1,0,0,,920,1,2,0,0,0,0,0,3,4,0,2,3,3.0,N,,,,,,,,,,,
2021059515,1153.0,1,0,0,0,0,0,0,0,0,4,0,,67,6,2021,1,39.9576,-75.1457,1149.0,6,0,0,0,0,0,0,0,0,,0,0,0,11,1,1,1,,1,39 57:27.432,2.0,0,75 08:44.473,3,0,0,0,67301,0,0,0,N,0,0,0,2,67301,0,,1,1,1230.0,N,N,N,0,,1,0,1,3,2,Y,1145,1,2,0,0,0,0,0,3,4,0,2,3,3.0,N,,,,,,,,,,,
2021059519,1805.0,2,0,0,0,0,0,0,0,0,4,0,,67,6,2021,1,40.0549,-75.1545,1800.0,6,0,0,0,0,0,0,1,0,,0,0,0,17,1,2,5,,1,40 03:17.629,6.0,0,75 09:16.145,3,0,0,0,67301,0,0,0,N,0,0,0,3,67301,0,,1,1,1930.0,N,N,N,0,,2,0,2,3,2,Y,1730,2,4,0,0,0,0,1,3,4,0,4,3,3.0,N,,,,,,,,,,,
2021064284,655.0,1,0,0,0,0,0,0,0,0,4,0,,67,6,2021,7,39.943,-75.1754,648.0,6,0,0,0,0,0,0,0,0,,0,0,0,6,5,1,1,,0,39 56:34.783,,0,75 10:31.617,3,0,0,0,67301,0,0,0,N,0,0,0,2,67301,0,,1,9,,N,N,N,0,,1,0,0,3,3,,620,1,2,0,0,0,0,0,3,4,1,2,7,4.0,N,,,,,,,,,,,
2021059518,50.0,0,0,0,0,0,0,0,0,0,5,0,,67,6,2021,1,40.0362,-75.183,48.0,6,0,0,0,0,0,1,0,0,,0,0,0,0,3,1,0,N,1,40 02:10.410,6.0,0,75 10:58.960,3,0,0,0,67301,0,0,0,N,0,0,0,2,67301,0,,1,1,130.0,N,N,N,1,,1,0,1,0,0,Y,39,1,2,0,0,0,0,0,3,4,0,2,3,3.0,N,,,,,,,,,,,
2021082150,926.0,1,0,0,0,0,0,0,0,0,4,0,,67,8,2021,2,40.0582,-75.043,924.0,6,0,0,1,0,0,0,0,1,,1,0,0,9,1,0,1,N,1,40 03:29.364,4.0,0,75 02:34.886,1,0,0,0,67301,0,0,0,N,0,0,0,2,67301,0,2.0,1,1,1050.0,N,N,N,0,0.0,0,0,1,3,2,N,920,0,2,0,0,0,0,1,3,4,0,2,3,3.0,N,,,,,,,,,,,
2021064167,2135.0,1,0,0,0,0,0,0,0,0,8,0,,67,6,2021,3,39.9257,-75.1799,2127.0,6,0,0,0,0,0,0,0,0,,0,0,0,21,3,1,2,,0,39 55:32.464,,0,75 10:47.498,3,0,0,0,67301,1,0,0,N,1,0,0,2,67301,0,,1,1,,N,N,N,0,,1,0,0,0,0,,2125,1,2,0,0,0,0,0,3,4,0,1,3,3.0,N,,,,,,,,,,,
2021087589,1004.0,2,0,0,0,0,0,0,0,0,1,0,,67,8,2021,5,39.9736,-75.194,956.0,6,0,1,0,0,0,0,0,0,,0,0,0,9,1,1,0,N,2,39 58:24.859,3.0,0,75 11:38.526,8,0,0,0,67301,0,0,0,N,0,0,0,3,68K01,0,,1,1,1007.0,N,N,N,0,,0,0,0,0,0,N,954,1,2,0,0,0,1,0,3,4,0,2,3,,N,,,,,,,,,,,
2021064198,738.0,1,0,0,0,0,0,0,0,0,4,0,,67,6,2021,2,39.9576,-75.1457,735.0,6,0,0,0,0,0,2,0,0,,0,0,0,7,1,1,1,,0,39 57:27.432,,0,75 08:44.473,8,0,0,0,67301,0,0,0,N,0,0,0,4,67301,0,,1,1,,N,N,N,0,,0,0,2,3,2,,730,1,3,0,0,0,1,0,3,4,0,3,3,3.0,N,,,,,,,,,,,
2021064218,1623.0,1,0,0,0,0,0,0,0,0,4,0,,67,6,2021,3,39.9674,-75.1786,1622.0,6,0,0,0,0,0,0,0,0,,0,0,0,16,1,0,1,,0,39 58:02.652,,0,75 10:43.082,0,0,0,0,67301,0,0,0,N,0,0,0,2,67301,0,,1,1,,N,N,N,1,,0,0,0,3,2,,1605,0,2,0,0,0,0,0,3,4,0,2,3,3.0,N,,,,,,,,,,,
2021085512,1345.0,1,0,0,0,0,0,1,0,0,2,1,,67,8,2021,6,39.9946,-75.0945,1330.0,6,0,0,0,0,0,0,0,0,,0,0,0,13,1,2,1,,0,39 59:40.935,,0,75 05:40.542,4,0,0,0,67301,0,0,0,N,0,0,0,4,67508,1,,1,1,,N,N,Y,0,,0,0,0,3,2,,1330,2,2,0,0,0,1,0,3,4,0,2,3,2.0,N,,,,,,,,,,,
2021064245,1212.0,2,0,0,0,0,0,0,0,0,4,0,,67,6,2021,4,40.0658,-75.1508,1201.0,6,0,0,0,0,0,1,0,0,,0,0,0,12,1,2,1,,0,40 03:57.020,,0,75 09:03.016,3,0,0,0,67301,0,0,0,N,0,0,0,3,67301,0,,1,1,,N,N,N,0,,2,0,0,3,3,,1201,2,2,0,0,0,0,1,3,4,0,2,3,,N,,,,,,,,,,,
2021085735,1340.0,2,0,0,0,0,0,0,0,0,1,0,,67,9,2021,3,40.0124,-75.1688,1320.0,6,0,0,0,0,0,1,0,0,,0,0,0,11,1,1,0,N,9,40 00:44.804,,0,75 10:07.806,3,0,0,0,67301,0,0,0,N,0,0,0,3,67301,0,,1,1,,N,N,N,0,,1,0,0,0,0,U,1100,1,2,0,0,0,0,1,3,4,0,2,3,,N,,,,,,,,,,,
2021064243,1344.0,0,0,0,0,0,0,0,0,0,7,0,,67,6,2021,3,40.0522,-75.1848,1338.0,6,0,0,0,0,0,0,0,1,,0,0,0,13,1,1,0,N,0,40 03:07.770,,0,75 11:05.450,4,0,0,0,67301,0,0,0,N,0,0,0,1,67301,1,,4,1,,N,N,N,0,,0,0,1,0,0,,1323,1,1,0,0,0,0,0,3,4,0,1,3,3.0,N,,,,,,,,,,,
2021087580,1802.0,1,0,0,0,0,0,0,0,0,1,0,,67,8,2021,2,39.9768,-75.1979,1752.0,6,0,0,0,0,1,0,1,0,,0,0,0,17,1,1,0,N,0,39 58:36.518,,0,75 11:52.528,4,0,0,0,67301,0,0,0,N,0,0,0,3,68K01,1,,1,1,,N,N,N,0,,0,0,1,0,0,,1751,1,2,0,0,0,0,0,3,4,0,2,3,,N,,,,,,,,,,,
2021064189,1455.0,1,0,0,0,0,0,0,0,0,4,0,,67,6,2021,2,39.932,-75.1513,1450.0,6,0,0,0,0,0,0,1,0,,0,0,0,13,1,0,1,,2,39 55:55.120,3.0,0,75 09:04.733,0,0,0,0,67301,0,0,0,N,0,0,0,1,67301,0,,1,1,1545.0,N,N,N,0,,0,0,1,3,3,Y,1338,0,3,0,0,0,0,0,3,4,1,3,3,,N,,,,,,,,,,,
2021070490,2245.0,1,0,0,0,0,0,0,0,0,7,0,,67,6,2021,3,39.9911,-75.118,2240.0,6,0,0,0,0,0,0,0,0,,0,0,0,22,3,0,0,N,0,39 59:28.000,,0,75 07:04.700,0,0,0,0,67301,0,0,0,N,0,0,0,1,67301,0,,4,1,,N,N,N,0,,0,0,1,0,0,,2230,0,2,0,0,0,0,0,3,4,0,2,3,,N,,,,,,,,,,,