CRN,ARRIVAL_TM,AUTOMOBILE_COUNT,BELTED_DEATH_COUNT,BELTED_SUSP_SERIOUS_INJ_COUNT,BICYCLE_COUNT,BICYCLE_DEATH_COUNT,BICYCLE_SUSP_SERIOUS_INJ_COUNT,BUS_COUNT,CHLDPAS_DEATH_COUNT,CHLDPAS_SUSP_SERIOUS_INJ_COUNT,COLLISION_TYPE,COMM_VEH_COUNT,CONS_ZONE_SPD_LIM,COUNTY,CRASH_MONTH,CRASH_YEAR,DAY_OF_WEEK,DEC_LAT,DEC_LONG,DISPATCH_TM,DISTRICT,DRIVER_COUNT_16YR,DRIVER_COUNT_17YR,DRIVER_COUNT_18YR,DRIVER_COUNT_19YR,DRIVER_COUNT_20YR,DRIVER_COUNT_50_64YR,DRIVER_COUNT_65_74YR,DRIVER_COUNT_75PLUS,EST_HRS_CLOSED,FATAL_COUNT,HEAVY_TRUCK_COUNT,HORSE_BUGGY_COUNT,HOUR_OF_DAY,ILLUMINATION,INJURY_COUNT,INTERSECT_TYPE,INTERSECTION_RELATED,LANE_CLOSED,LATITUDE,LN_CLOSE_DIR,LOCATION_TYPE,LONGITUDE,MAX_SEVERITY_LEVEL,MCYCLE_DEATH_COUNT,MCYCLE_SUSP_SERIOUS_INJ_COUNT,MOTORCYCLE_COUNT,MUNICIPALITY,NONMOTR_COUNT,NONMOTR_DEATH_COUNT,NONMOTR_SUSP_SERIOUS_INJ_COUNT,NTFY_HIWY_MAINT,PED_COUNT,PED_DEATH_COUNT,PED_SUSP_SERIOUS_INJ_COUNT,PERSON_COUNT,POLICE_AGCY,POSSIBLE_INJ_COUNT,RDWY_SURF_TYPE_CD,RELATION_TO_ROAD,ROAD_CONDITION,ROADWAY_CLEARED,SCH_BUS_IND,SCH_ZONE_IND,SECONDARY_CRASH,SMALL_TRUCK_COUNT,SPEC_JURIS_CD,SUSP_MINOR_INJ_COUNT,SUSP_SERIOUS_INJ_COUNT,SUV_COUNT,TCD_FUNC_CD,TCD_TYPE,TFC_DETOUR_IND,TIME_OF_DAY,TOT_INJ_COUNT,TOTAL_UNITS,UNB_DEATH_COUNT,UNB_SUSP_SERIOUS_INJ_COUNT,UNBELTED_OCC_COUNT,UNK_INJ_DEG_COUNT,UNK_INJ_PER_COUNT,URBAN_AREA,URBAN_RURAL,VAN_COUNT,VEHICLE_COUNT,WEATHER1,WEATHER2,WORK_ZONE_IND,WORK_ZONE_LOC,WORK_ZONE_TYPE,WORKERS_PRES,WZ_CLOSE_DETOUR,WZ_FLAGGER,WZ_LAW_OFFCR_IND,WZ_LN_CLOSURE,WZ_MOVING,WZ_OTHER,WZ_SHLDER_MDN,WZ_WORKERS_INJ_KILLED
2021083442,751.0,2,0,0,0,0,0,0,0,0,1,0,,67,9,2021,5,39.9972,-75.0737,732.0,6,0,0,0,0,0,0,0,0,,0,0,0,6,1,0,0,N,0,39 59:49.988,,0,75 04:25.182,0,0,0,0,67301,0,0,0,N,0,0,0,2,67301,0,,1,1,,N,N,N,0,,0,0,0,0,0,,630,0,2,0,0,0,0,0,3,4,0,2,3,3.0,N,,,,,,,,,,,
2021058297,1847.0,1,0,0,0,0,0,0,0,0,1,0,,67,6,2021,3,40.0074,-75.1926,1841.0,6,0,0,0,0,0,0,0,0,,0,0,0,18,1,1,0,N,0,40 00:26.497,,3,75 11:33.350,3,0,0,0,67301,0,0,0,N,0,0,0,2,67301,0,,1,9,,N,N,N,0,,1,0,1,0,0,,1814,1,2,0,0,0,0,0,3,4,0,2,4,,N,,,,,,,,,,,
2021064399,1121.0,2,0,0,0,0,0,0,0,0,4,0,,67,6,2021,7,39.9987,-75.1782,1121.0,6,0,0,0,0,0,0,0,0,,0,0,0,22,6,1,5,,0,39 59:55.159,,0,75 10:41.596,4,0,0,0,67301,0,0,0,N,0,0,0,2,67301,1,,1,99,,N,N,N,0,,0,0,0,3,2,,2230,1,2,0,0,2,0,1,3,4,0,2,99,,N,,,,,,,,,,,
2021087436,1308.0,1,0,0,0,0,0,0,0,0,8,0,,67,9,2021,1,39.9243,-75.2375,1305.0,6,0,0,0,0,0,0,0,0,,0,0,0,13,1,1,0,N,9,39 55:27.410,,0,75 14:14.880,3,0,0,0,67301,1,0,0,N,1,0,0,2,67301,0,,1,1,,N,N,N,0,,1,0,0,0,0,U,1300,1,2,0,0,0,0,0,3,4,0,1,3,3.0,N,,,,,,,,,,,
2021064295,1603.0,1,0,0,0,0,0,0,0,0,7,0,,67,6,2021,4,39.9523,-75.2346,1603.0,6,0,0,0,0,0,0,0,0,,0,0,0,16,1,0,0,N,1,39 57:08.400,1.0,0,75 14:04.700,0,0,0,0,67301,0,0,0,N,0,0,0,1,67301,0,,5,1,1730.0,N,N,Y,0,,0,0,0,0,0,N,1600,0,2,0,0,0,0,0,3,4,1,2,3,3.0,N,,,,,,,,,,,
2021085691,2142.0,1,0,0,0,0,0,0,0,0,4,0,,67,9,2021,6,40.0257,-75.0316,2135.0,6,0,0,0,0,0,1,1,0,,0,0,0,21,3,2,1,N,0,40 01:32.421,,0,75 01:53.914,3,0,0,1,67301,0,0,0,N,0,0,0,3,67301,0,,1,1,,N,N,N,0,,2,0,0,0,0,,2130,2,2,0,0,0,0,0,3,4,0,2,3,3.0,N,,,,,,,,,,,
2021087741,1055.0,0,0,0,0,0,0,0,0,0,7,0,25.0,67,9,2021,4,40.0152,-75.1699,1053.0,6,0,0,1,0,0,0,0,0,,0,0,0,10,1,1,1,,2,40 00:54.856,3.0,0,75 10:11.639,3,0,0,0,67301,0,0,0,N,0,0,0,1,67301,0,,4,1,1125.0,N,N,N,0,,1,0,1,3,2,Y,1053,1,1,0,0,0,0,0,3,4,0,1,3,,Y,4.0,2.0,Y,N,N,Y,N,Y,N,Y,N
2021060324,120.0,2,0,0,0,0,0,0,0,0,1,0,,67,6,2021,7,39.886,-75.2132,109.0,6,0,0,0,0,0,0,0,0,,0,0,0,1,3,3,6,,2,39 53:09.550,1.0,2,75 12:47.606,3,0,0,0,67301,0,0,0,N,0,0,0,3,68K01,0,,7,1,140.0,N,N,N,0,,3,0,0,0,0,N,101,3,2,0,0,0,0,0,3,4,0,2,3,,N,,,,,,,,,,,
2021064283,636.0,1,0,0,0,0,0,0,0,0,4,0,,67,6,2021,7,39.934,-75.196,526.0,6,0,0,0,0,0,1,0,0,,0,0,0,5,1,0,1,,0,39 56:02.542,,0,75 11:45.468,0,0,0,0,67301,0,0,0,N,0,0,0,2,67301,0,,1,1,,N,N,N,0,,0,0,0,3,3,,516,0,2,0,0,0,0,0,3,4,1,2,3,3.0,N,,,,,,,,,,,
2021064174,2044.0,2,0,0,0,0,0,0,0,0,2,0,,67,6,2021,1,40.0468,-75.0559,2036.0,6,0,0,0,0,0,0,0,0,,0,0,0,20,1,1,0,N,0,40 02:48.600,,7,75 03:21.400,2,0,0,0,67301,0,0,0,N,0,0,0,2,67301,0,,1,1,,N,N,N,0,,0,1,0,0,0,,2035,1,2,0,0,0,0,0,3,4,0,2,3,,N,,,,,,,,,,,
2021064323,2001.0,1,0,0,0,0,0,0,0,0,4,0,,67,6,2021,4,39.9958,-75.1844,2000.0,6,0,0,0,1,0,0,0,0,,0,0,0,20,4,1,2,,0,39 59:44.736,,0,75 11:03.706,8,0,0,1,67301,0,0,0,N,0,0,0,1,67301,0,,4,1,,N,N,N,0,,0,0,0,0,0,,2000,1,2,0,0,0,1,0,3,4,0,2,3,3.0,N,,,,,,,,,,,
2021064293,748.0,1,0,0,0,0,0,0,0,0,4,0,,67,6,2021,2,39.9593,-75.2315,748.0,6,0,0,0,0,0,0,0,0,,0,0,0,7,1,0,0,N,0,39 57:33.345,,7,75 13:53.320,0,0,0,0,67301,0,0,0,N,0,0,0,2,67301,0,,1,1,,N,N,N,0,,0,0,1,0,0,,748,0,2,0,0,0,0,0,3,4,0,2,3,3.0,N,,,,,,,,,,,
2021059416,2017.0,1,0,0,0,0,0,0,0,0,4,0,,67,6,2021,7,40.0081,-75.0849,2009.0,6,0,0,0,0,0,1,0,0,,0,0,0,19,4,0,2,,1,40 00:28.472,2.0,0,75 05:06.719,0,0,0,0,67301,0,0,0,N,0,0,0,2,67301,0,,1,1,2100.0,N,N,N,0,,0,0,1,3,3,N,1958,0,2,0,0,2,0,0,3,4,0,2,3,3.0,N,,,,,,,,,,,
2021064312,1450.0,1,0,0,0,0,0,0,0,0,8,0,,67,6,2021,4,39.974,-75.1788,1443.0,6,0,0,0,0,0,0,1,0,,0,0,0,14,1,1,1,,2,39 58:26.223,6.0,0,75 10:43.844,3,0,0,0,67301,1,0,0,N,1,0,0,2,67301,0,,1,1,1536.0,N,N,N,0,,1,0,0,3,2,Y,1442,1,2,0,0,0,0,0,3,4,0,1,3,3.0,N,,,,,,,,,,,
2021084063,2115.0,1,0,0,0,0,0,0,0,0,7,0,,67,8,2021,5,39.9825,-75.0836,2109.0,6,0,0,0,0,0,0,0,0,,1,0,0,21,3,0,0,N,0,39 58:57.152,,0,75 05:00.997,1,0,0,0,67301,0,0,0,N,0,0,0,1,67301,0,2.0,4,1,,N,N,N,0,0.0,0,0,0,3,1,,2106,0,1,1,0,1,0,0,3,4,0,1,3,,N,,,,,,,,,,,
2021069881,248.0,2,0,0,0,0,0,0,0,0,1,0,,67,6,2021,1,39.997,-75.1224,245.0,6,0,0,0,0,0,0,0,0,,0,0,0,2,3,0,0,N,0,39 59:49.270,,0,75 07:20.470,0,0,0,0,67301,0,0,0,N,0,0,0,2,67301,0,,1,1,,N,N,N,0,,0,0,1,0,0,,240,0,3,0,0,0,0,0,3,4,0,3,3,98.0,N,,,,,,,,,,,
2021057131,713.0,2,0,0,0,0,0,0,0,0,2,0,,67,6,2021,7,40.0636,-75.2003,706.0,6,0,0,0,0,0,1,0,0,,0,0,0,5,1,0,0,N,0,40 03:48.920,,0,75 12:00.960,0,0,0,0,67301,0,0,0,N,0,0,0,2,67301,0,,1,9,,N,N,N,0,,0,0,0,0,0,,558,0,2,0,0,2,0,0,3,4,0,2,3,3.0,N,,,,,,,,,,,
2021059315,436.0,0,0,0,0,0,0,0,0,0,1,0,,67,6,2021,7,39.9982,-75.167,435.0,6,0,0,0,0,0,0,0,0,,0,0,0,4,3,0,0,N,0,39 59:53.480,,0,75 10:01.250,0,0,0,0,67301,0,0,0,N,0,0,0,1,67301,0,,6,1,,N,N,N,1,,0,0,2,0,0,,425,0,3,0,0,1,0,0,3,4,0,3,3,,N,,,,,,,,,,,
2021087475,2308.0,2,0,0,0,0,0,0,0,0,4,0,,67,9,2021,3,40.0438,-75.0533,2316.0,6,0,0,0,0,0,0,0,0,,0,0,0,22,3,0,0,N,0,40 02:37.782,,0,75 03:11.868,9,0,0,0,67301,0,0,0,N,0,0,0,2,67301,0,,1,1,,N,N,N,0,,0,0,0,0,0,,2245,0,2,0,0,0,0,1,3,4,0,2,3,,N,,,,,,,,,,,
2021064264,1140.0,2,0,0,0,0,0,0,0,0,5,0,,67,6,2021,2,40.0381,-75.0431,1130.0,6,0,0,0,0,0,0,0,0,,0,0,0,11,1,2,0,N,2,40 02:17.013,4.0,0,75 02:34.989,4,0,0,0,67301,0,0,0,N,0,0,0,3,67301,2,,1,1,1226.0,N,N,N,0,,0,0,3,0,0,N,1128,2,5,0,0,0,0,0,3,4,0,5,3,3.0,N,,,,,,,,,,,
2021064242,848.0,0,0,0,0,0,0,0,0,0,4,0,,67,6,2021,3,40.0659,-75.1765,840.0,6,0,0,0,0,0,1,0,0,,0,0,0,8,1,0,1,,0,40 03:57.202,,0,75 10:35.464,0,0,0,0,67301,0,0,0,N,0,0,0,2,67301,0,,1,1,,N,N,N,0,,0,0,2,3,3,,839,0,2,0,0,0,0,0,3,4,0,2,3,3.0,N,,,,,,,,,,,
2021085648,1718.0,1,0,0,0,0,0,0,0,0,8,0,,67,9,2021,7,39.9832,-75.1752,1718.0,6,0,0,0,0,0,0,0,0,,0,0,0,17,1,1,0,N,0,39 58:59.470,,0,75 10:30.800,3,0,0,0,67301,1,0,0,N,1,0,0,2,67301,0,,1,1,,N,N,N,0,,1,0,0,0,0,,1718,1,2,0,0,0,0,0,3,4,0,1,3,3.0,N,,,,,,,,,,,
2021087414,627.0,0,0,0,0,0,0,0,0,0,1,0,,67,9,2021,4,39.9497,-75.1839,617.0,6,0,0,0,0,0,0,0,0,,0,0,0,6,1,2,0,N,0,39 56:58.954,,0,75 11:02.095,8,0,0,0,67301,0,0,0,N,0,0,0,3,68K01,0,,1,1,,N,N,N,2,,0,0,1,0,0,,612,2,3,0,0,0,2,0,3,4,0,3,3,,N,,,,,,,,,,,
2021064345,1525.0,0,0,0,0,0,0,0,0,0,2,0,,67,6,2021,7,40.0022,-75.1209,1525.0,6,0,0,0,0,0,1,0,0,,0,0,0,18,1,2,0,N,0,40 00:08.040,,0,75 07:15.070,8,0,0,2,67301,0,0,0,N,0,0,0,3,67301,0,,1,99,,N,N,N,0,,0,0,1,0,0,,1822,2,3,0,0,0,2,1,3,4,0,3,99,3.0,N,,,,,,,,,,,
2021064379,1745.0,0,0,0,0,0,0,0,0,0,4,0,,67,6,2021,3,40.0354,-75.1328,1740.0,6,0,0,0,0,0,1,0,0,,0,0,0,14,1,1,1,,0,40 02:07.263,,0,75 07:57.982,3,0,0,0,67301,0,0,0,N,0,0,0,2,67301,0,,1,1,,N,N,N,0,,1,0,0,3,3,,1423,1,2,0,0,0,0,1,3,4,1,2,3,,N,,,,,,,,,,,
2021085939,1800.0,1,0,0,0,0,0,0,0,0,8,0,,67,9,2021,1,39.9802,-75.1575,1800.0,6,0,0,0,0,0,0,0,0,,0,0,0,15,1,1,1,N,0,39 58:48.767,,0,75 09:26.884,8,0,0,0,67301,1,0,0,N,1,0,0,1,67505,0,,1,1,,N,N,N,0,,0,0,0,3,2,,1534,1,2,0,0,0,1,0,3,4,0,1,3,3.0,N,,,,,,,,,,,
2021064305,1708.0,1,0,0,0,0,0,0,0,0,4,0,,67,6,2021,7,39.9674,-75.2457,1703.0,6,0,0,0,0,0,1,0,0,,0,0,0,17,1,2,1,,1,39 58:02.410,1.0,0,75 14:45.030,3,0,0,0,67301,0,0,0,N,0,0,0,3,67301,1,,1,1,1730.0,N,N,N,0,,1,0,1,3,2,Y,1700,2,2,0,0,0,0,0,3,4,0,2,3,,N,,,,,,,,,,,
2021057260,754.0,2,0,0,0,0,0,0,0,0,4,0,,67,6,2021,1,40.0086,-75.0688,745.0,6,0,0,0,0,0,0,0,0,,0,0,0,7,1,1,1,,0,40 00:31.249,,0,75 04:07.877,8,0,0,0,67301,0,0,0,N,0,0,0,2,67301,0,,1,1,,N,N,N,0,,0,0,0,3,2,,705,1,2,0,0,1,1,0,3,4,0,2,3,3.0,N,,,,,,,,,,,
2021083796,847.0,1,0,0,0,0,0,0,0,0,7,0,,67,9,2021,1,40.0364,-75.2182,843.0,6,0,0,0,0,0,0,0,0,,0,0,0,8,1,1,0,N,0,40 02:10.920,,0,75 13:05.421,4,0,0,0,67301,0,0,0,N,0,0,0,1,67301,1,,5,1,,N,N,N,0,,0,0,0,0,0,,840,1,1,0,0,0,0,0,3,4,0,1,3,3.0,N,,,,,,,,,,,
2021059521,615.0,1,0,0,0,0,0,0,0,0,7,0,,67,6,2021,1,40.061,-75.2084,615.0,6,0,0,0,1,0,0,0,0,,0,0,0,5,1,1,3,,2,40 03:39.715,6.0,0,75 12:30.099,3,0,0,0,67301,0,0,0,N,0,0,0,2,67301,0,,4,1,730.0,N,N,N,0,,1,0,0,0,0,N,551,1,1,0,0,0,0,0,3,4,0,1,3,3.0,N,,,,,,,,,,,
2021086257,1119.0,1,0,0,0,0,0,0,0,0,4,0,,67,9,2021,4,40.0274,-75.145,1119.0,6,0,0,0,0,0,2,0,0,,0,0,0,9,1,1,1,,9,40 01:38.485,,0,75 08:42.093,3,0,0,0,67301,1,0,0,N,1,0,0,4,67301,0,,1,99,,N,N,N,1,,1,0,1,3,3,U,900,1,4,0,0,1,0,1,3,4,0,3,3,,N,,,,,,,,,,,
2021086354,650.0,1,0,0,0,0,0,0,0,0,2,0,,67,9,2021,2,40.0604,-74.9904,650.0,6,0,0,0,0,0,0,0,1,,0,0,0,6,5,2,1,,0,40 03:37.434,,0,74 59:25.565,3,0,0,0,67301,0,0,0,N,0,0,0,2,67301,0,,1,1,,N,N,N,0,,2,0,1,3,2,,625,2,2,0,0,0,0,0,3,4,0,2,3,3.0,N,,,,,,,,,,,
2021064381,342.0,1,0,0,0,0,0,0,0,0,1,0,,67,6,2021,4,40.0227,-75.1482,341.0,6,0,0,0,0,0,0,0,0,,0,0,0,3,3,0,5,,1,40 01:21.790,1.0,0,75 08:53.512,0,0,0,0,67301,0,0,0,N,0,0,0,4,67301,0,,1,1,433.0,N,N,N,0,,0,0,1,3,2,Y,339,0,2,0,0,4,0,0,3,4,0,2,3,3.0,N,,,,,,,,,,,
2021085182,1051.0,1,0,0,0,0,0,0,0,0,4,1,,67,9,2021,3,39.9804,-75.1709,1047.0,6,0,0,1,0,0,0,0,0,,0,1,0,10,1,0,1,,0,39 58:49.322,,0,75 10:15.323,0,0,0,0,67301,0,0,0,N,0,0,0,3,67301,0,,1,1,,N,N,N,0,,0,0,0,3,2,,1047,0,2,0,0,3,0,0,3,4,0,2,3,3.0,N,,,,,,,,,,,
2021085454,1530.0,1,0,0,0,0,0,0,0,0,4,0,,67,9,2021,5,39.9185,-75.2083,1518.0,6,0,0,0,0,0,0,0,0,,0,0,0,13,1,1,0,Y,0,39 55:06.536,,3,75 12:29.788,3,0,0,0,67301,0,0,0,N,0,0,0,4,67301,0,,1,1,,N,N,N,0,,1,0,0,0,0,,1328,1,2,0,0,0,0,3,3,4,0,2,4,4.0,N,,,,,,,,,,,
2021079447,1709.0,2,0,0,0,0,0,0,0,0,4,0,,67,8,2021,3,40.0047,-75.1521,1706.0,6,0,0,0,0,1,0,0,0,,0,0,0,17,1,1,1,,0,40 00:16.847,,0,75 09:07.652,8,0,0,0,67301,0,0,0,N,0,0,0,2,67505,0,,1,1,,N,N,N,0,,0,0,0,3,2,,1705,1,2,0,0,0,1,0,3,4,0,2,3,3.0,N,,,,,,,,,,,
2021071060,1728.0,0,0,0,0,0,0,0,0,0,5,0,,67,6,2021,2,39.9694,-75.2453,1728.0,6,0,0,0,0,0,0,0,0,,0,0,0,15,1,0,0,N,0,39 58:09.803,,0,75 14:43.134,9,0,0,0,67301,0,0,0,N,0,0,0,1,67301,0,,6,1,,N,N,N,1,,0,0,1,0,0,,1539,0,2,0,0,0,0,1,3,4,0,2,3,3.0,N,,,,,,,,,,,
2021064409,2225.0,1,0,0,0,0,0,0,0,0,7,0,,67,6,2021,4,40.0128,-75.1834,2214.0,6,0,0,0,0,0,1,0,0,,0,0,0,22,3,1,0,N,0,40 00:46.076,,0,75 11:00.365,2,0,0,0,67301,0,0,0,N,0,0,0,1,67301,0,,5,1,,N,N,N,0,,0,1,0,0,0,,2213,1,1,0,0,0,0,0,3,4,0,1,3,,N,,,,,,,,,,,
2021059122,1512.0,0,0,0,0,0,0,0,0,0,4,0,,67,6,2021,7,40.0237,-75.0926,1456.0,6,0,0,0,0,0,0,0,0,,0,0,0,14,1,1,1,,0,40 01:25.267,,0,75 05:33.402,3,0,0,0,67301,0,0,0,N,0,0,0,3,67301,0,,1,1,,N,N,N,0,,1,0,2,3,2,,1445,1,2,0,0,0,0,0,3,4,0,2,3,,N,,,,,,,,,,,
2021064319,1852.0,1,0,0,1,0,0,0,0,0,4,0,,67,6,2021,3,39.9732,-75.159,1845.0,6,0,0,0,0,0,0,0,0,,0,0,0,18,1,1,1,,0,39 58:23.483,,0,75 09:32.415,3,0,0,0,67301,1,0,0,N,0,0,0,2,67301,0,,1,1,,N,N,N,0,,1,0,0,3,2,,1840,1,2,0,0,1,0,0,3,4,0,1,3,3.0,N,,,,,,,,,,,
2021059313,806.0,0,0,0,0,0,0,0,0,0,1,0,,67,6,2021,7,40.0972,-75.0181,758.0,6,0,0,0,0,0,1,0,0,,0,0,0,7,1,1,1,,0,40 05:49.760,,0,75 01:05.283,3,0,0,0,67301,0,0,0,N,0,0,0,2,67301,0,,1,9,,N,N,N,0,,1,0,2,3,2,,758,1,2,0,0,0,0,0,3,4,0,2,4,4.0,N,,,,,,,,,,,
2021059259,435.0,2,0,0,0,0,0,0,0,0,1,0,,67,6,2021,5,40.0773,-75.044,432.0,6,0,0,0,0,1,0,0,0,,0,0,0,4,3,1,0,N,0,40 04:38.121,,0,75 02:38.383,3,0,0,0,67301,0,0,0,N,0,0,0,2,67301,0,,1,1,,N,N,N,0,,1,0,0,0,0,,430,1,2,0,0,0,0,1,3,4,0,2,3,3.0,N,,,,,,,,,,,
2021057147,2013.0,4,0,0,0,0,0,0,0,0,5,0,,67,6,2021,7,39.9903,-75.1627,2011.0,6,0,0,0,0,0,1,0,0,,0,0,0,20,1,1,0,N,0,39 59:25.080,,0,75 09:45.830,3,0,0,0,67301,0,0,0,N,0,0,0,1,67301,0,,6,1,,N,N,N,0,,1,0,1,0,0,,2011,1,5,0,0,1,0,0,3,4,0,5,4,4.0,N,,,,,,,,,,,
2021087454,252.0,1,0,0,0,0,0,0,0,0,2,0,,67,9,2021,1,39.9958,-75.1208,252.0,6,0,0,0,0,0,0,0,0,,0,1,0,2,3,0,0,N,2,39 59:44.940,3.0,0,75 07:14.930,0,0,0,0,67301,0,0,0,N,0,0,0,1,67301,0,,1,1,336.0,N,N,N,0,,0,0,0,0,0,N,245,0,2,0,0,0,0,0,3,4,0,2,3,3.0,N,,,,,,,,,,,
2021064273,1932.0,0,0,0,0,0,0,0,0,0,4,0,,67,6,2021,4,40.0242,-75.0955,1913.0,6,0,0,0,0,0,0,0,0,,0,0,0,19,4,1,1,,1,40 01:26.990,1.0,0,75 05:43.929,3,0,0,0,67301,0,0,0,N,0,0,0,2,67301,0,,1,1,1945.0,N,N,N,1,,1,0,0,3,2,N,1905,1,2,0,0,0,0,0,3,4,1,2,3,3.0,N,,,,,,,,,,,
2021064378,1100.0,2,0,0,0,0,0,0,0,0,4,0,,67,6,2021,3,40.0307,-75.1224,1059.0,6,0,0,0,0,0,0,0,0,,0,0,0,10,1,0,1,,0,40 01:50.570,,0,75 07:20.640,0,0,0,0,67301,0,0,0,N,0,0,0,2,67301,0,,1,1,,N,N,N,0,,0,0,0,3,2,,1053,0,2,0,0,0,0,0,3,4,0,2,3,,N,,,,,,,,,,,
2021064408,1749.0,2,0,0,0,0,0,0,0,0,4,0,,67,6,2021,4,40.0243,-75.1613,1741.0,6,0,0,0,0,0,0,0,0,,0,0,0,17,1,0,1,,0,40 01:27.530,,0,75 09:40.561,0,0,0,0,67301,0,0,0,N,0,0,0,4,67301,0,,1,1,,N,N,N,0,,0,0,0,3,3,,1740,0,2,0,0,0,0,0,3,4,0,2,3,,N,,,,,,,,,,,
2021084852,730.0,1,0,0,0,0,0,0,0,0,1,0,,67,8,2021,3,39.966,-75.1359,713.0,6,0,0,0,0,0,1,0,0,,0,0,0,7,1,0,0,N,0,39 57:57.743,,0,75 08:09.280,0,0,0,0,67301,0,0,0,N,0,0,0,2,68K01,0,,1,1,,N,N,N,0,,0,0,1,0,0,,709,0,2,0,0,0,0,0,3,4,0,2,3,3.0,N,,,,,,,,,,,
2021084471,641.0,1,0,0,0,0,0,0,0,0,7,0,,67,9,2021,2,40.0401,-75.0063,632.0,6,0,0,0,0,0,0,0,0,,0,0,0,6,5,0,0,N,0,40 02:24.464,,0,75 00:22.847,0,0,0,0,67301,0,0,0,N,0,0,0,2,68K01,0,,3,9,,N,N,N,1,,0,0,0,0,0,,622,0,2,0,0,0,0,0,3,4,0,2,7,,N,,,,,,,,,,,
2021057107,250.0,0,0,0,0,0,0,0,0,0,7,0,,67,6,2021,1,40.0729,-75.0759,247.0,6,0,0,0,0,0,1,0,0,,0,0,0,2,3,1,1,,0,40 04:22.410,,0,75 04:33.193,3,0,0,0,67301,0,0,0,N,0,0,0,1,67301,0,,4,1,,N,N,N,0,,1,0,1,0,0,,245,1,1,0,0,0,0,0,3,4,0,1,3,,N,,,,,,,,,,,
2021057501,2245.0,1,0,0,0,0,0,0,0,0,4,0,,67,6,2021,2,40.0507,-75.1733,2241.0,6,0,0,0,0,0,0,0,0,,0,0,0,22,3,5,1,,2,40 03:02.401,7.0,0,75 10:23.780,3,0,0,0,67301,0,0,0,N,0,0,0,6,67301,2,,1,9,2250.0,N,N,N,0,,3,0,2,3,2,Y,2240,5,3,0,0,0,0,0,3,4,0,3,4,7.0,N,,,,,,,,,,,
2021083871,1845.0,2,0,0,0,0,0,0,0,0,1,0,,67,8,2021,3,40.0173,-75.0479,1835.0,6,0,0,0,0,0,0,0,0,,0,0,0,16,1,2,6,,0,40 01:02.419,,2,75 02:52.330,8,0,0,0,67301,0,0,0,N,0,0,0,3,67301,0,,1,1,,N,N,N,0,,0,0,0,3,3,,1611,2,2,0,0,0,2,0,3,4,0,2,3,3.0,N,,,,,,,,,,,
2021064177,1330.0,0,0,0,0,0,0,0,0,0,4,0,,67,6,2021,4,40.0357,-75.1086,1318.0,6,0,0,0,0,0,0,1,0,,0,0,0,13,1,1,0,N,0,40 02:08.481,,7,75 06:30.814,8,0,0,0,67301,0,0,0,N,0,0,0,3,67301,0,,1,1,,N,N,N,0,,0,0,2,0,0,,1318,1,2,0,0,0,1,2,3,4,0,2,3,3.0,N,,,,,,,,,,,
2021064296,1753.0,2,0,0,0,0,0,0,0,0,4,0,,67,6,2021,4,39.9585,-75.2476,1743.0,6,0,0,0,0,0,0,0,0,,0,0,0,17,1,3,2,,0,39 57:30.706,,0,75 14:51.628,3,0,0,0,67301,0,0,0,N,0,0,0,3,67301,0,,1,1,,N,N,N,0,,3,0,0,3,3,,1737,3,2,0,0,2,0,0,3,4,0,2,3,98.0,N,,,,,,,,,,,
2021059234,1552.0,2,0,0,0,0,0,0,0,0,4,0,,67,6,2021,7,40.0774,-75.0243,1542.0,6,0,0,0,0,0,0,0,0,,0,0,0,14,1,2,0,N,0,40 04:38.610,,7,75 01:27.530,3,0,0,0,67301,0,0,0,N,0,0,0,3,67301,1,,1,1,,N,N,N,0,,1,0,0,3,3,,1426,2,2,0,0,0,0,1,3,4,0,2,3,4.0,N,,,,,,,,,,,
2021085796,402.0,1,0,0,0,0,0,0,0,0,7,0,,67,9,2021,6,39.8898,-75.2195,348.0,6,0,0,0,0,0,0,0,0,,0,0,0,3,3,0,0,N,0,39 53:23.231,,0,75 13:10.102,0,0,0,0,67301,0,0,0,N,0,0,0,1,68K01,0,,2,1,,N,N,N,0,,0,0,0,0,0,,345,0,1,0,0,0,0,0,3,4,0,1,3,,N,,,,,,,,,,,
2021064404,305.0,1,0,0,0,0,0,0,0,0,4,0,,67,6,2021,1,40.0116,-75.163,305.0,6,0,0,0,0,0,0,0,0,,0,0,0,23,3,2,1,,0,40 00:42.048,,0,75 09:46.973,8,0,0,0,67301,2,0,0,N,0,0,0,3,67301,0,,1,1,,N,N,N,0,,0,0,1,3,3,,2330,2,2,0,0,0,2,1,3,4,0,2,3,3.0,N,,,,,,,,,,,
2021064265,1235.0,1,0,0,0,0,0,0,0,0,1,0,,67,6,2021,2,40.0182,-75.0613,1231.0,6,0,0,0,0,0,0,0,0,,0,0,0,12,1,1,0,N,1,40 01:05.410,1.0,0,75 03:40.510,3,0,0,0,67301,0,0,0,N,0,0,0,1,67301,0,,6,1,100.0,N,N,N,0,,1,0,1,0,0,N,1230,1,2,0,0,0,0,0,3,4,0,2,3,3.0,N,,,,,,,,,,,